"X","author_id","cohort","gender","discipline","doi_lower","pubyear","Jr_Quantile","n_ctr","n_aff","n_colla_ctr","n_colla_aff","sequence_nr","Original_Tweets","Original_Tweeters","len_tweet","len_tweeter","with_tw","self_pro_old","self_tw_time","self_text","others_first","searched","academic_age","most_ctr","colla_ctr_Y","colla_aff_Y","n_pub_3y","n_pub_1st","n_pub_2nd","n_pub_3rd","n_pub_pro_1st","n_pub_pro_2nd","n_pub_pro_3rd","seq_nr_grp_1","min_tw_time","first_firstauthor","PUBLICATIONYEAR","PUBLICATIONMONTH","PUBLICATIONDAY","pub_order","pub_before","tw_others_num","tw_only_self","tw_only_others","discipline_new_author","author_cnt","coauthor_pro_count","coauthor_pro","with_coauthor","SocialOutlet_count","Edu_count","SocialOutlet_pro","Edu_pro","soc_or_edu_pro","max_coa_fncr_5y","max_coa_age","uniqle_dis","discipline_new_pub","self_pro","chinese_name"
211946,"1",2013,"male","Natural Sciences",21233,2013,"Q1",1,1,1,2,1,NA,NA,0,0,0,0,"","",0,1,1,"usa","N","Y",2,1,1,0,0,0,0,"first","",1,2013,7,17,1,0,0,0,0,"Physical sciences and astronomy",8,0,0,1,0,0,0,0,0,1.5401604,18,NA,"Physical sciences and astronomy",0,NA
189071,"2",2013,"male","Medical and Health Sciences",61608,2013,"Q1",1,1,1,1,1,1,1,1,1,1,1,"","",1,1,1,"jpn","N","N",3,1,1,1,1,1,1,"first","2020-04-01",1,2013,5,NA,1,0,1,1,0,"Basic medical research",3,0,0,1,0,0,0,0,0,0.5665286,18,NA,"Basic medical research",1,0
565018,"3",2016,"male","Engineering and Technology",36870,2016,"Q1",1,1,1,1,1,NA,NA,0,0,0,0,"","",0,1,1,"jpn","N","N",3,2,0,1,0,0,0,"first","",1,2016,9,1,1,0,0,0,0,"Other engineering and technologies",7,0,0,1,0,0,0,0,0,0.45820585,20,NA,"Other engineering and technologies",0,NA
441557,"4",2015,"male","Natural Sciences",91848,2015,"Q1",1,1,1,1,1,1,1,1,1,1,0,"","",1,1,1,"nld","N","N",2,1,0,1,0,0,0,"first","2015-10-01",1,2015,10,1,1,0,1,0,1,"Materials engineering",7,0,0,1,1,0,1,0,1,1.3305157,20,NA,"Materials engineering",0,1
149280,"5",2013,"female","Medical and Health Sciences",36841,2015,"Q2",1,1,1,1,1,4,1,5,5,1,0,"","",1,0,3,"kor","N","N",7,3,1,3,0,0,0,"first","2021-01-30",1,2015,3,31,5,4,4,0,1,"Health sciences",5,0,0,1,0,0,0,0,0,0.5873289,8,1,"Health sciences",0,0
308735,"6",2014,"male","Medical and Health Sciences",16127,2014,"Q1",1,1,1,1,1,NA,NA,0,0,0,0,"","",0,0,1,"usa","N","N",9,3,1,5,0,0,0,"first","",1,2014,9,22,1,0,0,0,0,"Health sciences",2,0,0,1,0,0,0,0,0,1.1691221,19,NA,"Health sciences",0,NA
203378,"7",2013,"female","Natural Sciences",28420,2013,"Q1",1,1,1,1,1,NA,NA,0,0,0,0,"","",0,1,1,"chn","N","N",1,1,0,0,0,0,0,"first","",1,2013,NA,NA,1,0,0,0,0,"Mathematics",2,0,0,1,0,0,0,0,0,0,6,NA,"Mathematics",0,NA
371010,"8",2015,"male","Medical and Health Sciences",70761,2016,"Q1",1,1,1,1,1,1,1,1,1,1,0,"","",1,0,2,"chn","N","N",2,1,1,0,0,0,0,"first","2016-08-17",1,2016,8,16,2,1,1,0,1,"Clinical medicine",8,0,0,1,1,0,1,0,1,0.28993335,14,1,"Basic medical research",0,1
439342,"9",2015,"female","Medical and Health Sciences",64913,2015,"Q2",1,1,1,1,1,1,1,1,1,1,0,"","",1,1,1,"usa","N","N",1,1,0,0,0,0,0,"first","2016-01-15",1,2015,10,2,1,0,1,0,1,"Clinical medicine",5,0,0,1,0,0,0,0,0,2.0305257,19,1,"Clinical medicine",0,0
46375,"10",2012,"male","Natural Sciences",89219,2012,"Q1",1,2,1,2,1,NA,NA,0,0,0,0,"","",0,0,1,"chn","N","Y",5,2,3,0,0,0,0,"first","",1,2012,4,NA,1,0,0,0,0,"Computer and information sciences",2,0,0,1,0,0,0,0,0,0.333944455,6,1,"Computer and information sciences",0,NA
548882,"11",2016,"male","Medical and Health Sciences",67280,2017,"Q1",1,1,1,1,1,1,1,1,1,1,0,"","",1,0,2,"usa","N","N",2,1,1,0,0,0,0,"first","2017-07-01",1,2017,9,1,2,1,1,0,1,"Clinical medicine",5,0,0,1,0,0,0,0,0,0.72879434,13,1,"Clinical medicine",0,0
318446,"12",2014,"female","Natural Sciences",64075,2015,"Q2",1,1,1,1,1,NA,NA,0,0,0,0,"","",0,0,2,"chn","N","N",8,3,2,3,0,0,0,"first","",1,2015,NA,NA,5,4,0,0,0,"Chemical sciences",5,0,0,1,0,0,0,0,0,0.98373723,12,NA,"Chemical sciences",0,NA
507553,"13",2016,"male","Social Sciences",92363,2016,"Q2",1,1,1,1,1,NA,NA,0,0,0,0,"","",0,1,1,"esp","N","N",1,1,0,0,0,0,0,"first","",1,2016,4,1,1,0,0,0,0,"Sociology and political science",1,0,0,0,0,0,0,0,0,0,1,1,"Sociology and political science",0,NA
395284,"14",2015,"male","Medical and Health Sciences",57098,2016,"Q1",1,1,1,1,1,1,1,1,1,1,0,"","",1,0,2,"chn","N","N",5,1,3,1,0,0,0,"first","2016-09-14",1,2016,11,1,3,2,1,0,1,"Clinical medicine",3,0,0,1,1,0,1,0,1,0.40351292,20,NA,"Clinical medicine",0,1
405004,"15",2015,"male","Natural Sciences",21733,2016,"Q1",1,1,1,1,1,NA,NA,0,0,0,0,"","",0,0,2,"bra","N","N",5,1,2,2,0,0,0,"first","",1,2016,8,15,2,1,0,0,0,"Chemical sciences",8,0,0,1,0,0,0,0,0,0.9552806,21,NA,"Chemical sciences",0,NA
5460,"16",2012,"male","Natural Sciences",96258,2012,"Q1",1,2,1,2,1,NA,NA,0,0,0,0,"","",0,1,1,"kor","N","Y",1,1,0,0,0,0,0,"first","",1,2012,NA,NA,1,0,0,0,0,"Other natural sciences",4,0,0,1,0,0,0,0,0,0.6588087,1,NA,"Other natural sciences",0,NA
368422,"17",2015,"female","Natural Sciences",55275,2015,"Q1",1,1,1,1,1,1,1,1,1,1,0,"","",1,1,1,"esp","N","N",1,1,0,0,0,0,0,"first","",1,2015,4,28,1,0,1,0,1,"Earth and related environmental sciences",4,0,0,1,0,0,0,0,0,1.667852,16,NA,"Earth and related environmental sciences",0,0
386541,"18",2015,"male","Natural Sciences",19189,2015,"Q4",1,2,1,2,1,NA,NA,0,0,0,0,"","",0,1,1,"ind","N","Y",1,1,0,0,0,0,0,"first","",1,2015,7,1,1,0,0,0,0,"Chemical sciences",3,0,0,1,0,0,0,0,0,0.09876029,14,1,"Chemical sciences",0,NA
206744,"19",2013,"male","Natural Sciences",76598,2013,"Q2",1,1,1,1,1,1,1,1,1,1,0,"","",1,1,1,"jpn","N","N",2,1,1,0,0,0,0,"first","2013-03-31",1,2013,NA,NA,1,0,1,0,1,"Agricultural Sciences",8,0,0,1,0,0,0,0,0,1.5875741,18,1,"Agricultural Sciences",0,0
101391,"20",2012,"female","Medical and Health Sciences",80226,2012,"Q2",1,1,1,1,1,0,0,0,0,0,0,"","",0,1,1,"can","N","N",4,1,2,1,0,0,0,"first","",1,2012,9,NA,1,0,0,0,0,"Health sciences",5,0,0,1,0,0,0,0,0,1.1907878,17,NA,"Health sciences",0,NA
490963,"21",2016,"male","Medical and Health Sciences",85574,2016,"Q1",1,1,1,1,1,0,0,0,0,0,0,"","",0,1,1,"usa","N","N",1,1,0,0,0,0,0,"first","",1,2016,1,1,1,0,0,0,0,"Clinical medicine",3,0,0,1,0,0,0,0,0,0.128317905,3,1,"Clinical medicine",0,NA
151219,"22",2013,"male","Natural Sciences",91060,2013,"Q3",1,1,1,1,1,NA,NA,0,0,0,0,"","",0,0,1,"chn","N","N",11,5,6,0,0,0,0,"first","",1,2013,5,5,1,0,0,0,0,"Physical sciences and astronomy",10,0,0,1,0,0,0,0,0,0.5584994,15,1,"Physical sciences and astronomy",0,NA
166290,"23",2013,"male","Natural Sciences",67621,2014,"Q1",1,1,1,1,1,0,0,0,0,0,0,"","",0,0,2,"usa","N","N",10,1,6,3,0,0,0,"first","",1,2014,8,27,4,3,0,0,0,"Physical sciences and astronomy",7,0,0,1,0,0,0,0,0,6.2124896,18,NA,"Physical sciences and astronomy",0,NA
149717,"24",2013,"male","Engineering and Technology",27538,2013,"Q1",1,1,1,1,1,NA,NA,0,0,0,0,"","",0,0,1,"chn","N","N",9,3,2,4,0,0,0,"first","",1,2013,12,1,2,1,0,0,0,"Materials engineering",6,0,0,1,0,0,0,0,0,2.0694835,18,NA,"Materials engineering",0,NA
153475,"25",2013,"male","Engineering and Technology",54852,2013,"Q1",1,1,1,1,1,1,1,1,1,1,0,"","",1,0,1,"gbr","N","N",2,2,0,0,0,0,0,"first","2016-04-07",1,2013,NA,NA,2,1,1,0,1,"Other engineering and technologies",2,0,0,1,0,0,0,0,0,1.7611859,15,NA,"Other engineering and technologies",0,0
312301,"26",2014,"male","Engineering and Technology",67364,2014,"Q1",1,1,1,1,1,0,0,0,0,0,0,"","",0,0,1,"gbr","N","N",11,4,3,4,0,0,0,"first","",1,2014,9,29,1,0,0,0,0,"Mechanical engineering",4,0,0,1,0,0,0,0,0,1.210169,19,NA,"Mechanical engineering",0,NA
315547,"27",2014,"male","Natural Sciences",53319,2014,"Q2",1,1,1,1,1,0,0,0,0,0,0,"","",0,1,1,"bra","N","N",3,1,0,2,0,0,0,"first","",1,2014,7,1,1,0,0,0,0,"Chemical engineering",3,0,0,1,0,0,0,0,0,0.391724635,17,NA,"Chemical engineering",0,NA
246052,"28",2014,"male","Natural Sciences",47215,2014,"Q1",1,1,1,1,1,NA,NA,0,0,0,0,"","",0,1,1,"kor","N","N",1,1,0,0,0,0,0,"first","",1,2014,2,1,1,0,0,0,0,"Earth and related environmental sciences",4,0,0,1,0,0,0,0,0,0.71282274,5,NA,"Earth and related environmental sciences",0,NA
259333,"29",2014,"male","Natural Sciences",11844,2014,"Q1",1,1,1,1,1,NA,NA,0,0,0,0,"","",0,1,1,"esp","N","N",6,1,1,4,0,0,0,"first","",1,2014,NA,NA,1,0,0,0,0,"Computer and information sciences",5,0,0,1,0,0,0,0,0,0.7570812,17,1,"Computer and information sciences",0,NA
49767,"30",2012,"male","Medical and Health Sciences",99049,2013,"Q1",1,1,1,1,1,NA,NA,0,0,0,0,"","",0,0,2,"bra","N","N",10,4,3,3,0,0,0,"first","",1,2013,NA,NA,6,5,0,0,0,"Basic medical research",9,0,0,1,0,0,0,0,0,1.3400438,18,1,"Basic medical research",0,NA
303362,"31",2014,"male","Natural Sciences",28952,2016,"Q1",1,1,1,1,1,32,32,32,32,1,0,"","",1,0,3,"gbr","N","N",5,1,2,2,0,0,0,"first","2016-03-17",1,2016,9,1,5,4,32,0,1,"Computer and information sciences",3,0,0,1,3,0,1,0,1,1.60671225,13,1,"Computer and information sciences",0,1
234148,"32",2013,"male","Medical and Health Sciences",71454,2013,"Q1",1,1,1,1,1,3,3,3,3,1,0,"","",1,1,1,"deu","N","N",2,1,0,1,0,0,0,"first","2013-11-25",1,2013,11,25,1,0,3,0,1,"Clinical medicine",8,0,0,1,0,0,0,0,0,1.015278,13,1,"Clinical medicine",0,0
512130,"33",2016,"male","Natural Sciences",17056,2018,"Q3",1,1,1,1,1,NA,NA,0,0,0,0,"","",0,0,3,"usa","N","N",3,1,0,2,0,0,0,"first","",1,2018,12,1,1,0,0,0,0,"Biological sciences",2,0,0,1,0,0,0,0,0,0,3,NA,"Biological sciences",0,NA
139934,"34",2013,"female","Natural Sciences",56876,2013,"Q2",1,1,1,1,1,NA,NA,0,0,0,0,"","",0,0,1,"usa","N","N",4,2,1,1,0,0,0,"first","",1,2013,NA,NA,1,0,0,0,0,"Computer and information sciences",4,0,0,1,0,0,0,0,0,0.603373,17,NA,"Computer and information sciences",0,NA
181219,"35",2013,"male","Engineering and Technology",92069,2013,"Q3",1,1,1,1,1,NA,NA,0,0,0,0,"","",0,1,1,"chn","N","N",5,1,2,2,0,0,0,"first","",1,2013,1,1,1,0,0,0,0,"Materials engineering",6,0,0,1,0,0,0,0,0,0.80628216,7,NA,"Materials engineering",0,NA
398928,"36",2015,"female","Humanities",16617,2015,"Q4",1,1,1,1,1,NA,NA,0,0,0,0,"","",0,1,1,"esp","N","N",1,1,0,0,0,0,0,"first","",1,2015,1,1,1,0,0,0,0,"Humanities",1,0,0,0,0,0,0,0,0,0,1,1,"Humanities",0,NA
309266,"37",2014,"female","Natural Sciences",16745,2014,"Q3",1,1,1,1,1,0,0,0,0,0,0,"","",0,1,1,"irn","N","N",2,1,0,1,0,0,0,"first","",1,2014,NA,NA,1,0,0,0,0,"Computer and information sciences",2,0,0,1,0,0,0,0,0,0.47910687,12,1,"Computer and information sciences",0,NA
283651,"38",2014,"female","Medical and Health Sciences",22585,2015,"Q1",1,2,1,3,1,0,0,0,0,0,0,"","",0,0,2,"chn","N","Y",4,1,2,1,0,0,0,"first","",1,2015,11,1,3,2,0,0,0,"Biological sciences",9,0,0,1,0,0,0,0,0,1.4961662,20,1,"Clinical medicine",0,NA
157607,"39",2013,"male","Natural Sciences",22552,2015,"Q1",1,1,1,1,1,0,0,0,0,0,0,"","",0,0,3,"usa","N","N",5,1,2,2,0,1,0,"first","",1,2015,6,29,4,3,0,0,0,"Biological sciences",2,0,0,1,0,0,0,0,0,4.761991,14,NA,"Biological sciences",0,NA
525900,"40",2016,"male","Natural Sciences",20229,2016,"Q4",1,2,1,2,1,NA,NA,0,0,0,0,"","",0,1,1,"chn","N","Y",10,2,1,7,0,0,0,"first","",1,2016,NA,NA,1,0,0,0,0,"Earth and related environmental sciences",5,0,0,1,0,0,0,0,0,0.720400415,21,NA,"Earth and related environmental sciences",0,NA
203214,"41",2013,"male","Natural Sciences",86224,2013,"Q1",1,1,1,1,1,NA,NA,0,0,0,0,"","",0,1,1,"usa","N","N",3,1,1,1,0,0,0,"first","",1,2013,6,NA,1,0,0,0,0,"Other engineering and technologies",5,0,0,1,0,0,0,0,0,9.7990098,10,NA,"Other engineering and technologies",0,NA
465520,"42",2016,"female","Medical and Health Sciences",86515,2016,"Q1",1,1,1,1,1,2,2,2,2,1,0,"","",1,0,1,"can","N","N",4,3,1,0,0,0,0,"first","2016-06-28",1,2016,10,1,3,2,2,0,1,"Clinical medicine",10,0,0,1,2,0,1,0,1,1.30201,21,NA,"Clinical medicine",0,0
290730,"43",2014,"female","Social Sciences",60938,2015,"Q3",1,1,1,1,1,NA,NA,0,0,0,0,"","",0,0,2,"rus","N","N",2,1,1,0,0,0,0,"first","",1,2015,NA,NA,2,1,0,0,0,"Humanities",4,0,0,1,0,0,0,0,0,0.72891814,2,1,"Psychology",0,NA
500112,"44",2016,"male","Natural Sciences",72264,2017,"Q1",1,1,1,1,1,NA,NA,0,0,0,0,"","",0,0,2,"jpn","N","N",3,1,2,0,0,0,0,"first","",1,2017,3,1,2,1,0,0,0,"Mathematics",1,0,0,0,0,0,0,0,0,0,2,1,"Mathematics",0,NA
31191,"45",2012,"female","Medical and Health Sciences",84241,2012,"Q1",1,1,1,1,1,1,1,1,1,1,0,"","",1,0,1,"gbr","N","N",4,2,1,1,0,0,0,"first","2012-09-27",1,2012,NA,NA,1,0,1,0,1,"Clinical medicine",14,0,0,1,0,0,0,0,0,6.1929026,17,1,"Clinical medicine",0,0
294231,"46",2014,"male","Natural Sciences",10619,2015,"Q1",1,1,1,1,1,NA,NA,0,0,0,0,"","",0,0,2,"chn","N","N",2,1,1,0,0,0,0,"first","",1,2015,4,1,2,1,0,0,0,"Biological sciences",9,0,0,1,0,0,0,0,0,1.28424345,15,NA,"Biological sciences",0,NA
478222,"47",2016,"male","Natural Sciences",90763,2016,"Q1",1,1,1,1,1,2,2,2,2,1,0,"","",1,0,1,"chn","N","N",5,3,1,1,0,0,0,"first","2016-03-18",1,2016,3,18,1,0,2,0,1,"Biological sciences",6,0,0,1,0,0,0,0,0,1.81965105,21,1,"Biological sciences",0,0
542888,"48",2016,"male","Natural Sciences",15365,2016,"Q1",1,1,1,2,1,NA,NA,0,0,0,0,"","",0,1,1,"chn","N","Y",4,1,1,2,0,0,0,"first","",1,2016,8,11,1,0,0,0,0,"Electrical engineering, electronic engineering,  information engineering ",4,0,0,1,0,0,0,0,0,0.32457125,21,NA,"Electrical engineering, electronic engineering,  information engineering ",0,NA
385439,"49",2015,"male","Natural Sciences",28980,2015,"Q1",1,1,1,1,1,1,1,1,1,1,0,"","",1,1,1,"esp","N","N",4,1,1,2,0,0,0,"first","2016-12-15",1,2015,11,1,1,0,1,0,1,"Chemical sciences",5,0,0,1,0,0,0,0,0,1.4844399,20,NA,"Chemical sciences",0,0
547911,"50",2016,"female","Medical and Health Sciences",63502,2016,"Q3",1,1,1,1,1,NA,NA,0,0,0,0,"","",0,1,1,"kor","N","N",2,1,1,0,0,0,0,"first","",1,2016,NA,NA,1,0,0,0,0,"Health sciences",1,0,0,0,0,0,0,0,0,0,1,NA,"Health sciences",0,NA
105078,"51",2012,"female","Social Sciences",97667,2012,"Q3",1,1,1,1,1,NA,NA,0,0,0,0,"","",0,1,1,"usa","N","N",1,1,0,0,0,0,0,"first","",1,2012,10,NA,1,0,0,0,0,"Educational sciences",1,0,0,0,0,0,0,0,0,0,1,1,"Educational sciences",0,NA
41329,"52",2012,"female","Medical and Health Sciences",16001,2012,"Q1",1,1,1,1,1,0,0,0,0,0,0,"","",0,1,1,"gbr","N","N",1,1,0,0,0,0,0,"first","",1,2012,12,NA,1,0,0,0,0,"Health sciences",3,0,0,1,0,0,0,0,0,1.7944721,17,NA,"Health sciences",0,NA
392001,"53",2015,"male","Natural Sciences",65327,2015,"Q1",1,1,1,1,1,NA,NA,0,0,0,0,"","",0,1,1,"usa","N","N",1,1,0,0,0,0,0,"first","",1,2015,12,17,1,0,0,0,0,"Other natural sciences",7,0,0,1,0,0,0,0,0,1.7152761,20,NA,"Other natural sciences",0,NA
311404,"54",2014,"female","Natural Sciences",30925,2015,"Q1",1,1,1,1,1,2,2,2,2,1,0,"","",1,0,2,"esp","N","N",10,1,4,5,0,0,0,"first","2015-12-15",1,2015,12,1,4,3,2,0,1,"Chemical sciences",5,0,0,1,0,0,0,0,0,0.97438798,20,NA,"Chemical sciences",0,0
409153,"55",2015,"male","Natural Sciences",49364,2017,"Q2",1,2,1,2,1,1,1,1,1,1,0,"","",1,0,3,"tur","N","Y",4,2,1,1,0,0,0,"first","2017-02-16",1,2017,1,1,4,3,1,0,1,"Materials engineering",5,0,0,1,0,0,0,0,0,0.40245396,22,1,"Physical sciences and astronomy",0,0
12649,"56",2012,"female","Medical and Health Sciences",10351,2012,"Q1",1,2,1,2,1,13,12,14,14,1,0,"","",1,0,1,"gbr","N","Y",11,3,4,4,0,0,0,"first","2012-10-10",1,2012,10,10,3,2,13,0,1,"Basic medical research",5,0,0,1,0,0,0,0,0,1.847182,17,1,"Basic medical research",0,0
63996,"57",2012,"male","Medical and Health Sciences",75726,2012,"Q1",1,1,1,1,1,NA,NA,0,0,0,0,"","",0,1,1,"chn","N","N",1,1,0,0,0,0,0,"first","",1,2012,8,NA,1,0,0,0,0,"Clinical medicine",9,0,0,1,0,0,0,0,0,0.96541554,17,1,"Clinical medicine",0,NA
492201,"58",2016,"female","Agricultural Sciences",74388,2018,"Q1",1,1,1,1,1,NA,NA,0,0,0,0,"","",0,0,3,"chn","N","N",3,1,0,2,0,0,0,"first","",1,2018,10,20,2,1,0,0,0,"Agricultural Sciences",8,0,0,1,0,0,0,0,0,1.0312797,14,1,"Agricultural Sciences",0,NA
91728,"59",2012,"male","Medical and Health Sciences",83199,2012,"Q1",1,1,1,1,1,NA,NA,0,0,0,0,"","",0,1,1,"usa","N","N",4,1,2,1,0,0,0,"first","",1,2012,5,NA,1,0,0,0,0,"Clinical medicine",2,0,0,1,0,0,0,0,0,1.0312413,9,1,"Clinical medicine",0,NA
365278,"60",2015,"female","Natural Sciences",84082,2015,"Q1",1,1,1,1,1,NA,NA,0,0,0,0,"","",0,0,1,"chn","N","N",9,3,1,5,0,0,0,"first","",1,2015,NA,NA,3,2,0,0,0,"Physical sciences and astronomy",7,0,0,1,0,0,0,0,0,1.3645887,16,NA,"Physical sciences and astronomy",0,NA
212194,"61",2013,"male","Natural Sciences",89626,2013,"Q1",1,1,1,1,1,0,0,0,0,0,0,"","",0,1,1,"swe","N","N",2,1,1,0,0,0,0,"first","",1,2013,NA,NA,1,0,0,0,0,"Chemical sciences",3,0,0,1,0,0,0,0,0,0.7017346,18,NA,"Chemical sciences",0,NA
35717,"62",2012,"male","Natural Sciences",35884,2012,"Q4",1,1,1,1,1,NA,NA,0,0,0,0,"","",0,0,1,"jpn","N","N",2,2,0,0,0,0,0,"first","",1,2012,6,NA,1,0,0,0,0,"Mathematics",2,0,0,1,0,0,0,0,0,0.45387737,17,1,"Mathematics",0,NA
49454,"63",2012,"female","Natural Sciences",37036,2012,"Q1",1,1,1,1,1,1,1,1,1,1,0,"","",1,0,1,"can","N","N",7,4,0,3,0,0,0,"first","2012-10-09",1,2012,10,17,4,3,1,0,1,"Chemical sciences",6,0,0,1,0,0,0,0,0,1.6893343,17,NA,"Chemical sciences",0,0
277197,"64",2014,"female","Medical and Health Sciences",76015,2014,"Q3",1,1,1,1,1,2,2,2,2,1,0,"","",1,1,1,"gbr","N","N",1,1,0,0,0,0,0,"first","2019-04-04",1,2014,6,26,1,0,2,0,1,"Clinical medicine",4,0,0,1,0,0,0,0,0,0.6258575,6,NA,"Clinical medicine",0,0
204509,"65",2013,"female","Medical and Health Sciences",28519,2013,"Q2",1,1,1,1,1,0,0,0,0,0,0,"","",0,1,1,"bra","N","N",3,2,0,1,0,0,0,"first","",1,2013,NA,NA,2,1,0,0,0,"Basic medical research",12,0,0,1,0,0,0,0,0,1.6107768,18,NA,"Basic medical research",0,NA
428276,"66",2015,"female","Medical and Health Sciences",36018,2015,"Q1",1,1,1,1,1,6,6,6,6,1,0,"","",1,1,1,"fra","N","N",3,1,2,0,0,0,0,"first","2015-08-04",1,2015,12,1,1,0,6,0,1,"Clinical medicine",4,0,0,1,0,0,0,0,0,1.38547955,20,NA,"Clinical medicine",0,0
131077,"67",2013,"female","Natural Sciences",45270,2013,"Q2",1,1,1,1,1,0,0,0,0,0,0,"","",0,0,1,"chn","N","N",4,3,1,0,0,0,0,"first","",1,2013,10,NA,1,0,0,0,0,"Biological sciences",7,0,0,1,0,0,0,0,0,0.57112104,18,NA,"Biological sciences",0,NA
278209,"68",2014,"male","Natural Sciences",65654,2014,"Q1",1,1,1,1,1,NA,NA,0,0,0,0,"","",0,1,1,"tur","N","N",2,1,0,1,0,0,0,"first","",1,2014,2,NA,1,0,0,0,0,"Chemical engineering",3,0,0,1,0,0,0,0,0,0,1,1,"Chemical engineering",0,NA
192634,"69",2013,"male","Natural Sciences",70872,2013,"Q3",1,1,1,1,1,NA,NA,0,0,0,0,"","",0,1,1,"chn","N","N",3,2,1,0,0,0,0,"first","",1,2013,9,22,1,0,0,0,0,"Materials engineering",2,0,0,1,0,0,0,0,0,0.238487365,15,1,"Basic medical research",0,NA
53101,"70",2012,"female","Medical and Health Sciences",34955,2012,"Q1",1,1,1,1,1,0,0,0,0,0,0,"","",0,0,1,"kor","N","N",6,3,2,1,0,0,0,"first","",1,2012,9,NA,3,2,0,0,0,"Clinical medicine",3,0,0,1,0,0,0,0,0,0.62998414,13,1,"Clinical medicine",0,NA
529911,"71",2016,"male","Medical and Health Sciences",97425,2016,"Q2",1,2,1,2,1,NA,NA,0,0,0,0,"","",0,1,1,"irn","N","Y",5,1,1,3,0,0,0,"first","",1,2016,12,1,1,0,0,0,0,"Clinical medicine",8,0,0,1,0,0,0,0,0,1.8132426,21,NA,"Clinical medicine",0,NA
72313,"72",2012,"female","Medical and Health Sciences",73778,2012,"Q2",1,2,1,2,1,NA,NA,0,0,0,0,"","",0,1,1,"deu","N","Y",2,2,0,0,0,0,0,"first","",1,2012,6,NA,2,1,0,0,0,"Clinical medicine",8,0,0,1,0,0,0,0,0,1.642888,17,NA,"Clinical medicine",0,NA
503313,"73",2016,"male","Medical and Health Sciences",76502,2017,"Q1",1,1,1,1,1,5,5,5,5,1,0,"","",1,0,2,"usa","N","N",2,1,1,0,0,0,0,"first","2017-08-03",1,2017,10,1,2,1,5,0,1,"Health sciences",9,0,0,1,1,0,1,0,1,1.8642515,22,NA,"Health sciences",0,0
555542,"74",2016,"male","Social Sciences",39243,2016,"Q1",1,1,1,1,1,4,2,4,4,1,0,"","",1,1,1,"gbr","N","N",1,1,0,0,0,0,0,"first","2016-04-21",1,2016,5,26,1,0,4,0,1,"Economics",1,0,0,0,0,0,0,0,0,0,1,NA,"Economics",0,0
245929,"75",2014,"male","Engineering and Technology",23091,2014,"Q2",1,1,1,1,1,NA,NA,0,0,0,0,"","",0,1,1,"rus","N","N",1,1,0,0,0,0,0,"first","",1,2014,11,6,1,0,0,0,0,"Humanities",5,0,0,1,0,0,0,0,0,1.1105106,18,1,"Humanities",0,NA
98870,"76",2012,"male","Natural Sciences",94467,2012,"Q1",1,1,1,1,1,NA,NA,0,0,0,0,"","",0,1,1,"can","N","N",3,2,0,1,0,0,0,"first","",1,2012,NA,NA,2,1,0,0,0,"Electrical engineering, electronic engineering,  information engineering ",2,0,0,1,0,0,0,0,0,0.70452344,17,1,"Electrical engineering, electronic engineering,  information engineering ",0,NA
170413,"77",2013,"female","Natural Sciences",86313,2015,"Q1",1,2,1,2,1,1,1,1,1,1,0,"","",1,0,3,"can","N","Y",4,2,0,2,0,0,0,"first","2015-06-30",1,2015,8,5,4,3,1,0,1,"Mathematics",4,0,0,1,0,0,0,0,0,1.1614468,20,NA,"Mathematics",0,1
526475,"78",2016,"male","Engineering and Technology",35156,2016,"Q1",1,1,1,1,1,NA,NA,0,0,0,0,"","",0,1,1,"can","N","N",1,1,0,0,0,0,0,"first","",1,2016,5,1,1,0,0,0,0,"Mechanical engineering",6,0,0,1,0,0,0,0,0,1.0019074,21,1,"Mechanical engineering",0,NA
454368,"79",2015,"male","Natural Sciences",34618,2015,"Q1",1,1,1,1,1,1,1,1,1,1,0,"","",1,1,1,"chn","N","N",2,1,0,1,0,0,0,"first","2015-03-01",1,2015,3,11,1,0,1,0,1,"Materials engineering",9,0,0,1,1,0,1,0,1,4.4763665,15,NA,"Materials engineering",0,1
124678,"80",2013,"male","Engineering and Technology",79814,2013,"Q2",1,1,1,1,1,NA,NA,0,0,0,0,"","",0,0,1,"irn","N","N",2,2,0,0,0,0,0,"first","",1,2013,7,NA,1,0,0,0,0,"Computer and information sciences",3,0,0,1,0,0,0,0,0,0.26928328,8,NA,"Computer and information sciences",0,NA
334577,"81",2014,"female","Medical and Health Sciences",85208,2014,"Q2",1,1,1,1,1,0,0,0,0,0,0,"","",0,1,1,"kor","N","N",2,1,0,1,0,0,0,"first","",1,2014,9,1,1,0,0,0,0,"Health sciences",9,0,0,1,0,0,0,0,0,0.96902625,19,NA,"Health sciences",0,NA
510591,"82",2016,"female","Medical and Health Sciences",29021,2016,"Q1",1,1,1,1,1,4,4,4,4,1,0,"","",1,1,1,"deu","N","N",1,1,0,0,0,0,0,"first","2016-09-14",1,2016,9,12,1,0,4,0,1,"Biological sciences",10,0,0,1,2,1,1,1,1,4.5636635,21,NA,"Biological sciences",0,0
262988,"83",2014,"male","Natural Sciences",52603,2014,"Q1",1,1,1,2,1,1,1,1,1,1,0,"","",1,1,1,"usa","N","Y",3,2,0,1,0,0,0,"first","2014-09-23",1,2014,9,22,2,1,1,0,1,"Biological sciences",4,0,0,1,1,0,1,0,1,1.81802355,19,NA,"Biological sciences",0,0
545815,"84",2016,"female","Natural Sciences",14488,2018,"Q1",1,2,1,2,1,0,0,0,0,0,0,"","",0,0,3,"chn","N","Y",7,2,4,1,0,0,0,"first","",1,2018,1,1,7,6,0,0,0,"Earth and related environmental sciences",3,0,0,1,0,0,0,0,0,0.643924535,20,1,"Earth and related environmental sciences",0,NA
89850,"85",2012,"female","Medical and Health Sciences",23358,2012,"Q4",1,1,1,1,1,NA,NA,0,0,0,0,"","",0,1,1,"kor","N","N",3,1,1,1,0,0,0,"first","",1,2012,12,NA,1,0,0,0,0,"Clinical medicine",3,0,0,1,0,0,0,0,0,1.0924437,8,1,"Clinical medicine",0,NA
302381,"86",2014,"male","Engineering and Technology",16296,2016,"Q2",1,1,1,1,1,NA,NA,0,0,0,0,"","",0,0,3,"irn","N","N",14,1,5,8,0,0,0,"first","",1,2016,3,1,7,6,0,0,0,"Materials engineering",2,0,0,1,0,0,0,0,0,1.38838455,8,NA,"Materials engineering",0,NA
305889,"87",2014,"male","Natural Sciences",60553,2014,"Q1",2,2,2,2,1,NA,NA,0,0,0,0,"","",0,1,1,"chn","Y","Y",8,5,1,2,0,0,0,"first","",1,2014,5,26,1,0,0,0,0,"Physical sciences and astronomy",5,0,0,1,0,0,0,0,0,0.478457285,19,1,"Physical sciences and astronomy",0,NA
420342,"88",2015,"female","Natural Sciences",32819,2015,"Q1",1,1,1,1,1,8,8,8,8,1,0,"","",1,1,1,"usa","N","N",1,1,0,0,0,0,0,"first","2015-01-19",1,2015,2,16,1,0,8,0,1,"Agricultural Sciences",3,0,0,1,0,2,0,1,1,0.9864738,19,NA,"Agricultural Sciences",0,0
153577,"89",2013,"male","Engineering and Technology",24940,2014,"Q4",1,1,1,1,1,NA,NA,0,0,0,0,"","",0,0,2,"chn","N","N",2,1,1,0,0,0,0,"first","",1,2014,NA,NA,2,1,0,0,0,"Computer and information sciences",4,0,0,1,0,0,0,0,0,0.089523063,18,NA,"Computer and information sciences",0,NA
104434,"90",2012,"female","Humanities",34104,2012,"Q1",1,1,1,1,1,1,1,1,1,1,0,"","",1,1,1,"usa","N","N",1,1,0,0,0,0,0,"first","",1,2012,3,1,1,0,1,0,1,"Humanities",1,0,0,0,0,0,0,0,0,0,1,1,"Humanities",0,0
83097,"91",2012,"male","Humanities",96850,2012,"Q3",1,1,1,1,1,NA,NA,0,0,0,0,"","",0,0,1,"usa","N","N",2,2,0,0,0,0,0,"first","",1,2012,1,NA,1,0,0,0,0,"Humanities",1,0,0,0,0,0,0,0,0,0,1,NA,"Humanities",0,NA
174180,"92",2013,"female","Social Sciences",97109,2015,"Q2",1,1,1,1,1,NA,NA,0,0,0,0,"","",0,0,3,"usa","N","N",2,1,0,1,0,0,0,"first","",1,2015,8,1,2,1,0,0,0,"Other social sciences",6,0,0,1,0,0,0,0,0,1.4154836,14,NA,"Other social sciences",0,NA
476767,"93",2016,"female","Agricultural Sciences",11356,2017,"Q1",1,2,1,2,1,1,1,1,1,1,0,"","",1,0,2,"usa","N","Y",2,1,1,0,1,0,0,"first","2017-04-07",1,2017,4,1,2,1,1,0,1,"Agricultural Sciences",9,0,0,1,1,0,1,0,1,3.113766,22,NA,"Agricultural Sciences",0,0
249379,"94",2014,"male","Medical and Health Sciences",85248,2014,"Q1",1,1,1,1,1,0,0,0,0,0,0,"","",0,1,1,"usa","N","N",2,1,1,0,0,0,0,"first","",1,2014,NA,NA,1,0,0,0,0,"Clinical medicine",2,0,0,1,0,0,0,0,0,1.82959265,19,NA,"Clinical medicine",0,NA
113970,"95",2012,"male","Natural Sciences",51779,2012,"Q2",1,1,1,1,1,NA,NA,0,0,0,0,"","",0,1,1,"gbr","N","N",6,1,4,1,0,0,0,"first","",1,2012,2,NA,1,0,0,0,0,"Biological sciences",4,0,0,1,0,0,0,0,0,0.9123471,17,NA,"Biological sciences",0,NA
44571,"96",2012,"male","Engineering and Technology",10848,2012,"Q2",1,1,1,1,1,NA,NA,0,0,0,0,"","",0,1,1,"chn","N","N",1,1,0,0,0,0,0,"first","",1,2012,7,NA,1,0,0,0,0,"Electrical engineering, electronic engineering,  information engineering ",3,0,0,1,0,0,0,0,0,0.36032477,5,1,"Electrical engineering, electronic engineering,  information engineering ",0,NA
41396,"97",2012,"male","Medical and Health Sciences",32627,2012,"Q3",1,1,1,1,1,NA,NA,0,0,0,0,"","",0,1,1,"chn","N","N",1,1,0,0,0,0,0,"first","",1,2012,7,NA,1,0,0,0,0,"Clinical medicine",8,0,0,1,0,0,0,0,0,0.288164055,2,1,"Clinical medicine",0,NA
136361,"98",2013,"female","Natural Sciences",15261,2013,"Q1",1,1,1,1,1,NA,NA,0,0,0,0,"","",0,0,1,"chn","N","N",8,4,3,1,0,0,0,"first","",1,2013,5,7,1,0,0,0,0,"Chemical sciences",5,0,0,1,0,0,0,0,0,1.48941565,16,NA,"Chemical sciences",0,NA
67486,"99",2012,"male","Natural Sciences",98182,2012,"Q1",1,2,1,2,1,NA,NA,0,0,0,0,"","",0,1,1,"chn","N","Y",2,2,0,0,0,0,0,"first","",1,2012,6,NA,1,0,0,0,0,"Biological sciences",4,0,0,1,0,0,0,0,0,0.8284929,17,NA,"Biological sciences",0,NA
297630,"100",2014,"male","Engineering and Technology",61484,2015,"Q2",1,1,1,1,1,NA,NA,0,0,0,0,"","",0,0,2,"chn","N","N",2,1,1,0,0,0,0,"first","",1,2015,5,1,2,1,0,0,0,"Materials engineering",4,0,0,1,0,0,0,0,0,0.6968275,16,NA,"Materials engineering",0,NA
343828,"101",2014,"male","Medical and Health Sciences",75818,2016,"Q1",1,1,1,1,1,2,1,3,3,1,0,"","",1,0,3,"ind","N","N",3,1,0,2,0,0,0,"first","2015-10-04",1,2016,1,1,2,1,2,0,1,"Clinical medicine",15,0,0,1,3,0,1,0,1,1.0392165,21,NA,"Clinical medicine",0,0
356848,"102",2014,"male","Natural Sciences",53597,2015,"Q1",1,1,1,1,1,0,0,0,0,0,0,"","",0,0,2,"gbr","N","N",3,1,1,1,0,0,0,"first","",1,2015,3,1,2,1,0,0,0,"Computer and information sciences",3,0,0,1,0,0,0,0,0,1.2002518,20,NA,"Computer and information sciences",0,NA
450462,"103",2015,"male","Engineering and Technology",75788,2015,"Q1",1,1,1,1,1,1,1,1,1,1,0,"","",1,1,1,"ind","N","N",4,1,2,1,0,0,0,"first","2014-05-07",1,2015,10,1,1,0,1,0,1,"Materials engineering",2,0,0,1,0,0,0,0,0,0.37988805,10,NA,"Materials engineering",0,0
14700,"104",2012,"female","Medical and Health Sciences",80788,2013,"Q3",1,1,1,1,1,NA,NA,0,0,0,0,"","",0,0,2,"kor","N","N",4,1,1,2,0,0,0,"first","",1,2013,NA,NA,2,1,0,0,0,"Clinical medicine",15,0,0,1,0,0,0,0,0,0.64545995,16,1,"Clinical medicine",0,NA
407110,"105",2015,"male","Medical and Health Sciences",81051,2015,"Others",1,1,1,1,1,NA,NA,0,0,0,0,"","",0,0,1,"jpn","N","N",7,4,1,2,0,0,0,"first","",1,2015,NA,NA,4,3,0,0,0,"Health sciences",11,0,0,1,0,0,0,0,0,1.019809175,20,NA,"Health sciences",0,NA
134797,"106",2013,"male","Natural Sciences",27715,2013,"Q3",1,1,1,1,1,NA,NA,0,0,0,0,"","",0,0,1,"deu","N","N",5,4,0,1,0,0,0,"first","",1,2013,5,NA,3,2,0,0,0,"Chemical sciences",5,0,0,1,0,0,0,0,0,0.69283858,18,1,"Chemical sciences",0,NA
325143,"107",2014,"female","Medical and Health Sciences",29042,2016,"Q1",1,1,1,1,1,4,4,4,4,1,0,"","",1,0,3,"chn","N","N",16,4,1,11,0,0,0,"first","2016-09-17",1,2016,9,1,10,9,4,0,1,"Clinical medicine",14,0,0,1,1,0,1,0,1,1.8935549,17,1,"Clinical medicine",0,0
34688,"108",2012,"male","Natural Sciences",76477,2014,"Q2",1,1,2,2,1,1,1,1,1,1,0,"","",1,0,3,"usa","Y","Y",3,1,1,1,0,0,0,"first","2014-12-06",1,2014,NA,NA,3,2,1,0,1,"Computer and information sciences",3,0,0,1,0,0,0,0,0,0.86869675,3,1,"Computer and information sciences",0,0
254797,"109",2014,"male","Medical and Health Sciences",35099,2014,"Q1",1,1,1,1,1,NA,NA,0,0,0,0,"","",0,1,1,"kor","N","N",6,2,2,2,0,0,0,"first","",1,2014,10,1,2,1,0,0,0,"Clinical medicine",5,0,0,1,0,0,0,0,0,0.7015728,18,1,"Clinical medicine",0,NA
88514,"110",2012,"female","Social Sciences",37614,2012,"Q2",1,1,1,1,1,0,0,0,0,0,0,"","",0,1,1,"rus","N","N",2,1,0,1,0,0,0,"first","",1,2012,5,1,1,0,0,0,0,"Sociology and political science",1,0,0,0,0,0,0,0,0,0,1,1,"Sociology and political science",0,NA
11312,"111",2012,"male","Agricultural Sciences",64951,2012,"Q1",1,2,1,2,1,NA,NA,0,0,0,0,"","",0,0,1,"bra","N","Y",5,2,1,2,0,0,0,"first","",1,2012,11,NA,1,0,0,0,0,"Agricultural Sciences",3,0,0,1,0,0,0,0,0,0.1980107,8,1,"Agricultural Sciences",0,NA
84490,"112",2012,"male","Natural Sciences",44458,2012,"Q2",1,1,1,1,1,0,0,0,0,0,0,"","",0,1,1,"gbr","N","N",1,1,0,0,0,0,0,"first","",1,2012,4,NA,1,0,0,0,0,"Earth and related environmental sciences",2,0,0,1,0,0,0,0,0,0.41604481,15,1,"Earth and related environmental sciences",0,NA
382164,"113",2015,"female","Medical and Health Sciences",80635,2017,"Q1",1,1,1,1,1,0,0,0,0,0,0,"","",0,0,3,"usa","N","N",3,1,0,2,0,0,0,"first","",1,2017,11,1,2,1,0,0,0,"Health sciences",3,0,0,1,0,0,0,0,0,1.39464577,3,NA,"Health sciences",0,NA
479598,"114",2016,"male","Medical and Health Sciences",62753,2017,"Others",1,1,1,1,1,0,0,0,0,0,0,"","",0,0,2,"usa","N","N",5,1,1,3,0,0,0,"first","",1,2017,6,1,2,1,0,0,0,"Clinical medicine",2,0,0,1,0,0,0,0,0,1.5983013,22,1,"Clinical medicine",0,NA
194098,"115",2013,"male","Engineering and Technology",38913,2013,"Q1",1,1,1,1,1,NA,NA,0,0,0,0,"","",0,1,1,"esp","N","N",2,1,0,1,0,0,0,"first","",1,2013,12,NA,1,0,0,0,0,"Chemical engineering",4,0,0,1,0,0,0,0,0,0.9090925,17,NA,"Chemical engineering",0,NA
387584,"116",2015,"male","Natural Sciences",16247,2015,"Q1",1,1,1,1,1,1,1,1,1,1,0,"","",1,1,1,"ind","N","N",2,1,0,1,0,0,0,"first","2015-04-09",1,2015,4,8,1,0,1,0,1,"Biological sciences",7,0,0,1,0,0,0,0,0,1.896356,18,NA,"Biological sciences",0,0
449127,"117",2015,"male","Natural Sciences",62565,2015,"Q1",1,1,1,1,1,0,0,0,0,0,0,"","",0,1,1,"esp","N","N",1,1,0,0,0,0,0,"first","",1,2015,5,1,1,0,0,0,0,"Agricultural Sciences",3,0,0,1,0,0,0,0,0,0.76646005,10,NA,"Agricultural Sciences",0,NA
456121,"118",2015,"male","Natural Sciences",39834,2015,"Q1",1,1,1,1,1,NA,NA,0,0,0,0,"","",0,1,1,"usa","N","N",6,1,3,2,0,0,0,"first","",1,2015,6,10,1,0,0,0,0,"Physical sciences and astronomy",6,0,0,1,0,0,0,0,0,2.5216196,20,NA,"Physical sciences and astronomy",0,NA
279664,"119",2014,"female","Natural Sciences",58106,2015,"Q1",1,1,1,1,1,NA,NA,0,0,0,0,"","",0,0,2,"gbr","N","N",4,1,1,2,0,0,0,"first","",1,2015,12,15,2,1,0,0,0,"Earth and related environmental sciences",3,0,0,1,0,0,0,0,0,0.21144794,20,NA,"Earth and related environmental sciences",0,NA
172402,"120",2013,"male","Natural Sciences",48113,2015,"Q2",1,1,1,1,1,NA,NA,0,0,0,0,"","",0,0,3,"bra","N","N",4,1,0,3,0,0,0,"first","",1,2015,9,23,3,2,0,0,0,"Chemical sciences",6,0,0,1,0,0,0,0,0,0.8975522,13,NA,"Chemical sciences",0,NA
388065,"121",2015,"female","Natural Sciences",21348,2016,"Q2",1,2,1,2,1,NA,NA,0,0,0,0,"","",0,0,2,"chn","N","Y",4,1,3,0,0,0,0,"first","",1,2016,4,25,2,1,0,0,0,"Materials engineering",5,0,0,1,0,0,0,0,0,1.2052015,21,NA,"Materials engineering",0,NA
185962,"122",2013,"male","Medical and Health Sciences",42823,2013,"Q1",1,1,1,2,1,1,1,1,1,1,0,"","",1,1,1,"bra","N","Y",1,1,0,0,0,0,0,"first","2016-04-15",1,2013,NA,NA,1,0,1,0,1,"Basic medical research",9,0,0,1,0,0,0,0,0,0.8185989,17,NA,"Basic medical research",0,0
436543,"123",2015,"male","Natural Sciences",88464,2015,"Q1",1,1,1,1,1,3,3,3,3,1,0,"","",1,1,1,"kor","N","N",11,2,5,4,0,0,0,"first","2015-08-23",1,2015,8,24,1,0,3,0,1,"Chemical sciences",4,0,0,1,0,0,0,0,0,1.25964945,15,NA,"Chemical sciences",0,0
29051,"124",2012,"female","Social Sciences",26523,2013,"Q2",1,1,1,1,1,2,2,2,2,1,0,"","",1,0,2,"aus","N","N",3,1,1,1,0,0,0,"first","2013-08-12",1,2013,8,NA,2,1,2,0,1,"Sociology and political science",2,0,0,1,0,0,0,0,0,0,2,NA,"Sociology and political science",0,0
324682,"125",2014,"female","Natural Sciences",91974,2014,"Q1",1,1,1,1,1,0,0,0,0,0,0,"","",0,0,1,"chn","N","N",9,3,5,1,0,0,0,"first","",1,2014,3,5,1,0,0,0,0,"Materials engineering",10,0,0,1,0,0,0,0,0,9.283964,10,NA,"Materials engineering",0,NA
226897,"126",2013,"male","Social Sciences",98518,2013,"Q3",1,1,1,1,1,NA,NA,0,0,0,0,"","",0,1,1,"bra","N","N",5,1,1,3,0,0,1,"first","",1,2013,1,NA,1,0,0,0,0,"Sociology and political science",1,0,0,0,0,0,0,0,0,0,1,1,"Sociology and political science",0,NA
383331,"127",2015,"female","Medical and Health Sciences",48515,2017,"Q3",1,1,1,1,1,0,0,0,0,0,0,"","",0,0,3,"chn","N","N",2,1,0,1,0,0,0,"first","",1,2017,NA,NA,2,1,0,0,0,"Biological sciences",4,0,0,1,0,0,0,0,0,1.1250154,13,1,"Biological sciences",0,NA
254594,"128",2014,"male","Medical and Health Sciences",64303,2014,"Q1",1,1,1,1,1,NA,NA,0,0,0,0,"","",0,0,1,"kor","N","N",15,4,4,7,0,0,0,"first","",1,2014,2,NA,1,0,0,0,0,"Clinical medicine",7,0,0,1,0,0,0,0,0,2.09128185,19,NA,"Clinical medicine",0,NA
97240,"129",2012,"male","Natural Sciences",45966,2012,"Q1",1,1,1,1,1,NA,NA,0,0,0,0,"","",0,1,1,"chn","N","N",3,2,0,1,0,0,0,"first","",1,2012,5,NA,1,0,0,0,0,"Other engineering and technologies",4,0,0,1,0,0,0,0,0,1.3412586,7,NA,"Other engineering and technologies",0,NA
452920,"130",2015,"male","Natural Sciences",14031,2015,"Q1",1,1,1,1,1,0,0,0,0,0,0,"","",0,1,1,"fra","N","N",5,2,3,0,0,0,0,"first","",1,2015,1,16,1,0,0,0,0,"Biological sciences",7,0,0,1,0,0,0,0,0,1.4910742,20,1,"Biological sciences",0,NA
326528,"131",2014,"male","Engineering and Technology",17082,2016,"Q3",1,1,1,1,1,NA,NA,0,0,0,0,"","",0,0,3,"chn","N","N",2,1,0,1,0,0,0,"first","",1,2016,3,1,2,1,0,0,0,"Materials engineering",3,0,0,1,0,0,0,0,0,0.5147692,15,NA,"Materials engineering",0,NA
180021,"132",2013,"female","Medical and Health Sciences",87335,2013,"Q1",1,1,1,1,1,0,0,0,0,0,0,"","",0,1,1,"bra","N","N",1,1,0,0,0,0,0,"first","",1,2013,12,NA,1,0,0,0,0,"Clinical medicine",9,0,0,1,0,0,0,0,0,0.75917584,18,1,"Clinical medicine",0,NA
323549,"133",2014,"male","Medical and Health Sciences",28913,2016,"Q1",1,1,1,1,1,1,1,1,1,1,0,"","",1,0,3,"usa","N","N",2,1,0,1,0,0,0,"first","2016-11-29",1,2016,11,1,2,1,1,0,1,"Basic medical research",5,0,0,1,0,0,0,0,0,1.3915755,21,NA,"Basic medical research",0,0
113952,"134",2012,"male","Engineering and Technology",50247,2012,"Q2",1,1,1,1,1,NA,NA,0,0,0,0,"","",0,1,1,"rus","N","N",3,1,0,2,0,0,0,"first","",1,2012,4,NA,1,0,0,0,0,"Other engineering and technologies",4,0,0,1,0,0,0,0,0,0,3,NA,"Other engineering and technologies",0,NA
548853,"135",2016,"male","Natural Sciences",69705,2017,"Q1",2,2,2,2,1,NA,NA,0,0,0,0,"","",0,0,2,"mys","Y","Y",6,1,2,3,0,0,0,"first","",1,2017,11,10,2,1,0,0,0,"Other engineering and technologies",5,0,0,1,0,0,0,0,0,1.1383847,18,NA,"Other engineering and technologies",0,NA
249148,"136",2014,"male","Natural Sciences",38737,2014,"Q1",1,1,1,1,1,0,0,0,0,0,0,"","",0,1,1,"usa","N","N",5,1,2,2,0,0,0,"first","",1,2014,7,15,1,0,0,0,0,"Other engineering and technologies",3,0,0,1,0,0,0,0,0,2.19587515,18,1,"Chemical sciences",0,NA
455840,"137",2015,"female","Engineering and Technology",47000,2015,"Q3",1,1,1,1,1,NA,NA,0,0,0,0,"","",0,1,1,"ind","N","N",2,1,0,1,0,0,0,"first","",1,2015,12,1,1,0,0,0,0,"Mechanical engineering",2,0,0,1,0,0,0,0,0,1.4042621,20,1,"Mechanical engineering",0,NA
554472,"138",2016,"female","Natural Sciences",91929,2017,"Q4",1,1,1,1,1,NA,NA,0,0,0,0,"","",0,0,2,"chn","N","N",5,1,2,2,0,0,0,"first","",1,2017,6,25,3,2,0,0,0,"Chemical sciences",4,0,0,1,0,0,0,0,0,0.2468146,14,NA,"Chemical sciences",0,NA
494247,"139",2016,"female","Medical and Health Sciences",58097,2017,"Q1",1,1,1,1,1,2,2,2,2,1,0,"","",1,0,2,"ita","N","N",7,1,2,4,0,0,0,"first","2017-11-16",1,2017,NA,NA,3,2,2,0,1,"Health sciences",5,0,0,1,0,0,0,0,0,1.34375,22,NA,"Health sciences",0,0
274837,"140",2014,"male","Engineering and Technology",88712,2014,"Q1",1,1,1,1,1,0,0,0,0,0,0,"","",0,1,1,"che","N","N",2,1,1,0,0,0,0,"first","",1,2014,NA,NA,1,0,0,0,0,"Electrical engineering, electronic engineering,  information engineering ",3,0,0,1,0,0,0,0,0,2.4689112,19,NA,"Electrical engineering, electronic engineering,  information engineering ",0,NA
315035,"141",2014,"male","Social Sciences",65186,2014,"Q1",1,1,1,1,1,0,0,0,0,0,0,"","",0,0,1,"usa","N","N",4,3,0,1,0,0,0,"first","",1,2014,2,NA,2,1,0,0,0,"Psychology",3,0,0,1,0,0,0,0,0,2.6943288,19,1,"Psychology",0,NA
790,"142",2012,"male","Natural Sciences",89008,2012,"Q1",1,1,1,1,1,NA,NA,0,0,0,0,"","",0,0,1,"chn","N","N",2,2,0,0,0,0,0,"first","",1,2012,6,28,1,0,0,0,0,"Chemical sciences",5,0,0,1,0,0,0,0,0,1.1709983,13,NA,"Chemical sciences",0,NA
16991,"143",2012,"male","Natural Sciences",49326,2012,"Q1",1,1,1,1,1,NA,NA,0,0,0,0,"","",0,0,1,"chn","N","N",19,4,9,6,0,0,0,"first","",1,2012,12,3,3,2,0,0,0,"Physical sciences and astronomy",9,0,0,1,0,0,0,0,0,0.4639433,17,1,"Physical sciences and astronomy",0,NA
213397,"144",2013,"male","Humanities",16061,2013,"Q2",1,1,1,1,1,NA,NA,0,0,0,0,"","",0,1,1,"deu","N","N",1,1,0,0,0,0,0,"first","",1,2013,8,23,1,0,0,0,0,"Humanities",1,0,0,0,0,0,0,0,0,0,1,1,"Humanities",0,NA
367596,"145",2015,"female","Natural Sciences",20276,2015,"Q3",1,1,1,1,1,2,2,2,2,1,0,"","",1,0,1,"chn","N","N",10,3,4,3,0,0,0,"first","2016-04-15",1,2015,9,1,3,2,2,0,1,"Other engineering and technologies",7,0,0,1,0,0,0,0,0,1.4401567,20,NA,"Other engineering and technologies",0,0
372249,"146",2015,"male","Natural Sciences",95503,2016,"Q2",1,1,1,1,1,1,1,1,1,1,0,"","",1,0,2,"chn","N","N",3,1,1,1,0,0,0,"first","2015-11-22",1,2016,6,1,2,1,1,0,1,"Basic medical research",3,0,0,1,0,0,0,0,0,1.4048006,21,1,"Basic medical research",0,1
138123,"147",2013,"male","Natural Sciences",69170,2014,"Q3",1,2,1,2,1,NA,NA,0,0,0,0,"","",0,0,2,"chn","N","Y",7,1,2,4,0,0,0,"first","",1,2014,NA,NA,3,2,0,0,0,"Physical sciences and astronomy",5,0,0,1,0,0,0,0,0,0.9126485,17,1,"Physical sciences and astronomy",0,NA
350196,"148",2014,"male","Engineering and Technology",67799,2014,"Q1",1,1,1,1,1,NA,NA,0,0,0,0,"","",0,0,1,"kor","N","N",12,4,3,5,0,0,0,"first","",1,2014,6,NA,1,0,0,0,0,"Physical sciences and astronomy",6,0,0,1,0,0,0,0,0,0.94609064,17,NA,"Physical sciences and astronomy",0,NA
377535,"149",2015,"female","Natural Sciences",59952,2017,"Q2",1,2,1,2,1,1,1,1,1,1,0,"","",1,0,3,"kor","N","Y",3,1,0,2,0,0,0,"first","2016-02-22",1,2017,6,1,2,1,1,0,1,"Chemical engineering",3,0,0,1,0,0,0,0,0,1.268005,21,1,"Chemical sciences",0,0
62943,"150",2012,"male","Natural Sciences",25939,2012,"Q1",1,1,1,1,1,NA,NA,0,0,0,0,"","",0,1,1,"kor","N","N",1,1,0,0,0,0,0,"first","",1,2012,7,NA,1,0,0,0,0,"Computer and information sciences",3,0,0,1,0,0,0,0,0,0.945988075,9,NA,"Computer and information sciences",0,NA
107689,"151",2012,"male","Engineering and Technology",16980,2012,"Q2",1,1,1,1,1,NA,NA,0,0,0,0,"","",0,1,1,"can","N","N",1,1,0,0,0,0,0,"first","",1,2012,NA,NA,1,0,0,0,0,"Mechanical engineering",6,0,0,1,0,0,0,0,0,1.6174744,15,1,"Mechanical engineering",0,NA
121607,"152",2012,"male","Medical and Health Sciences",38469,2013,"Q3",1,1,1,1,1,NA,NA,0,0,0,0,"","",0,0,2,"ind","N","N",5,1,1,3,0,0,0,"first","",1,2013,7,NA,2,1,0,0,0,"Clinical medicine",3,0,0,1,0,0,0,0,0,0.22621697,3,1,"Clinical medicine",0,NA
391310,"153",2015,"male","Natural Sciences",92287,2017,"Q1",1,2,1,2,1,NA,NA,0,0,0,0,"","",0,0,3,"chn","N","Y",5,1,1,3,0,0,0,"first","",1,2017,7,1,4,3,0,0,0,"Earth and related environmental sciences",7,0,0,1,0,0,0,0,0,1.0209733,14,NA,"Earth and related environmental sciences",0,NA
506046,"154",2016,"female","Medical and Health Sciences",53587,2016,"Q1",1,2,1,2,1,NA,NA,0,0,0,0,"","",0,1,1,"bra","N","Y",2,1,0,1,0,0,0,"first","",1,2016,7,29,1,0,0,0,0,"Clinical medicine",6,0,0,1,0,0,0,0,0,1.37906415,21,1,"Clinical medicine",0,NA
423163,"155",2015,"male","Natural Sciences",39453,2015,"Q3",1,1,1,1,1,NA,NA,0,0,0,0,"","",0,1,1,"kor","N","N",3,1,0,2,0,0,0,"first","",1,2015,1,1,1,0,0,0,0,"Physical sciences and astronomy",4,0,0,1,0,0,0,0,0,0.36181173,10,1,"Electrical engineering, electronic engineering,  information engineering ",0,NA
377282,"156",2015,"male","Natural Sciences",44055,2017,"Q1",1,1,1,1,1,NA,NA,0,0,0,0,"","",0,0,3,"chn","N","N",7,1,3,3,0,0,0,"first","",1,2017,2,1,6,5,0,0,0,"Earth and related environmental sciences",7,0,0,1,0,0,0,0,0,0.79012084,12,1,"Earth and related environmental sciences",0,NA
109348,"157",2012,"male","Social Sciences",70193,2012,"Q1",1,1,1,1,1,NA,NA,0,0,0,0,"","",0,1,1,"swe","N","N",1,1,0,0,0,0,0,"first","",1,2012,6,NA,1,0,0,0,0,"Other social sciences",1,0,0,0,0,0,0,0,0,0,1,NA,"Other social sciences",0,NA
487531,"158",2016,"male","Natural Sciences",17821,2016,"Q1",1,1,1,1,1,1,1,1,1,1,0,"","",1,0,1,"deu","N","N",5,2,3,0,0,0,0,"first","2016-07-13",1,2016,NA,NA,1,0,1,0,1,"Chemical sciences",6,0,0,1,1,0,1,0,1,0.23901944,21,1,"Chemical sciences",0,0
435628,"159",2015,"male","Engineering and Technology",21455,2015,"Others",1,2,1,2,1,NA,NA,0,0,0,0,"","",0,1,1,"chn","N","Y",3,1,1,1,0,0,0,"first","",1,2015,10,1,1,0,0,0,0,"Other engineering and technologies",2,0,0,1,0,0,0,0,0,0,1,NA,"Other engineering and technologies",0,NA
485730,"160",2016,"male","Natural Sciences",40967,2016,"Q2",1,1,1,1,1,NA,NA,0,0,0,0,"","",0,1,1,"jpn","N","N",6,3,2,1,0,0,0,"first","",1,2016,12,1,2,1,0,0,0,"Physical sciences and astronomy",4,0,0,1,0,0,0,0,0,0.381934955,21,NA,"Physical sciences and astronomy",0,NA
81675,"161",2012,"male","Natural Sciences",79456,2012,"Q1",1,1,1,1,1,0,0,0,0,0,0,"","",0,1,1,"chn","N","N",1,1,0,0,0,0,0,"first","",1,2012,3,NA,1,0,0,0,0,"Earth and related environmental sciences",3,0,0,1,0,0,0,0,0,0.49884379,14,1,"Earth and related environmental sciences",0,NA
111687,"162",2012,"female","Medical and Health Sciences",12689,2012,"Q2",1,1,1,1,1,NA,NA,0,0,0,0,"","",0,1,1,"aus","N","N",1,1,0,0,0,0,0,"first","",1,2012,8,NA,1,0,0,0,0,"Clinical medicine",2,0,0,1,0,0,0,0,0,0,1,1,"Clinical medicine",0,NA
202732,"163",2013,"male","Natural Sciences",81116,2013,"Q3",1,1,1,1,1,NA,NA,0,0,0,0,"","",0,1,1,"mys","N","N",1,1,0,0,0,0,0,"first","",1,2013,NA,NA,1,0,0,0,0,"Mathematics",3,0,0,1,0,0,0,0,0,0.76894313,8,1,"Mathematics",0,NA
90206,"164",2012,"male","Medical and Health Sciences",95882,2012,"Q2",1,1,1,1,1,0,0,0,0,0,0,"","",0,1,1,"chn","N","N",1,1,0,0,0,0,0,"first","",1,2012,NA,NA,1,0,0,0,0,"Clinical medicine",4,0,0,1,0,0,0,0,0,0.95147187,10,1,"Clinical medicine",0,NA
50006,"165",2012,"male","Engineering and Technology",68766,2014,"Q1",1,1,1,1,1,0,0,0,0,0,0,"","",0,0,3,"chn","N","N",2,1,0,1,0,0,0,"first","",1,2014,NA,NA,2,1,0,0,0,"Other engineering and technologies",4,0,0,1,0,0,0,0,0,1.7445836,19,NA,"Other engineering and technologies",0,NA
377183,"166",2015,"male","Medical and Health Sciences",62143,2017,"Q1",1,1,1,1,1,NA,NA,0,0,0,0,"","",0,0,3,"usa","N","N",5,1,0,4,0,0,0,"first","",1,2017,5,15,4,3,0,0,0,"Biological sciences",2,0,0,1,0,0,0,0,0,0.89245397,22,NA,"Biological sciences",0,NA
425711,"167",2015,"male","Engineering and Technology",94867,2015,"Q1",1,1,1,1,1,0,0,0,0,0,0,"","",0,1,1,"usa","N","N",4,1,1,2,0,0,0,"first","",1,2015,10,1,1,0,0,0,0,"Electrical engineering, electronic engineering,  information engineering ",2,0,0,1,0,0,0,0,0,4.6278753,7,1,"Electrical engineering, electronic engineering,  information engineering ",0,NA
432444,"168",2015,"female","Natural Sciences",20404,2015,"Q1",1,2,1,2,1,3,3,3,3,1,0,"","",1,1,1,"usa","N","Y",3,1,1,1,0,0,1,"first","2015-03-24",1,2015,5,1,1,0,3,0,1,"Biological sciences",7,0,0,1,2,0,1,0,1,2.9581456,20,NA,"Biological sciences",0,0
14019,"169",2012,"male","Natural Sciences",16339,2014,"Q2",1,1,1,1,1,NA,NA,0,0,0,0,"","",0,0,3,"irn","N","N",2,1,0,1,0,0,0,"first","",1,2014,9,NA,2,1,0,0,0,"Earth and related environmental sciences",3,0,0,1,0,0,0,0,0,0.62384826,14,NA,"Earth and related environmental sciences",0,NA
191935,"170",2013,"male","Medical and Health Sciences",13710,2013,"Q3",1,2,1,2,1,NA,NA,0,0,0,0,"","",0,1,1,"usa","N","Y",1,1,0,0,0,0,0,"first","",1,2013,12,NA,1,0,0,0,0,"Health sciences",2,0,0,1,0,0,0,0,0,1.0067943,18,NA,"Health sciences",0,NA
523948,"171",2016,"female","Social Sciences",40074,2016,"Others",1,1,1,1,1,NA,NA,0,0,0,0,"","",0,1,1,"ita","N","N",1,1,0,0,0,0,0,"first","",1,2016,NA,NA,1,0,0,0,0,"Other social sciences",1,0,0,0,0,0,0,0,0,0,1,NA,"Other social sciences",0,NA
501673,"172",2016,"female","Natural Sciences",71273,2018,"Q4",1,1,1,1,1,NA,NA,0,0,0,0,"","",0,0,3,"chn","N","N",7,2,0,5,0,0,0,"first","",1,2018,7,3,3,2,0,0,0,"Biological sciences",9,0,0,1,0,0,0,0,0,0.57644707,20,1,"Biological sciences",0,NA
310713,"173",2014,"male","Natural Sciences",66972,2014,"Q1",1,1,1,1,1,NA,NA,0,0,0,0,"","",0,0,1,"chn","N","N",7,6,0,1,0,0,0,"first","",1,2014,2,1,1,0,0,0,0,"Physical sciences and astronomy",4,0,0,1,0,0,0,0,0,1.081822,13,NA,"Physical sciences and astronomy",0,NA
423590,"174",2015,"female","Natural Sciences",38102,2015,"Q1",1,1,1,1,1,NA,NA,0,0,0,0,"","",0,0,1,"chn","N","N",14,5,3,6,0,0,0,"first","",1,2015,5,1,2,1,0,0,0,"Materials engineering",10,0,0,1,0,0,0,0,0,2.35866885,20,NA,"Materials engineering",0,NA
268639,"175",2014,"female","Medical and Health Sciences",46482,2014,"Q1",1,2,2,3,1,1,1,1,1,1,0,"","",1,1,1,"usa","Y","Y",2,2,0,0,0,0,0,"first","2014-03-15",1,2014,NA,NA,1,0,1,0,1,"Clinical medicine",7,0,0,1,0,0,0,0,0,2.3008564,19,NA,"Clinical medicine",0,0
562721,"176",2016,"female","Medical and Health Sciences",16755,2016,"Q1",1,1,1,1,1,1,1,1,1,1,0,"","",1,1,1,"can","N","N",5,3,0,2,0,0,2,"first","2018-02-13",1,2016,9,24,2,1,1,0,1,"Clinical medicine",7,0,0,1,0,0,0,0,0,0.7525748,21,1,"Health sciences",0,0
484357,"177",2016,"male","Medical and Health Sciences",96520,2016,"Q3",1,1,1,1,1,NA,NA,0,0,0,0,"","",0,1,1,"rus","N","N",4,1,2,1,0,0,0,"first","",1,2016,2,1,1,0,0,0,0,"Basic medical research",4,0,0,1,0,0,0,0,0,0,1,1,"Basic medical research",0,NA
252717,"178",2014,"male","Humanities",26486,2014,"Q4",1,1,1,1,1,NA,NA,0,0,0,0,"","",0,1,1,"usa","N","N",1,1,0,0,0,0,0,"first","",1,2014,NA,NA,1,0,0,0,0,"Humanities",1,0,0,0,0,0,0,0,0,0,1,1,"Humanities",0,NA
348512,"179",2014,"male","Natural Sciences",79925,2015,"Q3",1,1,1,1,1,NA,NA,0,0,0,0,"","",0,0,2,"chn","N","N",5,2,2,1,0,0,0,"first","",1,2015,7,22,4,3,0,0,0,"Computer and information sciences",4,0,0,1,0,0,0,0,0,0.7196826,19,NA,"Computer and information sciences",0,NA
529536,"180",2016,"female","Social Sciences",94901,2016,"Q1",1,1,1,1,1,2,2,2,2,1,0,"","",1,1,1,"gbr","N","N",1,1,0,0,0,0,0,"first","2016-06-20",1,2016,9,2,1,0,2,0,1,"Sociology and political science",5,0,0,1,0,0,0,0,0,1.0752399,21,NA,"Sociology and political science",0,0
411880,"181",2015,"female","Medical and Health Sciences",23275,2015,"Q3",1,1,1,1,1,NA,NA,0,0,0,0,"","",0,1,1,"usa","N","N",3,1,1,1,0,0,0,"first","",1,2015,6,18,1,0,0,0,0,"Clinical medicine",4,0,0,1,0,0,0,0,0,2.0815222,16,NA,"Clinical medicine",0,NA
147570,"182",2013,"male","Social Sciences",99225,2014,"Q1",1,1,1,1,1,0,0,0,0,0,0,"","",0,0,2,"usa","N","N",4,1,2,1,0,0,0,"first","",1,2016,11,1,3,2,0,0,0,"Other social sciences",1,0,0,0,0,0,0,0,0,0,2,1,"Other social sciences",0,NA
17258,"183",2012,"male","Medical and Health Sciences",84552,2014,"Q1",1,2,1,2,1,0,0,0,0,0,0,"","",0,0,3,"jpn","N","Y",3,1,0,2,0,0,0,"first","",1,2014,NA,NA,2,1,0,0,0,"Earth and related environmental sciences",6,0,0,1,0,0,0,0,0,1.95213675,19,1,"Agricultural Sciences",0,NA
61139,"184",2012,"male","Natural Sciences",57459,2012,"Q1",1,1,1,1,1,1,1,1,1,1,0,"","",1,1,1,"gbr","N","N",6,1,3,2,0,0,0,"first","2020-05-19",1,2012,12,8,1,0,1,0,1,"Mathematics",2,0,0,1,0,0,0,0,0,0.720016745,17,NA,"Mathematics",0,0
337677,"185",2014,"female","Natural Sciences",49067,2014,"Q1",1,1,1,1,1,0,0,0,0,0,0,"","",0,1,1,"irn","N","N",2,1,1,0,0,0,0,"first","",1,2014,4,11,1,0,0,0,0,"Basic medical research",4,0,0,1,0,0,0,0,0,2.7727065,4,1,"Basic medical research",0,NA
385134,"186",2015,"male","Natural Sciences",51725,2015,"Q2",1,1,1,1,1,NA,NA,0,0,0,0,"","",0,1,1,"usa","N","N",3,1,0,2,0,0,0,"first","",1,2015,3,1,1,0,0,0,0,"Biological sciences",3,0,0,1,0,0,0,0,0,2.0799212,18,1,"Biological sciences",0,NA
253013,"187",2014,"male","Engineering and Technology",79209,2014,"Q2",1,1,1,1,1,NA,NA,0,0,0,0,"","",0,1,1,"usa","N","N",2,1,1,0,0,0,0,"first","",1,2014,NA,NA,1,0,0,0,0,"Other engineering and technologies",6,0,0,1,0,0,0,0,0,1.2340312,14,NA,"Other engineering and technologies",0,NA
563962,"188",2016,"female","Natural Sciences",12555,2016,"Q1",1,1,1,1,1,0,0,0,0,0,0,"","",0,1,1,"irn","N","N",2,1,0,1,0,0,0,"first","",1,2016,NA,NA,1,0,0,0,0,"Computer and information sciences",3,0,0,1,0,0,0,0,0,0.41727127,9,NA,"Computer and information sciences",0,NA
276689,"189",2014,"male","Medical and Health Sciences",21185,2014,"Q1",1,1,1,1,1,1,1,1,1,1,0,"","",1,1,1,"chn","N","N",8,2,4,2,0,0,0,"first","2015-01-01",1,2014,12,31,1,0,1,0,1,"Agricultural Sciences",13,0,0,1,1,0,1,0,1,2.2522657,18,NA,"Agricultural Sciences",0,1
484436,"190",2016,"male","Natural Sciences",38281,2016,"Q2",1,1,1,1,1,NA,NA,0,0,0,0,"","",0,1,1,"usa","N","N",1,1,0,0,0,0,0,"first","",1,2016,NA,NA,1,0,0,0,0,"Materials engineering",5,0,0,1,0,0,0,0,0,0.87446964,21,NA,"Materials engineering",0,NA
475378,"191",2016,"female","Engineering and Technology",60999,2018,"Q1",1,1,1,1,1,NA,NA,0,0,0,0,"","",0,0,3,"ind","N","N",5,1,1,3,0,0,0,"first","",1,2018,11,1,4,3,0,0,0,"Earth and related environmental sciences",5,0,0,1,0,0,0,0,0,0.85316783,19,NA,"Earth and related environmental sciences",0,NA
100926,"192",2012,"female","Natural Sciences",87090,2012,"Q1",1,1,1,1,1,NA,NA,0,0,0,0,"","",0,1,1,"tur","N","N",2,1,1,0,0,0,0,"first","",1,2012,7,1,1,0,0,0,0,"Other natural sciences",5,0,0,1,0,0,0,0,0,1.1851555,17,NA,"Other natural sciences",0,NA
222518,"193",2013,"female","Medical and Health Sciences",93199,2013,"Q3",1,1,1,1,1,NA,NA,0,0,0,0,"","",0,1,1,"can","N","N",1,1,0,0,0,0,0,"first","",1,2013,NA,NA,1,0,0,0,0,"Health sciences",2,0,0,1,0,0,0,0,0,0,1,NA,"Health sciences",0,NA
129113,"194",2013,"female","Social Sciences",80732,2013,"Q1",1,1,2,2,1,NA,NA,0,0,0,0,"","",0,1,1,"can","Y","Y",1,1,0,0,0,0,0,"first","",1,2013,NA,NA,1,0,0,0,0,"Humanities",2,0,0,1,0,0,0,0,0,0,1,NA,"Humanities",0,NA
484612,"195",2016,"male","Engineering and Technology",46143,2016,"Q1",1,1,1,1,1,6,4,7,7,1,0,"","",1,1,1,"esp","N","N",2,1,0,1,0,0,0,"first","2017-04-27",1,2016,11,1,1,0,6,0,1,"Electrical engineering, electronic engineering,  information engineering ",3,0,0,1,0,0,0,0,0,1.0352103,18,NA,"Electrical engineering, electronic engineering,  information engineering ",0,0
135215,"196",2013,"male","Natural Sciences",44688,2013,"Q1",1,1,1,1,1,1,1,1,1,1,0,"","",1,0,1,"usa","N","N",7,3,0,4,0,0,0,"first","2019-01-04",1,2013,9,24,2,1,1,0,1,"Biological sciences",7,0,0,1,0,0,0,0,0,4.142225,18,NA,"Biological sciences",0,0
66351,"197",2012,"female","Medical and Health Sciences",77899,2012,"Q4",1,1,1,1,1,NA,NA,0,0,0,0,"","",0,1,1,"esp","N","N",1,1,0,0,0,0,0,"first","",1,2012,2,NA,1,0,0,0,0,"Clinical medicine",3,0,0,1,0,0,0,0,0,0.2021253775,13,NA,"Clinical medicine",0,NA
123729,"198",2013,"female","Natural Sciences",67857,2014,"Q1",1,1,1,1,1,0,0,0,0,0,0,"","",0,0,2,"kor","N","N",24,1,8,15,0,0,0,"first","",1,2014,2,NA,2,1,0,0,0,"Biological sciences",6,0,0,1,0,0,0,0,0,0.9182613,19,1,"Basic medical research",0,NA
216342,"199",2013,"female","Engineering and Technology",83459,2013,"Q2",1,1,1,1,1,0,0,0,0,0,0,"","",0,1,1,"usa","N","N",1,1,0,0,0,0,0,"first","",1,2013,NA,NA,1,0,0,0,0,"Other engineering and technologies",2,0,0,1,0,0,0,0,0,0,1,1,"Other engineering and technologies",0,NA
390668,"200",2015,"female","Natural Sciences",29238,2017,"Q3",1,1,1,1,1,NA,NA,0,0,0,0,"","",0,0,3,"gbr","N","N",2,1,0,1,0,0,0,"first","",1,2017,NA,NA,2,1,0,0,0,"Earth and related environmental sciences",8,0,0,1,0,0,0,0,0,1.8225101,22,1,"Earth and related environmental sciences",0,NA
538140,"201",2016,"male","Natural Sciences",60768,2016,"Q1",1,1,1,1,1,1,1,1,1,1,0,"","",1,1,1,"chn","N","N",1,1,0,0,0,0,0,"first","2016-06-18",1,2016,11,1,1,0,1,0,1,"Chemical sciences",3,0,0,1,1,0,1,0,1,0.35262072,20,NA,"Chemical sciences",0,1
104193,"202",2012,"male","Natural Sciences",34831,2012,"Q1",1,1,1,1,1,1,1,1,1,1,0,"","",1,1,1,"usa","N","N",2,1,0,1,0,0,0,"first","2012-09-05",1,2012,9,5,1,0,1,0,1,"Biological sciences",4,0,0,1,0,0,0,0,0,1.1655302,17,NA,"Biological sciences",0,0
402471,"203",2015,"male","Natural Sciences",30909,2015,"Q1",1,1,1,1,1,0,0,0,0,0,0,"","",0,0,1,"chn","N","N",3,2,0,1,0,0,0,"first","",1,2015,3,1,1,0,0,0,0,"Computer and information sciences",4,0,0,1,0,0,0,0,0,0.533787,15,NA,"Computer and information sciences",0,NA
448950,"204",2015,"male","Engineering and Technology",12361,2015,"Q2",1,1,1,1,1,NA,NA,0,0,0,0,"","",0,1,1,"chn","N","N",5,1,3,1,0,0,0,"first","",1,2015,12,30,1,0,0,0,0,"Mechanical engineering",3,0,0,1,0,0,0,0,0,0.371734575,20,1,"Other engineering and technologies",0,NA
123098,"205",2012,"male","Engineering and Technology",16918,2012,"Q2",1,1,1,1,1,NA,NA,0,0,0,0,"","",0,1,1,"tur","N","N",1,1,0,0,0,0,0,"first","",1,2012,4,NA,1,0,0,0,0,"Chemical engineering",2,0,0,1,0,0,0,0,0,0,1,NA,"Chemical engineering",0,NA
259582,"206",2014,"male","Engineering and Technology",30897,2014,"Q1",1,1,1,1,1,NA,NA,0,0,0,0,"","",0,1,1,"esp","N","N",3,1,0,2,0,0,0,"first","",1,2014,NA,NA,1,0,0,0,0,"Other engineering and technologies",2,0,0,1,0,0,0,0,0,1.1053497,18,NA,"Other engineering and technologies",0,NA
153586,"207",2013,"male","Medical and Health Sciences",68256,2014,"Q4",1,1,1,1,1,NA,NA,0,0,0,0,"","",0,0,2,"chn","N","N",4,1,1,2,0,0,0,"first","",1,2014,NA,NA,2,1,0,0,0,"Basic medical research",3,0,0,1,0,0,0,0,0,0.4277572,12,1,"Basic medical research",0,NA
162139,"208",2013,"female","Natural Sciences",95389,2014,"Q3",1,2,1,2,1,NA,NA,0,0,0,0,"","",0,0,2,"chn","N","Y",5,1,3,1,0,0,0,"first","",1,2014,NA,NA,2,1,0,0,0,"Agricultural Sciences",4,0,0,1,0,0,0,0,0,0.7478743,11,NA,"Agricultural Sciences",0,NA
268217,"209",2014,"female","Medical and Health Sciences",32687,2014,"Q1",1,2,1,3,1,NA,NA,0,0,0,0,"","",0,1,1,"usa","N","Y",1,1,0,0,0,0,0,"first","",1,2014,NA,NA,1,0,0,0,0,"Biological sciences",6,0,0,1,0,0,0,0,0,1.7423178,19,NA,"Biological sciences",0,NA
535415,"210",2016,"male","Agricultural Sciences",63604,2016,"Q1",1,1,1,1,1,1,1,1,1,1,0,"","",1,1,1,"usa","N","N",1,1,0,0,0,0,0,"first","2017-01-20",1,2016,12,1,1,0,1,0,1,"Agricultural Sciences",3,0,0,1,0,0,0,0,0,0.25501485,21,1,"Agricultural Sciences",0,0
354036,"211",2014,"male","Medical and Health Sciences",32039,2014,"Q1",1,1,2,2,1,26,23,27,27,1,0,"","",1,1,1,"gbr","Y","Y",1,1,0,0,0,0,0,"first","2014-09-08",1,2014,NA,NA,1,0,26,0,1,"Clinical medicine",7,0,0,1,1,0,1,0,1,6.365176,19,1,"Clinical medicine",0,0
85588,"212",2012,"female","Natural Sciences",31354,2012,"Q3",1,1,1,1,1,NA,NA,0,0,0,0,"","",0,1,1,"fra","N","N",3,2,0,1,0,0,0,"first","",1,2012,7,NA,1,0,0,0,0,"Basic medical research",5,0,0,1,0,0,0,0,0,0.24895276,17,NA,"Basic medical research",0,NA
457678,"213",2015,"male","Medical and Health Sciences",43462,2015,"Q1",1,1,1,2,1,1,1,1,1,1,0,"","",1,1,1,"gbr","N","Y",2,1,0,1,0,0,0,"first","",1,2015,12,7,1,0,1,0,1,"Clinical medicine",4,0,0,1,0,0,0,0,0,0.937424,20,1,"Clinical medicine",0,0
68159,"214",2012,"male","Medical and Health Sciences",40255,2012,"Q2",1,1,1,1,1,NA,NA,0,0,0,0,"","",0,1,1,"jpn","N","N",1,1,0,0,0,0,0,"first","",1,2012,12,NA,1,0,0,0,0,"Clinical medicine",8,0,0,1,0,0,0,0,0,0.97327596,17,1,"Clinical medicine",0,NA
19073,"215",2012,"female","Humanities",20079,2012,"Q3",1,1,1,1,1,NA,NA,0,0,0,0,"","",0,1,1,"usa","N","N",1,1,0,0,0,0,0,"first","",1,2012,NA,NA,1,0,0,0,0,"Humanities",1,0,0,0,0,0,0,0,0,0,1,1,"Humanities",0,NA
43324,"216",2012,"male","Medical and Health Sciences",78378,2012,"Q1",1,1,1,1,1,NA,NA,0,0,0,0,"","",0,1,1,"jpn","N","N",1,1,0,0,0,0,0,"first","",1,2012,3,NA,1,0,0,0,0,"Basic medical research",5,0,0,1,0,0,0,0,0,1.81361795,17,NA,"Basic medical research",0,NA
528145,"217",2016,"male","Engineering and Technology",66989,2016,"Q1",2,3,2,3,1,NA,NA,0,0,0,0,"","",0,0,1,"chn","Y","Y",6,3,2,1,0,0,0,"first","",1,2016,7,13,1,0,0,0,0,"Other engineering and technologies",7,0,0,1,0,0,0,0,0,0.73947305,21,NA,"Other engineering and technologies",0,NA
101607,"218",2012,"male","Natural Sciences",20811,2012,"Q2",2,2,2,2,1,0,0,0,0,0,0,"","",0,1,1,"che","Y","Y",2,1,0,1,0,0,0,"first","",1,2012,NA,NA,1,0,0,0,0,"Biological sciences",2,0,0,1,0,0,0,0,0,0.82360685,11,1,"Biological sciences",0,NA
374988,"219",2015,"female","Natural Sciences",63831,2017,"Q3",1,1,1,1,1,NA,NA,0,0,0,0,"","",0,0,3,"chn","N","N",7,2,2,3,0,0,0,"first","",1,2017,8,8,5,4,0,0,0,"Agricultural Sciences",6,0,0,1,0,0,0,0,0,0.5975475,4,NA,"Agricultural Sciences",0,NA
187274,"220",2013,"female","Social Sciences",31662,2013,"Q1",1,1,1,1,1,0,0,0,0,0,0,"","",0,1,1,"usa","N","N",1,1,0,0,0,0,0,"first","",1,2013,9,NA,1,0,0,0,0,"Clinical medicine",2,0,0,1,0,0,0,0,0,0.9980395,17,NA,"Clinical medicine",0,NA
215116,"221",2013,"female","Medical and Health Sciences",44923,2013,"Q1",1,1,1,1,1,NA,NA,0,0,0,0,"","",0,1,1,"deu","N","N",1,1,0,0,0,0,0,"first","",1,2013,8,NA,1,0,0,0,0,"Physical sciences and astronomy",3,0,0,1,0,0,0,0,0,0.5931695,18,1,"Physical sciences and astronomy",0,NA
506372,"222",2016,"female","Natural Sciences",44161,2016,"Q3",1,1,1,1,1,NA,NA,0,0,0,0,"","",0,0,1,"chn","N","N",4,2,0,2,0,0,0,"first","",1,2016,12,1,1,0,0,0,0,"Biological sciences",4,0,0,1,0,0,0,0,0,0.55758804,6,NA,"Biological sciences",0,NA
253315,"223",2014,"female","Natural Sciences",52876,2015,"Q1",1,1,1,1,1,4,4,4,4,1,0,"","",1,0,2,"gbr","N","N",4,1,1,2,0,0,0,"first","2014-12-20",1,2015,3,1,1,0,4,0,1,"Health sciences",14,0,0,1,2,0,1,0,1,3.1903605,20,NA,"Health sciences",0,0
321637,"224",2014,"male","Medical and Health Sciences",54022,2016,"Q3",1,1,1,2,1,3,2,3,3,1,0,"","",1,0,3,"chn","N","Y",2,1,0,1,0,0,0,"first","2016-06-28",1,2016,7,1,2,1,3,0,1,"Biological sciences",8,0,0,1,3,0,1,0,1,3.1578877,5,NA,"Biological sciences",0,1
401434,"225",2015,"female","Natural Sciences",45654,2017,"Q2",1,1,1,1,1,1,1,1,1,1,0,"","",1,0,3,"kor","N","N",3,1,1,1,0,0,0,"first","2019-05-26",1,2017,6,15,3,2,1,0,1,"Physical sciences and astronomy",3,0,0,1,0,0,0,0,0,0.96676683,18,NA,"Physical sciences and astronomy",0,0
82280,"226",2012,"male","Natural Sciences",57801,2012,"Q1",1,1,1,1,1,0,0,0,0,0,0,"","",0,1,1,"usa","N","N",1,1,0,0,0,0,0,"first","",1,2012,3,NA,1,0,0,0,0,"Earth and related environmental sciences",3,0,0,1,0,0,0,0,0,1.847421,16,1,"Earth and related environmental sciences",0,NA
271121,"227",2014,"male","Natural Sciences",56362,2014,"Q3",2,2,2,3,1,NA,NA,0,0,0,0,"","",0,1,1,"rus","Y","Y",2,1,1,0,0,0,0,"first","",1,2014,NA,NA,1,0,0,0,0,"Agricultural Sciences",2,0,0,1,0,0,0,0,0,0.33896333,1,NA,"Agricultural Sciences",0,NA
550872,"228",2016,"male","Natural Sciences",11637,2016,"Q1",1,1,1,1,1,NA,NA,0,0,0,0,"","",0,1,1,"usa","N","N",4,1,1,2,0,0,0,"first","",1,2016,5,15,1,0,0,0,0,"Mathematics",1,0,0,0,0,0,0,0,0,0,1,1,"Mathematics",0,NA
486893,"229",2016,"female","Natural Sciences",22550,2016,"Q4",1,1,1,1,1,NA,NA,0,0,0,0,"","",0,1,1,"can","N","N",2,1,1,0,0,0,0,"first","",1,2016,12,1,1,0,0,0,0,"Mathematics",1,0,0,0,0,0,0,0,0,0,1,NA,"Mathematics",0,NA
492663,"230",2016,"female","Natural Sciences",78463,2017,"Q1",1,1,1,1,1,NA,NA,0,0,0,0,"","",0,0,2,"chn","N","N",4,1,1,2,0,0,0,"first","",1,2017,10,9,2,1,0,0,0,"Physical sciences and astronomy",8,0,0,1,0,0,0,0,0,0.5421822,19,1,"Physical sciences and astronomy",0,NA
160114,"231",2013,"male","Natural Sciences",97945,2014,"Q1",1,1,1,1,1,NA,NA,0,0,0,0,"","",0,0,2,"chn","N","N",5,1,4,0,0,0,0,"first","",1,2014,12,1,3,2,0,0,0,"Computer and information sciences",3,0,0,1,0,0,0,0,0,1.6792732,6,NA,"Computer and information sciences",0,NA
425418,"232",2015,"female","Humanities",63255,2015,"Q2",1,1,1,1,1,0,0,0,0,0,0,"","",0,1,1,"usa","N","N",1,1,0,0,0,0,0,"first","",1,2015,9,1,1,0,0,0,0,"Humanities",1,0,0,0,0,0,0,0,0,0,1,NA,"Humanities",0,NA
465186,"233",2016,"male","Natural Sciences",11441,2017,"Q1",1,1,1,1,1,NA,NA,0,0,0,0,"","",0,0,2,"chn","N","N",4,1,1,2,0,0,0,"first","",1,2017,2,5,2,1,0,0,0,"Computer and information sciences",5,0,0,1,0,0,0,0,0,0.6427993,13,NA,"Computer and information sciences",0,NA
139585,"234",2013,"female","Natural Sciences",36816,2014,"Q1",1,2,1,2,1,0,0,0,0,0,0,"","",0,0,2,"usa","N","Y",7,2,3,2,0,0,0,"first","",1,2014,7,24,3,2,0,0,0,"Chemical sciences",7,0,0,1,0,0,0,0,0,1.2745736,19,NA,"Chemical sciences",0,NA
69262,"235",2012,"female","Medical and Health Sciences",92704,2012,"Q1",1,1,1,1,1,0,0,0,0,0,0,"","",0,1,1,"che","N","N",3,1,1,1,0,0,0,"first","",1,2012,12,NA,1,0,0,0,0,"Clinical medicine",7,0,0,1,0,0,0,0,0,1.8777986,17,1,"Clinical medicine",0,NA
539669,"236",2016,"male","Natural Sciences",53046,2016,"Q1",1,1,1,1,1,NA,NA,0,0,0,0,"","",0,0,1,"irn","N","N",5,3,1,1,0,0,0,"first","",1,2016,1,1,1,0,0,0,0,"Materials engineering",4,0,0,1,0,0,0,0,0,1.7165422,16,NA,"Materials engineering",0,NA
477271,"237",2016,"female","Natural Sciences",80413,2018,"Q1",1,1,1,1,1,NA,NA,0,0,0,0,"","",0,0,3,"can","N","N",3,1,0,2,0,0,0,"first","",1,2018,9,1,2,1,0,0,0,"Agricultural Sciences",3,0,0,1,0,0,0,0,0,0.64853144,23,NA,"Agricultural Sciences",0,NA
532474,"238",2016,"male","Medical and Health Sciences",60567,2016,"Q3",1,1,1,1,1,1,1,1,1,1,0,"","",1,1,1,"usa","N","N",2,1,1,0,0,0,0,"first","2016-10-28",1,2016,NA,NA,1,0,1,0,1,"Clinical medicine",5,0,0,1,1,0,1,0,1,0.43164346,11,1,"Clinical medicine",0,0
414327,"239",2015,"female","Medical and Health Sciences",81547,2015,"Q1",1,1,1,1,1,4,4,4,4,1,0,"","",1,1,1,"aus","N","N",7,1,4,2,0,0,0,"first","2014-06-26",1,2015,11,1,1,0,4,0,1,"Clinical medicine",8,1,1,1,0,0,0,0,0,1.759937,20,NA,"Clinical medicine",0,0
261315,"240",2014,"male","Medical and Health Sciences",99139,2014,"Q1",1,1,1,1,1,1,1,1,1,1,0,"","",1,1,1,"chn","N","N",5,1,3,1,0,0,0,"first","",1,2014,4,1,1,0,1,0,1,"Health sciences",9,0,0,1,0,0,0,0,0,1.3348014,18,NA,"Health sciences",0,1
271031,"241",2014,"male","Social Sciences",43898,2014,"Q3",1,1,1,1,1,0,0,0,0,0,0,"","",0,1,1,"usa","N","N",10,5,4,1,0,0,0,"first","",1,2014,1,NA,1,0,0,0,0,"Other social sciences",7,0,0,1,0,0,0,0,0,1.704958,19,1,"Psychology",0,NA
173502,"242",2013,"male","Natural Sciences",36580,2014,"Q1",1,1,1,1,1,NA,NA,0,0,0,0,"","",0,0,2,"chn","N","N",4,1,1,2,0,0,0,"first","",1,2014,9,25,2,1,0,0,0,"Chemical engineering",4,0,0,1,0,0,0,0,0,0.3866082,11,NA,"Chemical engineering",0,NA
322315,"243",2014,"male","Natural Sciences",95516,2015,"Q4",1,1,1,1,1,0,0,0,0,0,0,"","",0,0,2,"jpn","N","N",4,1,1,2,0,0,0,"first","",1,2015,NA,NA,2,1,0,0,0,"Biological sciences",3,0,0,1,0,0,0,0,0,1.1057895,16,NA,"Biological sciences",0,NA
456301,"244",2015,"male","Medical and Health Sciences",94962,2015,"Q2",1,1,1,1,1,1,1,1,1,1,0,"","",1,1,1,"chn","N","N",2,1,0,1,0,0,0,"first","2015-05-13",1,2015,5,12,1,0,1,0,1,"Clinical medicine",3,0,0,1,1,0,1,0,1,1.2619271,20,NA,"Clinical medicine",0,1
371853,"245",2015,"male","Medical and Health Sciences",89357,2016,"Q2",1,1,1,1,1,NA,NA,0,0,0,0,"","",0,0,2,"chn","N","N",2,1,1,0,0,0,0,"first","",1,2016,11,1,2,1,0,0,0,"Basic medical research",3,0,0,1,0,0,0,0,0,0.71345312,13,1,"Basic medical research",0,NA
192709,"246",2013,"female","Medical and Health Sciences",25192,2013,"Q1",1,1,1,1,1,0,0,0,0,0,0,"","",0,1,1,"esp","N","N",1,1,0,0,0,0,0,"first","",1,2013,5,NA,1,0,0,0,0,"Basic medical research",9,0,0,1,0,0,0,0,0,1.47604965,18,NA,"Basic medical research",0,NA
243420,"247",2013,"male","Natural Sciences",18906,2013,"Q3",2,2,2,2,1,NA,NA,0,0,0,0,"","",0,1,1,"deu","Y","Y",4,2,1,1,0,0,0,"first","",1,2013,12,NA,2,1,0,0,0,"Physical sciences and astronomy",7,0,0,1,0,0,0,0,0,1.0469297,18,1,"Physical sciences and astronomy",0,NA
130727,"248",2013,"male","Natural Sciences",49035,2013,"Q4",1,1,1,1,1,NA,NA,0,0,0,0,"","",0,1,1,"usa","N","N",1,1,0,0,0,0,0,"first","",1,2013,NA,NA,1,0,0,0,0,"Computer and information sciences",2,0,0,1,0,0,0,0,0,0,1,1,"Computer and information sciences",0,NA
296964,"249",2014,"female","Natural Sciences",73074,2016,"Q1",1,1,1,1,1,3,3,3,3,1,0,"","",1,0,3,"gbr","N","N",2,1,0,1,0,0,0,"first","2016-10-19",1,2016,10,19,2,1,3,0,1,"Biological sciences",8,1,1,1,0,0,0,0,0,0.98485383,21,NA,"Biological sciences",0,0
193434,"250",2013,"male","Natural Sciences",14162,2013,"Q1",1,1,1,1,1,1,1,1,1,1,0,"","",1,1,1,"usa","N","N",4,1,0,3,0,0,0,"first","2013-11-18",1,2013,12,2,1,0,1,0,1,"Chemical sciences",4,0,0,1,1,0,1,0,1,1.2592484,18,1,"Chemical sciences",0,0
516434,"251",2016,"male","Engineering and Technology",43774,2016,"Q1",1,1,1,1,1,NA,NA,0,0,0,0,"","",0,1,1,"ind","N","N",1,1,0,0,0,0,0,"first","",1,2016,3,1,1,0,0,0,0,"Chemical engineering",4,0,0,1,0,0,0,0,0,1.203659,18,NA,"Chemical engineering",0,NA
63557,"252",2012,"male","Medical and Health Sciences",22745,2012,"Q1",1,1,1,1,1,NA,NA,0,0,0,0,"","",0,1,1,"usa","N","N",1,1,0,0,0,0,0,"first","",1,2012,2,NA,1,0,0,0,0,"Other engineering and technologies",6,0,0,1,0,0,0,0,0,2.31072515,14,NA,"Other engineering and technologies",0,NA
149248,"253",2013,"female","Medical and Health Sciences",49790,2014,"Q4",1,1,1,1,1,NA,NA,0,0,0,0,"","",0,0,2,"chn","N","N",9,4,5,0,0,0,0,"first","",1,2014,4,22,5,4,0,0,0,"Clinical medicine",12,0,0,1,0,0,0,0,0,0.87526715,10,NA,"Clinical medicine",0,NA
161443,"254",2013,"male","Natural Sciences",14595,2013,"Q2",1,1,1,1,1,NA,NA,0,0,0,0,"","",0,0,1,"chn","N","N",2,2,0,0,0,0,0,"first","",1,2013,NA,NA,1,0,0,0,0,"Computer and information sciences",1,0,0,0,0,0,0,0,0,0,1,1,"Computer and information sciences",0,NA
13346,"255",2012,"male","Social Sciences",56332,2012,"Q1",1,1,1,1,1,4,4,4,4,1,1,"2015-12-18","Current flavor, historical patterns: Kidnapping by Terrorist Groups, 1970-2010: https://t.co/hjtOsAraEM https://t.co/dgQoBv2FhM",1,0,1,"usa","N","N",3,3,0,0,1,0,0,"first","2012-10-10",1,2012,9,NA,1,0,3,0,0,"Sociology and political science",1,0,0,0,0,0,0,0,0,0,1,NA,"Sociology and political science",1,0
358257,"256",2014,"male","Engineering and Technology",45500,2014,"Q2",1,1,1,1,1,NA,NA,0,0,0,0,"","",0,1,1,"usa","N","N",2,1,0,1,0,0,0,"first","",1,2014,NA,NA,1,0,0,0,0,"Electrical engineering, electronic engineering,  information engineering ",2,0,0,1,0,0,0,0,0,0.7207264,19,1,"Electrical engineering, electronic engineering,  information engineering ",0,NA
114641,"257",2012,"male","Natural Sciences",52894,2012,"Q1",1,1,1,1,1,NA,NA,0,0,0,0,"","",0,1,1,"usa","N","N",1,1,0,0,0,0,0,"first","",1,2012,2,NA,1,0,0,0,0,"Computer and information sciences",4,0,0,1,0,0,0,0,0,0.86698663,17,NA,"Computer and information sciences",0,NA
25796,"258",2012,"female","Natural Sciences",46599,2014,"Q2",1,1,1,1,1,NA,NA,0,0,0,0,"","",0,0,3,"ind","N","N",4,1,2,1,0,0,0,"first","",1,2014,2,NA,4,3,0,0,0,"Chemical sciences",4,0,0,1,0,0,0,0,0,0.67904115,17,NA,"Chemical sciences",0,NA
271869,"259",2014,"female","Social Sciences",93236,2014,"Q1",1,1,1,1,1,NA,NA,0,0,0,0,"","",0,1,1,"deu","N","N",3,2,1,0,0,0,0,"first","",1,2014,NA,NA,1,0,0,0,0,"Economics",2,0,0,1,0,0,0,0,0,0,1,NA,"Economics",0,NA
300105,"260",2014,"male","Social Sciences",92779,2015,"Q1",1,1,1,1,1,3,3,3,3,1,0,"","",1,0,2,"can","N","N",4,1,2,1,0,0,0,"first","2014-01-09",1,2015,7,4,2,1,3,0,1,"Psychology",2,0,0,1,0,0,0,0,0,0,2,1,"Psychology",0,0
243372,"261",2013,"male","Engineering and Technology",73148,2013,"Q1",1,1,1,1,1,NA,NA,0,0,0,0,"","",0,1,1,"mys","N","N",2,2,0,0,0,0,0,"first","",1,2013,3,1,1,0,0,0,0,"Materials engineering",3,0,0,1,0,0,0,0,0,0.9612782,18,NA,"Materials engineering",0,NA
163307,"262",2013,"female","Natural Sciences",20443,2015,"Q1",1,1,1,1,1,NA,NA,0,0,0,0,"","",0,0,3,"chn","N","N",5,1,2,2,0,0,0,"first","",1,2015,7,1,4,3,0,0,0,"Other engineering and technologies",5,0,0,1,0,0,0,0,0,0.91361635,7,NA,"Other engineering and technologies",0,NA
325974,"263",2014,"female","Medical and Health Sciences",52326,2015,"Q1",1,1,1,1,1,0,0,0,0,0,0,"","",0,0,2,"fra","N","N",12,1,7,4,0,0,0,"first","",1,2015,9,1,3,2,0,0,0,"Clinical medicine",8,0,0,1,0,0,0,0,0,1.3730907,18,1,"Clinical medicine",0,NA
463751,"264",2015,"male","Natural Sciences",46688,2015,"Q1",2,2,2,2,1,NA,NA,0,0,0,0,"","",0,1,1,"chn","Y","Y",5,1,1,3,0,0,0,"first","",1,2015,12,1,1,0,0,0,0,"Computer and information sciences",5,0,0,1,0,0,0,0,0,0.4872444,20,1,"Computer and information sciences",0,NA
551866,"265",2016,"female","Natural Sciences",89525,2016,"Q1",1,1,1,1,1,NA,NA,0,0,0,0,"","",0,1,1,"jpn","N","N",5,1,2,2,0,0,0,"first","",1,2016,NA,NA,1,0,0,0,0,"Chemical sciences",5,0,0,1,0,0,0,0,0,0.82617953,21,NA,"Chemical sciences",0,NA
250277,"266",2014,"female","Natural Sciences",36908,2014,"Q3",1,1,1,1,1,NA,NA,0,0,0,0,"","",0,1,1,"chn","N","N",1,1,0,0,0,0,0,"first","",1,2014,NA,NA,1,0,0,0,0,"Mathematics",4,0,0,1,0,0,0,0,0,0.847679255,11,1,"Mathematics",0,NA
217245,"267",2013,"female","Agricultural Sciences",65797,2013,"Others",1,2,1,2,1,NA,NA,0,0,0,0,"","",0,1,1,"chn","N","Y",1,1,0,0,0,0,0,"first","",1,2013,4,NA,1,0,0,0,0,"Agricultural Sciences",6,0,0,1,0,0,0,0,0,0,1,1,"Agricultural Sciences",0,NA
214326,"268",2013,"female","Natural Sciences",88753,2013,"Q2",1,2,1,2,1,0,0,0,0,0,0,"","",0,1,1,"chn","N","Y",2,1,1,0,0,0,0,"first","",1,2013,2,NA,1,0,0,0,0,"Biological sciences",9,0,0,1,0,0,0,0,0,1.8812388,16,NA,"Biological sciences",0,NA
157657,"269",2013,"male","Medical and Health Sciences",65918,2014,"Q2",1,2,1,2,1,NA,NA,0,0,0,0,"","",0,0,2,"chn","N","Y",14,3,6,5,0,0,0,"first","",1,2014,4,NA,3,2,0,0,0,"Clinical medicine",8,0,0,1,0,0,0,0,0,0.7749559,12,NA,"Clinical medicine",0,NA
237667,"270",2013,"male","Engineering and Technology",30779,2013,"Q1",1,1,1,1,1,NA,NA,0,0,0,0,"","",0,1,1,"fra","N","N",3,1,0,2,0,0,0,"first","",1,2013,NA,NA,1,0,0,0,0,"Materials engineering",8,0,0,1,0,0,0,0,0,1.0262257,18,NA,"Materials engineering",0,NA
370975,"271",2015,"female","Medical and Health Sciences",90172,2017,"Q1",1,1,1,1,1,1,1,1,1,1,0,"","",1,0,3,"usa","N","N",2,1,0,1,0,0,0,"first","2017-09-21",1,2017,11,1,2,1,1,0,1,"Clinical medicine",3,0,0,1,1,0,1,0,1,0.58054903,18,NA,"Clinical medicine",0,0
94056,"272",2012,"male","Natural Sciences",69087,2012,"Q1",1,1,1,1,1,NA,NA,0,0,0,0,"","",0,1,1,"fra","N","N",4,1,3,0,0,0,0,"first","",1,2012,10,22,1,0,0,0,0,"Physical sciences and astronomy",4,0,0,1,0,0,0,0,0,1.0314065,17,NA,"Physical sciences and astronomy",0,NA
451160,"273",2015,"female","Agricultural Sciences",30529,2015,"Q1",1,1,1,1,1,2,2,2,2,1,0,"","",1,1,1,"tur","N","N",3,1,0,2,0,0,0,"first","2015-03-25",1,2015,11,1,1,0,2,0,1,"Agricultural Sciences",6,0,0,1,0,0,0,0,0,1.7240566,20,NA,"Agricultural Sciences",0,0
84245,"274",2012,"female","Natural Sciences",61700,2012,"Q1",1,1,1,1,1,0,0,0,0,0,0,"","",0,1,1,"chn","N","N",1,1,0,0,0,0,0,"first","",1,2012,7,31,1,0,0,0,0,"Agricultural Sciences",9,0,0,1,0,0,0,0,0,2.41273965,17,NA,"Agricultural Sciences",0,NA
505035,"275",2016,"female","Medical and Health Sciences",12286,2016,"Q1",1,2,1,2,1,2,2,2,2,1,0,"","",1,1,1,"can","N","Y",2,1,0,1,0,0,0,"first","2016-08-16",1,2016,8,1,1,0,2,0,1,"Agricultural Sciences",5,0,0,1,0,0,0,0,0,1.120260385,21,NA,"Agricultural Sciences",0,0
399111,"276",2015,"male","Agricultural Sciences",19314,2016,"Q1",2,2,2,2,1,2,2,2,2,1,0,"","",1,0,2,"fra","Y","Y",2,1,1,0,0,0,0,"first","2016-08-01",1,2016,10,1,1,0,2,0,1,"Biological sciences",5,0,0,1,0,0,0,0,0,1.6939986,21,1,"Biological sciences",0,0
32282,"277",2012,"male","Natural Sciences",81647,2012,"Q2",1,1,1,1,1,0,0,0,0,0,0,"","",0,0,1,"kor","N","N",3,2,1,0,0,0,0,"first","",1,2012,NA,NA,1,0,0,0,0,"Electrical engineering, electronic engineering,  information engineering ",3,0,0,1,0,0,0,0,0,1.020821335,7,NA,"Electrical engineering, electronic engineering,  information engineering ",0,NA
344833,"278",2014,"male","Natural Sciences",17259,2014,"Q1",1,1,1,1,1,NA,NA,0,0,0,0,"","",0,1,1,"chn","N","N",3,1,1,1,0,0,0,"first","",1,2014,NA,NA,1,0,0,0,0,"Mathematics",2,0,0,1,0,0,0,0,0,0.7585782,15,1,"Mathematics",0,NA
28329,"279",2012,"male","Medical and Health Sciences",31564,2013,"Q2",1,1,1,1,1,6,6,7,7,1,0,"","",1,0,2,"aus","N","N",3,1,2,0,0,0,0,"first","2020-04-03",1,2013,NA,NA,3,2,6,0,1,"Clinical medicine",3,0,0,1,2,0,1,0,1,0.8224256,18,1,"Biological sciences",0,0
399669,"280",2015,"male","Natural Sciences",76162,2016,"Q2",1,1,1,1,1,NA,NA,0,0,0,0,"","",0,0,2,"chn","N","N",2,1,1,0,0,0,0,"first","",1,2016,NA,NA,2,1,0,0,0,"Mathematics",4,0,0,1,0,0,0,0,0,0.81492144,3,NA,"Mathematics",0,NA
334497,"281",2014,"male","Engineering and Technology",44845,2014,"Q1",1,1,1,1,1,NA,NA,0,0,0,0,"","",0,1,1,"ita","N","N",1,1,0,0,0,0,0,"first","",1,2014,NA,NA,1,0,0,0,0,"Electrical engineering, electronic engineering,  information engineering ",3,0,0,1,0,0,0,0,0,0.8051669,19,NA,"Electrical engineering, electronic engineering,  information engineering ",0,NA
522643,"282",2016,"male","Engineering and Technology",70550,2016,"Q2",1,2,1,2,1,NA,NA,0,0,0,0,"","",0,1,1,"chn","N","Y",1,1,0,0,0,0,0,"first","",1,2016,NA,NA,1,0,0,0,0,"Materials engineering",1,0,0,0,0,0,0,0,0,0,1,NA,"Materials engineering",0,NA
544432,"283",2016,"female","Medical and Health Sciences",62316,2016,"Q1",1,1,1,1,1,1,1,1,1,1,0,"","",1,1,1,"usa","N","N",10,2,2,6,0,0,0,"first","2018-02-15",1,2016,8,10,1,0,1,0,1,"Clinical medicine",3,0,0,1,1,0,1,0,1,0.834918915,21,1,"Clinical medicine",0,0
492859,"284",2016,"male","Medical and Health Sciences",87034,2017,"Others",1,1,1,1,1,NA,NA,0,0,0,0,"","",0,0,2,"jpn","N","N",5,1,3,1,0,0,0,"first","",1,2017,1,1,2,1,0,0,0,"Clinical medicine",5,0,0,1,0,0,0,0,0,0.596394725,22,1,"Clinical medicine",0,NA
248273,"285",2014,"female","Medical and Health Sciences",77045,2014,"Q2",1,1,1,1,1,NA,NA,0,0,0,0,"","",0,1,1,"usa","N","N",2,1,0,1,0,0,0,"first","",1,2014,NA,NA,1,0,0,0,0,"Health sciences",2,0,0,1,0,0,0,0,0,0,5,NA,"Health sciences",0,NA
213381,"286",2013,"female","Natural Sciences",88675,2013,"Q1",1,1,1,1,1,1,1,1,1,1,0,"","",1,1,1,"usa","N","N",6,2,1,3,0,0,0,"first","2013-10-26",1,2013,11,6,1,0,1,0,1,"Other engineering and technologies",4,0,0,1,0,0,0,0,0,1.5209628,18,NA,"Other engineering and technologies",0,0
130541,"287",2013,"female","Medical and Health Sciences",16208,2014,"Q3",1,1,1,1,1,0,0,0,0,0,0,"","",0,0,2,"kor","N","N",2,1,1,0,0,0,0,"first","",1,2014,NA,NA,2,1,0,0,0,"Health sciences",2,0,0,1,0,0,0,0,0,0.874365725,10,1,"Health sciences",0,NA
72522,"288",2012,"female","Engineering and Technology",10562,2012,"Q1",2,2,2,2,1,NA,NA,0,0,0,0,"","",0,1,1,"deu","Y","Y",2,1,1,0,0,0,0,"first","",1,2012,11,NA,1,0,0,0,0,"Other engineering and technologies",4,0,0,1,0,0,0,0,0,4.42011905,17,NA,"Other engineering and technologies",0,NA
95355,"289",2012,"male","Natural Sciences",27989,2014,"Q1",2,2,2,2,1,NA,NA,0,0,0,0,"","",0,0,3,"esp","Y","Y",3,1,0,2,0,0,0,"first","",1,2014,NA,NA,3,2,0,0,0,"Earth and related environmental sciences",4,0,0,1,0,0,0,0,0,0.7425041,19,NA,"Earth and related environmental sciences",0,NA
560821,"290",2016,"male","Engineering and Technology",96470,2016,"Q3",1,1,1,1,1,NA,NA,0,0,0,0,"","",0,1,1,"can","N","N",2,1,0,1,0,0,0,"first","",1,2016,8,1,1,0,0,0,0,"Electrical engineering, electronic engineering,  information engineering ",4,0,0,1,0,0,0,0,0,0.405714065,21,1,"Electrical engineering, electronic engineering,  information engineering ",0,NA
549967,"291",2016,"female","Natural Sciences",16692,2016,"Q1",1,1,1,1,1,6,5,6,6,1,0,"","",1,1,1,"usa","N","N",2,2,0,0,0,0,0,"first","2015-11-13",1,2016,2,19,1,0,6,0,1,"Biological sciences",4,0,0,1,2,0,1,0,1,0.48943117,13,NA,"Biological sciences",0,0
507318,"292",2016,"female","Medical and Health Sciences",47382,2016,"Q1",1,1,1,1,1,2,2,2,2,1,0,"","",1,0,1,"aus","N","N",5,2,2,1,0,0,0,"first","2016-02-17",1,2016,3,1,1,0,2,0,1,"Health sciences",6,0,0,1,0,0,0,0,0,0.9559389,21,NA,"Health sciences",0,0
291562,"293",2014,"male","Medical and Health Sciences",98502,2015,"Q1",1,1,1,1,1,3,2,3,3,1,0,"","",1,0,2,"usa","N","N",2,1,1,0,0,0,0,"first","2015-06-17",1,2015,NA,NA,2,1,3,0,1,"Clinical medicine",6,0,0,1,0,0,0,0,0,0.68525385,19,1,"Clinical medicine",0,0
383307,"294",2015,"male","Natural Sciences",83391,2015,"Q2",1,1,1,1,1,NA,NA,0,0,0,0,"","",0,1,1,"ind","N","N",3,1,1,1,0,0,0,"first","",1,2015,8,1,1,0,0,0,0,"Electrical engineering, electronic engineering,  information engineering ",1,0,0,0,0,0,0,0,0,0,1,NA,"Electrical engineering, electronic engineering,  information engineering ",0,NA
219124,"295",2013,"male","Medical and Health Sciences",86403,2013,"Q1",1,1,1,1,1,NA,NA,0,0,0,0,"","",0,1,1,"jpn","N","N",2,1,1,0,0,0,0,"first","",1,2013,NA,NA,1,0,0,0,0,"Clinical medicine",9,0,0,1,0,0,0,0,0,0.76904505,18,NA,"Clinical medicine",0,NA
287817,"296",2014,"male","Natural Sciences",19025,2015,"Q2",1,1,1,1,1,NA,NA,0,0,0,0,"","",0,0,2,"chn","N","N",6,1,2,3,0,0,0,"first","",1,2015,12,1,2,1,0,0,0,"Agricultural Sciences",5,0,0,1,0,0,0,0,0,1.39255185,20,NA,"Agricultural Sciences",0,NA
146740,"297",2013,"female","Medical and Health Sciences",16033,2014,"Q1",1,1,1,1,1,1,1,1,1,1,0,"","",1,0,2,"usa","N","N",4,1,1,2,0,0,0,"first","",1,2014,12,25,2,1,1,0,1,"Health sciences",4,0,0,1,0,0,0,0,0,1.91694875,15,NA,"Health sciences",0,0
241841,"298",2013,"male","Natural Sciences",13845,2013,"Q1",1,1,1,1,1,0,0,0,0,0,0,"","",0,1,1,"deu","N","N",8,2,2,4,0,0,0,"first","",1,2013,6,12,1,0,0,0,0,"Materials engineering",3,0,0,1,0,0,0,0,0,2.385517,17,NA,"Materials engineering",0,NA
358388,"299",2014,"male","Medical and Health Sciences",55876,2016,"Q3",1,1,1,1,1,NA,NA,0,0,0,0,"","",0,0,3,"ind","N","N",3,1,0,2,0,0,0,"first","",1,2016,10,1,3,2,0,0,0,"Chemical sciences",7,0,0,1,0,0,0,0,0,0.5212203,21,NA,"Chemical sciences",0,NA
290097,"300",2014,"male","Natural Sciences",86072,2014,"Q2",1,1,1,2,1,1,1,1,1,1,0,"","",1,1,1,"chn","N","Y",2,1,1,0,0,0,0,"first","2014-02-06",1,2014,3,20,1,0,1,0,1,"Biological sciences",9,0,0,1,0,0,0,0,0,0.7504172,18,1,"Biological sciences",0,0
439627,"301",2015,"female","Natural Sciences",44808,2015,"Q1",1,1,1,1,1,NA,NA,0,0,0,0,"","",0,1,1,"chn","N","N",1,1,0,0,0,0,0,"first","",1,2015,7,1,1,0,0,0,0,"Physical sciences and astronomy",3,0,0,1,0,0,0,0,0,0.3055931,20,NA,"Physical sciences and astronomy",0,NA
220776,"302",2013,"female","Social Sciences",57407,2013,"Q1",1,1,1,1,1,4,4,4,4,1,0,"","",1,1,1,"usa","N","N",4,1,2,1,0,0,0,"first","2013-05-31",1,2013,NA,NA,1,0,4,0,1,"Sociology and political science",3,0,0,1,0,0,0,0,0,5.11639965,14,1,"Sociology and political science",0,0
412714,"303",2015,"male","Engineering and Technology",47995,2016,"Q1",1,1,1,1,1,NA,NA,0,0,0,0,"","",0,0,2,"chn","N","N",9,2,3,4,0,0,0,"first","",1,2016,NA,NA,5,4,0,0,0,"Materials engineering",7,0,0,1,0,0,0,0,0,2.1693132,21,NA,"Materials engineering",0,NA
190443,"304",2013,"male","Medical and Health Sciences",13268,2013,"Q1",1,1,1,1,1,NA,NA,0,0,0,0,"","",0,1,1,"esp","N","N",3,2,0,1,0,0,0,"first","",1,2013,9,24,1,0,0,0,0,"Biological sciences",14,0,0,1,0,0,0,0,0,1.917249,18,NA,"Biological sciences",0,NA
488139,"305",2016,"male","Natural Sciences",11836,2018,"Q1",1,1,1,1,1,5,5,5,5,1,0,"","",1,0,3,"fra","N","N",2,1,0,1,0,0,0,"first","2018-04-20",1,2018,NA,NA,2,1,5,0,1,"Biological sciences",7,0,0,1,3,0,1,0,1,1.08481495,14,1,"Biological sciences",0,0
160356,"306",2013,"male","Natural Sciences",85085,2014,"Q1",1,1,1,1,1,NA,NA,0,0,0,0,"","",0,0,2,"bra","N","N",4,1,2,1,0,0,0,"first","",1,2014,9,4,2,1,0,0,0,"Chemical sciences",6,0,0,1,0,0,0,0,0,1.1662033,19,NA,"Chemical sciences",0,NA
132397,"307",2013,"male","Natural Sciences",52588,2013,"Q1",1,1,1,1,1,2,2,2,2,1,0,"","",1,1,1,"usa","N","N",3,2,0,1,0,0,0,"first","2013-04-15",1,2013,4,12,1,0,2,0,1,"Biological sciences",3,0,0,1,0,0,0,0,0,1.39744345,15,NA,"Biological sciences",0,0
370177,"308",2015,"female","Natural Sciences",83742,2015,"Q3",1,1,1,1,1,1,1,1,1,1,0,"","",1,1,1,"ind","N","N",4,3,0,1,0,0,0,"first","2014-07-24",1,2015,4,1,1,0,1,0,1,"Biological sciences",3,0,0,1,0,0,0,0,0,0.44676212,16,1,"Biological sciences",0,0
264272,"309",2014,"male","Engineering and Technology",25820,2014,"Q2",1,1,1,1,1,NA,NA,0,0,0,0,"","",0,1,1,"ita","N","N",2,1,0,1,0,0,0,"first","",1,2014,NA,NA,1,0,0,0,0,"Mechanical engineering",3,0,0,1,0,0,0,0,0,0.73506296,16,1,"Mechanical engineering",0,NA
511798,"310",2016,"female","Natural Sciences",39642,2016,"Q2",1,1,1,1,1,NA,NA,0,0,0,0,"","",0,1,1,"fra","N","N",3,1,1,1,0,0,0,"first","",1,2016,8,1,1,0,0,0,0,"Computer and information sciences",3,0,0,1,0,0,0,0,0,0,1,NA,"Computer and information sciences",0,NA
306715,"311",2014,"male","Medical and Health Sciences",36578,2016,"Q1",1,1,2,2,1,2,2,2,2,1,0,"","",1,0,3,"kor","Y","Y",3,1,1,1,0,0,0,"first","2020-04-23",1,2016,6,1,3,2,2,0,1,"Clinical medicine",5,0,0,1,0,0,0,0,0,1.2250675,12,1,"Clinical medicine",0,0
487220,"312",2016,"female","Medical and Health Sciences",49550,2016,"Q2",1,1,1,1,1,NA,NA,0,0,0,0,"","",0,1,1,"usa","N","N",1,1,0,0,0,0,0,"first","",1,2016,6,1,1,0,0,0,0,"Clinical medicine",5,0,0,1,0,0,0,0,0,0.83077765,19,1,"Clinical medicine",0,NA
500622,"313",2016,"male","Natural Sciences",87536,2018,"Q1",1,1,1,1,1,NA,NA,0,0,0,0,"","",0,0,3,"chn","N","N",6,2,2,2,0,0,0,"first","",1,2018,4,15,5,4,0,0,0,"Physical sciences and astronomy",4,0,0,1,0,0,0,0,0,1.5989805,15,NA,"Physical sciences and astronomy",0,NA
554277,"314",2016,"female","Medical and Health Sciences",14867,2016,"Q4",1,1,1,1,1,NA,NA,0,0,0,0,"","",0,1,1,"jpn","N","N",1,1,0,0,0,0,0,"first","",1,2016,2,20,1,0,0,0,0,"Health sciences",6,0,0,1,0,0,0,0,0,0.93007505,21,NA,"Health sciences",0,NA
20839,"315",2012,"male","Engineering and Technology",31282,2012,"Q3",1,1,1,1,1,NA,NA,0,0,0,0,"","",0,0,1,"jpn","N","N",3,2,1,0,0,0,0,"first","",1,2012,NA,NA,1,0,0,0,0,"Electrical engineering, electronic engineering,  information engineering ",2,0,0,1,0,0,0,0,0,0.16228563,16,1,"Electrical engineering, electronic engineering,  information engineering ",0,NA
219675,"316",2013,"female","Natural Sciences",95730,2013,"Q1",1,1,1,1,1,0,0,0,0,0,0,"","",0,1,1,"aus","N","N",3,1,0,2,0,0,0,"first","",1,2013,NA,NA,1,0,0,0,0,"Computer and information sciences",4,0,0,1,0,0,0,0,0,2.46711665,8,NA,"Computer and information sciences",0,NA
55511,"317",2012,"female","Natural Sciences",55368,2013,"Q1",2,2,2,2,1,NA,NA,0,0,0,0,"","",0,0,2,"chn","Y","Y",8,1,4,3,0,0,0,"first","",1,2013,NA,NA,3,2,0,0,0,"Other engineering and technologies",4,0,0,1,0,0,0,0,0,1.057037,13,1,"Physical sciences and astronomy",0,NA
188478,"318",2013,"male","Natural Sciences",74992,2013,"Q1",1,1,1,1,1,1,1,1,1,1,0,"","",1,1,1,"usa","N","N",3,1,1,1,0,0,0,"first","2013-02-25",1,2013,4,21,1,0,1,0,1,"Chemical sciences",4,0,0,1,1,0,1,0,1,1.9693251,18,1,"Chemical sciences",0,0
229331,"319",2013,"male","Medical and Health Sciences",20900,2013,"Q1",1,1,1,1,1,0,0,0,0,0,0,"","",0,1,1,"ind","N","N",1,1,0,0,0,0,0,"first","",1,2013,NA,NA,1,0,0,0,0,"Clinical medicine",2,0,0,1,0,0,0,0,0,0,1,NA,"Clinical medicine",0,NA
485940,"320",2016,"male","Natural Sciences",59610,2018,"Q2",1,1,1,1,1,NA,NA,0,0,0,0,"","",0,0,3,"chn","N","N",2,1,0,1,0,0,0,"first","",1,2018,4,1,2,1,0,0,0,"Computer and information sciences",4,0,0,1,0,0,0,0,0,2.68283305,10,NA,"Computer and information sciences",0,NA
406603,"321",2015,"female","Medical and Health Sciences",73758,2015,"Q1",1,1,1,1,1,3,3,3,3,1,0,"","",1,0,1,"jpn","N","N",4,2,1,1,0,0,0,"first","2015-10-01",1,2015,9,24,2,1,3,0,1,"Health sciences",8,0,0,1,0,0,0,0,0,0.647164215,20,NA,"Health sciences",0,0
207937,"322",2013,"male","Natural Sciences",60929,2013,"Q2",1,1,1,1,1,NA,NA,0,0,0,0,"","",0,1,1,"bra","N","N",2,1,1,0,0,0,0,"first","",1,2013,4,NA,1,0,0,0,0,"Biological sciences",4,0,0,1,0,0,0,0,0,0.7819657,18,NA,"Biological sciences",0,NA
530630,"323",2016,"male","Medical and Health Sciences",53515,2018,"Q1",1,2,1,2,1,2,2,2,2,1,0,"","",1,0,3,"usa","N","Y",6,2,0,4,0,0,0,"first","2018-02-15",1,2018,6,1,4,3,2,0,1,"Basic medical research",9,0,0,1,1,0,1,0,1,1.1543859,19,NA,"Basic medical research",0,0
283574,"324",2014,"male","Medical and Health Sciences",60093,2014,"Q1",1,1,1,1,1,0,0,0,0,0,0,"","",0,1,1,"usa","N","N",1,1,0,0,0,0,0,"first","",1,2014,NA,NA,1,0,0,0,0,"Clinical medicine",12,0,0,1,0,0,0,0,0,2.025336,19,NA,"Clinical medicine",0,NA
264226,"325",2014,"female","Natural Sciences",64848,2014,"Q1",1,1,1,1,1,NA,NA,0,0,0,0,"","",0,0,1,"usa","N","N",4,2,0,2,0,0,0,"first","",1,2014,NA,NA,2,1,0,0,0,"Biological sciences",4,0,0,1,0,0,0,0,0,2.36031785,19,NA,"Biological sciences",0,NA
231321,"326",2013,"male","Engineering and Technology",12067,2013,"Q1",1,1,1,1,1,NA,NA,0,0,0,0,"","",0,1,1,"irn","N","N",1,1,0,0,0,0,0,"first","",1,2013,NA,NA,1,0,0,0,0,"Mechanical engineering",4,0,0,1,0,0,0,0,0,0.777010925,13,NA,"Mechanical engineering",0,NA
399966,"327",2015,"female","Natural Sciences",23106,2015,"Q2",1,1,1,1,1,NA,NA,0,0,0,0,"","",0,1,1,"chn","N","N",4,1,3,0,0,0,0,"first","",1,2015,NA,NA,1,0,0,0,0,"Computer and information sciences",3,0,0,1,0,0,0,0,0,0.30086762,17,1,"Computer and information sciences",0,NA
171425,"328",2013,"female","Natural Sciences",23244,2014,"Q1",1,1,1,2,1,NA,NA,0,0,0,0,"","",0,0,2,"chn","N","Y",5,1,2,2,0,0,0,"first","",1,2014,1,NA,2,1,0,0,0,"Biological sciences",9,0,0,1,0,0,0,0,0,3.716404,12,NA,"Biological sciences",0,NA
215289,"329",2013,"male","Natural Sciences",84528,2013,"Q1",1,1,1,1,1,NA,NA,0,0,0,0,"","",0,1,1,"chn","N","N",1,1,0,0,0,0,0,"first","",1,2013,NA,NA,1,0,0,0,0,"Mathematics",6,0,0,1,0,0,0,0,0,0.9526881,18,1,"Mathematics",0,NA
477906,"330",2016,"female","Medical and Health Sciences",23147,2016,"Q1",1,1,1,1,1,4,4,4,4,1,0,"","",1,1,1,"usa","N","N",1,1,0,0,0,0,0,"first","2015-05-15",1,2016,NA,NA,1,0,4,0,1,"Health sciences",5,0,0,1,0,0,0,0,0,1.9894524,9,NA,"Health sciences",0,0
566784,"331",2016,"male","Medical and Health Sciences",81245,2016,"Q3",1,2,1,2,1,1,1,1,1,1,0,"","",1,1,1,"chn","N","Y",7,4,3,0,0,0,0,"first","2020-10-16",1,2016,1,1,1,0,1,0,1,"Clinical medicine",5,0,0,1,0,0,0,0,0,1.1089625,21,NA,"Clinical medicine",0,1
519575,"332",2016,"male","Medical and Health Sciences",24695,2016,"Q3",1,1,1,2,1,NA,NA,0,0,0,0,"","",0,1,1,"chn","N","Y",1,1,0,0,0,0,0,"first","",1,2016,9,1,1,0,0,0,0,"Clinical medicine",7,0,0,1,0,0,0,0,0,0.6495103,1,NA,"Clinical medicine",0,NA
127644,"333",2013,"male","Natural Sciences",78058,2013,"Q1",1,1,1,1,1,0,0,0,0,0,0,"","",0,1,1,"tur","N","N",3,2,1,0,0,0,0,"first","",1,2013,NA,NA,2,1,0,0,0,"Electrical engineering, electronic engineering,  information engineering ",3,0,0,1,0,0,0,0,0,1.3195418,16,NA,"Electrical engineering, electronic engineering,  information engineering ",0,NA
36975,"334",2012,"male","Natural Sciences",33926,2012,"Q2",1,2,1,2,1,0,0,0,0,0,0,"","",0,1,1,"chn","N","Y",5,3,1,1,0,0,0,"first","",1,2012,3,NA,1,0,0,0,0,"Biological sciences",12,0,0,1,0,0,0,0,0,1.1298494,17,NA,"Biological sciences",0,NA
214092,"335",2013,"male","Medical and Health Sciences",61826,2013,"Q1",1,1,1,1,1,7,7,7,7,1,0,"","",1,1,1,"usa","N","N",2,1,1,0,0,0,0,"first","2013-07-19",1,2013,NA,NA,1,0,7,0,0,"Clinical medicine",4,0,0,1,0,0,0,0,0,1.4990672,11,NA,"Clinical medicine",1,0
372443,"336",2015,"male","Engineering and Technology",70763,2016,"Q3",1,1,1,1,1,0,0,0,0,0,0,"","",0,0,2,"gbr","N","N",2,1,1,0,0,0,0,"first","",1,2016,8,1,2,1,0,0,0,"Materials engineering",6,0,0,1,0,0,0,0,0,1.1504738,21,NA,"Materials engineering",0,NA
158144,"337",2013,"male","Medical and Health Sciences",81645,2015,"Q3",1,1,1,1,1,NA,NA,0,0,0,0,"","",0,0,3,"bra","N","N",3,2,0,1,0,0,0,"first","",1,2015,9,1,3,2,0,0,0,"Clinical medicine",8,0,0,1,0,0,0,0,0,0.7717154,18,1,"Clinical medicine",0,NA
303937,"338",2014,"female","Natural Sciences",55120,2014,"Q1",1,1,1,1,1,0,0,0,0,0,0,"","",0,1,1,"can","N","N",3,2,1,0,0,0,0,"first","",1,2014,5,15,2,1,0,0,0,"Earth and related environmental sciences",3,0,0,1,0,0,0,0,0,1.71160865,19,NA,"Earth and related environmental sciences",0,NA
122030,"339",2012,"female","Natural Sciences",70926,2012,"Q1",1,1,1,1,1,1,1,1,1,1,0,"","",1,1,1,"deu","N","N",5,1,1,3,0,0,1,"first","2021-12-06",1,2012,5,NA,1,0,1,0,1,"Earth and related environmental sciences",6,0,0,1,0,0,0,0,0,1.7000272,17,1,"Earth and related environmental sciences",0,0
60270,"340",2012,"female","Medical and Health Sciences",94517,2012,"Q1",1,1,1,1,1,1,1,1,1,1,0,"","",1,1,1,"gbr","N","N",2,1,0,1,0,0,0,"first","",1,2012,2,NA,1,0,1,0,1,"Health sciences",4,0,0,1,0,0,0,0,0,1.111258,17,NA,"Health sciences",0,0
79587,"341",2012,"male","Natural Sciences",71207,2012,"Q1",1,1,1,1,1,NA,NA,0,0,0,0,"","",0,1,1,"chn","N","N",1,1,0,0,0,0,0,"first","",1,2012,1,15,1,0,0,0,0,"Agricultural Sciences",5,0,0,1,0,0,0,0,0,0.9922683,12,NA,"Agricultural Sciences",0,NA
393075,"342",2015,"female","Natural Sciences",85892,2015,"Q1",1,1,1,1,1,0,0,0,0,0,0,"","",0,1,1,"usa","N","N",4,3,0,1,0,0,0,"first","",1,2015,1,15,1,0,0,0,0,"Other natural sciences",5,0,0,1,0,0,0,0,0,1.1212114,20,NA,"Other natural sciences",0,NA
473214,"343",2016,"male","Natural Sciences",33187,2016,"Q3",1,1,1,1,1,NA,NA,0,0,0,0,"","",0,0,1,"chn","N","N",3,2,0,1,0,0,0,"first","",1,2016,NA,NA,1,0,0,0,0,"Computer and information sciences",2,0,0,1,0,0,0,0,0,0.40139863,5,1,"Computer and information sciences",0,NA
376187,"344",2015,"male","Engineering and Technology",44190,2017,"Q2",1,1,1,1,1,NA,NA,0,0,0,0,"","",0,0,3,"chn","N","N",7,2,0,5,0,0,0,"first","",1,2017,1,1,3,2,0,0,0,"Materials engineering",6,0,0,1,0,0,0,0,0,0.51128876,20,NA,"Materials engineering",0,NA
300658,"345",2014,"male","Engineering and Technology",88160,2014,"Q1",1,1,1,1,1,0,0,0,0,0,0,"","",0,1,1,"ind","N","N",3,2,1,0,0,0,0,"first","",1,2014,7,3,1,0,0,0,0,"Other engineering and technologies",2,0,0,1,0,0,0,0,0,0,1,NA,"Other engineering and technologies",0,NA
524646,"346",2016,"male","Medical and Health Sciences",13249,2016,"Q1",1,1,1,1,1,13,11,14,14,1,0,"","",1,1,1,"swe","N","N",6,1,3,2,0,0,0,"first","2016-06-14",1,2016,9,1,1,0,13,0,1,"Health sciences",3,1,1,1,0,0,0,0,0,1.9015325,12,NA,"Health sciences",0,0
454261,"347",2015,"female","Natural Sciences",40720,2017,"Q2",1,1,1,1,1,0,0,0,0,0,0,"","",0,0,3,"can","N","N",2,1,0,1,0,0,0,"first","",1,2017,2,1,2,1,0,0,0,"Computer and information sciences",4,0,0,1,0,0,0,0,0,1.1021726,21,1,"Computer and information sciences",0,NA
257932,"348",2014,"male","Medical and Health Sciences",61938,2014,"Q1",1,1,1,1,1,2,1,2,2,1,1,"2014-09-08","My article on mental health, race and cancer is out: http://t.co/ewG5SlaZqV #bmcpublichealth",0,1,1,"usa","N","N",6,1,0,5,1,0,1,"first","2014-09-08",1,2014,9,8,1,0,0,1,0,"Health sciences",1,0,0,0,0,0,0,0,0,0,1,1,"Health sciences",1,0
407120,"349",2015,"male","Medical and Health Sciences",47944,2016,"Q4",1,1,1,1,1,NA,NA,0,0,0,0,"","",0,0,2,"tur","N","N",13,1,5,7,0,0,0,"first","",1,2016,9,1,4,3,0,0,0,"Clinical medicine",8,0,0,1,0,0,0,0,0,0.83220212,10,NA,"Clinical medicine",0,NA
498134,"350",2016,"male","Natural Sciences",33368,2017,"Q1",1,1,1,1,1,3,3,4,4,1,0,"","",1,0,2,"fra","N","N",11,1,5,5,0,0,0,"first","2017-01-23",1,2017,4,3,1,0,3,0,1,"Physical sciences and astronomy",12,0,0,1,0,0,0,0,0,2.8572302,22,NA,"Physical sciences and astronomy",0,0
520899,"351",2016,"male","Medical and Health Sciences",12118,2016,"Q1",1,1,1,1,1,1,1,1,1,1,0,"","",1,1,1,"fra","N","N",5,1,2,2,0,0,0,"first","2016-07-31",1,2016,11,1,1,0,1,0,1,"Clinical medicine",7,0,0,1,1,0,1,0,1,1.2136726,7,NA,"Clinical medicine",0,0
76575,"352",2012,"male","Medical and Health Sciences",52879,2012,"Q1",1,1,1,1,1,0,0,0,0,0,0,"","",0,1,1,"deu","N","N",5,2,1,2,0,0,0,"first","",1,2012,2,NA,1,0,0,0,0,"Other engineering and technologies",8,0,0,1,0,0,0,0,0,2.2897956,16,NA,"Other engineering and technologies",0,NA
269631,"353",2014,"male","Medical and Health Sciences",70315,2014,"Q1",1,2,1,2,1,1,1,1,1,1,0,"","",1,1,1,"gbr","N","Y",3,3,0,0,0,0,0,"first","2014-04-23",1,2014,NA,NA,1,0,1,0,1,"Clinical medicine",6,0,0,1,0,0,0,0,0,1.6524012,19,1,"Clinical medicine",0,0
336411,"354",2014,"female","Medical and Health Sciences",77505,2015,"Q1",1,1,1,2,1,1,1,1,1,1,0,"","",1,0,2,"kor","N","Y",4,1,3,0,0,0,0,"first","2015-08-04",1,2015,11,1,3,2,1,0,1,"Basic medical research",9,0,0,1,0,0,0,0,0,3.61901235,19,1,"Basic medical research",0,0
435152,"355",2015,"male","Medical and Health Sciences",28734,2015,"Q1",1,1,1,1,1,6,5,6,6,1,1,"","",1,1,1,"can","N","N",3,1,1,1,1,0,1,"first","2015-05-22",1,2015,6,1,1,0,6,0,0,"Clinical medicine",3,0,0,1,0,0,0,0,0,0,1,1,"Clinical medicine",1,0
184351,"356",2013,"male","Natural Sciences",34698,2013,"Q1",1,1,1,1,1,NA,NA,0,0,0,0,"","",0,1,1,"usa","N","N",2,1,1,0,0,0,0,"first","",1,2013,9,12,1,0,0,0,0,"Materials engineering",4,0,0,1,0,0,0,0,0,0.8026236,18,NA,"Materials engineering",0,NA
11267,"357",2012,"female","Medical and Health Sciences",24299,2012,"Q4",1,1,1,1,1,0,0,0,0,0,0,"","",0,1,1,"chn","N","N",1,1,0,0,0,0,0,"first","",1,2012,12,25,1,0,0,0,0,"Clinical medicine",6,0,0,1,0,0,0,0,0,0.33751884,1,NA,"Clinical medicine",0,NA
111647,"358",2012,"male","Engineering and Technology",23994,2012,"Q3",1,1,1,1,1,0,0,0,0,0,0,"","",0,1,1,"usa","N","N",1,1,0,0,0,0,0,"first","",1,2012,NA,NA,1,0,0,0,0,"Other engineering and technologies",3,0,0,1,0,0,0,0,0,0.162325,10,NA,"Other engineering and technologies",0,NA
323953,"359",2014,"male","Natural Sciences",65032,2014,"Q3",1,1,2,2,1,0,0,0,0,0,0,"","",0,1,1,"kor","Y","Y",1,1,0,0,0,0,0,"first","",1,2014,NA,NA,1,0,0,0,0,"Computer and information sciences",4,0,0,1,0,0,0,0,0,0.972422425,17,NA,"Computer and information sciences",0,NA
305623,"360",2014,"male","Humanities",59913,2014,"Q2",1,1,1,1,1,1,1,1,1,1,0,"","",1,1,1,"usa","N","N",3,2,1,0,0,0,0,"first","",1,2014,2,NA,1,0,1,0,1,"Humanities",1,0,0,0,0,0,0,0,0,0,1,NA,"Humanities",0,0
547947,"361",2016,"male","Natural Sciences",30421,2016,"Q1",1,1,1,1,1,0,0,0,0,0,0,"","",0,1,1,"can","N","N",3,1,0,2,0,0,0,"first","",1,2016,5,25,1,0,0,0,0,"Materials engineering",8,0,0,1,0,0,0,0,0,1.4162704,20,NA,"Materials engineering",0,NA
192236,"362",2013,"male","Social Sciences",87374,2013,"Q4",1,1,1,1,1,NA,NA,0,0,0,0,"","",0,1,1,"chn","N","N",1,1,0,0,0,0,0,"first","",1,2013,3,NA,1,0,0,0,0,"Other social sciences",1,0,0,0,0,0,0,0,0,0,1,1,"Other social sciences",0,NA
39412,"363",2012,"female","Medical and Health Sciences",21033,2012,"Q3",1,1,1,1,1,0,0,0,0,0,0,"","",0,1,1,"kor","N","N",2,2,0,0,0,0,0,"first","",1,2012,NA,NA,1,0,0,0,0,"Clinical medicine",14,0,0,1,0,0,0,0,0,0,1,NA,"Clinical medicine",0,NA
401725,"364",2015,"male","Natural Sciences",62837,2015,"Q1",1,2,1,2,1,NA,NA,0,0,0,0,"","",0,1,1,"ind","N","Y",1,1,0,0,0,0,0,"first","",1,2015,10,24,1,0,0,0,0,"Computer and information sciences",2,0,0,1,0,0,0,0,0,0.784274135,1,NA,"Computer and information sciences",0,NA
428688,"365",2015,"male","Social Sciences",64559,2015,"Q2",1,1,1,1,1,0,0,0,0,0,0,"","",0,1,1,"aus","N","N",2,1,1,0,0,0,0,"first","",1,2015,1,1,1,0,0,0,0,"Economics",3,0,0,1,0,0,0,0,0,0.92298484,17,1,"Economics",0,NA
406148,"366",2015,"male","Natural Sciences",46418,2016,"Q1",1,1,1,1,1,3,3,3,3,1,0,"","",1,0,2,"deu","N","N",4,1,2,1,0,0,0,"first","2016-03-03",1,2016,3,2,2,1,3,0,1,"Clinical medicine",5,0,0,1,0,0,0,0,0,1.9378452,21,NA,"Clinical medicine",0,1
549140,"367",2016,"male","Natural Sciences",94502,2016,"Q1",1,1,1,1,1,0,0,0,0,0,0,"","",0,0,1,"che","N","N",3,2,0,1,0,0,0,"first","",1,2016,7,1,1,0,0,0,0,"Electrical engineering, electronic engineering,  information engineering ",2,0,0,1,0,0,0,0,0,0.79166985,21,NA,"Electrical engineering, electronic engineering,  information engineering ",0,NA
194188,"368",2013,"male","Natural Sciences",41429,2013,"Q3",1,3,1,4,1,NA,NA,0,0,0,0,"","",0,1,1,"chn","N","Y",2,1,1,0,0,0,0,"first","",1,2013,NA,NA,1,0,0,0,0,"Basic medical research",4,0,0,1,0,0,0,0,0,0.4032737,1,1,"Clinical medicine",0,NA
372925,"369",2015,"male","Natural Sciences",28059,2016,"Q3",1,1,1,1,1,NA,NA,0,0,0,0,"","",0,0,2,"chn","N","N",3,2,1,0,0,0,0,"first","",1,2016,1,5,3,2,0,0,0,"Chemical sciences",4,0,0,1,0,0,0,0,0,0,2,1,"Chemical sciences",0,NA
399640,"370",2015,"female","Natural Sciences",40085,2015,"Q2",1,1,1,1,1,NA,NA,0,0,0,0,"","",0,0,1,"chn","N","N",6,3,1,2,0,0,0,"first","",1,2015,6,15,1,0,0,0,0,"Mathematics",2,0,0,1,0,0,0,0,0,0.5346834,12,1,"Mathematics",0,NA
150893,"371",2013,"male","Medical and Health Sciences",44153,2015,"Q1",1,1,1,1,1,2,2,2,2,1,0,"","",1,0,3,"usa","N","N",4,1,0,3,0,0,0,"first","2015-06-16",1,2015,NA,NA,4,3,2,0,1,"Clinical medicine",3,0,0,1,0,0,0,0,0,0.28389552,5,1,"Clinical medicine",0,0
481441,"372",2016,"female","Engineering and Technology",68635,2016,"Q4",1,1,1,1,1,NA,NA,0,0,0,0,"","",0,1,1,"chn","N","N",1,1,0,0,0,0,0,"first","",1,2016,NA,NA,1,0,0,0,0,"Other engineering and technologies",2,0,0,1,0,0,0,0,0,0,1,1,"Other engineering and technologies",0,NA
491058,"373",2016,"male","Humanities",30075,2016,"Q2",1,1,1,1,1,NA,NA,0,0,0,0,"","",0,1,1,"esp","N","N",1,1,0,0,0,0,0,"first","",1,2016,1,1,1,0,0,0,0,"Humanities",2,0,0,1,0,0,0,0,0,0,16,1,"Humanities",0,NA
442100,"374",2015,"male","Natural Sciences",47860,2015,"Q1",1,1,1,1,1,NA,NA,0,0,0,0,"","",0,1,1,"gbr","N","N",3,1,1,1,0,0,0,"first","",1,2015,NA,NA,1,0,0,0,0,"Other engineering and technologies",3,0,0,1,0,0,0,0,0,0.729302,19,NA,"Other engineering and technologies",0,NA
66642,"375",2012,"male","Medical and Health Sciences",69853,2012,"Q4",1,1,1,1,1,NA,NA,0,0,0,0,"","",0,1,1,"chn","N","N",3,1,1,1,0,0,0,"first","",1,2012,10,NA,1,0,0,0,0,"Clinical medicine",5,0,0,1,0,0,0,0,0,0.7444174,16,1,"Clinical medicine",0,NA
58380,"376",2012,"male","Natural Sciences",12997,2014,"Q1",1,1,1,1,1,NA,NA,0,0,0,0,"","",0,0,3,"chn","N","N",8,2,4,2,0,0,0,"first","",1,2014,10,31,7,6,0,0,0,"Chemical sciences",6,0,0,1,0,0,0,0,0,2.1288104,13,NA,"Chemical sciences",0,NA
130,"377",2013,"male","Social Sciences",29675,2015,"Q2",1,1,1,1,1,NA,NA,0,0,0,0,"","",0,0,3,"rus","N","N",4,1,0,3,0,0,0,"first","",1,2015,12,1,2,1,0,0,0,"Other social sciences",5,0,0,1,0,0,0,0,0,0,3,NA,"Other social sciences",0,NA
107947,"378",2012,"female","Medical and Health Sciences",90012,2012,"Q1",1,1,1,1,1,1,1,1,1,1,0,"","",1,0,1,"swe","N","N",7,2,2,3,0,0,0,"first","",1,2012,11,NA,2,1,1,0,1,"Clinical medicine",8,0,0,1,0,0,0,0,0,1.9902368,17,1,"Clinical medicine",0,0
99319,"379",2012,"female","Medical and Health Sciences",57703,2012,"Q3",1,1,1,1,1,NA,NA,0,0,0,0,"","",0,1,1,"jpn","N","N",1,1,0,0,0,0,0,"first","",1,2012,6,NA,1,0,0,0,0,"Basic medical research",5,0,0,1,0,0,0,0,0,0.33250713,17,NA,"Basic medical research",0,NA
297033,"380",2014,"male","Engineering and Technology",94584,2014,"Q2",1,1,1,2,1,NA,NA,0,0,0,0,"","",0,1,1,"deu","N","Y",3,1,0,2,0,0,0,"first","",1,2014,8,1,1,0,0,0,0,"Other engineering and technologies",8,0,0,1,0,0,0,0,0,1.1913716,19,NA,"Other engineering and technologies",0,NA
85056,"381",2012,"male","Engineering and Technology",54657,2012,"Q2",1,1,1,1,1,0,0,0,0,0,0,"","",0,1,1,"chn","N","N",7,1,4,2,0,0,0,"first","",1,2012,9,1,1,0,0,0,0,"Physical sciences and astronomy",2,0,0,1,0,0,0,0,0,0.60484934,15,NA,"Physical sciences and astronomy",0,NA
15087,"382",2012,"female","Humanities",33740,2012,"Others",1,1,1,1,1,NA,NA,0,0,0,0,"","",0,1,1,"irn","N","N",6,1,2,3,0,0,0,"first","",1,2012,7,1,1,0,0,0,0,"Humanities",4,0,0,1,0,0,0,0,0,0,1,1,"Humanities",0,NA
104888,"383",2012,"male","Natural Sciences",53076,2012,"Q1",2,2,2,2,1,0,0,0,0,0,0,"","",0,1,1,"bra","Y","Y",4,1,1,2,0,0,0,"first","",1,2012,10,NA,1,0,0,0,0,"Biological sciences",2,0,0,1,0,0,0,0,0,0.6415658,17,NA,"Biological sciences",0,NA
94464,"384",2012,"female","Natural Sciences",69002,2012,"Q1",1,1,1,2,1,NA,NA,0,0,0,0,"","",0,1,1,"usa","N","Y",1,1,0,0,0,0,0,"first","",1,2012,4,NA,1,0,0,0,0,"Earth and related environmental sciences",4,0,0,1,0,0,0,0,0,0.67828834,10,NA,"Earth and related environmental sciences",0,NA
342810,"385",2014,"male","Natural Sciences",83902,2014,"Q3",1,2,1,2,1,0,0,0,0,0,0,"","",0,1,1,"rus","N","Y",1,1,0,0,0,0,0,"first","",1,2014,NA,NA,1,0,0,0,0,"Electrical engineering, electronic engineering,  information engineering ",2,0,0,1,0,0,0,0,0,0.38071702,19,NA,"Electrical engineering, electronic engineering,  information engineering ",0,NA
475722,"386",2016,"male","Medical and Health Sciences",86543,2017,"Q1",1,1,1,1,1,0,0,0,0,0,0,"","",0,0,2,"chn","N","N",4,1,1,2,0,0,0,"first","",1,2017,NA,NA,2,1,0,0,0,"Basic medical research",7,0,0,1,0,0,0,0,0,1.2296727,22,NA,"Basic medical research",0,NA
541556,"387",2016,"female","Natural Sciences",99155,2016,"Q1",1,1,1,1,1,1,1,1,1,1,0,"","",1,1,1,"usa","N","N",2,1,1,0,0,0,0,"first","2016-10-26",1,2016,10,1,1,0,1,0,1,"Biological sciences",8,0,0,1,0,0,0,0,0,3.823332,21,NA,"Biological sciences",0,0
73654,"388",2012,"female","Natural Sciences",59673,2012,"Q1",1,1,1,1,1,NA,NA,0,0,0,0,"","",0,1,1,"ind","N","N",2,1,0,1,0,0,0,"first","",1,2012,NA,NA,1,0,0,0,0,"Biological sciences",7,0,0,1,0,0,0,0,0,0.6805017,17,NA,"Biological sciences",0,NA
363028,"389",2015,"male","Medical and Health Sciences",48971,2016,"Q1",1,1,1,1,1,NA,NA,0,0,0,0,"","",0,0,2,"jpn","N","N",5,2,2,1,0,0,0,"first","",1,2016,2,1,1,0,0,0,0,"Clinical medicine",12,0,0,1,0,0,0,0,0,0.94811904,21,1,"Clinical medicine",0,NA
521196,"390",2016,"female","Natural Sciences",66096,2016,"Q1",1,1,1,1,1,2,2,2,2,1,0,"","",1,1,1,"ind","N","N",2,1,1,0,0,0,0,"first","2016-03-21",1,2016,7,1,1,0,2,0,1,"Agricultural Sciences",4,0,0,1,0,0,0,0,0,0.7515089,20,NA,"Agricultural Sciences",0,0
212012,"391",2013,"male","Natural Sciences",80262,2013,"Q1",1,1,1,1,1,1,1,1,1,1,0,"","",1,1,1,"usa","N","N",2,1,1,0,0,0,0,"first","",1,2013,NA,NA,1,0,1,0,1,"Chemical sciences",5,0,0,1,0,0,0,0,0,1.8401402,16,NA,"Chemical sciences",0,0
347124,"392",2014,"female","Medical and Health Sciences",49827,2016,"Q2",1,1,1,1,1,NA,NA,0,0,0,0,"","",0,0,3,"ind","N","N",3,2,0,1,0,0,0,"first","",1,2016,10,1,3,2,0,0,0,"Health sciences",2,0,0,1,0,0,0,0,0,0,3,NA,"Health sciences",0,NA
561605,"393",2016,"male","Social Sciences",20772,2016,"Q3",1,1,1,1,1,NA,NA,0,0,0,0,"","",0,1,1,"usa","N","N",1,1,0,0,0,0,0,"first","",1,2016,10,1,1,0,0,0,0,"Sociology and political science",1,0,0,0,0,0,0,0,0,0,1,NA,"Sociology and political science",0,NA
387746,"394",2015,"male","Medical and Health Sciences",62766,2017,"Q1",1,1,1,1,1,0,0,0,0,0,0,"","",0,0,3,"usa","N","N",2,1,0,1,0,0,0,"first","",1,2017,10,1,1,0,0,0,0,"Clinical medicine",5,0,0,1,0,0,0,0,0,1.382717,9,NA,"Clinical medicine",0,NA
368348,"395",2015,"male","Medical and Health Sciences",48089,2016,"Q4",1,1,1,1,1,NA,NA,0,0,0,0,"","",0,0,2,"jpn","N","N",25,6,6,13,0,0,0,"first","",1,2016,1,8,3,2,0,0,0,"Clinical medicine",14,0,0,1,0,0,0,0,0,1.0702549,21,1,"Clinical medicine",0,NA
78070,"396",2012,"female","Agricultural Sciences",59511,2012,"Q1",1,2,1,2,1,NA,NA,0,0,0,0,"","",0,1,1,"usa","N","Y",1,1,0,0,0,0,0,"first","",1,2012,1,NA,1,0,0,0,0,"Agricultural Sciences",4,0,0,1,0,0,0,0,0,1.3595648,17,1,"Agricultural Sciences",0,NA
476400,"397",2016,"male","Medical and Health Sciences",84846,2017,"Q4",1,1,1,1,1,NA,NA,0,0,0,0,"","",0,0,2,"chn","N","N",2,1,1,0,0,0,0,"first","",1,2017,5,10,2,1,0,0,0,"Clinical medicine",6,0,0,1,0,0,0,0,0,0.0850794,15,1,"Clinical medicine",0,NA
292971,"398",2014,"female","Medical and Health Sciences",96615,2016,"Q2",1,1,1,1,1,15,14,15,15,1,1,"2016-03-01","#Measles among migrants in the European Union and the European Economic Area https://t.co/07pD3jkOE6",1,0,3,"gbr","N","N",4,1,1,2,1,0,1,"first","2015-11-14",1,2016,2,1,3,2,15,0,1,"Health sciences",11,1,1,1,1,0,1,0,1,3.2658028,21,1,"Health sciences",0,0
361389,"399",2015,"female","Medical and Health Sciences",29163,2017,"Q3",1,1,1,1,1,NA,NA,0,0,0,0,"","",0,0,3,"usa","N","N",9,2,3,4,0,0,0,"first","",1,2017,10,1,5,4,0,0,0,"Clinical medicine",13,0,0,1,0,0,0,0,0,1.4083185,22,1,"Clinical medicine",0,NA
268664,"400",2014,"male","Natural Sciences",56226,2014,"Q1",1,1,1,1,1,0,0,0,0,0,0,"","",0,0,1,"aus","N","N",8,2,4,2,0,0,0,"first","",1,2014,9,4,2,1,0,0,0,"Materials engineering",6,0,0,1,0,0,0,0,0,1.692381,19,NA,"Materials engineering",0,NA
69393,"401",2012,"female","Natural Sciences",76338,2012,"Q1",1,1,1,1,1,NA,NA,0,0,0,0,"","",0,1,1,"deu","N","N",1,1,0,0,0,0,0,"first","",1,2012,4,NA,1,0,0,0,0,"Biological sciences",3,0,0,1,0,0,0,0,0,0.9342599,10,NA,"Biological sciences",0,NA
385556,"402",2015,"male","Natural Sciences",21237,2015,"Q1",1,1,1,1,1,NA,NA,0,0,0,0,"","",0,1,1,"kor","N","N",1,1,0,0,0,0,0,"first","",1,2015,4,1,1,0,0,0,0,"Electrical engineering, electronic engineering,  information engineering ",3,0,0,1,0,0,0,0,0,0.8770706,14,NA,"Electrical engineering, electronic engineering,  information engineering ",0,NA
565368,"403",2016,"male","Natural Sciences",38905,2016,"Q1",1,1,1,1,1,1,1,1,1,1,0,"","",1,1,1,"usa","N","N",8,2,4,2,0,0,0,"first","2015-12-15",1,2016,4,1,1,0,1,0,1,"Earth and related environmental sciences",4,0,0,1,0,0,0,0,0,1.1380867,21,NA,"Earth and related environmental sciences",0,0
180184,"404",2013,"female","Natural Sciences",33986,2013,"Q2",1,1,1,1,1,NA,NA,0,0,0,0,"","",0,1,1,"bra","N","N",3,1,0,2,0,0,0,"first","",1,2013,8,NA,1,0,0,0,0,"Biological sciences",5,0,0,1,0,0,0,0,0,1.2072033,18,NA,"Biological sciences",0,NA
530477,"405",2016,"male","Natural Sciences",38606,2016,"Q3",1,1,1,1,1,1,1,1,1,1,0,"","",1,1,1,"chn","N","N",2,1,1,0,0,0,0,"first","2016-11-09",1,2016,NA,NA,1,0,1,0,1,"Physical sciences and astronomy",3,0,0,1,0,0,0,0,0,3.7882843,17,1,"Physical sciences and astronomy",0,1
292139,"406",2014,"male","Natural Sciences",29780,2016,"Q2",1,1,1,1,1,NA,NA,0,0,0,0,"","",0,0,3,"chn","N","N",4,1,0,3,0,0,0,"first","",1,2016,3,1,2,1,0,0,0,"Computer and information sciences",2,0,0,1,0,0,0,0,0,0.41054085,14,NA,"Computer and information sciences",0,NA
48846,"407",2012,"male","Natural Sciences",89348,2012,"Q2",1,1,1,1,1,NA,NA,0,0,0,0,"","",0,1,1,"kor","N","N",6,4,0,2,0,0,0,"first","",1,2012,6,20,1,0,0,0,0,"Chemical sciences",8,0,0,1,0,0,0,0,0,1.295498,17,1,"Chemical sciences",0,NA
454260,"408",2015,"female","Medical and Health Sciences",98373,2015,"Q3",1,1,1,1,1,NA,NA,0,0,0,0,"","",0,1,1,"chn","N","N",4,1,1,2,0,0,0,"first","",1,2015,3,12,1,0,0,0,0,"Clinical medicine",3,0,0,1,0,0,0,0,0,0.9310099,10,NA,"Clinical medicine",0,NA
332005,"409",2014,"female","Social Sciences",44029,2014,"Q1",1,1,1,1,1,1,1,1,1,1,1,"2021-03-08","On #IWD2021 re-upping 2014 series of essays in which we discuss how #women might gain greater influence on #nuclear weapons policy &amp; how their #empowerment might affect #disarmament &amp;n-p efforts.”Redressing the #gender gap”Bulletin of the Atomic Scientists https://t.co/wg4GdYyo4U",0,1,1,"aus","N","N",1,1,0,0,1,0,0,"first","2021-03-08",1,2014,NA,NA,1,0,0,1,0,"Sociology and political science",1,0,0,0,0,0,0,0,0,0,1,1,"Sociology and political science",1,0
516079,"410",2016,"male","Social Sciences",79771,2016,"Q1",1,1,1,1,1,0,0,0,0,0,0,"","",0,1,1,"usa","N","N",2,1,0,1,0,0,0,"first","",1,2016,9,1,1,0,0,0,0,"Economics",3,0,0,1,0,0,0,0,0,6.498112,17,1,"Economics",0,NA
482247,"411",2016,"female","Medical and Health Sciences",17941,2016,"Q1",1,2,1,3,1,0,0,0,0,0,0,"","",0,1,1,"usa","N","Y",2,2,0,0,0,0,0,"first","",1,2016,12,1,2,1,0,0,0,"Clinical medicine",7,0,0,1,0,0,0,0,0,1.7926655,20,1,"Clinical medicine",0,NA
535883,"412",2016,"male","Engineering and Technology",98158,2016,"Q1",1,2,1,2,1,NA,NA,0,0,0,0,"","",0,0,1,"chn","N","Y",6,2,3,1,0,0,0,"first","",1,2016,6,1,1,0,0,0,0,"Electrical engineering, electronic engineering,  information engineering ",6,0,0,1,0,0,0,0,0,1.6459409,19,NA,"Electrical engineering, electronic engineering,  information engineering ",0,NA
85584,"413",2012,"female","Medical and Health Sciences",40922,2012,"Q1",1,1,1,1,1,0,0,0,0,0,0,"","",0,1,1,"ita","N","N",2,1,1,0,0,0,0,"first","",1,2012,8,NA,1,0,0,0,0,"Basic medical research",6,0,0,1,0,0,0,0,0,1.0052102,17,NA,"Basic medical research",0,NA
143628,"414",2013,"female","Natural Sciences",36028,2013,"Q2",1,1,1,2,1,NA,NA,0,0,0,0,"","",0,0,1,"esp","N","Y",5,2,1,2,0,0,0,"first","",1,2013,NA,NA,1,0,0,0,0,"Earth and related environmental sciences",8,0,0,1,0,0,0,0,0,1.335193,18,NA,"Earth and related environmental sciences",0,NA
444807,"415",2015,"male","Medical and Health Sciences",17983,2015,"Q1",1,1,1,1,1,NA,NA,0,0,0,0,"","",0,1,1,"gbr","N","N",1,1,0,0,0,0,0,"first","",1,2015,1,1,1,0,0,0,0,"Clinical medicine",4,0,0,1,0,0,0,0,0,0.1217234,20,1,"Clinical medicine",0,NA
443105,"416",2015,"male","Medical and Health Sciences",56844,2015,"Q3",1,1,1,1,1,0,0,0,0,0,0,"","",0,1,1,"fra","N","N",1,1,0,0,0,0,0,"first","",1,2015,11,1,1,0,0,0,0,"Clinical medicine",5,0,0,1,0,0,0,0,0,0.48706585,15,1,"Clinical medicine",0,NA
266813,"417",2014,"female","Medical and Health Sciences",98589,2014,"Q3",1,1,1,1,1,NA,NA,0,0,0,0,"","",0,1,1,"jpn","N","N",5,1,3,1,0,0,0,"first","",1,2014,NA,NA,1,0,0,0,0,"Basic medical research",8,0,0,1,0,0,0,0,0,0.355041935,18,NA,"Basic medical research",0,NA
84861,"418",2012,"female","Humanities",28805,2012,"Q1",1,1,1,1,1,1,1,1,1,1,0,"","",1,1,1,"usa","N","N",3,1,1,1,0,0,0,"first","2013-01-24",1,2012,9,NA,1,0,1,0,1,"Humanities",1,0,0,0,0,0,0,0,0,0,1,1,"Humanities",0,0
358630,"419",2014,"male","Medical and Health Sciences",32270,2014,"Q1",1,1,1,2,1,7,7,7,7,1,0,"","",1,0,1,"usa","N","Y",14,8,1,5,0,0,0,"first","2014-09-05",1,2014,9,1,2,1,7,0,1,"Clinical medicine",10,0,0,1,0,0,0,0,0,1.3796245,19,NA,"Clinical medicine",0,0
309689,"420",2014,"male","Engineering and Technology",80283,2014,"Q3",1,1,1,1,1,NA,NA,0,0,0,0,"","",0,0,1,"chn","N","N",3,3,0,0,0,0,0,"first","",1,2014,11,10,1,0,0,0,0,"Mechanical engineering",5,0,0,1,0,0,0,0,0,0.2118482,1,NA,"Mechanical engineering",0,NA
398358,"421",2015,"male","Natural Sciences",81389,2016,"Q1",1,1,1,1,1,1,1,1,1,1,0,"","",1,0,2,"chn","N","N",4,3,1,0,0,0,0,"first","2016-03-04",1,2016,7,1,4,3,1,0,1,"Materials engineering",5,0,0,1,0,0,0,0,0,1.27361768,9,NA,"Materials engineering",0,0
316068,"422",2014,"male","Medical and Health Sciences",27257,2014,"Q3",1,2,1,2,1,0,0,0,0,0,0,"","",0,1,1,"irn","N","Y",2,2,0,0,0,0,0,"first","",1,2014,NA,NA,1,0,0,0,0,"Clinical medicine",5,0,0,1,0,0,0,0,0,0.449669115,13,1,"Clinical medicine",0,NA
481654,"423",2016,"male","Medical and Health Sciences",25998,2016,"Q1",1,2,1,2,1,2,2,2,2,1,0,"","",1,1,1,"kor","N","Y",3,1,0,2,0,0,0,"first","2016-07-17",1,2016,12,1,1,0,2,0,1,"Basic medical research",7,0,0,1,2,0,1,0,1,1.6316704,20,NA,"Basic medical research",0,0
302712,"424",2014,"male","Medical and Health Sciences",78118,2015,"Q2",1,1,1,1,1,NA,NA,0,0,0,0,"","",0,0,2,"chn","N","N",4,1,1,2,0,0,0,"first","",1,2015,6,1,2,1,0,0,0,"Clinical medicine",3,0,0,1,0,0,0,0,0,0.47266942,19,1,"Clinical medicine",0,NA
260526,"425",2014,"male","Natural Sciences",78944,2014,"Q1",1,1,1,1,1,1,1,1,1,1,0,"","",1,1,1,"chn","N","N",1,1,0,0,0,0,0,"first","2014-01-12",1,2014,1,NA,1,0,1,0,1,"Earth and related environmental sciences",3,0,0,1,0,0,0,0,0,1.07917715,18,NA,"Earth and related environmental sciences",0,0
27876,"426",2012,"male","Medical and Health Sciences",90360,2012,"Q1",1,1,1,1,1,NA,NA,0,0,0,0,"","",0,1,1,"deu","N","N",2,1,0,1,0,0,0,"first","",1,2012,2,NA,1,0,0,0,0,"Clinical medicine",7,0,0,1,0,0,0,0,0,0.7797132,17,NA,"Clinical medicine",0,NA
8045,"427",2012,"male","Natural Sciences",20245,2012,"Q1",1,1,1,1,1,0,0,0,0,0,0,"","",0,0,1,"usa","N","N",4,2,1,1,0,0,0,"first","",1,2012,4,NA,1,0,0,0,0,"Biological sciences",2,0,0,1,0,0,0,0,0,2.8889,17,1,"Biological sciences",0,NA
391197,"428",2015,"female","Natural Sciences",32182,2015,"Q2",1,1,1,1,1,0,0,0,0,0,0,"","",0,1,1,"mys","N","N",3,1,1,1,0,0,0,"first","",1,2015,2,1,1,0,0,0,0,"Materials engineering",3,0,0,1,0,0,0,0,0,1.1510527,8,NA,"Materials engineering",0,NA
116438,"429",2012,"male","Natural Sciences",79886,2012,"Q1",1,1,1,1,1,NA,NA,0,0,0,0,"","",0,1,1,"jpn","N","N",5,1,1,3,0,0,0,"first","",1,2012,1,25,1,0,0,0,0,"Materials engineering",5,0,0,1,0,0,0,0,0,1.292229,17,NA,"Materials engineering",0,NA
148219,"430",2013,"male","Medical and Health Sciences",43266,2015,"Q4",1,1,1,1,1,0,0,0,0,0,0,"","",0,0,3,"chn","N","N",6,2,2,2,0,0,0,"first","",1,2015,3,11,5,4,0,0,0,"Clinical medicine",4,0,0,1,0,0,0,0,0,0,14,1,"Clinical medicine",0,NA
198523,"431",2013,"female","Medical and Health Sciences",13237,2013,"Q1",1,1,1,1,1,1,1,1,1,1,0,"","",1,1,1,"usa","N","N",1,1,0,0,0,0,0,"first","2012-07-30",1,2013,10,NA,1,0,1,0,1,"Health sciences",5,0,0,1,0,0,0,0,0,0.55746865,7,NA,"Health sciences",0,0
351584,"432",2014,"female","Medical and Health Sciences",11830,2014,"Q1",1,1,1,1,1,1,1,1,1,1,0,"","",1,1,1,"usa","N","N",3,1,0,2,0,0,0,"first","2015-01-16",1,2014,12,3,1,0,1,0,1,"Clinical medicine",6,0,0,1,0,0,0,0,0,3.3817563,15,NA,"Clinical medicine",0,0
90619,"433",2012,"male","Natural Sciences",81901,2012,"Q2",1,1,1,1,1,2,1,2,2,1,0,"","",1,1,1,"ind","N","N",2,1,1,0,0,0,0,"first","2012-06-01",1,2012,7,25,1,0,2,0,1,"Materials engineering",4,0,0,1,2,0,1,0,1,0.5630913,17,NA,"Materials engineering",0,0
60373,"434",2012,"female","Medical and Health Sciences",57143,2012,"Q4",1,1,1,1,1,NA,NA,0,0,0,0,"","",0,1,1,"esp","N","N",1,1,0,0,0,0,0,"first","",1,2012,1,NA,1,0,0,0,0,"Clinical medicine",3,0,0,1,0,0,0,0,0,0,12,NA,"Clinical medicine",0,NA
88316,"435",2012,"male","Natural Sciences",54204,2012,"Q1",1,1,1,1,1,NA,NA,0,0,0,0,"","",0,1,1,"ind","N","N",3,2,0,1,0,0,0,"first","",1,2012,8,NA,1,0,0,0,0,"Chemical sciences",7,0,0,1,0,0,0,0,0,0.4935076,12,NA,"Chemical sciences",0,NA
280932,"436",2014,"female","Medical and Health Sciences",18381,2016,"Q2",1,1,1,1,1,1,1,1,1,1,0,"","",1,0,3,"usa","N","N",3,1,0,2,0,0,0,"first","2016-09-26",1,2016,9,1,2,1,1,0,1,"Clinical medicine",4,0,0,1,0,0,0,0,0,1.0230099,20,NA,"Clinical medicine",0,0
496692,"437",2016,"female","Social Sciences",31009,2017,"Q1",1,2,1,2,1,7,7,7,7,1,1,"2017-06-20","#Iconicity is subjectively construed, not an objective property of signs, experience w/ SL matters. New article in 'Gesture' #Linguistics https://t.co/s55aq8bCyj",0,0,2,"usa","N","Y",2,1,1,0,0,1,0,"first","2017-06-20",1,2017,NA,NA,2,1,6,0,0,"Psychology",4,0,0,1,0,0,0,0,0,2.0201062,22,NA,"Psychology",1,0
254472,"438",2014,"male","Medical and Health Sciences",70035,2014,"Q3",1,1,1,1,1,0,0,0,0,0,0,"","",0,1,1,"usa","N","N",5,2,2,1,0,0,0,"first","",1,2014,NA,NA,2,1,0,0,0,"Clinical medicine",1,0,0,0,0,0,0,0,0,0,1,NA,"Clinical medicine",0,NA
452390,"439",2015,"male","Natural Sciences",16616,2015,"Q3",1,1,1,1,1,NA,NA,0,0,0,0,"","",0,1,1,"gbr","N","N",3,1,1,1,0,0,0,"first","",1,2015,12,1,1,0,0,0,0,"Electrical engineering, electronic engineering,  information engineering ",5,0,0,1,0,0,0,0,0,0.56117874,20,1,"Electrical engineering, electronic engineering,  information engineering ",0,NA
466919,"440",2016,"male","Natural Sciences",13073,2017,"Q3",1,1,1,1,1,NA,NA,0,0,0,0,"","",0,0,2,"chn","N","N",8,1,5,2,0,0,0,"first","",1,2017,10,13,4,3,0,0,0,"Chemical sciences",6,0,0,1,0,0,0,0,0,2.4754612,18,NA,"Chemical sciences",0,NA
240927,"441",2013,"male","Engineering and Technology",24622,2013,"Q2",1,1,1,1,1,NA,NA,0,0,0,0,"","",0,1,1,"kor","N","N",1,1,0,0,0,0,0,"first","",1,2013,NA,NA,1,0,0,0,0,"Mechanical engineering",2,0,0,1,0,0,0,0,0,1.0533882,17,NA,"Mechanical engineering",0,NA
88810,"442",2012,"female","Medical and Health Sciences",67299,2012,"Q1",1,1,1,1,1,0,0,0,0,0,0,"","",0,1,1,"deu","N","N",2,1,0,1,0,0,0,"first","",1,2012,5,15,1,0,0,0,0,"Basic medical research",4,0,0,1,0,0,0,0,0,2.0821927,17,NA,"Basic medical research",0,NA
212506,"443",2013,"male","Natural Sciences",53085,2013,"Q1",2,2,2,2,1,NA,NA,0,0,0,0,"","",0,1,1,"usa","Y","Y",3,1,2,0,0,0,0,"first","",1,2013,NA,NA,1,0,0,0,0,"Chemical sciences",6,0,0,1,0,0,0,0,0,0.92131037,18,NA,"Chemical sciences",0,NA
432807,"444",2015,"male","Natural Sciences",64340,2015,"Q1",1,1,1,1,1,2,2,2,2,1,0,"","",1,1,1,"chn","N","N",1,1,0,0,0,0,0,"first","2015-01-22",1,2015,1,21,1,0,2,0,1,"Biological sciences",6,0,0,1,2,0,1,0,1,2.318128,20,1,"Biological sciences",0,0
404363,"445",2015,"male","Medical and Health Sciences",14438,2017,"Q4",1,1,1,1,1,NA,NA,0,0,0,0,"","",0,0,3,"chn","N","N",7,4,0,3,0,0,0,"first","",1,2017,5,1,5,4,0,0,0,"Health sciences",2,0,0,1,0,0,0,0,0,0.281554992,17,NA,"Health sciences",0,NA
432000,"446",2015,"female","Natural Sciences",72801,2015,"Others",1,1,1,1,1,1,1,1,1,1,0,"","",1,1,1,"usa","N","N",6,1,1,4,0,0,1,"first","2016-03-19",1,2015,4,1,1,0,1,0,1,"Biological sciences",2,0,0,1,1,0,1,0,1,3.5802488,10,NA,"Biological sciences",0,0
112065,"447",2012,"male","Natural Sciences",49311,2014,"Q1",1,1,1,1,1,1,1,1,1,1,1,"2014-05-04","Intrinsic spin dependent and ferromagnetic stability on edge saturated zigzag graphene-like... http://t.co/sHzelEtjCC",0,0,3,"chn","N","N",2,1,0,1,0,0,1,"first","2014-05-04",1,2014,4,28,2,1,1,0,1,"Physical sciences and astronomy",6,0,0,1,0,0,0,0,0,1.3525101,18,1,"Physical sciences and astronomy",0,1
441197,"448",2015,"male","Medical and Health Sciences",15832,2015,"Q1",1,2,1,2,1,1,1,1,1,1,0,"","",1,1,1,"fra","N","Y",1,1,0,0,0,0,0,"first","2015-05-07",1,2015,7,1,1,0,1,0,1,"Basic medical research",6,0,0,1,0,0,0,0,0,0.84616804,18,1,"Basic medical research",0,0
470793,"449",2016,"male","Social Sciences",95846,2016,"Q2",1,1,1,1,1,2,2,2,2,1,1,"","",1,1,1,"can","N","N",1,1,0,0,1,0,0,"first","2016-03-05",1,2016,1,2,1,0,2,0,0,"Other social sciences",2,0,0,1,0,0,0,0,0,0.55617124,21,NA,"Other social sciences",1,0
332627,"450",2014,"male","Natural Sciences",48970,2014,"Q1",1,2,1,2,1,NA,NA,0,0,0,0,"","",0,1,1,"chn","N","Y",6,2,2,2,0,0,0,"first","",1,2014,5,1,1,0,0,0,0,"Chemical sciences",6,0,0,1,0,0,0,0,0,1.2417735,19,NA,"Chemical sciences",0,NA
124164,"451",2013,"male","Natural Sciences",67909,2015,"Q1",1,1,1,1,1,7,7,7,7,1,0,"","",1,0,3,"jpn","N","N",23,6,4,13,0,0,0,"first","2014-09-07",1,2015,1,1,2,1,7,0,1,"Biological sciences",7,1,1,1,1,0,1,0,1,6.477243,20,NA,"Biological sciences",0,0
119622,"452",2012,"male","Medical and Health Sciences",89355,2013,"Q1",1,1,1,1,1,NA,NA,0,0,0,0,"","",0,0,2,"chn","N","N",2,1,1,0,0,0,0,"first","",1,2013,12,10,2,1,0,0,0,"Biological sciences",3,0,0,1,0,0,0,0,0,0.31856928,9,1,"Biological sciences",0,NA
552564,"453",2016,"male","Medical and Health Sciences",69880,2016,"Q2",1,1,1,1,1,NA,NA,0,0,0,0,"","",0,1,1,"ind","N","N",5,3,1,1,0,0,0,"first","",1,2016,1,1,1,0,0,0,0,"Clinical medicine",6,0,0,1,0,0,0,0,0,2.708601,15,1,"Clinical medicine",0,NA
150739,"454",2013,"female","Medical and Health Sciences",40572,2014,"Q3",1,1,1,1,1,0,0,0,0,0,0,"","",0,0,2,"usa","N","N",3,2,1,0,0,0,0,"first","",1,2014,1,NA,3,2,0,0,0,"Basic medical research",3,0,0,1,0,0,0,0,0,0.27718496,19,NA,"Basic medical research",0,NA
84546,"455",2012,"female","Natural Sciences",61999,2012,"Q1",1,1,1,1,1,NA,NA,0,0,0,0,"","",0,1,1,"usa","N","N",2,1,1,0,0,0,0,"first","",1,2012,6,NA,1,0,0,0,0,"Other natural sciences",2,0,0,1,0,0,0,0,0,1.1338664,17,NA,"Other natural sciences",0,NA
135299,"456",2013,"female","Natural Sciences",92513,2015,"Q1",1,1,1,1,1,5,5,5,5,1,0,"","",1,0,3,"usa","N","N",2,1,0,1,0,0,0,"first","2015-12-09",1,2015,NA,NA,2,1,5,0,1,"Basic medical research",2,0,0,1,1,0,1,0,1,1.4183906,18,NA,"Basic medical research",0,0
476257,"457",2016,"male","Engineering and Technology",27585,2016,"Q3",1,1,1,1,1,NA,NA,0,0,0,0,"","",0,0,1,"chn","N","N",6,2,2,2,0,0,0,"first","",1,2016,4,28,1,0,0,0,0,"Mechanical engineering",4,0,0,1,0,0,0,0,0,0.78299457,21,NA,"Mechanical engineering",0,NA
561381,"458",2016,"male","Natural Sciences",84885,2017,"Q2",1,1,1,1,1,2,2,2,2,1,0,"","",1,0,2,"chn","N","N",10,4,5,1,0,0,0,"first","2017-11-22",1,2017,11,21,7,6,2,0,1,"Agricultural Sciences",6,0,0,1,0,0,0,0,0,0.57209485,12,NA,"Agricultural Sciences",0,0
382154,"459",2015,"male","Natural Sciences",89438,2016,"Q3",1,2,1,2,1,NA,NA,0,0,0,0,"","",0,0,2,"chn","N","Y",6,1,3,2,0,0,0,"first","",1,2016,10,1,4,3,0,0,0,"Physical sciences and astronomy",8,0,0,1,0,0,0,0,0,0.23546556,19,1,"Physical sciences and astronomy",0,NA
141005,"460",2013,"male","Natural Sciences",24784,2013,"Q1",1,1,1,1,1,NA,NA,0,0,0,0,"","",0,0,1,"jpn","N","N",2,2,0,0,0,0,0,"first","",1,2013,NA,NA,1,0,0,0,0,"Computer and information sciences",5,0,0,1,0,0,0,0,0,0.535264475,15,NA,"Computer and information sciences",0,NA
449109,"461",2015,"female","Natural Sciences",69275,2016,"Q1",1,1,1,1,1,1,1,1,1,1,0,"","",1,0,2,"chn","N","N",4,1,3,0,0,0,0,"first","2016-11-24",1,2016,11,4,4,3,1,0,1,"Biological sciences",10,0,0,1,1,0,1,0,1,2.323007,21,1,"Biological sciences",0,1
27971,"462",2012,"male","Natural Sciences",98786,2012,"Q1",1,1,1,1,1,NA,NA,0,0,0,0,"","",0,0,1,"deu","N","N",4,2,0,2,0,0,0,"first","",1,2012,1,30,1,0,0,0,0,"Physical sciences and astronomy",6,0,0,1,0,0,0,0,0,0.69908214,17,NA,"Physical sciences and astronomy",0,NA
91844,"463",2012,"female","Natural Sciences",14553,2012,"Q3",1,1,1,1,1,NA,NA,0,0,0,0,"","",0,1,1,"bra","N","N",2,1,0,1,0,0,0,"first","",1,2012,NA,NA,1,0,0,0,0,"Chemical engineering",6,0,0,1,0,0,0,0,0,1.11290756,17,NA,"Chemical engineering",0,NA
386961,"464",2015,"male","Natural Sciences",82019,2015,"Q2",1,1,1,1,1,NA,NA,0,0,0,0,"","",0,1,1,"chn","N","N",1,1,0,0,0,0,0,"first","",1,2015,NA,NA,1,0,0,0,0,"Chemical sciences",2,0,0,1,0,0,0,0,0,1.0564681,15,1,"Chemical sciences",0,NA
431349,"465",2015,"male","Natural Sciences",13047,2015,"Q1",1,1,1,1,1,1,1,1,1,1,0,"","",1,1,1,"usa","N","N",3,1,1,1,0,0,1,"first","2015-10-03",1,2015,6,26,1,0,1,0,1,"Biological sciences",5,0,0,1,0,0,0,0,0,1.4643849,20,1,"Biological sciences",0,0
345590,"466",2014,"female","Medical and Health Sciences",30790,2016,"Q1",1,1,1,1,1,NA,NA,0,0,0,0,"","",0,0,3,"bra","N","N",3,1,0,2,0,0,0,"first","",1,2016,11,21,3,2,0,0,0,"Biological sciences",3,0,0,1,0,0,0,0,0,0.8810333,9,NA,"Biological sciences",0,NA
228941,"467",2013,"male","Natural Sciences",36864,2013,"Q3",2,2,2,2,1,0,0,0,0,0,0,"","",0,1,1,"usa","Y","Y",1,1,0,0,0,0,0,"first","",1,2013,NA,NA,1,0,0,0,0,"Other social sciences",2,0,0,1,0,0,0,0,0,0,1,NA,"Other social sciences",0,NA
199135,"468",2013,"female","Social Sciences",58859,2013,"Q1",1,2,1,3,1,4,4,4,4,1,0,"","",1,1,1,"usa","N","Y",1,1,0,0,0,0,0,"first","2013-03-23",1,2013,12,NA,1,0,4,0,1,"Psychology",5,0,0,1,0,0,0,0,0,4.9330897,18,NA,"Psychology",0,0
185180,"469",2013,"female","Medical and Health Sciences",79641,2013,"Q2",1,2,1,2,1,1,1,1,1,1,0,"","",1,1,1,"chn","N","Y",2,1,1,0,0,0,0,"first","2013-06-23",1,2013,10,NA,1,0,1,0,1,"Basic medical research",7,0,0,1,0,0,0,0,0,0.84996855,5,1,"Basic medical research",0,0
405904,"470",2015,"male","Agricultural Sciences",26191,2016,"Q1",1,1,1,1,1,1,1,1,1,1,0,"","",1,0,2,"ind","N","N",3,1,1,1,0,0,0,"first","2016-03-22",1,2016,6,1,2,1,1,0,1,"Agricultural Sciences",9,0,0,1,1,0,1,0,1,0.91024524,18,1,"Agricultural Sciences",0,0
464129,"471",2015,"male","Natural Sciences",80645,2015,"Q2",1,2,1,2,1,NA,NA,0,0,0,0,"","",0,1,1,"chn","N","Y",2,2,0,0,0,0,0,"first","",1,2015,4,1,1,0,0,0,0,"Chemical sciences",8,0,0,1,0,0,0,0,0,0.822591635,18,NA,"Chemical sciences",0,NA
333398,"472",2014,"female","Natural Sciences",17270,2015,"Q2",1,2,1,2,1,NA,NA,0,0,0,0,"","",0,0,2,"chn","N","Y",4,1,2,1,0,0,0,"first","",1,2015,9,2,3,2,0,0,0,"Biological sciences",9,0,0,1,0,0,0,0,0,0.61329097,19,NA,"Biological sciences",0,NA
491963,"473",2016,"female","Medical and Health Sciences",35167,2018,"Q2",1,1,1,1,1,4,4,4,4,1,0,"","",1,0,3,"chn","N","N",4,1,0,3,0,0,0,"first","2018-05-15",1,2018,5,15,2,1,4,0,1,"Health sciences",12,0,0,1,0,0,0,0,0,0.8217545,3,1,"Clinical medicine",0,0
161650,"474",2013,"male","Social Sciences",60833,2013,"Q1",1,1,1,1,1,NA,NA,0,0,0,0,"","",0,0,1,"usa","N","N",7,2,3,2,0,0,0,"first","",1,2013,12,NA,1,0,0,0,0,"Psychology",4,0,0,1,0,0,0,0,0,0.67529327,18,NA,"Psychology",0,NA
433725,"475",2015,"female","Social Sciences",55615,2015,"Q1",1,1,1,1,1,1,1,1,1,1,0,"","",1,1,1,"deu","N","N",3,1,1,1,0,0,0,"first","2016-04-16",1,2015,8,7,1,0,1,0,1,"Economics",2,0,0,1,0,0,0,0,0,3.4324951,13,1,"Sociology and political science",0,0
508073,"476",2016,"male","Medical and Health Sciences",58833,2016,"Q2",1,1,1,1,1,NA,NA,0,0,0,0,"","",0,1,1,"usa","N","N",7,1,2,4,0,0,0,"first","",1,2016,11,1,1,0,0,0,0,"Clinical medicine",6,0,0,1,0,0,0,0,0,0.47103545,21,1,"Clinical medicine",0,NA
213600,"477",2013,"male","Natural Sciences",17679,2013,"Q1",2,3,2,3,1,0,0,0,0,0,0,"","",0,1,1,"usa","Y","Y",4,1,2,1,0,0,0,"first","",1,2013,7,NA,1,0,0,0,0,"Biological sciences",7,0,0,1,0,0,0,0,0,2.2414699,18,NA,"Biological sciences",0,NA
135700,"478",2013,"male","Medical and Health Sciences",87882,2014,"Q1",1,1,1,1,1,2,2,2,2,1,0,"","",1,0,2,"usa","N","N",3,1,2,0,0,0,0,"first","2014-12-11",1,2014,NA,NA,2,1,2,0,1,"Clinical medicine",10,0,0,1,0,0,0,0,0,1.2388184,19,NA,"Clinical medicine",0,1
435826,"479",2015,"male","Agricultural Sciences",70357,2015,"Q1",1,1,1,2,1,2,1,2,2,1,1,"2015-04-04","Microbiological diversity and prevalence of spoilage and pathogenic bacteria in commercial fermented alcoholic… http://t.co/I05kNDmryl",0,0,1,"kor","N","Y",3,3,0,0,2,0,0,"first","2015-04-04",1,2015,4,1,1,0,2,0,1,"Agricultural Sciences",8,0,0,1,0,0,0,0,0,1.3835032,16,NA,"Agricultural Sciences",0,0
503939,"480",2016,"male","Natural Sciences",67506,2016,"Q1",1,1,1,1,1,2,2,2,2,1,0,"","",1,0,1,"usa","N","N",3,2,1,0,0,0,0,"first","2016-02-13",1,2016,3,4,1,0,2,0,1,"Chemical sciences",4,0,0,1,0,0,0,0,0,2.4934473,10,1,"Chemical sciences",0,0
23267,"481",2012,"female","Natural Sciences",66301,2012,"Q1",1,1,1,1,1,NA,NA,0,0,0,0,"","",0,1,1,"usa","N","N",1,1,0,0,0,0,0,"first","",1,2012,4,10,1,0,0,0,0,"Other engineering and technologies",2,0,0,1,0,0,0,0,0,0.71398117,16,NA,"Other engineering and technologies",0,NA
104984,"482",2012,"female","Humanities",25644,2012,"Q1",1,1,1,1,1,NA,NA,0,0,0,0,"","",0,1,1,"usa","N","N",1,1,0,0,0,0,0,"first","",1,2012,9,NA,1,0,0,0,0,"Physical sciences and astronomy",3,0,0,1,0,0,0,0,0,0,1,NA,"Physical sciences and astronomy",0,NA
82699,"483",2012,"male","Natural Sciences",51456,2012,"Q1",1,2,1,2,1,NA,NA,0,0,0,0,"","",0,1,1,"jpn","N","Y",4,1,0,3,0,0,0,"first","",1,2012,1,NA,1,0,0,0,0,"Physical sciences and astronomy",9,0,0,1,0,0,0,0,0,1.3693472,17,NA,"Physical sciences and astronomy",0,NA
499094,"484",2016,"female","Natural Sciences",36079,2018,"Q4",1,1,1,1,1,NA,NA,0,0,0,0,"","",0,0,3,"chn","N","N",2,1,0,1,0,0,0,"first","",1,2018,12,25,2,1,0,0,0,"Agricultural Sciences",6,0,0,1,0,0,0,0,0,0.5604679,21,NA,"Agricultural Sciences",0,NA
424179,"485",2015,"male","Natural Sciences",22563,2015,"Q1",1,1,1,2,1,1,1,1,1,1,0,"","",1,1,1,"fra","N","Y",6,1,1,4,0,0,0,"first","2014-01-23",1,2015,7,25,1,0,1,0,1,"Mathematics",3,0,0,1,1,0,1,0,1,1.4182235,17,NA,"Mathematics",0,0
416073,"486",2015,"female","Natural Sciences",87386,2015,"Q2",1,1,1,1,1,0,0,0,0,0,0,"","",0,1,1,"can","N","N",1,1,0,0,0,0,0,"first","",1,2015,12,11,1,0,0,0,0,"Mathematics",4,0,0,1,0,0,0,0,0,0.65344846,19,NA,"Mathematics",0,NA
168508,"487",2013,"male","Natural Sciences",75552,2015,"Q2",1,1,1,1,1,NA,NA,0,0,0,0,"","",0,0,3,"chn","N","N",5,3,1,1,0,0,0,"first","",1,2015,2,15,5,4,0,0,0,"Biological sciences",9,0,0,1,0,0,0,0,0,1.4996829,16,1,"Biological sciences",0,NA
191791,"488",2013,"male","Medical and Health Sciences",37914,2013,"Q1",1,1,1,1,1,0,0,0,0,0,0,"","",0,1,1,"can","N","N",2,1,0,1,0,0,0,"first","",1,2013,8,1,1,0,0,0,0,"Basic medical research",6,0,0,1,0,0,0,0,0,1.9086957,18,1,"Basic medical research",0,NA
443724,"489",2015,"female","Natural Sciences",69143,2015,"Q1",1,1,1,1,1,0,0,0,0,0,0,"","",0,1,1,"gbr","N","N",6,1,3,2,0,0,0,"first","",1,2015,9,1,1,0,0,0,0,"Chemical sciences",3,0,0,1,0,0,0,0,0,2.4056602,7,NA,"Chemical sciences",0,NA
540632,"490",2016,"female","Medical and Health Sciences",86951,2016,"Q4",1,1,1,1,1,0,0,0,0,0,0,"","",0,1,1,"tur","N","N",8,3,4,1,0,0,0,"first","",1,2016,5,13,2,1,0,0,0,"Clinical medicine",3,0,0,1,0,0,0,0,0,0.86560136,14,1,"Clinical medicine",0,NA
8486,"491",2012,"female","Natural Sciences",16312,2012,"Q1",1,1,1,1,1,NA,NA,0,0,0,0,"","",0,1,1,"chn","N","N",4,1,3,0,0,0,0,"first","",1,2012,5,1,1,0,0,0,0,"Chemical sciences",3,0,0,1,0,0,0,0,0,3.8311143,17,NA,"Chemical sciences",0,NA
143770,"492",2013,"male","Medical and Health Sciences",20153,2013,"Q2",1,2,1,2,1,0,0,0,0,0,0,"","",0,0,1,"chn","N","Y",8,3,2,3,0,0,0,"first","",1,2013,NA,NA,2,1,0,0,0,"Clinical medicine",10,0,0,1,0,0,0,0,0,0.7757041,12,1,"Clinical medicine",0,NA
560885,"493",2016,"male","Engineering and Technology",71883,2016,"Q1",1,1,1,1,1,NA,NA,0,0,0,0,"","",0,1,1,"tur","N","N",2,1,1,0,0,0,0,"first","",1,2016,6,1,1,0,0,0,0,"Electrical engineering, electronic engineering,  information engineering ",3,0,0,1,0,0,0,0,0,0.8114281,19,1,"Electrical engineering, electronic engineering,  information engineering ",0,NA
197895,"494",2013,"male","Medical and Health Sciences",88182,2013,"Q4",1,1,1,1,1,NA,NA,0,0,0,0,"","",0,1,1,"bra","N","N",2,1,0,1,0,0,0,"first","",1,2013,NA,NA,1,0,0,0,0,"Health sciences",6,0,0,1,0,0,0,0,0,0.37508489,11,NA,"Health sciences",0,NA
246442,"495",2014,"male","Natural Sciences",87449,2016,"Q2",1,1,1,1,1,NA,NA,0,0,0,0,"","",0,0,3,"chn","N","N",4,1,0,3,0,0,0,"first","",1,2016,1,15,3,2,0,0,0,"Chemical sciences",4,0,0,1,0,0,0,0,0,0.08092253,20,1,"Chemical sciences",0,NA
293636,"496",2014,"male","Natural Sciences",30758,2014,"Q1",1,1,2,3,1,2,2,2,2,1,0,"","",1,1,1,"kor","Y","Y",6,2,2,2,0,0,0,"first","2014-07-24",1,2014,7,24,1,0,2,0,1,"Chemical sciences",12,0,0,1,0,0,0,0,0,1.8661506,19,NA,"Chemical sciences",0,0
22760,"497",2012,"male","Natural Sciences",46552,2012,"Others",2,2,2,2,1,0,0,0,0,0,0,"","",0,1,1,"usa","Y","Y",2,1,0,1,0,0,0,"first","",1,2012,1,NA,1,0,0,0,0,"Biological sciences",10,0,0,1,0,0,0,0,0,2.2888665,17,NA,"Biological sciences",0,NA
565913,"498",2016,"female","Engineering and Technology",37976,2016,"Q2",1,1,1,1,1,NA,NA,0,0,0,0,"","",0,1,1,"chn","N","N",1,1,0,0,0,0,0,"first","",1,2016,9,10,1,0,0,0,0,"Electrical engineering, electronic engineering,  information engineering ",3,0,0,1,0,0,0,0,0,0.23605703,20,NA,"Electrical engineering, electronic engineering,  information engineering ",0,NA
555137,"499",2016,"male","Natural Sciences",24509,2016,"Q3",1,1,1,1,1,NA,NA,0,0,0,0,"","",0,0,1,"chn","N","N",2,2,0,0,0,0,0,"first","",1,2016,1,1,1,0,0,0,0,"Physical sciences and astronomy",4,0,0,1,0,0,0,0,0,0.4558028,5,NA,"Physical sciences and astronomy",0,NA
193650,"500",2013,"male","Social Sciences",73187,2013,"Q4",1,1,1,1,1,0,0,0,0,0,0,"","",0,1,1,"esp","N","N",2,1,0,1,0,0,0,"first","",1,2013,11,NA,1,0,0,0,0,"Sociology and political science",1,0,0,0,0,0,0,0,0,0,1,NA,"Sociology and political science",0,NA
