"X","author_id","cohort","gender","discipline","doi_lower","pubyear","Jr_Quantile","n_ctr","n_aff","n_colla_ctr","n_colla_aff","sequence_nr","Original_Tweets","Original_Tweeters","len_tweet","len_tweeter","with_tw","self_pro_old","self_tw_time","self_text","others_first","searched","academic_age","most_ctr","colla_ctr_Y","colla_aff_Y","n_pub_3y","n_pub_1st","n_pub_2nd","n_pub_3rd","n_pub_pro_1st","n_pub_pro_2nd","n_pub_pro_3rd","seq_nr_grp_1","min_tw_time","first_firstauthor","PUBLICATIONYEAR","PUBLICATIONMONTH","PUBLICATIONDAY","pub_order","pub_before","tw_others_num","tw_only_self","tw_only_others","discipline_new_author","author_cnt","coauthor_pro_count","coauthor_pro","with_coauthor","SocialOutlet_count","Edu_count","SocialOutlet_pro","Edu_pro","soc_or_edu_pro","max_coa_fncr_5y","max_coa_age","uniqle_dis","discipline_new_pub","self_pro","chinese_name"
133805,"1",2013,"male","Natural Sciences",98188,2014,"Q1",1,1,1,1,1,NA,NA,0,0,0,0,"","",0,0,2,"kor","N","N",3,1,1,1,0,0,0,"first","",1,2014,4,NA,2,1,0,0,0,"Electrical engineering, electronic engineering,  information engineering ",4,0,0,1,0,0,0,0,0,0.777778,19,NA,"Electrical engineering, electronic engineering,  information engineering ",0,NA
501847,"2",2016,"female","Medical and Health Sciences",31371,2018,"Q1",1,3,1,3,1,3,3,3,3,1,1,"2018-05-03","Celebrating the publication of my first paper as lead author! #Oralhealth for the functionally dependent in residential #agedcare is seen as the responsibility of care staff, but what do care staff think? Read more here ➡️ https://t.co/FJ4L1kwFdT @AjeshGeorge_ @acvillarosaa",0,0,3,"aus","N","Y",9,2,1,6,0,1,2,"first","2018-05-03",1,2018,9,1,8,7,2,0,0,"Health sciences",8,0,0,1,0,0,0,0,0,0.795523345,16,NA,"Health sciences",1,0
261567,"3",2014,"male","Engineering and Technology",70888,2014,"Q3",1,2,1,2,1,NA,NA,0,0,0,0,"","",0,1,1,"chn","N","Y",2,1,1,0,0,0,0,"first","",1,2014,NA,NA,1,0,0,0,0,"Electrical engineering, electronic engineering,  information engineering ",3,0,0,1,0,0,0,0,0,0.39667502,19,NA,"Electrical engineering, electronic engineering,  information engineering ",0,NA
544945,"4",2016,"male","Natural Sciences",89028,2016,"Q2",1,1,1,1,1,NA,NA,0,0,0,0,"","",0,0,1,"chn","N","N",3,2,1,0,0,0,0,"first","",1,2016,1,1,1,0,0,0,0,"Electrical engineering, electronic engineering,  information engineering ",4,0,0,1,0,0,0,0,0,0.20116809,16,1,"Earth and related environmental sciences",0,NA
377823,"5",2015,"female","Natural Sciences",15602,2015,"Others",1,1,1,1,1,NA,NA,0,0,0,0,"","",0,1,1,"bra","N","N",2,1,1,0,0,0,0,"first","",1,2015,7,1,1,0,0,0,0,"Chemical sciences",3,0,0,1,0,0,0,0,0,0.94258136,20,1,"Chemical sciences",0,NA
422095,"6",2015,"female","Natural Sciences",70079,2015,"Q2",1,1,1,1,1,NA,NA,0,0,0,0,"","",0,1,1,"irn","N","N",2,1,0,1,0,0,0,"first","",1,2015,NA,NA,1,0,0,0,0,"Basic medical research",4,0,0,1,0,0,0,0,0,0.49550995,18,1,"Basic medical research",0,NA
109432,"7",2012,"male","Natural Sciences",50519,2014,"Q3",1,1,1,1,1,NA,NA,0,0,0,0,"","",0,0,3,"rus","N","N",2,1,0,1,0,0,0,"first","",1,2014,9,1,2,1,0,0,0,"Computer and information sciences",1,0,0,0,0,0,0,0,0,0,3,1,"Computer and information sciences",0,NA
249607,"8",2014,"female","Natural Sciences",20328,2014,"Q1",1,1,1,1,1,NA,NA,0,0,0,0,"","",0,1,1,"kor","N","N",3,1,1,1,0,0,0,"first","",1,2014,7,28,1,0,0,0,0,"Physical sciences and astronomy",3,0,0,1,0,0,0,0,0,5.73434115,4,1,"Physical sciences and astronomy",0,NA
371191,"9",2015,"female","Medical and Health Sciences",57090,2015,"Q1",1,1,1,1,1,1,1,1,1,1,0,"","",1,1,1,"fra","N","N",2,1,0,1,0,0,0,"first","2015-04-23",1,2015,9,1,1,0,1,0,1,"Clinical medicine",8,0,0,1,0,0,0,0,0,1.5662317,20,1,"Clinical medicine",0,0
450823,"10",2015,"female","Medical and Health Sciences",77871,2017,"Q2",1,1,1,1,1,NA,NA,0,0,0,0,"","",0,0,3,"jpn","N","N",4,1,0,3,0,0,0,"first","",1,2017,7,1,2,1,0,0,0,"Health sciences",6,0,0,1,0,0,0,0,0,0.5649247,22,NA,"Health sciences",0,NA
22693,"11",2012,"female","Natural Sciences",97289,2012,"Q1",1,1,1,1,1,NA,NA,0,0,0,0,"","",0,1,1,"deu","N","N",2,1,0,1,0,0,0,"first","",1,2012,8,28,1,0,0,0,0,"Materials engineering",4,0,0,1,0,0,0,0,0,1.1021073,17,NA,"Materials engineering",0,NA
557581,"12",2016,"male","Medical and Health Sciences",71588,2016,"Q1",1,1,1,2,1,NA,NA,0,0,0,0,"","",0,1,1,"usa","N","Y",4,1,1,2,0,0,0,"first","",1,2016,6,1,1,0,0,0,0,"Other engineering and technologies",5,0,0,1,0,0,0,0,0,1.651742,17,NA,"Other engineering and technologies",0,NA
301985,"13",2014,"male","Medical and Health Sciences",62362,2014,"Q3",1,1,1,1,1,2,2,2,2,1,0,"","",1,1,1,"chn","N","N",1,1,0,0,0,0,0,"first","2015-11-20",1,2014,12,1,1,0,2,0,1,"Health sciences",4,0,0,1,0,0,0,0,0,0.55189687,19,1,"Health sciences",0,1
101415,"14",2012,"female","Agricultural Sciences",34265,2012,"Q4",1,1,1,1,1,NA,NA,0,0,0,0,"","",0,1,1,"deu","N","N",1,1,0,0,0,0,0,"first","",1,2012,8,NA,1,0,0,0,0,"Agricultural Sciences",1,0,0,0,0,0,0,0,0,0,1,1,"Agricultural Sciences",0,NA
113449,"15",2012,"male","Agricultural Sciences",79808,2012,"Q1",1,1,1,1,1,NA,NA,0,0,0,0,"","",0,1,1,"ita","N","N",2,1,1,0,0,0,0,"first","",1,2012,1,15,1,0,0,0,0,"Agricultural Sciences",5,0,0,1,0,0,0,0,0,1.5149432,17,NA,"Agricultural Sciences",0,NA
387188,"16",2015,"male","Engineering and Technology",34893,2015,"Q1",1,1,1,1,1,NA,NA,0,0,0,0,"","",0,1,1,"deu","N","N",1,1,0,0,0,0,0,"first","",1,2015,1,22,1,0,0,0,0,"Electrical engineering, electronic engineering,  information engineering ",1,0,0,0,0,0,0,0,0,0,1,1,"Electrical engineering, electronic engineering,  information engineering ",0,NA
555418,"17",2016,"male","Engineering and Technology",45488,2016,"Q2",1,1,1,1,1,NA,NA,0,0,0,0,"","",0,1,1,"kor","N","N",1,1,0,0,0,0,0,"first","",1,2016,1,8,1,0,0,0,0,"Electrical engineering, electronic engineering,  information engineering ",4,0,0,1,0,0,0,0,0,0.8928945,21,1,"Electrical engineering, electronic engineering,  information engineering ",0,NA
122957,"18",2012,"female","Natural Sciences",92854,2014,"Q1",1,2,1,2,1,4,4,4,4,1,0,"","",1,0,3,"chn","N","Y",3,2,0,1,0,0,0,"first","2014-10-13",1,2014,12,1,3,2,4,0,1,"Earth and related environmental sciences",4,0,0,1,2,0,1,0,1,0.4946617,10,NA,"Earth and related environmental sciences",0,1
304772,"19",2014,"male","Natural Sciences",64859,2014,"Q1",1,1,1,1,1,0,0,0,0,0,0,"","",0,1,1,"aus","N","N",2,1,0,1,0,0,0,"first","",1,2014,11,1,1,0,0,0,0,"Computer and information sciences",3,0,0,1,0,0,0,0,0,0.55430233,19,NA,"Computer and information sciences",0,NA
357488,"20",2014,"male","Medical and Health Sciences",53781,2014,"Q2",1,1,1,1,1,1,1,1,1,1,0,"","",1,1,1,"usa","N","N",1,1,0,0,0,0,0,"first","2014-01-28",1,2014,NA,NA,1,0,1,0,1,"Health sciences",2,0,0,1,1,0,1,0,1,4.0118313,7,NA,"Health sciences",0,0
138765,"21",2013,"male","Natural Sciences",93608,2013,"Q1",1,1,1,1,1,NA,NA,0,0,0,0,"","",0,0,1,"deu","N","N",4,3,1,0,0,0,0,"first","",1,2013,1,NA,1,0,0,0,0,"Physical sciences and astronomy",4,0,0,1,0,0,0,0,0,0.87027325,18,1,"Physical sciences and astronomy",0,NA
453889,"22",2015,"male","Natural Sciences",31358,2015,"Q2",1,1,1,2,1,NA,NA,0,0,0,0,"","",0,1,1,"chn","N","Y",5,1,1,3,0,0,0,"first","",1,2015,11,1,1,0,0,0,0,"Materials engineering",4,0,0,1,0,0,0,0,0,0.259124985,18,NA,"Materials engineering",0,NA
272403,"23",2014,"male","Engineering and Technology",82216,2014,"Q2",1,1,1,1,1,NA,NA,0,0,0,0,"","",0,1,1,"chn","N","N",2,1,1,0,0,0,0,"first","",1,2014,NA,NA,1,0,0,0,0,"Computer and information sciences",2,0,0,1,0,0,0,0,0,0.23831934,14,NA,"Computer and information sciences",0,NA
294223,"24",2014,"female","Natural Sciences",80608,2015,"Q1",1,1,1,1,1,0,0,0,0,0,0,"","",0,0,2,"gbr","N","N",6,1,3,2,0,0,0,"first","",1,2015,4,28,3,2,0,0,0,"Chemical sciences",4,0,0,1,0,0,0,0,0,2.877058,16,NA,"Chemical sciences",0,NA
104235,"25",2012,"male","Medical and Health Sciences",11526,2012,"Others",1,1,1,1,1,0,0,0,0,0,0,"","",0,1,1,"usa","N","N",5,2,2,1,0,0,0,"first","",1,2012,5,NA,1,0,0,0,0,"Clinical medicine",2,0,0,1,0,0,0,0,0,0.8806861,14,1,"Clinical medicine",0,NA
403362,"26",2015,"female","Social Sciences",18431,2015,"Others",1,1,1,1,1,NA,NA,0,0,0,0,"","",0,0,1,"usa","N","N",3,2,0,1,0,0,0,"first","",1,2015,3,4,1,0,0,0,0,"Psychology",1,0,0,0,0,0,0,0,0,0,1,NA,"Psychology",0,NA
31077,"27",2012,"male","Engineering and Technology",68473,2013,"Q2",1,1,1,1,1,NA,NA,0,0,0,0,"","",0,0,2,"chn","N","N",2,1,1,0,0,0,0,"first","",1,2013,1,NA,2,1,0,0,0,"Other engineering and technologies",4,0,0,1,0,0,0,0,0,0.6400119,11,NA,"Other engineering and technologies",0,NA
164996,"28",2013,"male","Engineering and Technology",47245,2013,"Q1",1,1,2,2,1,0,0,0,0,0,0,"","",0,0,1,"chn","Y","Y",6,2,2,2,0,0,0,"first","",1,2013,NA,NA,1,0,0,0,0,"Electrical engineering, electronic engineering,  information engineering ",6,0,0,1,0,0,0,0,0,37.51785,18,1,"Electrical engineering, electronic engineering,  information engineering ",0,NA
22854,"29",2012,"male","Natural Sciences",45578,2012,"Q3",1,2,1,2,1,NA,NA,0,0,0,0,"","",0,1,1,"chn","N","Y",1,1,0,0,0,0,0,"first","",1,2012,NA,NA,1,0,0,0,0,"Biological sciences",5,0,0,1,0,0,0,0,0,0.224729825,5,NA,"Biological sciences",0,NA
484538,"30",2016,"male","Agricultural Sciences",53908,2016,"Q4",1,1,1,2,1,NA,NA,0,0,0,0,"","",0,1,1,"chn","N","Y",1,1,0,0,0,0,0,"first","",1,2016,3,15,1,0,0,0,0,"Agricultural Sciences",6,0,0,1,0,0,0,0,0,0.7155996,11,1,"Agricultural Sciences",0,NA
435272,"31",2015,"male","Medical and Health Sciences",17320,2015,"Q4",1,1,1,1,1,NA,NA,0,0,0,0,"","",0,1,1,"chn","N","N",5,1,4,0,0,0,0,"first","",1,2015,10,30,1,0,0,0,0,"Clinical medicine",5,0,0,1,0,0,0,0,0,0.4851153,12,NA,"Clinical medicine",0,NA
254751,"32",2014,"male","Natural Sciences",16691,2015,"Q1",1,1,1,1,1,0,0,0,0,0,0,"","",0,0,2,"usa","N","N",3,1,1,1,0,0,0,"first","",1,2015,2,1,2,1,0,0,0,"Computer and information sciences",5,0,0,1,0,0,0,0,0,2.7496722,16,1,"Electrical engineering, electronic engineering,  information engineering ",0,NA
40441,"33",2012,"male","Medical and Health Sciences",35472,2012,"Q1",1,1,1,1,1,0,0,0,0,0,0,"","",0,1,1,"gbr","N","N",2,1,1,0,0,0,0,"first","",1,2012,4,NA,1,0,0,0,0,"Clinical medicine",3,0,0,1,0,0,0,0,0,1.19830555,17,1,"Clinical medicine",0,NA
226989,"34",2013,"male","Natural Sciences",57820,2013,"Q1",1,1,1,1,1,NA,NA,0,0,0,0,"","",0,1,1,"chn","N","N",8,3,4,1,0,0,0,"first","",1,2013,4,NA,1,0,0,0,0,"Other engineering and technologies",2,0,0,1,0,0,0,0,0,0.374965195,14,NA,"Other engineering and technologies",0,NA
104621,"35",2012,"male","Medical and Health Sciences",85157,2012,"Q2",1,1,1,1,1,3,2,3,3,1,0,"","",1,1,1,"kor","N","N",5,1,1,3,0,0,0,"first","2012-09-13",1,2012,9,NA,1,0,3,0,1,"Clinical medicine",7,0,0,1,0,0,0,0,0,0.43446335,16,NA,"Clinical medicine",0,0
118653,"36",2012,"male","Medical and Health Sciences",29467,2012,"Q2",1,1,1,1,1,NA,NA,0,0,0,0,"","",0,1,1,"usa","N","N",6,1,3,2,0,0,0,"first","",1,2012,1,1,1,0,0,0,0,"Clinical medicine",5,0,0,1,0,0,0,0,0,0.48474044,14,1,"Clinical medicine",0,NA
126238,"37",2013,"male","Natural Sciences",85209,2015,"Q1",1,1,1,1,1,2,2,2,2,1,0,"","",1,0,3,"nld","N","N",4,1,0,3,0,0,0,"first","2014-12-19",1,2015,3,24,2,1,2,0,1,"Physical sciences and astronomy",5,0,0,1,1,0,1,0,1,2.29690895,20,NA,"Physical sciences and astronomy",0,0
94744,"38",2012,"female","Medical and Health Sciences",41114,2012,"Q4",1,1,1,1,1,NA,NA,0,0,0,0,"","",0,1,1,"chn","N","N",1,1,0,0,0,0,0,"first","",1,2012,7,15,1,0,0,0,0,"Basic medical research",3,0,0,1,0,0,0,0,0,0.19036955,8,NA,"Basic medical research",0,NA
256251,"39",2014,"female","Engineering and Technology",46268,2014,"Q1",1,1,1,1,1,NA,NA,0,0,0,0,"","",0,1,1,"chn","N","N",3,1,0,2,0,0,0,"first","",1,2014,12,1,1,0,0,0,0,"Other engineering and technologies",3,0,0,1,0,0,0,0,0,1.4800967,14,NA,"Other engineering and technologies",0,NA
182250,"40",2013,"male","Medical and Health Sciences",70337,2013,"Q1",1,1,1,1,1,NA,NA,0,0,0,0,"","",0,1,1,"jpn","N","N",1,1,0,0,0,0,0,"first","",1,2013,9,NA,1,0,0,0,0,"Clinical medicine",4,0,0,1,0,0,0,0,0,0.126599565,18,1,"Clinical medicine",0,NA
230050,"41",2013,"male","Medical and Health Sciences",32895,2013,"Q1",1,1,1,1,1,NA,NA,0,0,0,0,"","",0,1,1,"chn","N","N",5,1,0,4,0,0,0,"first","",1,2013,9,23,1,0,0,0,0,"Clinical medicine",6,0,0,1,0,0,0,0,0,0.77995706,6,NA,"Clinical medicine",0,NA
494385,"42",2016,"female","Social Sciences",79637,2016,"Q1",1,1,1,1,1,NA,NA,0,0,0,0,"","",0,1,1,"chn","N","N",1,1,0,0,0,0,0,"first","",1,2016,3,1,1,0,0,0,0,"Economics",4,0,0,1,0,0,0,0,0,1.6491611,20,1,"Economics",0,NA
532452,"43",2016,"male","Natural Sciences",63545,2016,"Q3",1,1,1,1,1,NA,NA,0,0,0,0,"","",0,0,1,"chn","N","N",8,2,5,1,0,0,0,"first","",1,2016,12,1,2,1,0,0,0,"Physical sciences and astronomy",2,0,0,1,0,0,0,0,0,0,1,NA,"Physical sciences and astronomy",0,NA
235556,"44",2013,"male","Engineering and Technology",48673,2013,"Q3",1,2,1,2,1,NA,NA,0,0,0,0,"","",0,1,1,"chn","N","Y",1,1,0,0,0,0,0,"first","",1,2013,3,NA,1,0,0,0,0,"Electrical engineering, electronic engineering,  information engineering ",3,0,0,1,0,0,0,0,0,0.20116809,1,1,"Electrical engineering, electronic engineering,  information engineering ",0,NA
77177,"45",2012,"male","Natural Sciences",20184,2012,"Q1",1,2,1,2,1,NA,NA,0,0,0,0,"","",0,1,1,"can","N","Y",6,2,2,2,0,0,0,"first","",1,2012,1,1,1,0,0,0,0,"Chemical sciences",3,0,0,1,0,0,0,0,0,1.4669343,17,NA,"Chemical sciences",0,NA
208110,"46",2013,"female","Medical and Health Sciences",71667,2013,"Q1",1,2,1,2,1,0,0,0,0,0,0,"","",0,1,1,"usa","N","Y",9,1,6,2,0,0,0,"first","",1,2013,5,NA,1,0,0,0,0,"Clinical medicine",4,0,0,1,0,0,0,0,0,0.77047074,18,NA,"Clinical medicine",0,NA
355248,"47",2014,"female","Natural Sciences",10699,2014,"Q3",1,1,1,1,1,NA,NA,0,0,0,0,"","",0,1,1,"chn","N","N",1,1,0,0,0,0,0,"first","",1,2014,NA,NA,1,0,0,0,0,"Basic medical research",7,0,0,1,0,0,0,0,0,0.63651764,2,NA,"Basic medical research",0,NA
37785,"48",2012,"male","Medical and Health Sciences",23664,2012,"Q2",1,1,1,1,1,NA,NA,0,0,0,0,"","",0,1,1,"chn","N","N",1,1,0,0,0,0,0,"first","",1,2012,10,NA,1,0,0,0,0,"Clinical medicine",5,0,0,1,0,0,0,0,0,0.38075,15,1,"Clinical medicine",0,NA
84455,"49",2012,"male","Natural Sciences",70400,2012,"Others",1,1,1,1,1,NA,NA,0,0,0,0,"","",0,1,1,"kor","N","N",1,1,0,0,0,0,0,"first","",1,2012,NA,NA,1,0,0,0,0,"Computer and information sciences",3,0,0,1,0,0,0,0,0,0,10,1,"Computer and information sciences",0,NA
265430,"50",2014,"male","Medical and Health Sciences",40226,2014,"Q1",1,1,1,2,1,2,2,2,2,1,0,"","",1,0,1,"chn","N","Y",8,3,3,2,0,0,0,"first","2014-11-17",1,2014,11,17,2,1,2,0,1,"Basic medical research",11,0,0,1,2,0,1,0,1,1.0331893,19,NA,"Basic medical research",0,1
120513,"51",2012,"male","Engineering and Technology",28255,2012,"Q1",1,1,1,1,1,NA,NA,0,0,0,0,"","",0,1,1,"fra","N","N",1,1,0,0,0,0,0,"first","",1,2012,NA,NA,1,0,0,0,0,"Mathematics",3,0,0,1,0,0,0,0,0,1.25509065,12,NA,"Mathematics",0,NA
538094,"52",2016,"female","Social Sciences",70453,2018,"Q1",1,1,1,1,1,NA,NA,0,0,0,0,"","",0,0,3,"deu","N","N",4,1,1,2,0,0,0,"first","",1,2018,3,1,3,2,0,0,0,"Economics",3,0,0,1,0,0,0,0,0,3.4437089,13,1,"Economics",0,NA
119725,"53",2012,"female","Natural Sciences",27306,2012,"Q1",1,1,1,1,1,NA,NA,0,0,0,0,"","",0,1,1,"jpn","N","N",3,1,2,0,0,0,0,"first","",1,2012,NA,NA,1,0,0,0,0,"Physical sciences and astronomy",3,0,0,1,0,0,0,0,0,0.665043025,16,NA,"Physical sciences and astronomy",0,NA
341940,"54",2014,"female","Medical and Health Sciences",68078,2014,"Q2",1,1,1,1,1,NA,NA,0,0,0,0,"","",0,1,1,"usa","N","N",1,1,0,0,0,0,0,"first","",1,2014,1,NA,1,0,0,0,0,"Other social sciences",4,0,0,1,0,0,0,0,0,0.69142264,19,NA,"Other social sciences",0,NA
119572,"55",2012,"male","Natural Sciences",29663,2012,"Q2",1,1,1,1,1,NA,NA,0,0,0,0,"","",0,1,1,"deu","N","N",2,1,1,0,0,0,0,"first","",1,2012,2,NA,1,0,0,0,0,"Physical sciences and astronomy",7,0,0,1,0,0,0,0,0,4.5312705,17,NA,"Physical sciences and astronomy",0,NA
501076,"56",2016,"male","Natural Sciences",47120,2017,"Q1",1,1,1,1,1,1,1,1,1,1,0,"","",1,0,2,"chn","N","N",6,2,2,2,0,0,0,"first","2017-04-28",1,2017,NA,NA,4,3,1,0,1,"Chemical sciences",7,0,0,1,1,0,1,0,1,3.0159497,22,1,"Chemical sciences",0,0
503690,"57",2016,"female","Natural Sciences",44626,2016,"Q3",1,1,1,1,1,NA,NA,0,0,0,0,"","",0,1,1,"kor","N","N",4,1,1,2,0,0,0,"first","",1,2016,5,3,1,0,0,0,0,"Biological sciences",7,0,0,1,0,0,0,0,0,1.1387446,21,NA,"Biological sciences",0,NA
259836,"58",2014,"male","Natural Sciences",86443,2014,"Q1",1,1,1,2,1,NA,NA,0,0,0,0,"","",0,1,1,"chn","N","Y",2,2,0,0,0,0,0,"first","",1,2014,2,NA,1,0,0,0,0,"Biological sciences",8,0,0,1,0,0,0,0,0,1.6193272,16,1,"Biological sciences",0,NA
209597,"59",2013,"male","Natural Sciences",72245,2013,"Q1",1,1,1,2,1,NA,NA,0,0,0,0,"","",0,1,1,"usa","N","Y",2,1,1,0,0,0,0,"first","",1,2013,5,NA,1,0,0,0,0,"Materials engineering",3,0,0,1,0,0,0,0,0,1.1988509,16,NA,"Materials engineering",0,NA
292348,"60",2014,"male","Natural Sciences",16817,2014,"Q1",1,1,1,1,1,NA,NA,0,0,0,0,"","",0,1,1,"kor","N","N",5,1,3,1,0,0,0,"first","",1,2014,6,25,1,0,0,0,0,"Biological sciences",2,0,0,1,0,0,0,0,0,0.565452785,11,NA,"Biological sciences",0,NA
406863,"61",2015,"male","Natural Sciences",12498,2017,"Q1",1,1,1,1,1,2,2,2,2,1,0,"","",1,0,3,"usa","N","N",4,2,0,2,0,0,0,"first","2017-09-28",1,2017,10,9,3,2,2,0,1,"Chemical sciences",4,0,0,1,1,0,1,0,1,1.3517697,22,1,"Chemical sciences",0,0
332942,"62",2014,"female","Social Sciences",10655,2014,"Q4",1,1,1,1,1,NA,NA,0,0,0,0,"","",0,1,1,"fra","N","N",1,1,0,0,0,0,0,"first","",1,2014,NA,NA,1,0,0,0,0,"Humanities",1,0,0,0,0,0,0,0,0,0,1,NA,"Humanities",0,NA
107657,"63",2012,"male","Natural Sciences",72200,2014,"Q1",1,2,1,2,1,2,2,2,2,1,0,"","",1,0,3,"usa","N","Y",8,1,4,3,0,0,0,"first","2014-06-15",1,2014,NA,NA,7,6,2,0,1,"Materials engineering",6,0,0,1,0,0,0,0,0,2.0747411,19,NA,"Materials engineering",0,0
348659,"64",2014,"female","Medical and Health Sciences",85224,2014,"Q1",1,1,1,1,1,NA,NA,0,0,0,0,"","",0,1,1,"usa","N","N",1,1,0,0,0,0,0,"first","",1,2014,11,1,1,0,0,0,0,"Basic medical research",6,0,0,1,0,0,0,0,0,0.087155245,13,NA,"Basic medical research",0,NA
397512,"65",2015,"female","Natural Sciences",58289,2017,"Q1",1,1,1,1,1,NA,NA,0,0,0,0,"","",0,0,3,"chn","N","N",3,1,1,1,0,0,0,"first","",1,2017,NA,NA,3,2,0,0,0,"Basic medical research",6,0,0,1,0,0,0,0,0,1.6791438,11,NA,"Basic medical research",0,NA
204548,"66",2013,"male","Medical and Health Sciences",32650,2013,"Q1",1,3,1,3,1,3,3,3,3,1,0,"","",1,1,1,"nld","N","Y",4,1,2,1,0,0,0,"first","",1,2013,NA,NA,1,0,3,0,1,"Health sciences",4,0,0,1,0,0,0,0,0,1.19776765,18,1,"Health sciences",0,0
361856,"67",2015,"female","Natural Sciences",61372,2015,"Q1",1,1,1,1,1,0,0,0,0,0,0,"","",0,0,1,"chn","N","N",3,2,1,0,0,0,0,"first","",1,2015,8,4,2,1,0,0,0,"Physical sciences and astronomy",7,0,0,1,0,0,0,0,0,0.5269084,12,NA,"Physical sciences and astronomy",0,NA
142832,"68",2013,"male","Natural Sciences",28897,2014,"Q1",1,2,1,3,1,1,1,1,1,1,0,"","",1,0,2,"chn","N","Y",4,1,1,2,0,0,0,"first","2014-10-31",1,2014,5,NA,2,1,1,0,1,"Materials engineering",11,0,0,1,1,0,1,0,1,3.5714931,14,NA,"Materials engineering",0,0
261623,"69",2014,"male","Natural Sciences",45780,2014,"Q1",1,1,1,1,1,0,0,0,0,0,0,"","",0,1,1,"nld","N","N",1,1,0,0,0,0,0,"first","",1,2014,1,30,1,0,0,0,0,"Earth and related environmental sciences",4,0,0,1,0,0,0,0,0,1.5396827,19,1,"Earth and related environmental sciences",0,NA
498832,"70",2016,"male","Natural Sciences",35324,2018,"Q2",1,1,1,1,1,NA,NA,0,0,0,0,"","",0,0,3,"chn","N","N",2,1,0,1,0,0,0,"first","",1,2018,11,27,2,1,0,0,0,"Other engineering and technologies",5,0,0,1,0,0,0,0,0,1.3896192,18,NA,"Other engineering and technologies",0,NA
358566,"71",2014,"male","Natural Sciences",87812,2014,"Q3",1,1,1,1,1,NA,NA,0,0,0,0,"","",0,1,1,"jpn","N","N",6,1,3,2,0,0,0,"first","",1,2014,1,1,1,0,0,0,0,"Physical sciences and astronomy",7,0,0,1,0,0,0,0,0,0.692000775,19,NA,"Physical sciences and astronomy",0,NA
222991,"72",2013,"male","Medical and Health Sciences",28942,2013,"Q4",1,2,1,3,1,NA,NA,0,0,0,0,"","",0,1,1,"jpn","N","Y",5,2,2,1,0,0,0,"first","",1,2013,NA,NA,2,1,0,0,0,"Health sciences",8,0,0,1,0,0,0,0,0,0,1,1,"Health sciences",0,NA
297022,"73",2014,"male","Natural Sciences",82336,2014,"Q1",1,1,1,1,1,3,3,3,3,1,0,"","",1,1,1,"aus","N","N",2,2,0,0,0,0,0,"first","2014-06-24",1,2014,NA,NA,2,1,3,0,1,"Computer and information sciences",5,0,0,1,0,0,0,0,0,1.5657473,17,NA,"Computer and information sciences",0,0
327958,"74",2014,"female","Medical and Health Sciences",31602,2014,"Q2",1,1,1,1,1,NA,NA,0,0,0,0,"","",0,1,1,"tur","N","N",3,1,2,0,0,0,0,"first","",1,2014,10,1,1,0,0,0,0,"Clinical medicine",4,0,0,1,0,0,0,0,0,0.331003965,12,1,"Clinical medicine",0,NA
259872,"75",2014,"male","Natural Sciences",53009,2014,"Q1",1,1,1,1,1,NA,NA,0,0,0,0,"","",0,1,1,"gbr","N","N",3,1,2,0,0,0,0,"first","",1,2014,8,11,1,0,0,0,0,"Physical sciences and astronomy",7,0,0,1,0,0,0,0,0,2.18522205,19,1,"Physical sciences and astronomy",0,NA
565031,"76",2016,"male","Natural Sciences",68032,2016,"Q1",1,1,1,1,1,4,3,4,4,1,0,"","",1,1,1,"nld","N","N",4,2,0,2,0,0,0,"first","2016-01-08",1,2016,1,7,1,0,4,0,1,"Biological sciences",5,0,0,1,4,0,1,0,1,1.4244822,21,NA,"Biological sciences",0,0
503354,"77",2016,"female","Medical and Health Sciences",77381,2016,"Q3",1,1,1,1,1,0,0,0,0,0,0,"","",0,1,1,"irn","N","N",6,1,3,2,0,0,0,"first","",1,2016,8,17,1,0,0,0,0,"Basic medical research",5,0,0,1,0,0,0,0,0,1.2095613,11,NA,"Basic medical research",0,NA
532550,"78",2016,"male","Medical and Health Sciences",97712,2016,"Q4",1,1,1,1,1,NA,NA,0,0,0,0,"","",0,1,1,"jpn","N","N",4,2,1,1,0,0,0,"first","",1,2016,9,1,1,0,0,0,0,"Clinical medicine",5,0,0,1,0,0,0,0,0,0.419775675,21,1,"Clinical medicine",0,NA
436687,"79",2015,"female","Medical and Health Sciences",78710,2015,"Q4",1,1,1,2,1,0,0,0,0,0,0,"","",0,1,1,"usa","N","Y",1,1,0,0,0,0,0,"first","",1,2015,1,1,1,0,0,0,0,"Basic medical research",3,0,0,1,0,0,0,0,0,1.06167706,8,1,"Basic medical research",0,NA
60512,"80",2012,"female","Medical and Health Sciences",54890,2012,"Q1",1,1,1,1,1,1,1,1,1,1,0,"","",1,1,1,"usa","N","N",8,3,2,3,0,0,0,"first","2011-12-10",1,2012,3,1,1,0,1,0,1,"Clinical medicine",12,0,0,1,0,0,0,0,0,2.7754366,17,1,"Clinical medicine",0,0
143512,"81",2013,"male","Natural Sciences",54759,2013,"Q1",1,1,1,1,1,0,0,0,0,0,0,"","",0,0,1,"usa","N","N",2,2,0,0,0,0,0,"first","",1,2013,8,2,2,1,0,0,0,"Chemical sciences",2,0,0,1,0,0,0,0,0,1.1769626,13,1,"Chemical sciences",0,NA
498939,"82",2016,"male","Engineering and Technology",75772,2017,"Q2",1,1,1,1,1,NA,NA,0,0,0,0,"","",0,0,2,"chn","N","N",5,1,2,2,0,0,0,"first","",1,2017,8,1,2,1,0,0,0,"Electrical engineering, electronic engineering,  information engineering ",9,0,0,1,0,0,0,0,0,0.3078677,18,NA,"Electrical engineering, electronic engineering,  information engineering ",0,NA
562559,"83",2016,"female","Natural Sciences",63815,2017,"Q1",1,1,1,1,1,1,1,1,1,1,0,"","",1,0,2,"jpn","N","N",4,1,2,1,0,0,0,"first","2017-10-26",1,2017,NA,NA,3,2,1,0,1,"Chemical sciences",3,1,1,1,0,0,0,0,0,1.8820279,22,NA,"Chemical sciences",0,0
106914,"84",2012,"male","Natural Sciences",94888,2012,"Q1",1,1,1,1,1,0,0,0,0,0,0,"","",0,1,1,"usa","N","N",1,1,0,0,0,0,0,"first","",1,2012,3,NA,1,0,0,0,0,"Computer and information sciences",2,0,0,1,0,0,0,0,0,0.997810335,10,NA,"Computer and information sciences",0,NA
237118,"85",2013,"female","Natural Sciences",40341,2013,"Q1",1,1,1,1,1,0,0,0,0,0,0,"","",0,1,1,"ind","N","N",3,1,0,2,0,0,0,"first","",1,2013,NA,NA,1,0,0,0,0,"Computer and information sciences",3,0,0,1,0,0,0,0,0,0.22241126,16,1,"Computer and information sciences",0,NA
300172,"86",2014,"male","Medical and Health Sciences",90088,2014,"Q1",1,1,1,1,1,0,0,0,0,0,0,"","",0,0,1,"usa","N","N",5,2,0,3,0,0,0,"first","",1,2014,NA,NA,2,1,0,0,0,"Clinical medicine",4,0,0,1,0,0,0,0,0,2.06250935,14,1,"Clinical medicine",0,NA
395725,"87",2015,"female","Engineering and Technology",46623,2016,"Q1",1,1,1,1,1,0,0,0,0,0,0,"","",0,0,2,"kor","N","N",2,1,1,0,0,0,0,"first","",1,2016,11,1,2,1,0,0,0,"Mechanical engineering",2,0,0,1,0,0,0,0,0,0.55558735,14,NA,"Mechanical engineering",0,NA
182246,"88",2013,"female","Natural Sciences",46414,2013,"Q1",1,2,1,2,1,NA,NA,0,0,0,0,"","",0,1,1,"can","N","Y",3,1,1,1,0,0,0,"first","",1,2013,12,NA,1,0,0,0,0,"Biological sciences",9,0,0,1,0,0,0,0,0,0.7491698,18,1,"Biological sciences",0,NA
296485,"89",2014,"male","Natural Sciences",57295,2015,"Q3",1,1,1,1,1,NA,NA,0,0,0,0,"","",0,0,2,"chn","N","N",2,1,1,0,0,0,0,"first","",1,2015,4,10,2,1,0,0,0,"Chemical sciences",3,0,0,1,0,0,0,0,0,0.10705437,2,1,"Chemical sciences",0,NA
498094,"90",2016,"female","Medical and Health Sciences",32381,2017,"Q3",1,1,1,1,1,NA,NA,0,0,0,0,"","",0,0,2,"ind","N","N",3,1,2,0,0,0,0,"first","",1,2017,11,1,3,2,0,0,0,"Clinical medicine",5,0,0,1,0,0,0,0,0,0.33474007,14,1,"Clinical medicine",0,NA
271106,"91",2014,"male","Social Sciences",73251,2014,"Q2",1,1,1,1,1,0,0,0,0,0,0,"","",0,1,1,"gbr","N","N",1,1,0,0,0,0,0,"first","",1,2014,NA,NA,1,0,0,0,0,"Other social sciences",1,0,0,0,0,0,0,0,0,0,1,NA,"Other social sciences",0,NA
561792,"92",2016,"female","Medical and Health Sciences",95352,2017,"Q1",1,1,1,1,1,0,0,0,0,0,0,"","",0,0,2,"chn","N","N",5,2,3,0,0,0,0,"first","",1,2017,4,1,4,3,0,0,0,"Basic medical research",11,0,0,1,0,0,0,0,0,2.77177175,21,NA,"Basic medical research",0,NA
4064,"93",2012,"male","Medical and Health Sciences",14213,2013,"Q2",1,1,1,1,1,0,0,0,0,0,0,"","",0,0,2,"can","N","N",3,1,2,0,0,0,0,"first","",1,2013,NA,NA,3,2,0,0,0,"Basic medical research",12,0,0,1,0,0,0,0,0,0,2,NA,"Basic medical research",0,NA
149363,"94",2013,"male","Natural Sciences",50346,2013,"Q2",1,1,1,1,1,5,3,5,5,1,0,"","",1,0,1,"usa","N","N",3,2,0,1,0,0,0,"first","2013-08-29",1,2013,NA,NA,1,0,5,0,1,"Biological sciences",3,0,0,1,0,0,0,0,0,2.2705536,18,1,"Biological sciences",0,0
1510,"95",2012,"male","Agricultural Sciences",39117,2013,"Others",1,1,1,1,1,NA,NA,0,0,0,0,"","",0,0,2,"chn","N","N",4,1,2,1,0,0,0,"first","",1,2013,4,NA,2,1,0,0,0,"Agricultural Sciences",4,0,0,1,0,0,0,0,0,0.36011904,8,1,"Agricultural Sciences",0,NA
226878,"96",2013,"female","Medical and Health Sciences",47748,2013,"Q4",1,1,1,1,1,NA,NA,0,0,0,0,"","",0,1,1,"ind","N","N",1,1,0,0,0,0,0,"first","",1,2013,6,NA,1,0,0,0,0,"Clinical medicine",2,0,0,1,0,0,0,0,0,0,1,NA,"Clinical medicine",0,NA
367535,"97",2015,"male","Natural Sciences",73783,2015,"Q2",1,1,1,1,1,NA,NA,0,0,0,0,"","",0,0,1,"kor","N","N",2,2,0,0,0,0,0,"first","",1,2015,5,5,1,0,0,0,0,"Electrical engineering, electronic engineering,  information engineering ",6,0,0,1,0,0,0,0,0,0.6342557,18,NA,"Electrical engineering, electronic engineering,  information engineering ",0,NA
114168,"98",2012,"male","Medical and Health Sciences",13207,2012,"Q2",1,1,1,1,1,1,1,1,1,1,0,"","",1,0,1,"usa","N","N",2,2,0,0,0,0,0,"first","2012-03-29",1,2012,NA,NA,2,1,1,0,1,"Basic medical research",5,0,0,1,0,0,0,0,0,1.6941572,17,NA,"Basic medical research",0,0
391778,"99",2015,"male","Natural Sciences",52969,2015,"Q2",1,2,1,2,1,NA,NA,0,0,0,0,"","",0,1,1,"chn","N","Y",4,2,1,1,0,0,0,"first","",1,2015,1,13,1,0,0,0,0,"Other engineering and technologies",5,0,0,1,0,0,0,0,0,0.9811983,19,NA,"Other engineering and technologies",0,NA
80235,"100",2012,"female","Medical and Health Sciences",32112,2012,"Q1",1,1,1,1,1,NA,NA,0,0,0,0,"","",0,1,1,"deu","N","N",2,1,0,1,0,0,0,"first","",1,2012,4,28,1,0,0,0,0,"Basic medical research",6,0,0,1,0,0,0,0,0,1.31731125,17,NA,"Basic medical research",0,NA
507369,"101",2016,"male","Engineering and Technology",97212,2016,"Q2",1,2,1,2,1,NA,NA,0,0,0,0,"","",0,1,1,"chn","N","Y",1,1,0,0,0,0,0,"first","",1,2016,8,5,1,0,0,0,0,"Other engineering and technologies",3,0,0,1,0,0,0,0,0,0.71343255,16,1,"Other engineering and technologies",0,NA
249136,"102",2014,"male","Natural Sciences",11766,2014,"Q1",1,1,1,1,1,NA,NA,0,0,0,0,"","",0,1,1,"jpn","N","N",5,1,3,1,0,0,0,"first","",1,2014,NA,NA,1,0,0,0,0,"Earth and related environmental sciences",2,0,0,1,0,0,0,0,0,0.32554945,19,NA,"Earth and related environmental sciences",0,NA
300716,"103",2014,"male","Medical and Health Sciences",68545,2015,"Others",1,1,1,1,1,0,0,0,0,0,0,"","",0,0,2,"usa","N","N",3,1,1,1,0,0,0,"first","",1,2015,NA,NA,2,1,0,0,0,"Clinical medicine",4,0,0,1,0,0,0,0,0,0,3,NA,"Clinical medicine",0,NA
315948,"104",2014,"male","Medical and Health Sciences",42428,2014,"Q1",1,1,1,1,1,2,2,2,2,1,0,"","",1,0,1,"usa","N","N",3,2,0,1,0,0,0,"first","2014-02-19",1,2014,2,NA,1,0,2,0,1,"Biological sciences",7,0,0,1,2,0,1,0,1,3.46823925,19,NA,"Biological sciences",0,1
173741,"105",2013,"female","Natural Sciences",24709,2015,"Q3",1,1,1,1,1,NA,NA,0,0,0,0,"","",0,0,3,"rus","N","N",4,1,1,2,0,0,0,"first","",1,2015,12,1,4,3,0,0,0,"Earth and related environmental sciences",3,0,0,1,0,0,0,0,0,0.35735166,19,1,"Earth and related environmental sciences",0,NA
338735,"106",2014,"male","Medical and Health Sciences",19055,2014,"Q2",1,1,1,1,1,3,3,3,3,1,0,"","",1,1,1,"usa","N","N",3,1,0,2,0,0,0,"first","2014-08-17",1,2014,7,3,1,0,3,0,1,"Clinical medicine",4,0,0,1,0,0,0,0,0,1.6575094,18,1,"Clinical medicine",0,0
61653,"107",2012,"male","Natural Sciences",30508,2012,"Q2",1,3,1,3,1,NA,NA,0,0,0,0,"","",0,1,1,"usa","N","Y",3,2,0,1,0,0,0,"first","",1,2012,NA,NA,2,1,0,0,0,"Clinical medicine",9,0,0,1,0,0,0,0,0,1.4318496,17,NA,"Clinical medicine",0,NA
403902,"108",2015,"male","Natural Sciences",61317,2017,"Q1",1,1,1,1,1,0,0,0,0,0,0,"","",0,0,3,"gbr","N","N",6,1,0,5,0,0,0,"first","",1,2017,NA,NA,6,5,0,0,0,"Materials engineering",15,0,0,1,0,0,0,0,0,4.791327,22,NA,"Materials engineering",0,NA
527733,"109",2016,"male","Medical and Health Sciences",74166,2017,"Q1",1,1,1,1,1,1,1,1,1,1,0,"","",1,0,2,"usa","N","N",18,2,9,7,0,1,1,"first","2017-09-01",1,2017,7,3,4,3,1,0,1,"Clinical medicine",4,0,0,1,0,0,0,0,0,1.167251,22,NA,"Clinical medicine",0,0
387505,"110",2015,"male","Natural Sciences",83710,2015,"Q1",1,1,1,1,1,4,4,4,4,1,0,"","",1,1,1,"usa","N","N",3,2,0,1,0,0,0,"first","2014-05-28",1,2015,1,1,1,0,4,0,1,"Biological sciences",3,0,0,1,2,0,1,0,1,1.6070964,12,NA,"Biological sciences",0,1
170359,"111",2013,"male","Natural Sciences",53319,2015,"Q2",1,1,1,1,1,NA,NA,0,0,0,0,"","",0,0,3,"chn","N","N",7,1,2,4,0,0,0,"first","",1,2015,5,10,5,4,0,0,0,"Physical sciences and astronomy",5,0,0,1,0,0,0,0,0,0.65591115,20,NA,"Physical sciences and astronomy",0,NA
137630,"112",2013,"male","Medical and Health Sciences",29378,2015,"Q1",1,2,1,2,1,0,0,0,0,0,0,"","",0,0,3,"usa","N","Y",2,1,0,1,0,0,0,"first","",1,2015,NA,NA,2,1,0,0,0,"Basic medical research",8,0,0,1,0,0,0,0,0,1.5045455,19,NA,"Basic medical research",0,NA
359681,"113",2015,"male","Medical and Health Sciences",74684,2015,"Q1",1,1,1,1,1,2,2,2,2,1,0,"","",1,0,1,"aus","N","N",5,2,1,2,0,0,0,"first","2015-04-16",1,2015,6,1,1,0,2,0,1,"Clinical medicine",5,0,0,1,1,0,1,0,1,1.9030216,19,1,"Clinical medicine",0,0
355527,"114",2014,"female","Agricultural Sciences",38006,2014,"Q1",1,1,1,1,1,0,0,0,0,0,0,"","",0,1,1,"chn","N","N",1,1,0,0,0,0,0,"first","",1,2014,8,12,1,0,0,0,0,"Agricultural Sciences",12,0,0,1,0,0,0,0,0,0.6913202675,19,NA,"Agricultural Sciences",0,NA
16399,"115",2012,"male","Natural Sciences",37745,2014,"Q2",1,2,1,2,1,NA,NA,0,0,0,0,"","",0,0,3,"rus","N","Y",2,1,0,1,0,0,0,"first","",1,2014,NA,NA,2,1,0,0,0,"Materials engineering",7,0,0,1,0,0,0,0,0,0.65948772,19,NA,"Materials engineering",0,NA
477210,"116",2016,"male","Engineering and Technology",45617,2016,"Others",1,1,1,1,1,NA,NA,0,0,0,0,"","",0,1,1,"deu","N","N",3,1,0,2,0,0,0,"first","",1,2016,9,1,1,0,0,0,0,"Health sciences",4,0,0,1,0,0,0,0,0,0.34040314,20,NA,"Health sciences",0,NA
108883,"117",2012,"female","Natural Sciences",67697,2014,"Q2",1,1,1,1,1,4,4,4,4,1,0,"","",1,0,3,"fra","N","N",3,1,1,1,0,0,0,"first","2014-12-15",1,2014,11,1,3,2,4,0,1,"Chemical sciences",5,0,0,1,0,0,0,0,0,0.7023716,17,NA,"Chemical sciences",0,0
549005,"118",2016,"male","Medical and Health Sciences",89993,2017,"Q2",1,1,1,1,1,2,2,2,2,1,0,"","",1,0,2,"aus","N","N",2,1,1,0,0,0,0,"first","2018-06-22",1,2017,10,2,2,1,2,0,1,"Clinical medicine",9,0,0,1,0,0,0,0,0,1.0328795,22,NA,"Clinical medicine",0,0
250879,"119",2014,"male","Humanities",76493,2014,"Q1",1,1,1,1,1,0,0,0,0,0,0,"","",0,1,1,"gbr","N","N",2,1,0,1,0,0,0,"first","",1,2014,10,2,1,0,0,0,0,"Humanities",1,0,0,0,0,0,0,0,0,0,1,NA,"Humanities",0,NA
6610,"120",2012,"male","Natural Sciences",80459,2012,"Q1",1,1,1,1,1,NA,NA,0,0,0,0,"","",0,1,1,"chn","N","N",9,1,2,6,0,0,0,"first","",1,2012,8,29,1,0,0,0,0,"Chemical sciences",8,0,0,1,0,0,0,0,0,1.0195421,10,NA,"Chemical sciences",0,NA
472833,"121",2016,"male","Medical and Health Sciences",26146,2018,"Q1",1,1,1,1,1,1,1,1,1,1,1,"2021-12-23","#PLOSONE: The effects of individual and community-level factors on maternal health outcomes in Ghana https://t.co/A2U3TebXC2",0,0,3,"can","N","N",5,1,0,4,0,0,1,"first","2021-12-23",1,2018,11,1,5,4,0,1,0,"Agricultural Sciences",5,0,0,1,0,0,0,0,0,0,3,NA,"Agricultural Sciences",1,0
420621,"122",2015,"female","Natural Sciences",78643,2016,"Q1",1,1,1,1,1,0,0,0,0,0,0,"","",0,0,2,"che","N","N",2,1,1,0,0,0,0,"first","",1,2016,3,21,2,1,0,0,0,"Computer and information sciences",2,0,0,1,0,0,0,0,0,0.96595865,19,NA,"Computer and information sciences",0,NA
202307,"123",2013,"female","Medical and Health Sciences",75439,2013,"Q1",1,1,1,1,1,1,1,2,2,1,0,"","",1,1,1,"chn","N","N",4,1,2,1,0,0,0,"first","2013-05-05",1,2013,5,4,1,0,1,0,1,"Health sciences",10,0,0,1,2,0,1,0,1,1.655742,18,NA,"Health sciences",0,0
164207,"124",2013,"female","Natural Sciences",72858,2015,"Q1",1,1,2,2,1,1,1,1,1,1,0,"","",1,0,3,"usa","Y","Y",10,2,4,4,0,0,0,"first","2015-04-27",1,2015,6,1,10,9,1,0,1,"Chemical sciences",10,0,0,1,0,0,0,0,0,2.5870373,20,NA,"Chemical sciences",0,0
383092,"125",2015,"male","Medical and Health Sciences",84518,2015,"Q1",1,1,1,1,1,0,0,0,0,0,0,"","",0,0,1,"usa","N","N",7,2,3,2,0,0,0,"first","",1,2015,NA,NA,2,1,0,0,0,"Health sciences",5,0,0,1,0,0,0,0,0,1.7841403,20,NA,"Health sciences",0,NA
11178,"126",2012,"female","Medical and Health Sciences",68092,2014,"Q1",1,1,1,1,1,NA,NA,0,0,0,0,"","",0,0,3,"bra","N","N",3,1,1,1,0,0,0,"first","",1,2014,12,2,3,2,0,0,0,"Biological sciences",9,0,0,1,0,0,0,0,0,1.7162061,19,1,"Basic medical research",0,NA
255781,"127",2014,"male","Natural Sciences",73005,2014,"Q1",2,3,2,3,1,NA,NA,0,0,0,0,"","",0,1,1,"fra","Y","Y",3,1,0,2,0,0,0,"first","",1,2014,8,4,1,0,0,0,0,"Other natural sciences",5,0,0,1,0,0,0,0,0,2.0509694,18,NA,"Other natural sciences",0,NA
390908,"128",2015,"female","Social Sciences",66220,2015,"Q3",1,1,1,1,1,1,1,1,1,1,0,"","",1,1,1,"swe","N","N",1,1,0,0,0,0,0,"first","2015-08-27",1,2015,3,1,1,0,1,0,1,"Economics",1,0,0,0,0,0,0,0,0,0,1,1,"Economics",0,0
67248,"129",2012,"female","Medical and Health Sciences",28030,2012,"Q2",1,1,1,1,1,2,2,2,2,1,0,"","",1,1,1,"chn","N","N",5,1,4,0,0,0,0,"first","2012-11-23",1,2012,11,NA,1,0,2,0,1,"Clinical medicine",9,0,0,1,0,0,0,0,0,0.24698911,17,1,"Clinical medicine",0,0
540988,"130",2016,"female","Social Sciences",14306,2016,"Q1",1,1,1,1,1,1,1,1,1,1,0,"","",1,1,1,"usa","N","N",2,1,0,1,0,0,0,"first","2017-01-10",1,2016,12,1,1,0,1,0,1,"Sociology and political science",1,0,0,0,0,0,0,0,0,0,1,NA,"Sociology and political science",0,0
93785,"131",2012,"female","Agricultural Sciences",85348,2012,"Q1",1,1,1,1,1,NA,NA,0,0,0,0,"","",0,1,1,"usa","N","N",1,1,0,0,0,0,0,"first","",1,2012,12,NA,1,0,0,0,0,"Agricultural Sciences",4,0,0,1,0,0,0,0,0,1.06461,17,NA,"Agricultural Sciences",0,NA
213532,"132",2013,"female","Engineering and Technology",92562,2013,"Q1",1,1,1,1,1,NA,NA,0,0,0,0,"","",0,1,1,"kor","N","N",2,2,0,0,0,0,0,"first","",1,2013,8,NA,1,0,0,0,0,"Computer and information sciences",2,0,0,1,0,0,0,0,0,1.956604,18,NA,"Computer and information sciences",0,NA
36615,"133",2012,"male","Engineering and Technology",26826,2012,"Q2",1,1,1,1,1,0,0,0,0,0,0,"","",0,0,1,"usa","N","N",2,2,0,0,0,0,0,"first","",1,2012,9,1,2,1,0,0,0,"Clinical medicine",2,0,0,1,0,0,0,0,0,1.5409259,17,NA,"Clinical medicine",0,NA
323637,"134",2014,"male","Natural Sciences",42674,2014,"Q1",1,1,1,1,1,1,1,1,1,1,0,"","",1,0,1,"chn","N","N",6,3,2,1,0,0,0,"first","2014-07-25",1,2014,12,5,2,1,1,0,1,"Chemical sciences",4,0,0,1,0,0,0,0,0,1.9665374,15,NA,"Chemical sciences",0,0
563176,"135",2016,"male","Social Sciences",32033,2016,"Q2",1,1,1,1,1,0,0,0,0,0,0,"","",0,1,1,"usa","N","N",1,1,0,0,0,0,0,"first","",1,2016,2,1,1,0,0,0,0,"Other social sciences",1,0,0,0,0,0,0,0,0,0,1,NA,"Other social sciences",0,NA
255953,"136",2014,"male","Natural Sciences",13843,2014,"Q2",1,2,1,2,1,NA,NA,0,0,0,0,"","",0,0,1,"chn","N","Y",2,2,0,0,0,0,0,"first","",1,2014,1,NA,1,0,0,0,0,"Electrical engineering, electronic engineering,  information engineering ",5,0,0,1,0,0,0,0,0,0.10566157,9,1,"Physical sciences and astronomy",0,NA
440610,"137",2015,"male","Medical and Health Sciences",52198,2015,"Q4",1,1,1,1,1,NA,NA,0,0,0,0,"","",0,1,1,"bra","N","N",5,1,2,2,0,0,0,"first","",1,2015,NA,NA,1,0,0,0,0,"Clinical medicine",6,0,0,1,0,0,0,0,0,0.22026865,20,1,"Clinical medicine",0,NA
477818,"138",2016,"male","Natural Sciences",27052,2016,"Q1",1,1,1,1,1,NA,NA,0,0,0,0,"","",0,1,1,"chn","N","N",2,1,1,0,0,0,0,"first","",1,2016,9,1,1,0,0,0,0,"Chemical sciences",6,0,0,1,0,0,0,0,0,3.2496169,19,NA,"Chemical sciences",0,NA
30855,"139",2012,"female","Engineering and Technology",20766,2013,"Q1",1,1,1,1,1,NA,NA,0,0,0,0,"","",0,0,2,"chn","N","N",7,1,3,3,0,0,0,"first","",1,2013,NA,NA,4,3,0,0,0,"Other engineering and technologies",5,0,0,1,0,0,0,0,0,0.7537031,16,NA,"Other engineering and technologies",0,NA
6949,"140",2012,"male","Natural Sciences",27463,2014,"Q1",1,1,1,1,1,4,4,4,4,1,0,"","",1,0,3,"fra","N","N",3,1,0,2,0,0,0,"first","2013-11-06",1,2014,4,NA,2,1,4,0,1,"Earth and related environmental sciences",8,0,0,1,0,0,0,0,0,2.1920784,18,NA,"Earth and related environmental sciences",0,0
448060,"141",2015,"male","Medical and Health Sciences",73937,2015,"Q2",1,1,1,1,1,NA,NA,0,0,0,0,"","",0,1,1,"jpn","N","N",3,1,0,2,0,0,0,"first","",1,2015,12,2,1,0,0,0,0,"Clinical medicine",8,0,0,1,0,0,0,0,0,0.7015552,20,1,"Clinical medicine",0,NA
66082,"142",2012,"male","Medical and Health Sciences",13921,2012,"Q3",1,1,1,1,1,5,3,5,5,1,0,"","",1,1,1,"can","N","N",3,1,1,1,0,0,0,"first","2012-02-04",1,2012,12,NA,1,0,5,0,1,"Clinical medicine",2,0,0,1,0,0,0,0,0,1.0480327,17,NA,"Clinical medicine",0,0
340824,"143",2014,"female","Medical and Health Sciences",76375,2015,"Q1",1,1,1,1,1,1,1,1,1,1,0,"","",1,0,2,"jpn","N","N",2,1,1,0,0,0,0,"first","2015-06-09",1,2015,6,8,2,1,1,0,1,"Health sciences",10,0,0,1,0,0,0,0,0,0.95327932,20,NA,"Health sciences",0,0
199894,"144",2013,"male","Medical and Health Sciences",93197,2013,"Q1",1,1,1,1,1,4,4,4,4,1,1,"2014-04-29","Is high intensity exercise best for boosting metabolism? http://t.co/c7H7iKTK9Q have a look at our research findings! #metabolic #health",1,1,1,"gbr","N","N",1,1,0,0,1,0,0,"first","2013-10-09",1,2013,12,NA,1,0,3,0,0,"Clinical medicine",4,0,0,1,0,0,0,0,0,1.2921895,18,NA,"Clinical medicine",1,0
417124,"145",2015,"female","Medical and Health Sciences",73848,2015,"Q4",1,1,1,1,1,0,0,0,0,0,0,"","",0,1,1,"chn","N","N",2,1,1,0,0,0,0,"first","",1,2015,12,1,1,0,0,0,0,"Health sciences",2,0,0,1,0,0,0,0,0,0.10044326,3,1,"Health sciences",0,NA
263545,"146",2014,"male","Natural Sciences",52366,2014,"Q1",1,2,1,2,1,NA,NA,0,0,0,0,"","",0,1,1,"chn","N","Y",2,1,1,0,0,0,0,"first","",1,2014,11,1,1,0,0,0,0,"Mathematics",5,0,0,1,0,0,0,0,0,2.205612,13,NA,"Mathematics",0,NA
397458,"147",2015,"female","Natural Sciences",12324,2017,"Q1",1,1,1,1,1,14,14,14,14,1,0,"","",1,0,3,"deu","N","N",4,1,1,2,0,0,0,"first","2017-05-22",1,2017,7,1,3,2,14,0,1,"Biological sciences",6,1,1,1,5,0,1,0,1,1.5230975,14,NA,"Biological sciences",0,0
415131,"148",2015,"female","Social Sciences",87217,2015,"Q1",1,1,1,1,1,NA,NA,0,0,0,0,"","",0,1,1,"can","N","N",2,1,0,1,0,0,0,"first","",1,2015,4,1,1,0,0,0,0,"Psychology",4,0,0,1,0,0,0,0,0,1.6590359,14,NA,"Psychology",0,NA
196404,"149",2013,"male","Medical and Health Sciences",32039,2013,"Q1",1,1,1,1,1,1,1,1,1,1,0,"","",1,1,1,"usa","N","N",3,1,1,1,0,0,0,"first","2013-12-06",1,2013,12,NA,1,0,1,0,1,"Clinical medicine",3,0,0,1,0,0,0,0,0,0.7733456,10,1,"Clinical medicine",0,0
204868,"150",2013,"male","Medical and Health Sciences",56625,2013,"Q3",1,1,1,1,1,0,0,0,0,0,0,"","",0,1,1,"gbr","N","N",6,1,0,5,0,0,0,"first","",1,2013,2,NA,1,0,0,0,0,"Clinical medicine",2,0,0,1,0,0,0,0,0,0.15125817,14,1,"Clinical medicine",0,NA
417834,"151",2015,"male","Natural Sciences",11503,2015,"Q2",1,1,1,1,1,0,0,0,0,0,0,"","",0,1,1,"usa","N","N",1,1,0,0,0,0,0,"first","",1,2015,12,1,1,0,0,0,0,"Mathematics",4,0,0,1,0,0,0,0,0,0,1,1,"Mathematics",0,NA
467254,"152",2016,"male","Natural Sciences",20233,2016,"Q2",1,1,1,1,1,NA,NA,0,0,0,0,"","",0,0,1,"chn","N","N",8,2,3,3,0,0,0,"first","",1,2016,6,1,1,0,0,0,0,"Earth and related environmental sciences",4,0,0,1,0,0,0,0,0,0.7100965,16,NA,"Earth and related environmental sciences",0,NA
151599,"153",2013,"female","Natural Sciences",30325,2013,"Q1",1,1,1,1,1,NA,NA,0,0,0,0,"","",0,0,1,"chn","N","N",8,2,3,3,0,0,0,"first","",1,2013,7,7,1,0,0,0,0,"Chemical sciences",5,0,0,1,0,0,0,0,0,0.88907708,17,NA,"Chemical sciences",0,NA
311441,"154",2014,"female","Medical and Health Sciences",39369,2015,"Q2",1,1,1,1,1,1,1,1,1,1,0,"","",1,0,2,"chn","N","N",4,1,2,1,0,0,0,"first","2015-06-19",1,2015,2,1,2,1,1,0,1,"Chemical sciences",5,0,0,1,0,0,0,0,0,1.6290095,18,NA,"Chemical sciences",0,0
47786,"155",2012,"male","Natural Sciences",26219,2012,"Q1",1,1,1,1,1,NA,NA,0,0,0,0,"","",0,0,1,"irn","N","N",4,3,1,0,0,0,0,"first","",1,2012,5,NA,1,0,0,0,0,"Physical sciences and astronomy",4,0,0,1,0,0,0,0,0,1.0613035,8,NA,"Physical sciences and astronomy",0,NA
217686,"156",2013,"male","Engineering and Technology",26523,2013,"Q3",1,1,1,1,1,NA,NA,0,0,0,0,"","",0,1,1,"mys","N","N",1,1,0,0,0,0,0,"first","",1,2013,NA,NA,1,0,0,0,0,"Other engineering and technologies",4,0,0,1,0,0,0,0,0,0.38184515,5,1,"Other engineering and technologies",0,NA
389445,"157",2015,"male","Medical and Health Sciences",12943,2015,"Q3",1,1,1,1,1,1,1,1,1,1,0,"","",1,1,1,"chn","N","N",1,1,0,0,0,0,0,"first","2015-12-27",1,2015,12,1,1,0,1,0,1,"Clinical medicine",7,0,0,1,1,0,1,0,1,1.8845669,4,NA,"Clinical medicine",0,1
81208,"158",2012,"female","Natural Sciences",19110,2012,"Q1",1,1,1,1,1,1,1,1,1,1,0,"","",1,1,1,"kor","N","N",1,1,0,0,0,0,0,"first","2017-03-11",1,2012,1,NA,1,0,1,0,1,"Clinical medicine",4,0,0,1,0,0,0,0,0,0.8538511,17,NA,"Clinical medicine",0,0
62987,"159",2012,"female","Medical and Health Sciences",54557,2012,"Q2",1,1,1,1,1,0,0,0,0,0,0,"","",0,1,1,"chn","N","N",7,1,4,2,0,0,0,"first","",1,2012,10,1,1,0,0,0,0,"Biological sciences",6,0,0,1,0,0,0,0,0,0.7225076,6,NA,"Biological sciences",0,NA
415533,"160",2015,"male","Natural Sciences",51972,2015,"Q1",1,2,1,2,1,NA,NA,0,0,0,0,"","",0,1,1,"chn","N","Y",1,1,0,0,0,0,0,"first","",1,2015,11,1,1,0,0,0,0,"Biological sciences",5,0,0,1,0,0,0,0,0,0.574505,14,NA,"Biological sciences",0,NA
30806,"161",2012,"male","Natural Sciences",94654,2014,"Q1",1,1,1,1,1,1,1,1,1,1,0,"","",1,0,3,"deu","N","N",4,1,1,2,0,0,0,"first","2015-05-13",1,2014,3,27,3,2,1,0,1,"Clinical medicine",7,0,0,1,1,0,1,0,1,2.09825715,19,1,"Clinical medicine",0,0
465019,"162",2016,"male","Natural Sciences",35040,2018,"Q1",1,1,1,1,1,NA,NA,0,0,0,0,"","",0,0,3,"chn","N","N",2,1,0,1,0,0,0,"first","",1,2018,12,1,2,1,0,0,0,"Computer and information sciences",6,0,0,1,0,0,0,0,0,0.79862823,23,NA,"Computer and information sciences",0,NA
54097,"163",2012,"male","Engineering and Technology",49774,2012,"Q2",1,1,1,1,1,NA,NA,0,0,0,0,"","",0,0,1,"kor","N","N",5,2,0,3,0,0,0,"first","",1,2012,1,NA,1,0,0,0,0,"Mechanical engineering",2,0,0,1,0,0,0,0,0,0.33169085,16,NA,"Mechanical engineering",0,NA
107368,"164",2012,"male","Medical and Health Sciences",11104,2012,"Q1",1,1,1,1,1,3,3,3,3,1,0,"","",1,1,1,"nld","N","N",2,1,1,0,0,0,0,"first","2012-07-10",1,2012,9,NA,1,0,3,0,1,"Clinical medicine",4,0,0,1,0,0,0,0,0,1.2338502,17,1,"Clinical medicine",0,0
339519,"165",2014,"male","Natural Sciences",72357,2014,"Q1",1,1,1,1,1,NA,NA,0,0,0,0,"","",0,1,1,"chn","N","N",1,1,0,0,0,0,0,"first","",1,2014,NA,NA,1,0,0,0,0,"Physical sciences and astronomy",3,0,0,1,0,0,0,0,0,0.26656693,10,NA,"Physical sciences and astronomy",0,NA
212832,"166",2013,"male","Medical and Health Sciences",30660,2013,"Q1",1,1,1,1,1,0,0,0,0,0,0,"","",0,1,1,"gbr","N","N",3,1,0,2,0,0,0,"first","",1,2013,NA,NA,1,0,0,0,0,"Clinical medicine",4,0,0,1,0,0,0,0,0,0.49968904,18,1,"Clinical medicine",0,NA
461451,"167",2015,"female","Natural Sciences",76787,2015,"Q3",1,1,1,1,1,NA,NA,0,0,0,0,"","",0,1,1,"mys","N","N",6,3,1,2,0,0,0,"first","",1,2015,10,1,2,1,0,0,0,"Other social sciences",5,0,0,1,0,0,0,0,0,0.9009441,1,NA,"Other social sciences",0,NA
15320,"168",2012,"male","Natural Sciences",93439,2013,"Q1",1,1,1,1,1,NA,NA,0,0,0,0,"","",0,0,2,"chn","N","N",8,3,3,2,0,0,0,"first","",1,2013,2,7,4,3,0,0,0,"Materials engineering",11,0,0,1,0,0,0,0,0,4.910429,16,NA,"Materials engineering",0,NA
213698,"169",2013,"female","Medical and Health Sciences",39061,2013,"Q2",1,1,1,1,1,0,0,0,0,0,0,"","",0,1,1,"usa","N","N",1,1,0,0,0,0,0,"first","",1,2013,NA,NA,1,0,0,0,0,"Basic medical research",4,0,0,1,0,0,0,0,0,1.2028948,18,NA,"Basic medical research",0,NA
364545,"170",2015,"female","Engineering and Technology",31136,2016,"Q1",1,2,1,2,1,NA,NA,0,0,0,0,"","",0,0,2,"chn","N","Y",3,1,1,1,0,0,0,"first","",1,2016,8,25,2,1,0,0,0,"Electrical engineering, electronic engineering,  information engineering ",7,0,0,1,0,0,0,0,0,0.7624555,19,NA,"Electrical engineering, electronic engineering,  information engineering ",0,NA
374903,"171",2015,"female","Medical and Health Sciences",36733,2015,"Q3",1,1,1,1,1,NA,NA,0,0,0,0,"","",0,0,1,"gbr","N","N",2,2,0,0,0,0,0,"first","",1,2015,1,1,1,0,0,0,0,"Clinical medicine",4,0,0,1,0,0,0,0,0,0.73320746,11,1,"Clinical medicine",0,NA
63776,"172",2012,"female","Medical and Health Sciences",91823,2012,"Q2",1,1,1,1,1,1,1,1,1,1,0,"","",1,1,1,"fra","N","N",1,1,0,0,0,0,0,"first","",1,2012,3,NA,1,0,1,0,1,"Clinical medicine",9,0,0,1,0,0,0,0,0,0.9503561,16,NA,"Clinical medicine",0,0
251334,"173",2014,"male","Natural Sciences",94892,2014,"Q2",1,1,1,1,1,NA,NA,0,0,0,0,"","",0,1,1,"bra","N","N",3,1,1,1,0,0,0,"first","",1,2014,NA,NA,1,0,0,0,0,"Agricultural Sciences",3,0,0,1,0,0,0,0,0,0.47704062,17,1,"Agricultural Sciences",0,NA
456498,"174",2015,"male","Natural Sciences",90609,2015,"Q1",1,1,1,2,1,NA,NA,0,0,0,0,"","",0,0,1,"chn","N","Y",4,2,2,0,0,0,0,"first","",1,2015,1,15,1,0,0,0,0,"Earth and related environmental sciences",8,0,0,1,0,0,0,0,0,2.63170735,7,NA,"Earth and related environmental sciences",0,NA
291504,"175",2014,"male","Natural Sciences",45301,2016,"Q1",1,1,1,1,1,2,2,2,2,1,0,"","",1,0,3,"gbr","N","N",4,1,0,3,0,0,0,"first","2015-10-06",1,2016,2,1,2,1,2,0,1,"Chemical sciences",8,0,0,1,1,0,1,0,1,1.0274739,21,1,"Chemical sciences",0,0
360692,"176",2015,"male","Medical and Health Sciences",63861,2017,"Q3",1,1,1,1,1,NA,NA,0,0,0,0,"","",0,0,3,"jpn","N","N",2,1,0,1,0,0,0,"first","",1,2017,6,24,2,1,0,0,0,"Clinical medicine",2,0,0,1,0,0,0,0,0,1.1447698,3,NA,"Clinical medicine",0,NA
209848,"177",2013,"male","Natural Sciences",33814,2013,"Q1",1,1,1,1,1,0,0,0,0,0,0,"","",0,1,1,"usa","N","N",2,2,0,0,0,0,0,"first","",1,2013,4,18,1,0,0,0,0,"Chemical sciences",3,0,0,1,0,0,0,0,0,2.34534335,4,NA,"Chemical sciences",0,NA
111670,"178",2012,"male","Medical and Health Sciences",44954,2012,"Q1",1,1,1,2,1,NA,NA,0,0,0,0,"","",0,1,1,"gbr","N","Y",1,1,0,0,0,0,0,"first","",1,2012,7,NA,1,0,0,0,0,"Clinical medicine",2,0,0,1,0,0,0,0,0,0,1,1,"Clinical medicine",0,NA
295589,"179",2014,"male","Natural Sciences",56979,2014,"Q1",1,1,1,1,1,NA,NA,0,0,0,0,"","",0,1,1,"jpn","N","N",2,1,0,1,0,0,0,"first","",1,2014,8,5,1,0,0,0,0,"Materials engineering",3,0,0,1,0,0,0,0,0,0.7777279,19,NA,"Materials engineering",0,NA
253286,"180",2014,"male","Natural Sciences",32624,2015,"Q2",1,2,1,2,1,NA,NA,0,0,0,0,"","",0,0,2,"chn","N","Y",2,1,1,0,0,0,0,"first","",1,2015,NA,NA,2,1,0,0,0,"Earth and related environmental sciences",7,0,0,1,0,0,0,0,0,3.13537,14,NA,"Earth and related environmental sciences",0,NA
176867,"181",2013,"male","Engineering and Technology",27308,2013,"Q1",1,1,1,1,1,NA,NA,0,0,0,0,"","",0,1,1,"ita","N","N",2,1,1,0,0,0,0,"first","",1,2013,NA,NA,1,0,0,0,0,"Other natural sciences",4,0,0,1,0,0,0,0,0,3.5899322,16,NA,"Other natural sciences",0,NA
271342,"182",2014,"female","Natural Sciences",15627,2014,"Q2",1,1,2,2,1,NA,NA,0,0,0,0,"","",0,1,1,"bra","Y","Y",2,1,0,1,0,0,0,"first","",1,2014,NA,NA,1,0,0,0,0,"Agricultural Sciences",6,0,0,1,0,0,0,0,0,1.0230582,19,NA,"Agricultural Sciences",0,NA
55515,"183",2012,"female","Natural Sciences",35262,2012,"Q1",1,1,1,1,1,2,2,2,2,1,0,"","",1,0,1,"gbr","N","N",4,2,2,0,0,0,0,"first","2011-12-28",1,2012,1,10,1,0,2,0,1,"Biological sciences",7,0,0,1,0,0,0,0,0,5.83713775,17,NA,"Biological sciences",0,1
32514,"184",2012,"female","Natural Sciences",85009,2014,"Q2",1,1,1,1,1,1,1,1,1,1,0,"","",1,0,3,"kor","N","N",32,5,16,11,0,0,0,"first","2014-10-28",1,2014,NA,NA,27,26,1,0,1,"Biological sciences",5,0,0,1,1,0,1,0,1,0.529832385,15,NA,"Biological sciences",0,0
214052,"185",2013,"male","Medical and Health Sciences",92507,2013,"Q2",1,1,1,1,1,NA,NA,0,0,0,0,"","",0,1,1,"chn","N","N",1,1,0,0,0,0,0,"first","",1,2013,4,1,1,0,0,0,0,"Clinical medicine",6,0,0,1,0,0,0,0,0,1.1976467,1,1,"Clinical medicine",0,NA
514580,"186",2016,"female","Natural Sciences",36801,2016,"Q1",1,1,1,1,1,2,2,2,2,1,0,"","",1,1,1,"usa","N","N",2,1,0,1,0,0,0,"first","2016-05-05",1,2016,5,27,1,0,2,0,1,"Biological sciences",3,0,0,1,0,0,0,0,0,0.96637654,14,1,"Biological sciences",0,0
187879,"187",2013,"female","Medical and Health Sciences",87704,2013,"Q2",1,1,1,2,1,0,0,0,0,0,0,"","",0,1,1,"gbr","N","Y",3,1,2,0,0,0,0,"first","",1,2013,10,NA,1,0,0,0,0,"Other engineering and technologies",7,0,0,1,0,0,0,0,0,1.2178093,18,NA,"Other engineering and technologies",0,NA
308356,"188",2014,"male","Natural Sciences",68379,2014,"Q3",1,1,1,1,1,0,0,0,0,0,0,"","",0,1,1,"gbr","N","N",4,2,0,2,0,0,0,"first","",1,2014,NA,NA,1,0,0,0,0,"Physical sciences and astronomy",5,0,0,1,0,0,0,0,0,0.49771094,19,NA,"Physical sciences and astronomy",0,NA
29863,"189",2012,"female","Medical and Health Sciences",34005,2013,"Q3",1,1,1,1,1,NA,NA,0,0,0,0,"","",0,0,2,"usa","N","N",8,1,3,4,0,0,0,"first","",1,2013,1,NA,2,1,0,0,0,"Health sciences",4,0,0,1,0,0,0,0,0,1.84713565,18,NA,"Health sciences",0,NA
315043,"190",2014,"female","Natural Sciences",70946,2016,"Q1",1,1,1,1,1,1,1,1,1,1,0,"","",1,0,3,"kor","N","N",6,1,1,4,0,0,0,"first","2016-10-26",1,2016,11,22,4,3,1,0,1,"Chemical sciences",9,0,0,1,0,0,0,0,0,1.5546005,18,NA,"Chemical sciences",0,0
422948,"191",2015,"female","Natural Sciences",74512,2015,"Q1",1,1,1,1,1,1,1,1,1,1,0,"","",1,1,1,"can","N","N",2,1,0,1,0,0,0,"first","2015-03-24",1,2015,NA,NA,1,0,1,0,1,"Biological sciences",2,0,0,1,1,0,1,0,1,0.226425275,20,NA,"Biological sciences",0,0
547660,"192",2016,"female","Natural Sciences",95452,2016,"Q1",1,1,1,1,1,0,0,0,0,0,0,"","",0,1,1,"swe","N","N",2,1,0,1,0,0,0,"first","",1,2016,8,1,1,0,0,0,0,"Earth and related environmental sciences",2,0,0,1,0,0,0,0,0,1.25428065,21,1,"Earth and related environmental sciences",0,NA
323805,"193",2014,"male","Natural Sciences",55284,2015,"Q1",1,2,1,2,1,NA,NA,0,0,0,0,"","",0,0,2,"ind","N","Y",6,2,3,1,0,0,0,"first","",1,2015,NA,NA,4,3,0,0,0,"Chemical engineering",2,0,0,1,0,0,0,0,0,0,2,NA,"Chemical engineering",0,NA
397174,"194",2015,"male","Social Sciences",81102,2015,"Q2",1,1,1,1,1,NA,NA,0,0,0,0,"","",0,0,1,"can","N","N",5,2,3,0,0,0,0,"first","",1,2015,6,10,1,0,0,0,0,"Sociology and political science",1,0,0,0,0,0,0,0,0,0,1,1,"Sociology and political science",0,NA
313364,"195",2014,"male","Natural Sciences",69157,2015,"Q1",1,1,1,1,1,NA,NA,0,0,0,0,"","",0,0,2,"kor","N","N",4,2,1,1,0,0,0,"first","",1,2015,5,1,3,2,0,0,0,"Earth and related environmental sciences",6,0,0,1,0,0,0,0,0,0.8039649,15,1,"Earth and related environmental sciences",0,NA
424481,"196",2015,"female","Medical and Health Sciences",90408,2015,"Q2",1,1,1,1,1,1,1,1,1,1,0,"","",1,1,1,"bra","N","N",1,1,0,0,0,0,0,"first","2015-11-18",1,2015,3,15,1,0,1,0,1,"Basic medical research",8,0,0,1,1,0,1,0,1,0.865589135,20,1,"Basic medical research",0,0
533090,"197",2016,"male","Medical and Health Sciences",19219,2016,"Q1",1,1,1,1,1,NA,NA,0,0,0,0,"","",0,1,1,"deu","N","N",3,1,2,0,0,0,0,"first","",1,2016,12,1,1,0,0,0,0,"Basic medical research",6,0,0,1,0,0,0,0,0,1.6617204,2,NA,"Basic medical research",0,NA
476076,"198",2016,"male","Natural Sciences",63936,2016,"Q1",1,1,1,1,1,NA,NA,0,0,0,0,"","",0,0,1,"chn","N","N",3,2,0,1,0,0,0,"first","",1,2016,7,1,1,0,0,0,0,"Electrical engineering, electronic engineering,  information engineering ",3,0,0,1,0,0,0,0,0,2.9526696,14,NA,"Electrical engineering, electronic engineering,  information engineering ",0,NA
76401,"199",2012,"female","Natural Sciences",97982,2012,"Q2",1,1,1,1,1,1,1,1,1,1,0,"","",1,1,1,"gbr","N","N",2,1,1,0,0,0,0,"first","2011-12-06",1,2012,2,9,1,0,1,0,1,"Chemical sciences",3,0,0,1,1,0,1,0,1,0.95607775,17,NA,"Chemical sciences",0,0
299006,"200",2014,"male","Natural Sciences",19307,2015,"Q2",1,1,1,1,1,NA,NA,0,0,0,0,"","",0,0,2,"chn","N","N",2,1,1,0,0,0,0,"first","",1,2015,6,1,2,1,0,0,0,"Materials engineering",6,0,0,1,0,0,0,0,0,0.37220425,19,NA,"Materials engineering",0,NA
268488,"201",2014,"male","Humanities",60490,2014,"Q3",1,1,1,1,1,0,0,0,0,0,0,"","",0,1,1,"usa","N","N",3,1,0,2,0,0,0,"first","",1,2014,12,19,1,0,0,0,0,"Humanities",2,0,0,1,0,0,0,0,0,0,11,1,"Humanities",0,NA
222041,"202",2013,"male","Social Sciences",63630,2013,"Q1",1,1,1,1,1,NA,NA,0,0,0,0,"","",0,1,1,"jpn","N","N",1,1,0,0,0,0,0,"first","",1,2013,6,NA,1,0,0,0,0,"Economics",2,0,0,1,0,0,0,0,0,0.16483635,1,1,"Economics",0,NA
284560,"203",2014,"male","Natural Sciences",90356,2016,"Q3",1,1,1,1,1,NA,NA,0,0,0,0,"","",0,0,3,"chn","N","N",8,1,1,6,0,0,0,"first","",1,2016,6,1,5,4,0,0,0,"Computer and information sciences",3,0,0,1,0,0,0,0,0,0.33218002,21,NA,"Computer and information sciences",0,NA
271026,"204",2014,"male","Natural Sciences",69116,2014,"Q1",1,1,1,1,1,NA,NA,0,0,0,0,"","",0,1,1,"jpn","N","N",5,1,3,1,0,0,0,"first","",1,2014,NA,NA,1,0,0,0,0,"Mathematics",3,0,0,1,0,0,0,0,0,1.584358,19,1,"Mathematics",0,NA
97477,"205",2012,"male","Social Sciences",51747,2012,"Q2",1,1,1,1,1,2,2,2,2,1,1,"","",1,1,1,"aus","N","N",4,1,1,2,1,1,0,"first","2012-05-10",1,2012,NA,NA,1,0,2,0,0,"Sociology and political science",1,0,0,0,0,0,0,0,0,0,1,NA,"Sociology and political science",1,0
76001,"206",2012,"female","Agricultural Sciences",65013,2012,"Q1",1,1,1,1,1,1,1,1,1,1,0,"","",1,1,1,"usa","N","N",3,1,1,1,0,0,0,"first","2011-12-30",1,2012,3,NA,1,0,1,0,1,"Agricultural Sciences",6,0,0,1,0,0,0,0,0,1.0125046,16,1,"Agricultural Sciences",0,0
129220,"207",2013,"male","Humanities",75114,2013,"Q1",1,1,1,1,1,NA,NA,0,0,0,0,"","",0,1,1,"irn","N","N",1,1,0,0,0,0,0,"first","",1,2013,7,1,1,0,0,0,0,"Humanities",2,0,0,1,0,0,0,0,0,0,1,1,"Humanities",0,NA
82804,"208",2012,"male","Natural Sciences",24976,2012,"Q3",1,1,1,1,1,NA,NA,0,0,0,0,"","",0,0,1,"chn","N","N",5,2,0,3,0,0,0,"first","",1,2012,9,NA,1,0,0,0,0,"Computer and information sciences",2,0,0,1,0,0,0,0,0,0.51658206,17,1,"Computer and information sciences",0,NA
46313,"209",2012,"male","Natural Sciences",87170,2012,"Q1",1,1,1,1,1,0,0,0,0,0,0,"","",0,0,1,"usa","N","N",5,2,1,2,0,0,0,"first","",1,2012,8,1,1,0,0,0,0,"Physical sciences and astronomy",2,0,0,1,0,0,0,0,0,1.18389605,17,NA,"Physical sciences and astronomy",0,NA
461457,"210",2015,"male","Medical and Health Sciences",87561,2015,"Q1",1,1,1,1,1,1,1,1,1,1,0,"","",1,1,1,"usa","N","N",3,1,0,2,0,0,0,"first","2016-02-29",1,2015,12,1,1,0,1,0,1,"Clinical medicine",4,0,0,1,0,0,0,0,0,0.3275212,11,1,"Clinical medicine",0,0
439038,"211",2015,"female","Natural Sciences",29848,2015,"Q1",1,2,1,4,1,6,5,6,6,1,0,"","",1,0,1,"deu","N","Y",2,2,0,0,0,0,0,"first","2015-07-04",1,2015,7,3,1,0,6,0,1,"Physical sciences and astronomy",11,1,1,1,0,0,0,0,0,2.3143796,19,NA,"Physical sciences and astronomy",0,0
254301,"212",2014,"male","Medical and Health Sciences",41719,2014,"Q3",1,1,1,1,1,0,0,0,0,0,0,"","",0,1,1,"jpn","N","N",3,1,1,1,0,0,0,"first","",1,2014,NA,NA,1,0,0,0,0,"Clinical medicine",12,0,0,1,0,0,0,0,0,1.742295175,19,1,"Clinical medicine",0,NA
342041,"213",2014,"female","Medical and Health Sciences",75570,2014,"Q4",1,1,1,1,1,NA,NA,0,0,0,0,"","",0,1,1,"usa","N","N",2,1,1,0,0,0,0,"first","",1,2014,NA,NA,1,0,0,0,0,"Health sciences",1,0,0,0,0,0,0,0,0,0,1,1,"Health sciences",0,NA
426211,"214",2015,"male","Medical and Health Sciences",17577,2015,"Q2",1,1,1,1,1,1,1,1,1,1,0,"","",1,1,1,"usa","N","N",3,1,1,1,0,0,0,"first","2015-08-06",1,2015,8,6,1,0,1,0,1,"Basic medical research",4,0,0,1,0,0,0,0,0,1.4615899,20,1,"Basic medical research",0,0
42080,"215",2012,"male","Natural Sciences",29335,2012,"Q2",1,1,1,1,1,NA,NA,0,0,0,0,"","",0,1,1,"kor","N","N",3,2,1,0,0,0,0,"first","",1,2012,NA,NA,1,0,0,0,0,"Electrical engineering, electronic engineering,  information engineering ",4,0,0,1,0,0,0,0,0,1.2490341,10,NA,"Electrical engineering, electronic engineering,  information engineering ",0,NA
248897,"216",2014,"male","Natural Sciences",12867,2014,"Q2",1,1,1,2,1,NA,NA,0,0,0,0,"","",0,1,1,"usa","N","Y",3,1,0,2,0,0,0,"first","",1,2014,NA,NA,1,0,0,0,0,"Biological sciences",3,0,0,1,0,0,0,0,0,2.1664741,19,NA,"Biological sciences",0,NA
226000,"217",2013,"male","Natural Sciences",88316,2013,"Q1",1,1,1,2,1,0,0,0,0,0,0,"","",0,1,1,"usa","N","Y",1,1,0,0,0,0,0,"first","",1,2013,NA,NA,1,0,0,0,0,"Computer and information sciences",5,0,0,1,0,0,0,0,0,1.8459625,13,1,"Computer and information sciences",0,NA
210301,"218",2013,"male","Medical and Health Sciences",78589,2013,"Q1",1,1,1,1,1,NA,NA,0,0,0,0,"","",0,1,1,"can","N","N",5,1,1,3,0,0,0,"first","",1,2013,NA,NA,1,0,0,0,0,"Clinical medicine",2,0,0,1,0,0,0,0,0,0.6792933,18,NA,"Clinical medicine",0,NA
231213,"219",2013,"female","Humanities",60716,2013,"Q3",1,1,1,1,1,0,0,0,0,0,0,"","",0,1,1,"nld","N","N",1,1,0,0,0,0,0,"first","",1,2013,NA,NA,1,0,0,0,0,"Humanities",1,0,0,0,0,0,0,0,0,0,1,1,"Humanities",0,NA
247746,"220",2014,"male","Medical and Health Sciences",34816,2014,"Q1",1,1,1,1,1,12,8,12,12,1,0,"","",1,1,1,"swe","N","N",4,3,1,0,0,0,0,"first","2013-09-24",1,2014,2,NA,1,0,12,0,1,"Clinical medicine",8,0,0,1,0,0,0,0,0,2.3011942,19,1,"Clinical medicine",0,1
487120,"221",2016,"female","Humanities",54966,2016,"Q1",2,2,2,2,1,0,0,0,0,0,0,"","",0,1,1,"usa","Y","Y",1,1,0,0,0,0,0,"first","",1,2016,9,30,1,0,0,0,0,"Humanities",1,0,0,0,0,0,0,0,0,0,1,1,"Humanities",0,NA
406947,"222",2015,"female","Medical and Health Sciences",69513,2016,"Q2",1,1,1,1,1,1,1,1,1,1,0,"","",1,0,2,"chn","N","N",4,1,2,1,0,0,0,"first","2016-01-23",1,2016,4,1,2,1,1,0,1,"Basic medical research",7,0,0,1,0,0,0,0,0,1.229451,21,1,"Clinical medicine",0,0
258386,"223",2014,"male","Humanities",48533,2014,"Q2",1,1,1,1,1,NA,NA,0,0,0,0,"","",0,1,1,"usa","N","N",1,1,0,0,0,0,0,"first","",1,2014,NA,NA,1,0,0,0,0,"Humanities",1,0,0,0,0,0,0,0,0,0,1,NA,"Humanities",0,NA
505213,"224",2016,"male","Medical and Health Sciences",54049,2016,"Q2",1,1,1,1,1,NA,NA,0,0,0,0,"","",0,1,1,"kor","N","N",5,1,2,2,0,0,0,"first","",1,2016,NA,NA,1,0,0,0,0,"Clinical medicine",8,0,0,1,0,0,0,0,0,0.92391212,20,NA,"Clinical medicine",0,NA
556811,"225",2016,"male","Medical and Health Sciences",59039,2016,"Q1",1,2,1,2,1,3,3,3,3,1,0,"","",1,1,1,"deu","N","Y",5,1,1,3,0,0,0,"first","2016-03-23",1,2016,9,1,1,0,3,0,1,"Basic medical research",5,0,0,1,1,0,1,0,1,0.68552166,21,NA,"Basic medical research",0,0
150420,"226",2013,"male","Medical and Health Sciences",57266,2014,"Q1",1,2,1,2,1,NA,NA,0,0,0,0,"","",0,0,2,"chn","N","Y",3,1,1,1,0,0,0,"first","",1,2014,NA,NA,1,0,0,0,0,"Clinical medicine",8,0,0,1,0,0,0,0,0,1.588098,17,1,"Clinical medicine",0,NA
308916,"227",2014,"male","Natural Sciences",37329,2016,"Q1",1,1,1,1,1,NA,NA,0,0,0,0,"","",0,0,3,"kor","N","N",5,3,1,1,0,0,0,"first","",1,2016,3,1,5,4,0,0,0,"Agricultural Sciences",6,0,0,1,0,0,0,0,0,0.9264756,14,NA,"Agricultural Sciences",0,NA
30474,"228",2012,"male","Engineering and Technology",75044,2014,"Q3",1,1,1,1,1,NA,NA,0,0,0,0,"","",0,0,3,"chn","N","N",5,1,2,2,0,0,0,"first","",1,2014,NA,NA,5,4,0,0,0,"Materials engineering",5,0,0,1,0,0,0,0,0,0.25868452,3,NA,"Materials engineering",0,NA
64742,"229",2012,"male","Engineering and Technology",81844,2012,"Q2",1,1,1,1,1,NA,NA,0,0,0,0,"","",0,1,1,"chn","N","N",1,1,0,0,0,0,0,"first","",1,2012,4,NA,1,0,0,0,0,"Materials engineering",4,0,0,1,0,0,0,0,0,0.450035495,12,NA,"Materials engineering",0,NA
422646,"230",2015,"male","Engineering and Technology",41712,2015,"Q2",1,1,1,1,1,NA,NA,0,0,0,0,"","",0,1,1,"chn","N","N",5,1,0,4,0,0,0,"first","",1,2015,10,10,1,0,0,0,0,"Electrical engineering, electronic engineering,  information engineering ",6,0,0,1,0,0,0,0,0,1.2649333,14,NA,"Electrical engineering, electronic engineering,  information engineering ",0,NA
281927,"231",2014,"male","Natural Sciences",19741,2014,"Q1",1,1,1,1,1,NA,NA,0,0,0,0,"","",0,0,1,"kor","N","N",3,2,0,1,0,0,0,"first","",1,2014,4,15,1,0,0,0,0,"Biological sciences",12,0,0,1,0,0,0,0,0,1.0286028,19,NA,"Biological sciences",0,NA
81793,"232",2012,"male","Natural Sciences",52445,2012,"Q1",1,1,1,1,1,0,0,0,0,0,0,"","",0,1,1,"usa","N","N",1,1,0,0,0,0,0,"first","",1,2012,3,16,1,0,0,0,0,"Biological sciences",6,0,0,1,0,0,0,0,0,1.271912,17,1,"Biological sciences",0,NA
416510,"233",2015,"female","Engineering and Technology",36374,2016,"Q1",1,1,1,1,1,NA,NA,0,0,0,0,"","",0,0,2,"usa","N","N",2,1,1,0,0,0,0,"first","",1,2016,7,1,2,1,0,0,0,"Materials engineering",9,0,0,1,0,0,0,0,0,1.28761355,21,NA,"Materials engineering",0,NA
58318,"234",2012,"male","Engineering and Technology",14389,2012,"Q4",1,1,1,1,1,NA,NA,0,0,0,0,"","",0,1,1,"deu","N","N",1,1,0,0,0,0,0,"first","",1,2012,4,25,1,0,0,0,0,"Economics",4,0,0,1,0,0,0,0,0,0,5,NA,"Economics",0,NA
387120,"235",2015,"male","Natural Sciences",70116,2016,"Q1",1,1,1,1,1,NA,NA,0,0,0,0,"","",0,0,2,"chn","N","N",5,1,3,1,0,0,0,"first","",1,2016,11,1,3,2,0,0,0,"Earth and related environmental sciences",6,0,0,1,0,0,0,0,0,0.5493008,17,NA,"Earth and related environmental sciences",0,NA
439947,"236",2015,"male","Social Sciences",90056,2015,"Q3",1,1,1,1,1,NA,NA,0,0,0,0,"","",0,1,1,"jpn","N","N",1,1,0,0,0,0,0,"first","",1,2015,NA,NA,1,0,0,0,0,"Earth and related environmental sciences",1,0,0,0,0,0,0,0,0,0,1,NA,"Earth and related environmental sciences",0,NA
457381,"237",2015,"female","Engineering and Technology",27830,2015,"Q1",1,1,1,1,1,NA,NA,0,0,0,0,"","",0,1,1,"chn","N","N",3,1,2,0,0,0,0,"first","",1,2015,9,1,1,0,0,0,0,"Chemical sciences",3,0,0,1,0,0,0,0,0,0.6266644,16,NA,"Chemical sciences",0,NA
244458,"238",2013,"female","Medical and Health Sciences",61709,2013,"Q1",1,1,1,1,1,NA,NA,0,0,0,0,"","",0,1,1,"deu","N","N",1,1,0,0,0,0,0,"first","",1,2013,3,NA,1,0,0,0,0,"Clinical medicine",3,0,0,1,0,0,0,0,0,0.89935386,16,1,"Clinical medicine",0,NA
368357,"239",2015,"male","Engineering and Technology",93543,2015,"Q2",1,1,1,1,1,NA,NA,0,0,0,0,"","",0,0,1,"fra","N","N",7,2,4,1,0,0,0,"first","",1,2015,6,1,1,0,0,0,0,"Physical sciences and astronomy",2,0,0,1,0,0,0,0,0,0.5129555,20,NA,"Physical sciences and astronomy",0,NA
340265,"240",2014,"male","Medical and Health Sciences",63547,2014,"Q1",1,1,1,1,1,0,0,0,0,0,0,"","",0,1,1,"usa","N","N",4,1,1,2,0,0,0,"first","",1,2014,9,19,1,0,0,0,0,"Health sciences",2,0,0,1,0,0,0,0,0,1.500679,6,NA,"Health sciences",0,NA
370501,"241",2015,"female","Natural Sciences",31483,2015,"Q1",1,1,1,1,1,1,1,1,1,1,1,"2015-01-08","SUMOylation regulates Polo-like kinase 1-interacting checkpoint helicase (PICH) during mitosis. http://t.co/lw9yBHPmne",0,0,1,"usa","N","N",4,2,1,1,1,0,0,"first","2015-01-08",1,2015,2,6,1,0,1,0,1,"Biological sciences",4,0,0,1,1,0,1,0,1,0.88427645,15,1,"Biological sciences",0,0
306574,"242",2014,"male","Medical and Health Sciences",76344,2016,"Q1",1,1,1,1,1,4,4,4,4,1,0,"","",1,0,3,"usa","N","N",2,1,0,1,0,0,0,"first","2016-06-01",1,2016,5,31,1,0,4,0,1,"Health sciences",6,0,0,1,0,1,0,1,1,2.7958586,21,NA,"Health sciences",0,0
334857,"243",2014,"male","Medical and Health Sciences",71989,2014,"Q1",1,1,1,1,1,1,1,1,1,1,0,"","",1,1,1,"aus","N","N",3,1,1,1,0,0,0,"first","2015-04-14",1,2014,7,1,1,0,1,0,1,"Biological sciences",11,0,0,1,1,0,1,0,1,1.6049583,19,1,"Clinical medicine",0,0
381827,"244",2015,"male","Engineering and Technology",41721,2015,"Q1",1,1,1,1,1,NA,NA,0,0,0,0,"","",0,0,1,"kor","N","N",4,2,0,2,0,0,0,"first","",1,2015,3,17,1,0,0,0,0,"Mechanical engineering",2,0,0,1,0,0,0,0,0,0.88461115,16,NA,"Mechanical engineering",0,NA
493971,"245",2016,"female","Natural Sciences",46237,2017,"Q2",1,1,1,1,1,5,5,5,5,1,0,"","",1,0,2,"usa","N","N",4,3,1,0,0,0,0,"first","2022-01-10",1,2017,11,13,4,3,5,0,1,"Basic medical research",6,0,0,1,0,0,0,0,0,1.0999537,10,NA,"Basic medical research",0,0
556052,"246",2016,"male","Natural Sciences",48315,2016,"Q1",1,1,1,1,1,2,1,2,2,1,0,"","",1,1,1,"usa","N","N",2,1,1,0,0,0,0,"first","2016-03-10",1,2016,NA,NA,1,0,2,0,1,"Biological sciences",2,0,0,1,2,0,1,0,1,0.15081602,17,NA,"Biological sciences",0,0
404326,"247",2015,"male","Natural Sciences",39573,2015,"Q4",1,1,1,1,1,NA,NA,0,0,0,0,"","",0,1,1,"chn","N","N",1,1,0,0,0,0,0,"first","",1,2015,9,1,1,0,0,0,0,"Chemical sciences",3,0,0,1,0,0,0,0,0,0.51399124,17,NA,"Chemical sciences",0,NA
453882,"248",2015,"male","Medical and Health Sciences",66308,2015,"Q1",1,1,1,1,1,2,1,2,2,1,0,"","",1,1,1,"usa","N","N",3,1,0,2,0,0,0,"first","2015-08-18",1,2015,8,1,1,0,2,0,1,"Clinical medicine",7,0,0,1,0,0,0,0,0,1.73557615,20,1,"Clinical medicine",0,0
500238,"249",2016,"male","Medical and Health Sciences",86543,2018,"Q3",1,2,1,2,1,NA,NA,0,0,0,0,"","",0,0,3,"chn","N","Y",2,1,0,1,0,0,0,"first","",1,2018,5,1,2,1,0,0,0,"Clinical medicine",7,0,0,1,0,0,0,0,0,0.7474326,3,1,"Chemical sciences",0,NA
55837,"250",2012,"female","Natural Sciences",83960,2012,"Q2",1,1,1,1,1,NA,NA,0,0,0,0,"","",0,0,1,"chn","N","N",4,2,2,0,0,0,0,"first","",1,2012,9,NA,2,1,0,0,0,"Chemical sciences",6,0,0,1,0,0,0,0,0,0.5163849,17,NA,"Chemical sciences",0,NA
97964,"251",2012,"male","Medical and Health Sciences",99770,2012,"Q1",1,1,1,1,1,NA,NA,0,0,0,0,"","",0,1,1,"deu","N","N",5,1,1,3,0,0,0,"first","",1,2012,11,NA,1,0,0,0,0,"Clinical medicine",7,0,0,1,0,0,0,0,0,1.4340022,17,1,"Clinical medicine",0,NA
340794,"252",2014,"male","Social Sciences",94387,2014,"Q1",1,1,1,1,1,1,1,1,1,1,0,"","",1,1,1,"usa","N","N",1,1,0,0,0,0,0,"first","2015-04-10",1,2014,1,NA,1,0,1,0,1,"Other social sciences",1,0,0,0,0,0,0,0,0,0,1,NA,"Other social sciences",0,0
456623,"253",2015,"male","Engineering and Technology",26141,2015,"Q1",1,1,2,2,1,NA,NA,0,0,0,0,"","",0,1,1,"che","Y","Y",1,1,0,0,0,0,0,"first","",1,2015,6,5,1,0,0,0,0,"Other engineering and technologies",4,0,0,1,0,0,0,0,0,3.6770976,19,NA,"Other engineering and technologies",0,NA
191757,"254",2013,"male","Natural Sciences",23128,2013,"Q1",1,1,1,1,1,0,0,0,0,0,0,"","",0,1,1,"chn","N","N",5,1,2,2,0,0,0,"first","",1,2013,NA,NA,1,0,0,0,0,"Computer and information sciences",5,0,0,1,0,0,0,0,0,2.8214302,18,1,"Computer and information sciences",0,NA
267136,"255",2014,"male","Natural Sciences",42762,2014,"Q1",1,1,1,1,1,NA,NA,0,0,0,0,"","",0,1,1,"chn","N","N",13,3,3,7,0,0,0,"first","",1,2014,12,1,2,1,0,0,0,"Chemical sciences",9,0,0,1,0,0,0,0,0,3.1740444,11,NA,"Chemical sciences",0,NA
322027,"256",2014,"female","Natural Sciences",12882,2014,"Q2",1,1,1,1,1,NA,NA,0,0,0,0,"","",0,0,1,"chn","N","N",3,2,0,1,0,0,0,"first","",1,2014,12,1,1,0,0,0,0,"Computer and information sciences",4,0,0,1,0,0,0,0,0,1.9304607,8,NA,"Computer and information sciences",0,NA
243170,"257",2013,"female","Medical and Health Sciences",25427,2013,"Q1",1,1,2,3,1,NA,NA,0,0,0,0,"","",0,1,1,"swe","Y","Y",1,1,0,0,0,0,0,"first","",1,2013,3,NA,1,0,0,0,0,"Clinical medicine",6,0,0,1,0,0,0,0,0,1.0449702,18,NA,"Clinical medicine",0,NA
420646,"258",2015,"male","Natural Sciences",37778,2015,"Q1",1,1,1,1,1,NA,NA,0,0,0,0,"","",0,0,1,"usa","N","N",21,8,9,4,0,0,0,"first","",1,2015,NA,NA,7,6,0,0,0,"Physical sciences and astronomy",10,0,0,1,0,0,0,0,0,3.7274733,20,NA,"Physical sciences and astronomy",0,NA
135174,"259",2013,"female","Humanities",55227,2014,"Q1",2,2,2,2,1,0,0,0,0,0,0,"","",0,0,2,"deu","Y","Y",5,2,2,1,0,0,0,"first","",1,2014,3,NA,3,2,0,0,0,"Humanities",2,0,0,1,0,0,0,0,0,1.7726606,10,NA,"Humanities",0,NA
330407,"260",2014,"male","Natural Sciences",96344,2014,"Q3",1,1,1,1,1,NA,NA,0,0,0,0,"","",0,1,1,"usa","N","N",2,1,0,1,0,0,0,"first","",1,2014,NA,NA,1,0,0,0,0,"Chemical engineering",3,0,0,1,0,0,0,0,0,1.3603047,18,NA,"Chemical engineering",0,NA
480741,"261",2016,"male","Engineering and Technology",28952,2018,"Q2",1,1,1,1,1,NA,NA,0,0,0,0,"","",0,0,3,"chn","N","N",4,1,1,2,0,0,0,"first","",1,2018,5,1,3,2,0,0,0,"Materials engineering",4,0,0,1,0,0,0,0,0,0.502148495,18,NA,"Materials engineering",0,NA
438014,"262",2015,"female","Medical and Health Sciences",29918,2015,"Q1",1,1,1,1,1,4,4,4,4,1,0,"","",1,1,1,"usa","N","N",1,1,0,0,0,0,0,"first","2015-06-05",1,2015,6,4,1,0,4,0,1,"Health sciences",13,0,0,1,1,0,1,0,1,3.5229065,20,NA,"Health sciences",0,0
194222,"263",2013,"female","Natural Sciences",67572,2013,"Q4",1,1,1,1,1,NA,NA,0,0,0,0,"","",0,1,1,"chn","N","N",3,1,1,1,0,0,0,"first","",1,2013,10,NA,1,0,0,0,0,"Biological sciences",7,0,0,1,0,0,0,0,0,0.19425502,13,1,"Biological sciences",0,NA
309119,"264",2014,"male","Agricultural Sciences",45300,2014,"Q1",1,1,1,1,1,NA,NA,0,0,0,0,"","",0,1,1,"usa","N","N",1,1,0,0,0,0,0,"first","",1,2014,NA,NA,1,0,0,0,0,"Agricultural Sciences",4,0,0,1,0,0,0,0,0,2.2514417,19,1,"Agricultural Sciences",0,NA
511946,"265",2016,"female","Engineering and Technology",28645,2016,"Q1",1,1,1,1,1,NA,NA,0,0,0,0,"","",0,1,1,"chn","N","N",3,1,1,1,0,0,0,"first","",1,2016,NA,NA,1,0,0,0,0,"Chemical sciences",8,0,0,1,0,0,0,0,0,1.8399617,21,NA,"Chemical sciences",0,NA
126791,"266",2013,"female","Medical and Health Sciences",79844,2013,"Q1",1,1,1,1,1,1,1,1,1,1,0,"","",1,1,1,"usa","N","N",1,1,0,0,0,0,0,"first","",1,2013,7,NA,1,0,1,0,1,"Clinical medicine",2,0,0,1,0,0,0,0,0,1.2505627,16,NA,"Clinical medicine",0,0
230986,"267",2013,"female","Social Sciences",38848,2013,"Q2",1,1,2,2,1,NA,NA,0,0,0,0,"","",0,1,1,"gbr","Y","Y",1,1,0,0,0,0,0,"first","",1,2013,4,2,1,0,0,0,0,"Economics",4,0,0,1,0,0,0,0,0,0.5022997,11,1,"Economics",0,NA
110603,"268",2012,"male","Social Sciences",33239,2012,"Q2",1,1,1,1,1,NA,NA,0,0,0,0,"","",0,1,1,"usa","N","N",3,2,1,0,0,0,0,"first","",1,2012,1,1,1,0,0,0,0,"Humanities",1,0,0,0,0,0,0,0,0,0,1,NA,"Humanities",0,NA
371303,"269",2015,"male","Medical and Health Sciences",46507,2015,"Q3",1,1,1,1,1,NA,NA,0,0,0,0,"","",0,0,1,"jpn","N","N",13,4,5,4,0,0,0,"first","",1,2015,11,1,2,1,0,0,0,"Clinical medicine",7,0,0,1,0,0,0,0,0,1.44016015,20,1,"Clinical medicine",0,NA
295220,"270",2014,"male","Natural Sciences",60341,2014,"Q2",1,2,1,2,1,NA,NA,0,0,0,0,"","",0,1,1,"rus","N","Y",3,1,1,1,0,0,0,"first","",1,2014,2,NA,1,0,0,0,0,"Earth and related environmental sciences",1,0,0,0,0,0,0,0,0,0,1,1,"Earth and related environmental sciences",0,NA
120790,"271",2012,"male","Social Sciences",88643,2012,"Q1",1,1,1,1,1,0,0,0,0,0,0,"","",0,1,1,"esp","N","N",2,1,0,1,0,0,0,"first","",1,2012,12,NA,1,0,0,0,0,"Computer and information sciences",4,0,0,1,0,0,0,0,0,0,1,NA,"Computer and information sciences",0,NA
343958,"272",2014,"male","Medical and Health Sciences",80341,2014,"Q4",1,1,1,1,1,3,2,3,3,1,0,"","",1,1,1,"fra","N","N",2,1,0,1,0,0,0,"first","2013-11-26",1,2014,1,NA,1,0,3,0,1,"Health sciences",1,0,0,0,0,0,0,0,0,0,1,1,"Health sciences",0,0
308922,"273",2014,"female","Medical and Health Sciences",14271,2014,"Q1",1,1,1,1,1,3,3,3,3,1,0,"","",1,0,1,"usa","N","N",2,2,0,0,0,0,0,"first","2014-07-01",1,2014,NA,NA,2,1,3,0,1,"Clinical medicine",7,0,0,1,0,0,0,0,0,1.9447787,19,1,"Clinical medicine",0,0
217720,"274",2013,"female","Natural Sciences",82549,2013,"Q1",1,1,1,1,1,1,1,1,1,1,0,"","",1,1,1,"can","N","N",1,1,0,0,0,0,0,"first","2013-11-04",1,2013,12,NA,1,0,1,0,1,"Earth and related environmental sciences",2,0,0,1,0,0,0,0,0,1.5926714,15,NA,"Earth and related environmental sciences",0,0
327747,"275",2014,"male","Natural Sciences",59896,2014,"Q1",1,1,1,1,1,3,3,3,3,1,0,"","",1,1,1,"ind","N","N",4,1,2,1,0,0,0,"first","2014-09-15",1,2014,9,1,1,0,3,0,1,"Biological sciences",8,0,0,1,0,0,0,0,0,1.3250072,19,NA,"Biological sciences",0,0
79195,"276",2012,"male","Medical and Health Sciences",19763,2012,"Q2",1,1,1,1,1,0,0,0,0,0,0,"","",0,1,1,"fra","N","N",1,1,0,0,0,0,0,"first","",1,2012,2,1,1,0,0,0,0,"Biological sciences",6,0,0,1,0,0,0,0,0,0.86982465,15,1,"Biological sciences",0,NA
175430,"277",2013,"male","Natural Sciences",59411,2014,"Q1",1,1,1,1,1,NA,NA,0,0,0,0,"","",0,0,2,"jpn","N","N",3,1,2,0,0,0,0,"first","",1,2014,6,24,3,2,0,0,0,"Biological sciences",12,0,0,1,0,0,0,0,0,3.25235046,19,NA,"Biological sciences",0,NA
406082,"278",2015,"male","Natural Sciences",74699,2016,"Q1",1,1,1,1,1,NA,NA,0,0,0,0,"","",0,0,2,"chn","N","N",4,1,3,0,0,0,0,"first","",1,2016,7,1,3,2,0,0,0,"Biological sciences",10,0,0,1,0,0,0,0,0,1.026616,20,NA,"Biological sciences",0,NA
126524,"279",2013,"female","Natural Sciences",85284,2013,"Q1",1,1,1,1,1,NA,NA,0,0,0,0,"","",0,1,1,"chn","N","N",1,1,0,0,0,0,0,"first","",1,2013,11,15,1,0,0,0,0,"Biological sciences",2,0,0,1,0,0,0,0,0,0.36532226,10,1,"Biological sciences",0,NA
442297,"280",2015,"male","Engineering and Technology",82044,2015,"Q3",1,1,1,1,1,NA,NA,0,0,0,0,"","",0,1,1,"chn","N","N",2,2,0,0,0,0,0,"first","",1,2015,11,1,2,1,0,0,0,"Mechanical engineering",4,0,0,1,0,0,0,0,0,0.5171333,18,1,"Mechanical engineering",0,NA
166299,"281",2013,"female","Natural Sciences",18445,2013,"Q2",1,1,1,1,1,NA,NA,0,0,0,0,"","",0,0,1,"kor","N","N",2,2,0,0,0,0,0,"first","",1,2013,9,NA,2,1,0,0,0,"Physical sciences and astronomy",3,0,0,1,0,0,0,0,0,0.34779167,17,NA,"Physical sciences and astronomy",0,NA
273532,"282",2014,"female","Natural Sciences",99109,2014,"Q1",1,2,1,2,1,NA,NA,0,0,0,0,"","",0,1,1,"can","N","Y",1,1,0,0,0,0,0,"first","",1,2014,1,NA,1,0,0,0,0,"Earth and related environmental sciences",2,0,0,1,0,0,0,0,0,1.3937603,12,1,"Earth and related environmental sciences",0,NA
217372,"283",2013,"male","Natural Sciences",37060,2013,"Q1",1,1,1,1,1,2,1,2,2,1,0,"","",1,1,1,"usa","N","N",3,1,1,1,0,0,0,"first","2013-06-27",1,2013,8,15,1,0,2,0,1,"Biological sciences",15,0,0,1,0,0,0,0,0,2.1370492,18,NA,"Biological sciences",0,0
32712,"284",2012,"male","Natural Sciences",80048,2013,"Q1",1,1,1,1,1,NA,NA,0,0,0,0,"","",0,0,2,"usa","N","N",4,2,2,0,0,0,0,"first","",1,2013,NA,NA,3,2,0,0,0,"Materials engineering",5,0,0,1,0,0,0,0,0,1.50701316,18,NA,"Materials engineering",0,NA
259322,"285",2014,"female","Medical and Health Sciences",24421,2014,"Q1",1,1,1,1,1,NA,NA,0,0,0,0,"","",0,1,1,"ita","N","N",1,1,0,0,0,0,0,"first","",1,2014,NA,NA,1,0,0,0,0,"Clinical medicine",9,0,0,1,0,0,0,0,0,1.3738975,19,NA,"Clinical medicine",0,NA
245120,"286",2013,"female","Engineering and Technology",79606,2013,"Q1",1,1,1,1,1,0,0,0,0,0,0,"","",0,1,1,"chn","N","N",1,1,0,0,0,0,0,"first","",1,2013,NA,NA,1,0,0,0,0,"Earth and related environmental sciences",5,0,0,1,0,0,0,0,0,2.1066825,18,NA,"Earth and related environmental sciences",0,NA
304676,"287",2014,"male","Medical and Health Sciences",29687,2015,"Others",1,1,1,1,1,2,2,2,2,1,0,"","",1,0,2,"usa","N","N",4,1,1,2,0,0,0,"first","2020-12-01",1,2015,9,1,1,0,2,0,1,"Basic medical research",6,0,0,1,0,0,0,0,0,1.1967081,20,NA,"Basic medical research",0,0
124306,"288",2013,"female","Natural Sciences",95146,2014,"Q2",1,1,1,1,1,0,0,0,0,0,0,"","",0,0,2,"gbr","N","N",4,1,3,0,0,0,0,"first","",1,2014,1,NA,2,1,0,0,0,"Biological sciences",6,0,0,1,0,0,0,0,0,1.916311,17,NA,"Biological sciences",0,NA
194103,"289",2013,"male","Natural Sciences",99259,2013,"Q2",1,1,1,1,1,NA,NA,0,0,0,0,"","",0,1,1,"usa","N","N",1,1,0,0,0,0,0,"first","",1,2013,2,NA,1,0,0,0,0,"Earth and related environmental sciences",3,0,0,1,0,0,0,0,0,0.61832815,18,NA,"Earth and related environmental sciences",0,NA
295366,"290",2014,"male","Medical and Health Sciences",16496,2014,"Q1",1,2,1,2,1,3,3,3,3,1,0,"","",1,1,1,"usa","N","Y",1,1,0,0,0,0,0,"first","2014-11-13",1,2014,12,1,1,0,3,0,1,"Health sciences",4,0,0,1,0,0,0,0,0,0.46925977,19,1,"Health sciences",0,0
183312,"291",2013,"female","Natural Sciences",87163,2013,"Q1",1,1,1,1,1,3,2,3,3,1,1,"","",1,1,1,"deu","N","N",3,1,2,0,1,1,0,"first","2013-04-29",1,2013,6,10,1,0,3,0,1,"Chemical sciences",5,0,0,1,0,0,0,0,0,1.6662424,14,NA,"Chemical sciences",0,0
532181,"292",2016,"male","Natural Sciences",78587,2018,"Q1",1,1,1,1,1,NA,NA,0,0,0,0,"","",0,0,3,"chn","N","N",3,1,0,2,0,0,0,"first","",1,2018,9,1,2,1,0,0,0,"Earth and related environmental sciences",6,0,0,1,0,0,0,0,0,0.5909989,21,1,"Earth and related environmental sciences",0,NA
287194,"293",2014,"female","Natural Sciences",41125,2015,"Q1",1,1,1,1,1,NA,NA,0,0,0,0,"","",0,0,2,"chn","N","N",7,1,4,2,0,0,0,"first","",1,2015,3,16,3,2,0,0,0,"Chemical sciences",5,0,0,1,0,0,0,0,0,1.9819732,20,NA,"Chemical sciences",0,NA
432552,"294",2015,"female","Natural Sciences",78986,2015,"Q3",1,1,1,1,1,NA,NA,0,0,0,0,"","",0,1,1,"chn","N","N",1,1,0,0,0,0,0,"first","",1,2015,8,3,1,0,0,0,0,"Economics",3,0,0,1,0,0,0,0,0,0,8,1,"Economics",0,NA
183903,"295",2013,"male","Engineering and Technology",82506,2013,"Q1",1,1,1,1,1,0,0,0,0,0,0,"","",0,1,1,"kor","N","N",1,1,0,0,0,0,0,"first","",1,2013,NA,NA,1,0,0,0,0,"Electrical engineering, electronic engineering,  information engineering ",3,0,0,1,0,0,0,0,0,0.57907782,12,NA,"Electrical engineering, electronic engineering,  information engineering ",0,NA
70768,"296",2012,"male","Natural Sciences",37605,2012,"Q2",1,1,1,1,1,NA,NA,0,0,0,0,"","",0,1,1,"usa","N","N",1,1,0,0,0,0,0,"first","",1,2012,1,NA,1,0,0,0,0,"Biological sciences",3,0,0,1,0,0,0,0,0,1.15509165,17,NA,"Biological sciences",0,NA
117040,"297",2012,"female","Natural Sciences",50681,2012,"Q4",1,1,1,1,1,NA,NA,0,0,0,0,"","",0,1,1,"deu","N","N",1,1,0,0,0,0,0,"first","",1,2012,NA,NA,1,0,0,0,0,"Chemical sciences",7,0,0,1,0,0,0,0,0,1.2673392,17,NA,"Chemical sciences",0,NA
346926,"298",2014,"female","Natural Sciences",76940,2014,"Others",1,1,1,1,1,NA,NA,0,0,0,0,"","",0,1,1,"chn","N","N",1,1,0,0,0,0,0,"first","",1,2014,NA,NA,1,0,0,0,0,"Earth and related environmental sciences",2,0,0,1,0,0,0,0,0,0.36620054,12,1,"Earth and related environmental sciences",0,NA
159202,"299",2013,"female","Engineering and Technology",43875,2015,"Q3",1,1,1,1,1,NA,NA,0,0,0,0,"","",0,0,3,"chn","N","N",2,1,0,1,0,0,0,"first","",1,2015,6,10,2,1,0,0,0,"Mechanical engineering",4,0,0,1,0,0,0,0,0,0.116264617,10,1,"Mechanical engineering",0,NA
462459,"300",2015,"male","Natural Sciences",56102,2016,"Q2",1,1,1,1,1,0,0,0,0,0,0,"","",0,0,2,"kor","N","N",5,1,1,3,0,0,0,"first","",1,2016,7,1,2,1,0,0,0,"Computer and information sciences",5,0,0,1,0,0,0,0,0,0.49845243,21,NA,"Computer and information sciences",0,NA
270353,"301",2014,"female","Medical and Health Sciences",17550,2014,"Q2",1,2,1,2,1,2,2,2,2,1,0,"","",1,1,1,"chn","N","Y",4,3,1,0,0,0,0,"first","2014-10-25",1,2014,10,25,2,1,2,0,1,"Biological sciences",8,0,0,1,0,0,0,0,0,1.0927193,14,1,"Clinical medicine",0,0
93110,"302",2012,"female","Natural Sciences",91628,2012,"Q4",1,1,1,1,1,NA,NA,0,0,0,0,"","",0,1,1,"chn","N","N",2,1,0,1,0,0,0,"first","",1,2012,6,NA,1,0,0,0,0,"Mathematics",2,0,0,1,0,0,0,0,0,0.62904777,10,1,"Mathematics",0,NA
172911,"303",2013,"male","Natural Sciences",48344,2013,"Q1",1,1,1,1,1,NA,NA,0,0,0,0,"","",0,0,1,"usa","N","N",5,2,0,3,0,0,0,"first","",1,2013,3,4,1,0,0,0,0,"Mechanical engineering",2,0,0,1,0,0,0,0,0,3.1393768,5,1,"Physical sciences and astronomy",0,NA
312615,"304",2014,"male","Medical and Health Sciences",58248,2015,"Q1",1,2,1,2,1,NA,NA,0,0,0,0,"","",0,0,2,"chn","N","Y",8,1,4,3,0,0,0,"first","",1,2015,9,14,3,2,0,0,0,"Clinical medicine",12,0,0,1,0,0,0,0,0,1.8219995,13,1,"Clinical medicine",0,NA
103757,"305",2012,"female","Engineering and Technology",42948,2012,"Q2",1,1,1,1,1,0,0,0,0,0,0,"","",0,0,1,"usa","N","N",3,3,0,0,0,0,0,"first","",1,2012,3,20,1,0,0,0,0,"Electrical engineering, electronic engineering,  information engineering ",2,0,0,1,0,0,0,0,0,1.0821675,17,1,"Electrical engineering, electronic engineering,  information engineering ",0,NA
332726,"306",2014,"male","Medical and Health Sciences",95498,2014,"Q1",1,2,1,2,1,1,1,1,1,1,0,"","",1,1,1,"usa","N","Y",2,1,1,0,0,0,0,"first","2014-12-16",1,2014,NA,NA,1,0,1,0,1,"Clinical medicine",4,0,0,1,1,0,1,0,1,1.60901285,19,1,"Clinical medicine",0,1
345782,"307",2014,"male","Medical and Health Sciences",99821,2014,"Q1",1,1,1,1,1,NA,NA,0,0,0,0,"","",0,1,1,"kor","N","N",1,1,0,0,0,0,0,"first","",1,2014,11,1,1,0,0,0,0,"Biological sciences",13,0,0,1,0,0,0,0,0,1.2588215,19,NA,"Biological sciences",0,NA
530384,"308",2016,"female","Humanities",48240,2016,"Q2",1,1,1,1,1,1,1,1,1,1,0,"","",1,1,1,"ita","N","N",3,1,0,2,0,0,0,"first","2021-07-19",1,2016,6,1,1,0,1,0,1,"Humanities",1,0,0,0,0,0,0,0,0,0,1,1,"Humanities",0,0
139400,"309",2013,"female","Medical and Health Sciences",34599,2014,"Q1",1,1,2,2,1,7,6,7,7,1,1,"2015-03-11","EPAS1 gene variants assoc. with sprint/power athletic performance in two cohorts of European athletes | 18 May 2014: http://t.co/a00tMSGjNb",1,0,2,"aus","Y","Y",10,2,1,7,0,1,1,"first","2014-05-22",1,2014,5,18,3,2,7,0,1,"Biological sciences",12,1,1,1,0,0,0,0,0,1.3569158,13,1,"Biological sciences",0,0
142575,"310",2013,"female","Medical and Health Sciences",28003,2014,"Q1",1,1,1,1,1,3,3,3,3,1,0,"","",1,0,2,"usa","N","N",4,3,1,0,0,0,0,"first","2013-09-08",1,2014,1,NA,4,3,3,0,1,"Psychology",2,0,0,1,0,0,0,0,0,1.8314816,17,NA,"Psychology",0,0
513794,"311",2016,"female","Natural Sciences",37815,2017,"Q1",1,1,1,1,1,NA,NA,0,0,0,0,"","",0,0,2,"usa","N","N",3,1,2,0,0,0,0,"first","",1,2017,NA,NA,3,2,0,0,0,"Chemical sciences",7,0,0,1,0,0,0,0,0,1.47302,16,NA,"Chemical sciences",0,NA
527281,"312",2016,"male","Natural Sciences",43298,2016,"Q1",1,2,1,2,1,NA,NA,0,0,0,0,"","",0,1,1,"chn","N","Y",1,1,0,0,0,0,0,"first","",1,2016,5,10,1,0,0,0,0,"Health sciences",12,0,0,1,0,0,0,0,0,1.0271639,21,NA,"Health sciences",0,NA
288857,"313",2014,"male","Natural Sciences",40905,2016,"Q2",1,1,1,1,1,NA,NA,0,0,0,0,"","",0,0,3,"chn","N","N",2,1,0,1,0,0,0,"first","",1,2016,12,1,2,1,0,0,0,"Materials engineering",4,0,0,1,0,0,0,0,0,0.29668462,13,NA,"Materials engineering",0,NA
562638,"314",2016,"female","Natural Sciences",26846,2016,"Q1",1,1,1,1,1,4,2,4,4,1,0,"","",1,1,1,"gbr","N","N",1,1,0,0,0,0,0,"first","2015-12-03",1,2016,NA,NA,1,0,4,0,1,"Chemical sciences",5,0,0,1,3,0,1,0,1,0.73140097,21,1,"Chemical sciences",0,0
64145,"315",2012,"male","Natural Sciences",21529,2012,"Q1",1,1,1,1,1,0,0,0,0,0,0,"","",0,1,1,"jpn","N","N",3,1,2,0,0,0,0,"first","",1,2012,NA,NA,1,0,0,0,0,"Basic medical research",10,0,0,1,0,0,0,0,0,0.88161236,17,NA,"Basic medical research",0,NA
320008,"316",2014,"male","Natural Sciences",92361,2016,"Q1",1,1,1,1,1,NA,NA,0,0,0,0,"","",0,0,3,"chn","N","N",2,1,0,1,0,0,0,"first","",1,2016,5,2,2,1,0,0,0,"Chemical sciences",7,0,0,1,0,0,0,0,0,1.464428,21,1,"Physical sciences and astronomy",0,NA
54658,"317",2012,"female","Medical and Health Sciences",96218,2013,"Q1",1,2,1,2,1,2,2,2,2,1,0,"","",1,0,2,"ita","N","Y",11,4,4,3,0,0,0,"first","2013-02-27",1,2013,8,NA,7,6,2,0,1,"Clinical medicine",8,0,0,1,0,0,0,0,0,2.314049,18,NA,"Clinical medicine",0,0
234223,"318",2013,"male","Engineering and Technology",41729,2013,"Q1",1,2,1,2,1,0,0,0,0,0,0,"","",0,1,1,"usa","N","Y",2,1,1,0,0,0,0,"first","",1,2013,9,NA,1,0,0,0,0,"Mechanical engineering",2,0,0,1,0,0,0,0,0,1.8678356,18,NA,"Mechanical engineering",0,NA
551821,"319",2016,"female","Natural Sciences",77275,2016,"Q2",1,1,1,1,1,NA,NA,0,0,0,0,"","",0,1,1,"kor","N","N",5,2,0,3,0,0,0,"first","",1,2016,3,1,1,0,0,0,0,"Electrical engineering, electronic engineering,  information engineering ",6,0,0,1,0,0,0,0,0,0.2875212,20,NA,"Electrical engineering, electronic engineering,  information engineering ",0,NA
66947,"320",2012,"female","Natural Sciences",80056,2012,"Q1",1,1,1,1,1,0,0,0,0,0,0,"","",0,1,1,"chn","N","N",2,1,1,0,0,0,0,"first","",1,2012,NA,NA,1,0,0,0,0,"Other engineering and technologies",4,0,0,1,0,0,0,0,0,0.9328797,16,NA,"Other engineering and technologies",0,NA
516598,"321",2016,"female","Medical and Health Sciences",35956,2016,"Q2",1,1,1,1,1,NA,NA,0,0,0,0,"","",0,1,1,"chn","N","N",1,1,0,0,0,0,0,"first","",1,2016,7,1,1,0,0,0,0,"Basic medical research",5,0,0,1,0,0,0,0,0,0.5865255,12,NA,"Basic medical research",0,NA
209759,"322",2013,"female","Natural Sciences",57157,2013,"Q1",1,1,1,1,1,0,0,0,0,0,0,"","",0,1,1,"usa","N","N",1,1,0,0,0,0,0,"first","",1,2013,5,NA,1,0,0,0,0,"Earth and related environmental sciences",3,0,0,1,0,0,0,0,0,1.9405879,13,1,"Earth and related environmental sciences",0,NA
348319,"323",2014,"male","Engineering and Technology",53225,2016,"Q1",1,1,1,1,1,0,0,0,0,0,0,"","",0,0,3,"chn","N","N",3,1,0,2,0,0,0,"first","",1,2016,12,1,3,2,0,0,0,"Other engineering and technologies",3,0,0,1,0,0,0,0,0,1.6682849,19,NA,"Other engineering and technologies",0,NA
22290,"324",2012,"male","Natural Sciences",11462,2013,"Q1",1,1,1,1,1,NA,NA,0,0,0,0,"","",0,0,2,"jpn","N","N",4,1,3,0,0,0,0,"first","",1,2013,3,NA,2,1,0,0,0,"Physical sciences and astronomy",5,0,0,1,0,0,0,0,0,1.33820855,18,1,"Physical sciences and astronomy",0,NA
315731,"325",2014,"male","Medical and Health Sciences",94937,2015,"Q1",1,1,1,1,1,1,1,1,1,1,0,"","",1,0,2,"kor","N","N",4,1,3,0,0,0,0,"first","2015-04-15",1,2015,8,1,3,2,1,0,1,"Clinical medicine",4,0,0,1,0,0,0,0,0,0.88895106,18,1,"Clinical medicine",0,0
236468,"326",2013,"female","Natural Sciences",74825,2013,"Q1",1,1,1,1,1,NA,NA,0,0,0,0,"","",0,1,1,"chn","N","N",1,1,0,0,0,0,0,"first","",1,2013,10,NA,1,0,0,0,0,"Chemical engineering",2,0,0,1,0,0,0,0,0,0.11238105,8,NA,"Chemical engineering",0,NA
196517,"327",2013,"male","Natural Sciences",98106,2013,"Q1",1,2,1,2,1,NA,NA,0,0,0,0,"","",0,1,1,"chn","N","Y",1,1,0,0,0,0,0,"first","",1,2013,8,NA,1,0,0,0,0,"Basic medical research",6,0,0,1,0,0,0,0,0,0.99646545,15,NA,"Basic medical research",0,NA
479559,"328",2016,"male","Natural Sciences",71503,2018,"Q1",1,1,1,1,1,NA,NA,0,0,0,0,"","",0,0,3,"usa","N","N",3,1,0,2,0,0,0,"first","",1,2018,5,1,3,2,0,0,0,"Earth and related environmental sciences",3,0,0,1,0,0,0,0,0,1.586072,15,NA,"Earth and related environmental sciences",0,NA
463494,"329",2015,"male","Natural Sciences",81011,2016,"Q2",1,2,1,2,1,NA,NA,0,0,0,0,"","",0,0,2,"chn","N","Y",2,1,1,0,0,0,0,"first","",1,2016,11,1,2,1,0,0,0,"Earth and related environmental sciences",4,0,0,1,0,0,0,0,0,0.54257214,7,NA,"Earth and related environmental sciences",0,NA
363324,"330",2015,"male","Natural Sciences",79690,2015,"Q2",1,1,1,1,1,2,2,2,2,1,0,"","",1,0,1,"aus","N","N",4,2,0,2,0,0,0,"first","2015-03-09",1,2015,10,1,2,1,2,0,1,"Biological sciences",6,0,0,1,1,1,1,1,1,1.0329968,20,NA,"Biological sciences",0,0
441539,"331",2015,"female","Natural Sciences",70732,2015,"Q4",1,1,1,1,1,0,0,0,0,0,0,"","",0,1,1,"gbr","N","N",1,1,0,0,0,0,0,"first","",1,2015,8,1,1,0,0,0,0,"Earth and related environmental sciences",2,0,0,1,0,0,0,0,0,0,1,NA,"Earth and related environmental sciences",0,NA
141835,"332",2013,"female","Natural Sciences",21200,2013,"Q1",1,1,1,1,1,NA,NA,0,0,0,0,"","",0,0,1,"chn","N","N",14,6,7,1,0,0,0,"first","",1,2013,6,NA,1,0,0,0,0,"Earth and related environmental sciences",6,0,0,1,0,0,0,0,0,0.548299565,9,NA,"Earth and related environmental sciences",0,NA
512472,"333",2016,"male","Natural Sciences",19295,2016,"Q1",1,1,1,1,1,2,2,2,2,1,0,"","",1,1,1,"deu","N","N",2,1,0,1,0,0,0,"first","2016-09-13",1,2016,12,1,1,0,2,0,1,"Physical sciences and astronomy",6,0,0,1,1,0,1,0,1,3.7569473,21,1,"Physical sciences and astronomy",0,0
529254,"334",2016,"female","Social Sciences",74486,2016,"Q1",1,1,1,1,1,0,0,0,0,0,0,"","",0,1,1,"fra","N","N",2,1,1,0,0,0,0,"first","",1,2016,NA,NA,1,0,0,0,0,"Psychology",3,0,0,1,0,0,0,0,0,0.6229998,12,NA,"Psychology",0,NA
279727,"335",2014,"female","Medical and Health Sciences",58950,2014,"Q1",1,1,1,1,1,NA,NA,0,0,0,0,"","",0,1,1,"chn","N","N",3,1,0,2,0,0,0,"first","",1,2014,6,21,1,0,0,0,0,"Biological sciences",8,0,0,1,0,0,0,0,0,1.3040854,19,NA,"Biological sciences",0,NA
170480,"336",2013,"male","Engineering and Technology",99334,2015,"Q1",1,1,1,1,1,NA,NA,0,0,0,0,"","",0,0,3,"chn","N","N",6,5,0,1,0,0,0,"first","",1,2015,1,1,6,5,0,0,0,"Other engineering and technologies",4,0,0,1,0,0,0,0,0,2.0540526,15,NA,"Other engineering and technologies",0,NA
257490,"337",2014,"male","Natural Sciences",15277,2015,"Q1",1,1,1,1,1,1,1,1,1,1,1,"2015-04-21","The Impact of Bidding Rules on Electricity Markets With Intermittent Renewa... http://t.co/I84nBqaVEM (via @IEEEXplore)",0,0,2,"usa","N","N",3,1,1,1,0,1,0,"first","2015-04-21",1,2015,5,1,2,1,0,1,0,"Other natural sciences",3,0,0,1,0,0,0,0,0,1.24317425,19,NA,"Other natural sciences",1,0
136046,"338",2013,"male","Social Sciences",30729,2015,"Q1",1,1,1,1,1,1,1,1,1,1,0,"","",1,0,3,"usa","N","N",4,1,0,3,0,0,0,"first","2018-05-29",1,2015,4,3,2,1,1,0,1,"Sociology and political science",2,0,0,1,0,0,0,0,0,1.92220475,12,NA,"Sociology and political science",0,0
11511,"339",2012,"female","Medical and Health Sciences",75337,2012,"Q1",1,2,1,2,1,0,0,0,0,0,0,"","",0,0,1,"deu","N","Y",4,2,1,1,0,0,0,"first","",1,2012,12,1,2,1,0,0,0,"Biological sciences",2,0,0,1,0,0,0,0,0,1.5445712,9,NA,"Biological sciences",0,NA
232461,"340",2013,"male","Medical and Health Sciences",42242,2013,"Q1",1,1,1,1,1,NA,NA,0,0,0,0,"","",0,1,1,"chn","N","N",4,1,0,3,0,0,0,"first","",1,2013,7,22,1,0,0,0,0,"Biological sciences",4,0,0,1,0,0,0,0,0,0.8663987,14,NA,"Biological sciences",0,NA
218055,"341",2013,"male","Natural Sciences",77392,2013,"Q1",1,2,1,2,1,NA,NA,0,0,0,0,"","",0,1,1,"chn","N","Y",3,1,0,2,0,0,0,"first","",1,2013,NA,NA,1,0,0,0,0,"Earth and related environmental sciences",7,0,0,1,0,0,0,0,0,1.957511,18,NA,"Earth and related environmental sciences",0,NA
489538,"342",2016,"male","Natural Sciences",31061,2017,"Q3",2,2,2,2,1,NA,NA,0,0,0,0,"","",0,0,2,"esp","Y","Y",5,1,3,1,0,0,0,"first","",1,2017,6,27,4,3,0,0,0,"Earth and related environmental sciences",2,0,0,1,0,0,0,0,0,0.9389146,6,1,"Earth and related environmental sciences",0,NA
516074,"343",2016,"female","Medical and Health Sciences",17691,2016,"Q1",1,1,1,1,1,1,1,1,1,1,0,"","",1,1,1,"usa","N","N",2,1,0,1,0,0,0,"first","2017-06-08",1,2016,7,3,1,0,1,0,1,"Health sciences",6,0,0,1,0,0,0,0,0,0.85732475,21,NA,"Health sciences",0,0
202662,"344",2013,"male","Social Sciences",36794,2013,"Q1",1,1,1,1,1,NA,NA,0,0,0,0,"","",0,1,1,"usa","N","N",2,1,1,0,0,0,0,"first","",1,2013,6,NA,1,0,0,0,0,"Sociology and political science",1,0,0,0,0,0,0,0,0,0,1,1,"Sociology and political science",0,NA
496387,"345",2016,"male","Natural Sciences",91854,2017,"Q2",1,1,1,1,1,NA,NA,0,0,0,0,"","",0,0,2,"bra","N","N",14,1,3,10,0,0,0,"first","",1,2017,12,1,2,1,0,0,0,"Biological sciences",2,0,0,1,0,0,0,0,0,0.60124617,19,NA,"Biological sciences",0,NA
84706,"346",2012,"male","Natural Sciences",53012,2012,"Q1",1,1,1,1,1,NA,NA,0,0,0,0,"","",0,1,1,"jpn","N","N",1,1,0,0,0,0,0,"first","",1,2012,6,1,1,0,0,0,0,"Materials engineering",3,0,0,1,0,0,0,0,0,1.445593,15,NA,"Materials engineering",0,NA
380774,"347",2015,"male","Medical and Health Sciences",84968,2017,"Q1",1,1,1,1,1,1,1,2,2,1,0,"","",1,0,3,"chn","N","N",7,1,3,3,0,0,0,"first","2016-12-01",1,2017,4,1,5,4,1,0,1,"Clinical medicine",3,0,0,1,0,0,0,0,0,0.14532176,9,1,"Clinical medicine",0,1
30484,"348",2012,"female","Medical and Health Sciences",70355,2012,"Q2",1,1,1,1,1,NA,NA,0,0,0,0,"","",0,1,1,"ind","N","N",3,1,0,2,0,0,0,"first","",1,2012,9,NA,1,0,0,0,0,"Clinical medicine",3,0,0,1,0,0,0,0,0,0.34670916,7,1,"Clinical medicine",0,NA
319115,"349",2014,"female","Medical and Health Sciences",98264,2014,"Q1",1,1,1,1,1,3,2,3,3,1,0,"","",1,0,1,"kor","N","N",7,4,2,1,0,0,0,"first","2013-03-02",1,2014,NA,NA,4,3,3,0,1,"Health sciences",3,0,0,1,2,0,1,0,1,1.04274465,16,NA,"Health sciences",0,0
71732,"350",2012,"male","Medical and Health Sciences",87508,2012,"Q1",1,1,1,1,1,4,3,4,4,1,0,"","",1,1,1,"usa","N","N",1,1,0,0,0,0,0,"first","2014-11-22",1,2012,6,NA,1,0,4,0,1,"Clinical medicine",3,0,0,1,0,0,0,0,0,0.8810746,17,1,"Clinical medicine",0,0
174820,"351",2013,"male","Natural Sciences",32977,2013,"Q1",1,1,1,1,1,2,2,2,2,1,0,"","",1,0,1,"esp","N","N",2,2,0,0,0,0,0,"first","2018-01-26",1,2013,NA,NA,1,0,2,0,1,"Humanities",5,0,0,1,0,0,0,0,0,1.2996536,18,1,"Humanities",0,0
487827,"352",2016,"male","Natural Sciences",60632,2016,"Q2",1,1,1,1,1,0,0,0,0,0,0,"","",0,1,1,"gbr","N","N",4,2,0,2,0,0,0,"first","",1,2016,2,1,1,0,0,0,0,"Mathematics",4,0,0,1,0,0,0,0,0,0.5869029,17,NA,"Mathematics",0,NA
244134,"353",2013,"female","Medical and Health Sciences",36465,2013,"Q2",1,1,1,1,1,NA,NA,0,0,0,0,"","",0,1,1,"usa","N","N",5,1,3,1,0,0,0,"first","",1,2013,7,NA,1,0,0,0,0,"Clinical medicine",3,0,0,1,0,0,0,0,0,0.39462802,18,1,"Clinical medicine",0,NA
467466,"354",2016,"female","Natural Sciences",88896,2018,"Q2",1,1,1,1,1,1,1,1,1,1,0,"","",1,0,3,"deu","N","N",2,1,0,1,0,0,0,"first","2019-01-18",1,2018,1,1,2,1,1,0,1,"Basic medical research",6,0,0,1,0,0,0,0,0,1.0523453,19,NA,"Basic medical research",0,1
68200,"355",2012,"male","Engineering and Technology",23117,2012,"Q1",1,1,1,1,1,0,0,0,0,0,0,"","",0,1,1,"gbr","N","N",2,1,1,0,0,0,0,"first","",1,2012,6,NA,1,0,0,0,0,"Physical sciences and astronomy",3,0,0,1,0,0,0,0,0,1.4371829,17,NA,"Physical sciences and astronomy",0,NA
461285,"356",2015,"male","Social Sciences",72282,2015,"Q2",1,1,1,2,1,NA,NA,0,0,0,0,"","",0,1,1,"chn","N","Y",2,1,0,1,0,0,0,"first","",1,2015,8,1,1,0,0,0,0,"Other social sciences",2,0,0,1,0,0,0,0,0,0.46576965,1,NA,"Other social sciences",0,NA
1864,"357",2012,"male","Natural Sciences",40247,2013,"Q1",1,2,1,2,1,2,2,2,2,1,0,"","",1,0,2,"chn","N","Y",5,2,2,1,0,0,0,"first","2013-02-15",1,2013,4,NA,3,2,2,0,1,"Biological sciences",6,0,0,1,1,0,1,0,1,0.77995706,14,1,"Biological sciences",0,1
183541,"358",2013,"male","Medical and Health Sciences",24552,2013,"Q4",1,2,1,2,1,NA,NA,0,0,0,0,"","",0,1,1,"chn","N","Y",2,1,0,1,0,0,0,"first","",1,2013,6,30,1,0,0,0,0,"Health sciences",5,0,0,1,0,0,0,0,0,0.59593407,9,NA,"Health sciences",0,NA
335993,"359",2014,"male","Medical and Health Sciences",53860,2014,"Q4",1,1,1,1,1,13,4,13,13,1,1,"2014-09-23","The social brain network and autism. [Ann Neurosci. 2014] - PubMed - NCBI http://t.co/YkLdeJrXPb #autism #brain",0,1,1,"ind","N","N",1,1,0,0,1,0,0,"first","2014-09-23",1,2014,NA,NA,1,0,4,0,0,"Basic medical research",1,0,0,0,0,0,0,0,0,0,1,1,"Basic medical research",1,0
379303,"360",2015,"male","Natural Sciences",27423,2016,"Q1",1,1,1,1,1,1,1,1,1,1,0,"","",1,0,2,"usa","N","N",2,1,1,0,0,0,0,"first","2016-06-03",1,2016,8,19,2,1,1,0,1,"Materials engineering",7,0,0,1,1,0,1,0,1,1.3455459,21,NA,"Materials engineering",0,0
391661,"361",2015,"female","Natural Sciences",34188,2016,"Q1",1,1,1,1,1,3,3,3,3,1,0,"","",1,0,2,"gbr","N","N",4,1,2,1,0,0,0,"first","2016-09-27",1,2016,9,27,2,1,3,0,1,"Clinical medicine",8,1,1,1,0,0,0,0,0,1.0187943,21,NA,"Clinical medicine",0,0
228947,"362",2013,"female","Medical and Health Sciences",22426,2013,"Q3",1,1,1,1,1,NA,NA,0,0,0,0,"","",0,1,1,"jpn","N","N",2,1,1,0,0,0,0,"first","",1,2013,7,NA,1,0,0,0,0,"Clinical medicine",8,0,0,1,0,0,0,0,0,1.79692795,18,1,"Clinical medicine",0,NA
343016,"363",2014,"male","Natural Sciences",50243,2014,"Q1",1,2,1,2,1,1,1,1,1,1,0,"","",1,1,1,"chn","N","Y",1,1,0,0,0,0,0,"first","2014-11-28",1,2014,12,29,1,0,1,0,1,"Earth and related environmental sciences",4,0,0,1,1,1,1,1,1,0.6642241,19,NA,"Earth and related environmental sciences",0,1
393336,"364",2015,"male","Medical and Health Sciences",63267,2015,"Q2",1,1,1,2,1,1,1,1,1,1,0,"","",1,1,1,"usa","N","Y",2,1,0,1,0,0,0,"first","2015-01-25",1,2015,3,21,1,0,1,0,1,"Clinical medicine",9,0,0,1,0,0,0,0,0,1.8794836,20,1,"Clinical medicine",0,0
165327,"365",2013,"female","Medical and Health Sciences",59523,2014,"Q1",1,1,1,1,1,2,1,2,2,1,0,"","",1,0,2,"usa","N","N",8,2,5,1,0,0,0,"first","2014-01-26",1,2014,2,NA,3,2,2,0,1,"Health sciences",2,0,0,1,0,0,0,0,0,1.5728095,4,1,"Health sciences",0,0
293395,"366",2014,"female","Medical and Health Sciences",36893,2014,"Q1",1,2,1,2,1,1,1,1,1,1,0,"","",1,0,1,"deu","N","Y",5,3,0,2,0,0,0,"first","2014-09-13",1,2014,8,16,1,0,1,0,1,"Health sciences",2,0,0,1,0,0,0,0,0,0.8756189,5,NA,"Health sciences",0,0
76054,"367",2012,"female","Medical and Health Sciences",55305,2012,"Q2",1,1,1,1,1,NA,NA,0,0,0,0,"","",0,1,1,"gbr","N","N",1,1,0,0,0,0,0,"first","",1,2012,1,NA,1,0,0,0,0,"Clinical medicine",4,0,0,1,0,0,0,0,0,0.373885285,11,NA,"Clinical medicine",0,NA
286040,"368",2014,"female","Medical and Health Sciences",27696,2014,"Q1",1,1,1,1,1,0,0,0,0,0,0,"","",0,0,1,"gbr","N","N",2,2,0,0,0,0,0,"first","",1,2014,8,21,1,0,0,0,0,"Clinical medicine",2,0,0,1,0,0,0,0,0,2.76791645,9,NA,"Clinical medicine",0,NA
251731,"369",2014,"male","Medical and Health Sciences",54527,2014,"Q4",1,1,1,1,1,NA,NA,0,0,0,0,"","",0,1,1,"chn","N","N",4,1,0,3,0,0,0,"first","",1,2014,7,15,1,0,0,0,0,"Clinical medicine",7,0,0,1,0,0,0,0,0,0.38075513,19,NA,"Clinical medicine",0,NA
175450,"370",2013,"female","Natural Sciences",58786,2014,"Q1",1,1,1,1,1,3,3,3,3,1,0,"","",1,0,2,"usa","N","N",3,1,1,1,0,0,0,"first","2015-01-27",1,2014,NA,NA,2,1,3,0,1,"Biological sciences",2,0,0,1,1,1,1,1,1,1.4106876,18,NA,"Biological sciences",0,0
384235,"371",2015,"female","Natural Sciences",77123,2017,"Q1",1,1,1,1,1,0,0,0,0,0,0,"","",0,0,3,"kor","N","N",5,1,0,4,0,0,0,"first","",1,2017,7,1,3,2,0,0,0,"Materials engineering",3,0,0,1,0,0,0,0,0,1.6674364,13,NA,"Materials engineering",0,NA
155681,"372",2013,"female","Natural Sciences",54161,2014,"Q1",1,4,1,4,1,1,1,1,1,1,0,"","",1,0,2,"fra","N","Y",4,2,2,0,0,0,0,"first","2014-01-18",1,2014,NA,NA,4,3,1,0,1,"Biological sciences",6,0,0,1,0,0,0,0,0,1.2886921,19,NA,"Biological sciences",0,0
101023,"373",2012,"female","Natural Sciences",76158,2012,"Q1",1,1,1,1,1,NA,NA,0,0,0,0,"","",0,1,1,"can","N","N",1,1,0,0,0,0,0,"first","",1,2012,NA,NA,1,0,0,0,0,"Earth and related environmental sciences",2,0,0,1,0,0,0,0,0,0.7162586,11,NA,"Earth and related environmental sciences",0,NA
478133,"374",2016,"female","Medical and Health Sciences",12978,2016,"Q1",1,1,1,1,1,1,1,1,1,1,0,"","",1,1,1,"usa","N","N",4,1,0,3,0,0,0,"first","2016-09-24",1,2016,NA,NA,1,0,1,0,1,"Clinical medicine",2,0,0,1,0,0,0,0,0,0.5803929,14,1,"Clinical medicine",0,0
447777,"375",2015,"male","Natural Sciences",48444,2015,"Q1",1,2,1,2,1,0,0,0,0,0,0,"","",0,1,1,"can","N","Y",2,1,0,1,0,0,0,"first","",1,2015,7,1,1,0,0,0,0,"Basic medical research",9,0,0,1,0,0,0,0,0,1.91314175,20,NA,"Basic medical research",0,NA
552394,"376",2016,"female","Natural Sciences",11510,2016,"Q1",1,1,1,1,1,NA,NA,0,0,0,0,"","",0,1,1,"chn","N","N",4,2,1,1,0,0,0,"first","",1,2016,4,5,1,0,0,0,0,"Mathematics",3,0,0,1,0,0,0,0,0,1.6733723,19,1,"Mathematics",0,NA
168500,"377",2013,"female","Medical and Health Sciences",87082,2014,"Q2",1,1,1,1,1,NA,NA,0,0,0,0,"","",0,0,2,"usa","N","N",2,1,1,0,0,0,0,"first","",1,2014,NA,NA,2,1,0,0,0,"Basic medical research",5,0,0,1,0,0,0,0,0,1.6933469,19,1,"Basic medical research",0,NA
415523,"378",2015,"male","Natural Sciences",75352,2015,"Q3",1,1,1,1,1,NA,NA,0,0,0,0,"","",0,1,1,"rus","N","N",2,1,1,0,0,0,0,"first","",1,2015,NA,NA,1,0,0,0,0,"Earth and related environmental sciences",1,0,0,0,0,0,0,0,0,0,1,1,"Earth and related environmental sciences",0,NA
454688,"379",2015,"female","Medical and Health Sciences",57517,2015,"Q1",1,2,1,2,1,4,3,4,4,1,0,"","",1,1,1,"usa","N","Y",2,1,1,0,0,0,0,"first","2015-06-19",1,2015,10,1,1,0,4,0,1,"Clinical medicine",4,0,0,1,0,0,0,0,0,0.908282325,14,1,"Clinical medicine",0,0
350288,"380",2014,"female","Social Sciences",96636,2014,"Q1",1,1,1,1,1,NA,NA,0,0,0,0,"","",0,1,1,"usa","N","N",2,1,1,0,0,0,0,"first","",1,2014,12,1,1,0,0,0,0,"Economics",2,0,0,1,0,0,0,0,0,0,1,1,"Economics",0,NA
454690,"381",2015,"female","Social Sciences",93847,2015,"Q3",1,1,1,1,1,NA,NA,0,0,0,0,"","",0,1,1,"kor","N","N",6,2,2,2,0,0,0,"first","",1,2015,11,1,2,1,0,0,0,"Economics",2,0,0,1,0,0,0,0,0,0.059952885,1,1,"Economics",0,NA
347783,"382",2014,"male","Natural Sciences",22225,2014,"Q2",1,1,1,1,1,0,0,0,0,0,0,"","",0,0,1,"jpn","N","N",2,2,0,0,0,0,0,"first","",1,2014,2,NA,1,0,0,0,0,"Physical sciences and astronomy",9,0,0,1,0,0,0,0,0,0.92924297,19,1,"Clinical medicine",0,NA
156577,"383",2013,"female","Natural Sciences",88234,2013,"Q1",1,1,1,1,1,NA,NA,0,0,0,0,"","",0,0,1,"tur","N","N",10,3,4,3,0,0,0,"first","",1,2013,10,NA,2,1,0,0,0,"Biological sciences",5,0,0,1,0,0,0,0,0,0.604742925,18,NA,"Biological sciences",0,NA
425242,"384",2015,"male","Social Sciences",93095,2015,"Q1",1,1,1,1,1,2,2,2,2,1,0,"","",1,1,1,"usa","N","N",5,1,1,3,0,0,0,"first","2014-07-18",1,2015,8,1,1,0,2,0,1,"Health sciences",3,0,0,1,0,0,0,0,0,1.7448121,18,1,"Clinical medicine",0,0
104446,"385",2012,"male","Natural Sciences",27047,2012,"Q1",1,1,1,1,1,0,0,0,0,0,0,"","",0,1,1,"jpn","N","N",3,1,0,2,0,0,0,"first","",1,2012,9,NA,1,0,0,0,0,"Earth and related environmental sciences",4,0,0,1,0,0,0,0,0,1.4439723,17,1,"Earth and related environmental sciences",0,NA
467794,"386",2016,"female","Medical and Health Sciences",36084,2016,"Q1",1,1,1,1,1,NA,NA,0,0,0,0,"","",0,0,1,"kor","N","N",19,4,7,8,0,0,0,"first","",1,2016,4,14,2,1,0,0,0,"Clinical medicine",6,0,0,1,0,0,0,0,0,0.98368794,15,1,"Clinical medicine",0,NA
49709,"387",2012,"female","Medical and Health Sciences",44476,2012,"Q1",1,1,1,1,1,10,9,10,10,1,0,"","",1,0,1,"nld","N","N",7,3,3,1,0,0,0,"first","2012-07-12",1,2012,8,4,3,2,10,0,1,"Clinical medicine",5,0,0,1,1,0,1,0,1,1.4628937,17,NA,"Clinical medicine",0,0
548701,"388",2016,"male","Natural Sciences",33367,2016,"Q2",2,3,2,3,1,NA,NA,0,0,0,0,"","",0,1,1,"chn","Y","Y",1,1,0,0,0,0,0,"first","",1,2016,12,1,1,0,0,0,0,"Computer and information sciences",4,0,0,1,0,0,0,0,0,0.851053065,4,NA,"Computer and information sciences",0,NA
268308,"389",2014,"female","Natural Sciences",84230,2014,"Q1",1,1,1,1,1,NA,NA,0,0,0,0,"","",0,1,1,"chn","N","N",6,2,3,1,0,0,0,"first","",1,2014,4,15,1,0,0,0,0,"Agricultural Sciences",5,0,0,1,0,0,0,0,0,0.324892175,17,NA,"Agricultural Sciences",0,NA
353760,"390",2014,"female","Natural Sciences",50609,2014,"Q1",1,2,1,2,1,5,4,5,5,1,1,"","",1,1,1,"usa","N","Y",1,1,0,0,1,0,0,"first","2018-04-10",1,2014,3,NA,1,0,5,0,0,"Agricultural Sciences",2,0,0,1,0,0,0,0,0,0.9626302,18,NA,"Agricultural Sciences",1,0
153642,"391",2013,"male","Engineering and Technology",18571,2014,"Q1",1,1,1,1,1,NA,NA,0,0,0,0,"","",0,0,2,"deu","N","N",5,1,2,2,0,0,0,"first","",1,2014,NA,NA,2,1,0,0,0,"Other engineering and technologies",3,0,0,1,0,0,0,0,0,0,2,NA,"Other engineering and technologies",0,NA
185190,"392",2013,"male","Natural Sciences",77616,2013,"Q1",1,1,1,1,1,0,0,0,0,0,0,"","",0,1,1,"aus","N","N",7,2,3,2,0,0,0,"first","",1,2013,10,24,1,0,0,0,0,"Materials engineering",6,0,0,1,0,0,0,0,0,1.2426674,16,NA,"Materials engineering",0,NA
496000,"393",2016,"female","Natural Sciences",47496,2018,"Q2",1,1,1,1,1,NA,NA,0,0,0,0,"","",0,0,3,"chn","N","N",8,3,0,5,0,0,0,"first","",1,2018,11,2,7,6,0,0,0,"Biological sciences",7,0,0,1,0,0,0,0,0,0.5692361,14,NA,"Biological sciences",0,NA
44485,"394",2012,"female","Medical and Health Sciences",59406,2012,"Q1",1,1,1,1,1,NA,NA,0,0,0,0,"","",0,1,1,"can","N","N",2,2,0,0,0,0,0,"first","",1,2012,4,NA,1,0,0,0,0,"Clinical medicine",7,0,0,1,0,0,0,0,0,1.79615805,17,1,"Clinical medicine",0,NA
307020,"395",2014,"male","Medical and Health Sciences",56383,2014,"Q1",1,1,1,1,1,1,1,1,1,1,0,"","",1,1,1,"gbr","N","N",3,1,1,1,0,0,0,"first","2019-03-19",1,2014,NA,NA,1,0,1,0,1,"Clinical medicine",7,1,1,1,0,0,0,0,0,1.2146609,18,1,"Clinical medicine",0,0
19564,"396",2012,"female","Medical and Health Sciences",10615,2014,"Q1",1,1,1,1,1,NA,NA,0,0,0,0,"","",0,0,3,"usa","N","N",3,1,0,2,0,0,0,"first","",1,2014,5,5,2,1,0,0,0,"Basic medical research",2,0,0,1,0,0,0,0,0,1.4206606,19,NA,"Basic medical research",0,NA
408196,"397",2015,"male","Natural Sciences",83913,2017,"Q1",1,1,1,1,1,NA,NA,0,0,0,0,"","",0,0,3,"irn","N","N",5,1,1,3,0,0,0,"first","",1,2017,4,21,4,3,0,0,0,"Chemical sciences",3,0,0,1,0,0,0,0,0,0,3,1,"Chemical sciences",0,NA
522295,"398",2016,"male","Natural Sciences",25713,2016,"Q3",1,1,1,1,1,NA,NA,0,0,0,0,"","",0,1,1,"chn","N","N",4,1,1,2,0,0,0,"first","",1,2016,12,1,1,0,0,0,0,"Earth and related environmental sciences",4,0,0,1,0,0,0,0,0,0.5947148,7,1,"Earth and related environmental sciences",0,NA
210472,"399",2013,"male","Agricultural Sciences",19319,2013,"Q1",1,2,1,2,1,NA,NA,0,0,0,0,"","",0,1,1,"chn","N","Y",8,3,3,2,0,0,0,"first","",1,2013,12,NA,3,2,0,0,0,"Agricultural Sciences",3,0,0,1,0,0,0,0,0,2.9737027,16,NA,"Agricultural Sciences",0,NA
394188,"400",2015,"male","Natural Sciences",84090,2015,"Q2",1,1,1,1,1,NA,NA,0,0,0,0,"","",0,1,1,"fra","N","N",2,1,1,0,0,0,0,"first","",1,2015,5,7,1,0,0,0,0,"Mathematics",3,0,0,1,0,0,0,0,0,0.11837869,1,1,"Mathematics",0,NA
550564,"401",2016,"male","Natural Sciences",68006,2016,"Q1",1,1,1,1,1,NA,NA,0,0,0,0,"","",0,1,1,"ita","N","N",10,2,2,6,0,0,0,"first","",1,2016,5,1,1,0,0,0,0,"Chemical engineering",5,0,0,1,0,0,0,0,0,1.3772964,21,1,"Earth and related environmental sciences",0,NA
380784,"402",2015,"female","Natural Sciences",29021,2017,"Q2",1,1,1,1,1,NA,NA,0,0,0,0,"","",0,0,3,"chn","N","N",4,1,1,2,0,0,0,"first","",1,2017,11,1,4,3,0,0,0,"Biological sciences",7,0,0,1,0,0,0,0,0,1.13788,22,NA,"Biological sciences",0,NA
546301,"403",2016,"male","Natural Sciences",11952,2018,"Q3",1,1,1,1,1,0,0,0,0,0,0,"","",0,0,3,"deu","N","N",3,1,0,2,0,0,0,"first","",1,2018,1,1,2,1,0,0,0,"Physical sciences and astronomy",5,0,0,1,0,0,0,0,0,0.71202797,21,1,"Other engineering and technologies",0,NA
189652,"404",2013,"male","Humanities",56845,2013,"Q2",1,1,1,1,1,NA,NA,0,0,0,0,"","",0,1,1,"can","N","N",1,1,0,0,0,0,0,"first","",1,2013,NA,NA,1,0,0,0,0,"Humanities",1,0,0,0,0,0,0,0,0,0,1,1,"Humanities",0,NA
135577,"405",2013,"female","Medical and Health Sciences",99900,2015,"Q1",1,1,1,1,1,0,0,0,0,0,0,"","",0,0,3,"deu","N","N",4,2,0,2,0,0,0,"first","",1,2015,5,27,3,2,0,0,0,"Clinical medicine",10,0,0,1,0,0,0,0,0,0.9387799,16,NA,"Clinical medicine",0,NA
259985,"406",2014,"female","Social Sciences",69457,2016,"Q1",1,1,1,1,1,7,6,8,8,1,0,"","",1,0,3,"usa","N","N",2,1,0,1,0,0,0,"first","2016-04-07",1,2016,7,1,2,1,7,0,1,"Basic medical research",7,0,0,1,1,0,1,0,1,1.69684375,21,NA,"Basic medical research",0,0
436204,"407",2015,"male","Medical and Health Sciences",60833,2015,"Q2",1,1,1,1,1,NA,NA,0,0,0,0,"","",0,1,1,"kor","N","N",2,2,0,0,0,0,0,"first","",1,2015,11,2,1,0,0,0,0,"Clinical medicine",3,0,0,1,0,0,0,0,0,0.7841192,16,1,"Clinical medicine",0,NA
211872,"408",2013,"male","Social Sciences",35365,2013,"Q1",1,1,1,1,1,0,0,0,0,0,0,"","",0,1,1,"usa","N","N",1,1,0,0,0,0,0,"first","",1,2013,3,NA,1,0,0,0,0,"Sociology and political science",1,0,0,0,0,0,0,0,0,0,1,NA,"Sociology and political science",0,NA
123371,"409",2012,"male","Engineering and Technology",88090,2012,"Q1",1,1,2,2,1,NA,NA,0,0,0,0,"","",0,1,1,"irn","Y","Y",2,1,1,0,0,0,0,"first","",1,2012,NA,NA,1,0,0,0,0,"Electrical engineering, electronic engineering,  information engineering ",4,0,0,1,0,0,0,0,0,2.2069843,15,NA,"Electrical engineering, electronic engineering,  information engineering ",0,NA
425610,"410",2015,"female","Medical and Health Sciences",11656,2015,"Q1",1,1,1,1,1,NA,NA,0,0,0,0,"","",0,1,1,"usa","N","N",1,1,0,0,0,0,0,"first","",1,2015,9,1,1,0,0,0,0,"Clinical medicine",3,0,0,1,0,0,0,0,0,0.417330695,9,1,"Clinical medicine",0,NA
351400,"411",2014,"male","Engineering and Technology",40489,2014,"Q3",1,1,1,1,1,NA,NA,0,0,0,0,"","",0,1,1,"chn","N","N",2,1,0,1,0,0,0,"first","",1,2014,11,20,1,0,0,0,0,"Other engineering and technologies",2,0,0,1,0,0,0,0,0,0.20657477,16,1,"Other engineering and technologies",0,NA
229686,"412",2013,"female","Natural Sciences",19446,2013,"Q2",1,1,1,2,1,NA,NA,0,0,0,0,"","",0,1,1,"jpn","N","Y",3,1,0,2,0,0,0,"first","",1,2013,NA,NA,1,0,0,0,0,"Computer and information sciences",8,0,0,1,0,0,0,0,0,0.24138807,18,NA,"Computer and information sciences",0,NA
480735,"413",2016,"female","Medical and Health Sciences",16820,2016,"Q1",1,1,1,1,1,2,2,2,2,1,0,"","",1,1,1,"che","N","N",1,1,0,0,0,0,0,"first","2016-05-18",1,2016,NA,NA,1,0,2,0,1,"Basic medical research",8,0,0,1,0,0,0,0,0,4.11025395,17,NA,"Basic medical research",0,0
492290,"414",2016,"female","Natural Sciences",25080,2018,"Q1",1,1,1,1,1,1,1,1,1,1,0,"","",1,0,3,"chn","N","N",3,2,0,1,0,0,0,"first","2018-03-17",1,2018,6,5,3,2,1,0,1,"Biological sciences",7,0,0,1,1,0,1,0,1,0.8028719,15,1,"Biological sciences",0,0
521015,"415",2016,"male","Social Sciences",57215,2016,"Others",1,1,1,1,1,0,0,0,0,0,0,"","",0,0,1,"usa","N","N",4,3,0,1,0,0,0,"first","",1,2016,1,1,1,0,0,0,0,"Psychology",3,0,0,1,0,0,0,0,0,0,1,1,"Humanities",0,NA
48208,"416",2012,"female","Natural Sciences",42889,2014,"Q1",1,1,1,1,1,2,2,2,2,1,0,"","",1,0,3,"esp","N","N",6,3,0,3,0,0,0,"first","2014-11-21",1,2014,12,5,6,5,2,0,1,"Biological sciences",7,0,0,1,0,0,0,0,0,1.3621655,16,NA,"Biological sciences",0,0
152317,"417",2013,"female","Natural Sciences",27885,2014,"Q2",1,1,1,1,1,NA,NA,0,0,0,0,"","",0,0,2,"irn","N","N",3,1,2,0,0,0,0,"first","",1,2014,NA,NA,3,2,0,0,0,"Chemical sciences",3,0,0,1,0,0,0,0,0,0.19082291,15,NA,"Chemical sciences",0,NA
5940,"418",2012,"male","Natural Sciences",34004,2014,"Q1",1,2,1,2,1,1,1,1,1,1,0,"","",1,0,3,"usa","N","Y",4,1,0,3,0,0,0,"first","2013-11-08",1,2014,2,NA,1,0,1,0,1,"Clinical medicine",3,0,0,1,1,0,1,0,1,1.0163947,19,NA,"Clinical medicine",0,0
252308,"419",2014,"female","Engineering and Technology",20487,2014,"Q1",1,1,1,2,1,0,0,0,0,0,0,"","",0,0,1,"chn","N","Y",3,2,0,1,0,0,0,"first","",1,2014,NA,NA,1,0,0,0,0,"Materials engineering",5,0,0,1,0,0,0,0,0,2.8789426,7,NA,"Materials engineering",0,NA
394470,"420",2015,"male","Agricultural Sciences",75283,2015,"Q1",1,1,1,1,1,6,5,6,6,1,1,"2015-10-20","Yay! First publication from my modelling research. Also, open access. https://t.co/olmnz8QaCz https://t.co/hiENZVCXL0",0,1,1,"can","N","N",4,1,2,1,1,2,1,"first","2015-10-20",1,2015,10,20,1,0,5,0,0,"Biological sciences",5,0,0,1,1,0,1,0,1,1.40678585,20,NA,"Biological sciences",1,0
267434,"421",2014,"female","Natural Sciences",79943,2014,"Q3",1,1,1,1,1,NA,NA,0,0,0,0,"","",0,1,1,"chn","N","N",4,2,0,2,0,0,0,"first","",1,2014,NA,NA,1,0,0,0,0,"Mathematics",2,0,0,1,0,0,0,0,0,0.5195761,6,1,"Mathematics",0,NA
69949,"422",2012,"female","Natural Sciences",73096,2012,"Q3",1,1,1,1,1,NA,NA,0,0,0,0,"","",0,1,1,"chn","N","N",14,3,6,5,0,0,0,"first","",1,2012,2,NA,1,0,0,0,0,"Physical sciences and astronomy",5,0,0,1,0,0,0,0,0,1.5664614,17,1,"Physical sciences and astronomy",0,NA
275717,"423",2014,"female","Medical and Health Sciences",44066,2014,"Q2",1,1,1,1,1,NA,NA,0,0,0,0,"","",0,0,1,"chn","N","N",14,6,3,5,0,0,0,"first","",1,2014,NA,NA,4,3,0,0,0,"Biological sciences",11,0,0,1,0,0,0,0,0,0.8071331,8,NA,"Biological sciences",0,NA
510283,"424",2016,"male","Engineering and Technology",74787,2016,"Q3",1,1,1,1,1,NA,NA,0,0,0,0,"","",0,1,1,"chn","N","N",1,1,0,0,0,0,0,"first","",1,2016,12,25,1,0,0,0,0,"Electrical engineering, electronic engineering,  information engineering ",4,0,0,1,0,0,0,0,0,0,1,NA,"Electrical engineering, electronic engineering,  information engineering ",0,NA
340846,"425",2014,"male","Medical and Health Sciences",33116,2014,"Q1",1,2,1,3,1,6,4,6,6,1,0,"","",1,1,1,"jpn","N","Y",2,1,1,0,0,0,0,"first","2014-01-22",1,2014,1,20,1,0,6,0,1,"Agricultural Sciences",6,0,0,1,0,0,0,0,0,0.57184184,5,NA,"Agricultural Sciences",0,0
368207,"426",2015,"male","Natural Sciences",95707,2017,"Q1",1,1,1,1,1,0,0,0,0,0,0,"","",0,0,3,"gbr","N","N",5,3,1,1,0,0,0,"first","",1,2017,6,1,5,4,0,0,0,"Computer and information sciences",5,0,0,1,0,0,0,0,0,2.0129385,22,NA,"Computer and information sciences",0,NA
112960,"427",2012,"male","Engineering and Technology",87859,2013,"Q1",1,1,1,1,1,0,0,0,0,0,0,"","",0,0,2,"chn","N","N",4,2,1,1,0,0,0,"first","",1,2013,2,26,3,2,0,0,0,"Chemical sciences",9,0,0,1,0,0,0,0,0,1.53434725,18,NA,"Chemical sciences",0,NA
293893,"428",2014,"female","Natural Sciences",76361,2015,"Q1",1,1,1,1,1,0,0,0,0,0,0,"","",0,0,2,"kor","N","N",4,3,1,0,0,0,0,"first","",1,2015,7,11,4,3,0,0,0,"Materials engineering",8,0,0,1,0,0,0,0,0,1.4369316,17,NA,"Materials engineering",0,NA
389435,"429",2015,"female","Natural Sciences",37540,2015,"Q2",1,3,1,3,1,NA,NA,0,0,0,0,"","",0,1,1,"jpn","N","Y",3,1,0,2,0,0,0,"first","",1,2015,12,1,1,0,0,0,0,"Clinical medicine",5,0,0,1,0,0,0,0,0,0.49528033,20,NA,"Clinical medicine",0,NA
375191,"430",2015,"female","Natural Sciences",93342,2015,"Q1",1,1,1,1,1,NA,NA,0,0,0,0,"","",0,0,1,"deu","N","N",4,3,1,0,0,0,0,"first","",1,2015,10,21,3,2,0,0,0,"Biological sciences",5,0,0,1,0,0,0,0,0,1.5856818,20,NA,"Biological sciences",0,NA
360294,"431",2015,"male","Social Sciences",40005,2016,"Q2",1,1,1,1,1,0,0,0,0,0,0,"","",0,0,2,"usa","N","N",3,1,2,0,0,0,0,"first","",1,2016,10,1,3,2,0,0,0,"Psychology",4,0,0,1,0,0,0,0,0,0.28666142,21,NA,"Psychology",0,NA
21548,"432",2012,"male","Natural Sciences",67538,2012,"Q1",1,1,1,1,1,1,1,1,1,1,0,"","",1,1,1,"usa","N","N",3,1,0,2,0,0,0,"first","",1,2012,3,7,1,0,1,0,1,"Biological sciences",9,0,0,1,0,0,0,0,0,1.4088569,17,NA,"Biological sciences",0,1
46250,"433",2012,"male","Medical and Health Sciences",40953,2013,"Q2",1,1,1,1,1,8,8,8,8,1,0,"","",1,0,2,"gbr","N","N",4,1,3,0,0,0,0,"first","2013-08-15",1,2013,NA,NA,4,3,8,0,1,"Basic medical research",6,0,0,1,0,0,0,0,0,1.6264718,18,NA,"Basic medical research",0,0
106519,"434",2012,"female","Natural Sciences",60424,2012,"Q2",1,1,1,1,1,NA,NA,0,0,0,0,"","",0,1,1,"chn","N","N",1,1,0,0,0,0,0,"first","",1,2012,NA,NA,1,0,0,0,0,"Computer and information sciences",2,0,0,1,0,0,0,0,0,0,1,1,"Computer and information sciences",0,NA
452815,"435",2015,"male","Medical and Health Sciences",67761,2015,"Q2",1,1,1,1,1,1,1,1,1,1,0,"","",1,1,1,"mys","N","N",3,2,0,1,0,0,0,"first","2015-11-25",1,2015,10,1,2,1,1,0,1,"Clinical medicine",5,0,0,1,1,0,1,0,1,0.28174483,1,1,"Basic medical research",0,0
489583,"436",2016,"male","Natural Sciences",56377,2016,"Q4",1,1,1,1,1,NA,NA,0,0,0,0,"","",0,1,1,"chn","N","N",1,1,0,0,0,0,0,"first","",1,2016,10,15,1,0,0,0,0,"Chemical sciences",4,0,0,1,0,0,0,0,0,0.5970099,17,1,"Chemical sciences",0,NA
384337,"437",2015,"female","Humanities",11541,2015,"Q3",1,1,1,1,1,NA,NA,0,0,0,0,"","",0,0,1,"gbr","N","N",2,2,0,0,0,0,0,"first","",1,2015,12,1,1,0,0,0,0,"Humanities",1,0,0,0,0,0,0,0,0,0,1,1,"Humanities",0,NA
31245,"438",2012,"male","Natural Sciences",42024,2012,"Q1",1,1,1,1,1,NA,NA,0,0,0,0,"","",0,1,1,"deu","N","N",3,1,2,0,0,0,0,"first","",1,2012,11,12,1,0,0,0,0,"Chemical sciences",10,0,0,1,0,0,0,0,0,1.78929995,16,NA,"Chemical sciences",0,NA
45,"439",2012,"male","Natural Sciences",17253,2012,"Q1",1,1,1,1,1,NA,NA,0,0,0,0,"","",0,1,1,"irn","N","N",1,1,0,0,0,0,0,"first","",1,2012,NA,NA,1,0,0,0,0,"Other natural sciences",3,0,0,1,0,0,0,0,0,0,1,NA,"Other natural sciences",0,NA
50975,"440",2012,"female","Natural Sciences",82093,2013,"Q1",1,2,1,2,1,0,0,0,0,0,0,"","",0,0,2,"nld","N","Y",8,2,3,3,0,0,0,"first","",1,2013,NA,NA,4,3,0,0,0,"Chemical sciences",4,0,0,1,0,0,0,0,0,2.56656515,18,NA,"Chemical sciences",0,NA
8607,"441",2012,"male","Natural Sciences",33559,2012,"Q1",1,1,1,1,1,NA,NA,0,0,0,0,"","",0,0,1,"fra","N","N",5,2,2,1,0,0,0,"first","",1,2012,2,15,1,0,0,0,0,"Physical sciences and astronomy",5,0,0,1,0,0,0,0,0,0.7000211,17,1,"Physical sciences and astronomy",0,NA
214353,"442",2013,"male","Natural Sciences",93516,2013,"Q1",1,1,1,1,1,0,0,0,0,0,0,"","",0,1,1,"jpn","N","N",5,1,3,1,0,0,0,"first","",1,2013,10,21,1,0,0,0,0,"Physical sciences and astronomy",3,0,0,1,0,0,0,0,0,0.8500917,18,1,"Physical sciences and astronomy",0,NA
492644,"443",2016,"male","Natural Sciences",88318,2018,"Q2",1,1,1,1,1,NA,NA,0,0,0,0,"","",0,0,3,"rus","N","N",2,1,0,1,0,0,0,"first","",1,2018,11,15,2,1,0,0,0,"Chemical sciences",3,0,0,1,0,0,0,0,0,0.45714244,18,NA,"Chemical sciences",0,NA
387943,"444",2015,"female","Natural Sciences",99304,2017,"Q1",1,1,1,1,1,0,0,0,0,0,0,"","",0,0,3,"usa","N","N",4,1,2,1,0,0,0,"first","",1,2017,NA,NA,4,3,0,0,0,"Biological sciences",4,0,0,1,0,0,0,0,0,2.0296047,22,NA,"Biological sciences",0,NA
56028,"445",2012,"male","Medical and Health Sciences",22779,2014,"Q1",1,2,1,2,1,3,3,3,3,1,0,"","",1,0,3,"swe","N","Y",3,2,0,1,0,0,0,"first","",1,2014,NA,NA,3,2,3,0,1,"Clinical medicine",4,0,0,1,0,0,0,0,0,1.677957,19,1,"Clinical medicine",0,0
555591,"446",2016,"male","Natural Sciences",64390,2016,"Q2",1,1,1,2,1,NA,NA,0,0,0,0,"","",0,0,1,"chn","N","Y",2,2,0,0,0,0,0,"first","",1,2016,5,1,2,1,0,0,0,"Physical sciences and astronomy",6,0,0,1,0,0,0,0,0,1.0615795,21,NA,"Physical sciences and astronomy",0,NA
255303,"447",2014,"female","Natural Sciences",40924,2014,"Q1",1,1,1,1,1,NA,NA,0,0,0,0,"","",0,1,1,"jpn","N","N",2,1,1,0,0,0,0,"first","",1,2014,2,NA,1,0,0,0,0,"Biological sciences",3,0,0,1,0,0,0,0,0,0.4128986,19,1,"Biological sciences",0,NA
265660,"448",2014,"male","Natural Sciences",94798,2014,"Q1",1,1,1,1,1,2,2,2,2,1,0,"","",1,0,1,"chn","N","N",3,2,0,1,0,0,0,"first","2014-02-22",1,2014,9,1,1,0,2,0,1,"Biological sciences",2,0,0,1,2,0,1,0,1,0.6933071,16,1,"Biological sciences",0,1
185805,"449",2013,"male","Natural Sciences",29032,2013,"Q1",1,1,1,1,1,NA,NA,0,0,0,0,"","",0,1,1,"usa","N","N",2,1,0,1,0,0,0,"first","",1,2013,10,4,1,0,0,0,0,"Biological sciences",5,0,0,1,0,0,0,0,0,1.999734,16,1,"Biological sciences",0,NA
202419,"450",2013,"male","Medical and Health Sciences",23230,2013,"Q2",1,1,1,1,1,0,0,0,0,0,0,"","",0,1,1,"chn","N","N",4,2,1,1,0,0,0,"first","",1,2013,5,NA,1,0,0,0,0,"Clinical medicine",7,0,0,1,0,0,0,0,0,0.47573593,17,1,"Clinical medicine",0,NA
103589,"451",2012,"male","Natural Sciences",98746,2012,"Q2",1,1,1,1,1,0,0,0,0,0,0,"","",0,1,1,"can","N","N",1,1,0,0,0,0,0,"first","",1,2012,NA,NA,1,0,0,0,0,"Clinical medicine",3,0,0,1,0,0,0,0,0,1.144605,16,NA,"Clinical medicine",0,NA
408863,"452",2015,"male","Natural Sciences",15631,2015,"Q3",1,1,1,1,1,NA,NA,0,0,0,0,"","",0,0,1,"bra","N","N",2,2,0,0,0,0,0,"first","",1,2015,7,1,1,0,0,0,0,"Biological sciences",5,0,0,1,0,0,0,0,0,0.43681774,18,1,"Biological sciences",0,NA
458049,"453",2015,"male","Medical and Health Sciences",62676,2015,"Q3",1,1,1,2,1,0,0,0,0,0,0,"","",0,1,1,"chn","N","Y",2,2,0,0,0,0,0,"first","",1,2015,NA,NA,2,1,0,0,0,"Agricultural Sciences",5,0,0,1,0,0,0,0,0,0.3711387975,9,NA,"Agricultural Sciences",0,NA
105389,"454",2012,"male","Natural Sciences",71781,2012,"Q3",1,1,1,1,1,NA,NA,0,0,0,0,"","",0,0,1,"chn","N","N",4,3,1,0,0,0,0,"first","",1,2012,12,NA,3,2,0,0,0,"Chemical sciences",5,0,0,1,0,0,0,0,0,0.5426762,17,1,"Chemical sciences",0,NA
246760,"455",2014,"female","Medical and Health Sciences",98766,2014,"Q1",1,1,1,1,1,0,0,0,0,0,0,"","",0,1,1,"aus","N","N",2,1,1,0,0,0,0,"first","",1,2014,NA,NA,1,0,0,0,0,"Clinical medicine",3,0,0,1,0,0,0,0,0,1.5903167,17,NA,"Clinical medicine",0,NA
296786,"456",2014,"male","Social Sciences",21047,2014,"Q1",1,1,1,1,1,3,2,3,3,1,0,"","",1,1,1,"usa","N","N",2,1,1,0,0,0,0,"first","2022-11-26",1,2014,10,1,1,0,3,0,1,"Economics",3,0,0,1,0,0,0,0,0,1.97090305,19,1,"Economics",0,0
254349,"457",2014,"male","Medical and Health Sciences",64932,2014,"Q2",1,1,1,1,1,NA,NA,0,0,0,0,"","",0,1,1,"chn","N","N",1,1,0,0,0,0,0,"first","",1,2014,NA,NA,1,0,0,0,0,"Basic medical research",4,0,0,1,0,0,0,0,0,0.2201272,1,NA,"Basic medical research",0,NA
358073,"458",2014,"female","Natural Sciences",30584,2014,"Q1",1,1,1,1,1,3,3,3,3,1,0,"","",1,1,1,"usa","N","N",2,1,0,1,0,0,0,"first","2014-11-22",1,2014,NA,NA,1,0,3,0,1,"Biological sciences",3,0,0,1,3,1,1,1,1,0.723574565,15,NA,"Biological sciences",0,0
351066,"459",2014,"male","Natural Sciences",18027,2014,"Others",1,1,1,1,1,NA,NA,0,0,0,0,"","",0,1,1,"chn","N","N",1,1,0,0,0,0,0,"first","",1,2014,1,1,1,0,0,0,0,"Other social sciences",3,0,0,1,0,0,0,0,0,0,1,NA,"Other social sciences",0,NA
554290,"460",2016,"female","Medical and Health Sciences",29556,2016,"Q1",1,1,1,1,1,1,1,1,1,1,0,"","",1,0,1,"usa","N","N",3,3,0,0,0,0,0,"first","2016-07-07",1,2016,9,1,1,0,1,0,1,"Biological sciences",3,0,0,1,1,0,1,0,1,1.1991028,21,NA,"Biological sciences",0,0
536225,"461",2016,"female","Medical and Health Sciences",40888,2016,"Q2",1,1,1,1,1,0,0,0,0,0,0,"","",0,1,1,"usa","N","N",1,1,0,0,0,0,0,"first","",1,2016,12,1,1,0,0,0,0,"Clinical medicine",3,0,0,1,0,0,0,0,0,0,1,NA,"Clinical medicine",0,NA
115641,"462",2012,"female","Natural Sciences",86822,2012,"Q2",1,1,1,1,1,0,0,0,0,0,0,"","",0,1,1,"chn","N","N",1,1,0,0,0,0,0,"first","",1,2012,2,NA,1,0,0,0,0,"Materials engineering",4,0,0,1,0,0,0,0,0,0.5793221,12,NA,"Materials engineering",0,NA
63276,"463",2012,"female","Medical and Health Sciences",45865,2012,"Q4",1,1,1,1,1,NA,NA,0,0,0,0,"","",0,1,1,"jpn","N","N",2,1,0,1,0,0,0,"first","",1,2012,NA,NA,1,0,0,0,0,"Health sciences",9,0,0,1,0,0,0,0,0,0.54353976,17,1,"Health sciences",0,NA
419122,"464",2015,"male","Social Sciences",81744,2015,"Q1",1,1,1,1,1,10,3,10,10,1,1,"","",1,1,1,"gbr","N","N",5,1,1,3,1,1,3,"first","2015-02-17",1,2015,10,20,1,0,10,0,0,"Health sciences",1,0,0,0,0,0,0,0,0,0,1,NA,"Health sciences",1,0
118932,"465",2012,"female","Medical and Health Sciences",66703,2012,"Others",1,1,1,1,1,10,10,10,10,1,0,"","",1,1,1,"gbr","N","N",1,1,0,0,0,0,0,"first","2013-06-10",1,2012,NA,NA,1,0,10,0,1,"Clinical medicine",2,0,0,1,0,0,0,0,0,0.4351762,1,1,"Clinical medicine",0,0
74628,"466",2012,"female","Natural Sciences",14798,2012,"Q1",1,1,1,1,1,2,2,2,2,1,0,"","",1,1,1,"usa","N","N",2,1,1,0,0,0,0,"first","2012-05-18",1,2012,5,29,1,0,2,0,1,"Biological sciences",5,0,0,1,0,0,0,0,0,0.8836582,17,NA,"Biological sciences",0,0
404149,"467",2015,"female","Natural Sciences",20646,2016,"Q1",1,2,1,2,1,1,1,1,1,1,0,"","",1,0,2,"usa","N","Y",6,2,4,0,0,0,0,"first","2016-01-08",1,2016,6,1,3,2,1,0,1,"Earth and related environmental sciences",5,0,0,1,0,0,0,0,0,1.2257439,21,NA,"Earth and related environmental sciences",0,0
426437,"468",2015,"male","Natural Sciences",37028,2015,"Q3",1,1,1,1,1,4,3,4,4,1,0,"","",1,1,1,"kor","N","N",2,1,1,0,0,0,0,"first","2015-07-28",1,2015,NA,NA,1,0,4,0,1,"Basic medical research",10,0,0,1,0,0,0,0,0,1.05549695,20,NA,"Basic medical research",0,0
83653,"469",2012,"male","Medical and Health Sciences",35454,2012,"Q2",1,1,1,1,1,NA,NA,0,0,0,0,"","",0,1,1,"kor","N","N",1,1,0,0,0,0,0,"first","",1,2012,NA,NA,1,0,0,0,0,"Clinical medicine",10,0,0,1,0,0,0,0,0,0.9328797,17,1,"Clinical medicine",0,NA
402576,"470",2015,"male","Medical and Health Sciences",44012,2017,"Q2",1,2,1,2,1,1,1,1,1,1,0,"","",1,0,3,"chn","N","Y",2,1,0,1,0,0,0,"first","2015-11-01",1,2017,2,1,2,1,1,0,1,"Basic medical research",8,0,0,1,1,0,1,0,1,1.2321597,20,1,"Biological sciences",0,0
295849,"471",2014,"female","Natural Sciences",40257,2014,"Q4",1,1,1,1,1,NA,NA,0,0,0,0,"","",0,1,1,"fra","N","N",1,1,0,0,0,0,0,"first","",1,2014,1,1,1,0,0,0,0,"Computer and information sciences",3,0,0,1,0,0,0,0,0,0,1,1,"Computer and information sciences",0,NA
487117,"472",2016,"male","Engineering and Technology",50064,2016,"Q2",1,1,1,1,1,NA,NA,0,0,0,0,"","",0,1,1,"deu","N","N",1,1,0,0,0,0,0,"first","",1,2016,6,1,1,0,0,0,0,"Other engineering and technologies",5,0,0,1,0,0,0,0,0,1.1494369,21,1,"Other engineering and technologies",0,NA
121462,"473",2012,"male","Social Sciences",41342,2012,"Q3",1,1,1,1,1,NA,NA,0,0,0,0,"","",0,1,1,"chn","N","N",1,1,0,0,0,0,0,"first","",1,2012,NA,NA,1,0,0,0,0,"Sociology and political science",2,0,0,1,0,0,0,0,0,0.08480724,9,NA,"Sociology and political science",0,NA
437136,"474",2015,"male","Engineering and Technology",71599,2015,"Q3",1,1,1,3,1,NA,NA,0,0,0,0,"","",0,1,1,"chn","N","Y",3,1,2,0,0,0,0,"first","",1,2015,11,1,1,0,0,0,0,"Other engineering and technologies",5,0,0,1,0,0,0,0,0,0.70761454,20,1,"Mechanical engineering",0,NA
50477,"475",2012,"male","Natural Sciences",17991,2012,"Q1",1,1,1,2,1,0,0,0,0,0,0,"","",0,1,1,"chn","N","Y",1,1,0,0,0,0,0,"first","",1,2012,4,NA,1,0,0,0,0,"Basic medical research",8,0,0,1,0,0,0,0,0,2.76293463,6,NA,"Basic medical research",0,NA
201584,"476",2013,"male","Medical and Health Sciences",63332,2013,"Q1",1,1,1,1,1,3,3,4,4,1,0,"","",1,1,1,"chn","N","N",1,1,0,0,0,0,0,"first","2013-04-24",1,2013,4,24,1,0,3,0,1,"Basic medical research",8,0,0,1,0,0,0,0,0,1.0749586,17,1,"Basic medical research",0,0
446700,"477",2015,"male","Engineering and Technology",49975,2015,"Q2",1,1,1,1,1,NA,NA,0,0,0,0,"","",0,1,1,"chn","N","N",2,1,1,0,0,0,0,"first","",1,2015,12,1,1,0,0,0,0,"Electrical engineering, electronic engineering,  information engineering ",2,0,0,1,0,0,0,0,0,0.2485202,9,NA,"Electrical engineering, electronic engineering,  information engineering ",0,NA
477107,"478",2016,"male","Medical and Health Sciences",87645,2016,"Q1",1,1,1,1,1,0,0,0,0,0,0,"","",0,0,1,"gbr","N","N",8,2,1,5,0,0,0,"first","",1,2016,4,1,2,1,0,0,0,"Clinical medicine",3,0,0,1,0,0,0,0,0,1.6666403,15,NA,"Clinical medicine",0,NA
260113,"479",2014,"male","Medical and Health Sciences",94636,2014,"Q1",1,1,1,1,1,3,2,3,3,1,0,"","",1,1,1,"usa","N","N",1,1,0,0,0,0,0,"first","2014-07-25",1,2014,12,15,1,0,3,0,1,"Biological sciences",2,0,0,1,1,0,1,0,1,0.82925212,17,1,"Biological sciences",0,0
327026,"480",2014,"female","Medical and Health Sciences",52922,2016,"Q1",1,1,1,1,1,1,1,1,1,1,0,"","",1,0,3,"usa","N","N",2,1,0,1,0,0,0,"first","2016-07-02",1,2016,9,1,2,1,1,0,1,"Clinical medicine",9,0,0,1,0,0,0,0,0,1.4205251,21,NA,"Clinical medicine",0,0
72962,"481",2012,"male","Natural Sciences",54596,2012,"Q4",1,1,1,1,1,NA,NA,0,0,0,0,"","",0,1,1,"kor","N","N",1,1,0,0,0,0,0,"first","",1,2012,NA,NA,1,0,0,0,0,"Mathematics",4,0,0,1,0,0,0,0,0,0.549457335,12,NA,"Mathematics",0,NA
181304,"482",2013,"male","Medical and Health Sciences",13162,2013,"Q1",1,1,1,1,1,NA,NA,0,0,0,0,"","",0,1,1,"usa","N","N",3,1,0,2,0,0,0,"first","",1,2013,11,1,1,0,0,0,0,"Basic medical research",3,0,0,1,0,0,0,0,0,1.1720039,16,NA,"Basic medical research",0,NA
434982,"483",2015,"male","Medical and Health Sciences",15860,2015,"Q4",1,1,1,1,1,NA,NA,0,0,0,0,"","",0,1,1,"usa","N","N",1,1,0,0,0,0,0,"first","",1,2015,7,8,1,0,0,0,0,"Clinical medicine",2,0,0,1,0,0,0,0,0,1.1013433,17,1,"Clinical medicine",0,NA
73128,"484",2012,"male","Natural Sciences",13706,2012,"Q1",1,1,1,1,1,NA,NA,0,0,0,0,"","",0,1,1,"chn","N","N",1,1,0,0,0,0,0,"first","",1,2012,9,NA,1,0,0,0,0,"Earth and related environmental sciences",7,0,0,1,0,0,0,0,0,1.754819,10,NA,"Earth and related environmental sciences",0,NA
126494,"485",2013,"male","Natural Sciences",50766,2013,"Q3",1,1,1,1,1,NA,NA,0,0,0,0,"","",0,1,1,"kor","N","N",1,1,0,0,0,0,0,"first","",1,2013,NA,NA,1,0,0,0,0,"Computer and information sciences",2,0,0,1,0,0,0,0,0,0.56907225,18,NA,"Computer and information sciences",0,NA
130050,"486",2013,"male","Natural Sciences",92437,2015,"Q1",1,1,1,1,1,1,1,1,1,1,0,"","",1,0,3,"kor","N","N",15,1,1,13,0,0,0,"first","2015-07-01",1,2015,6,15,5,4,1,0,1,"Chemical sciences",5,0,0,1,1,0,1,0,1,3.3454218,20,1,"Chemical sciences",0,0
139260,"487",2013,"male","Natural Sciences",39521,2014,"Q1",1,1,1,1,1,NA,NA,0,0,0,0,"","",0,0,2,"chn","N","N",5,2,3,0,0,0,0,"first","",1,2014,5,11,4,3,0,0,0,"Chemical sciences",5,0,0,1,0,0,0,0,0,2.0005822,12,NA,"Chemical sciences",0,NA
376563,"488",2015,"male","Natural Sciences",27059,2016,"Q3",1,1,1,1,1,NA,NA,0,0,0,0,"","",0,0,2,"chn","N","N",3,1,2,0,0,0,0,"first","",1,2016,9,1,2,1,0,0,0,"Chemical sciences",3,0,0,1,0,0,0,0,0,0,4,NA,"Chemical sciences",0,NA
458989,"489",2015,"male","Natural Sciences",81127,2017,"Q2",1,1,1,1,1,NA,NA,0,0,0,0,"","",0,0,3,"usa","N","N",2,1,0,1,0,0,0,"first","",1,2017,10,1,2,1,0,0,0,"Electrical engineering, electronic engineering,  information engineering ",3,0,0,1,0,0,0,0,0,0.87961656,14,NA,"Electrical engineering, electronic engineering,  information engineering ",0,NA
11401,"490",2012,"female","Natural Sciences",66566,2012,"Q2",1,1,1,1,1,0,0,0,0,0,0,"","",0,1,1,"usa","N","N",3,1,2,0,0,0,0,"first","",1,2012,NA,NA,1,0,0,0,0,"Earth and related environmental sciences",9,0,0,1,0,0,0,0,0,2.8345604,16,1,"Earth and related environmental sciences",0,NA
355886,"491",2014,"male","Medical and Health Sciences",41866,2014,"Q3",1,1,1,1,1,1,1,1,1,1,0,"","",1,1,1,"gbr","N","N",2,1,1,0,0,0,0,"first","2019-03-29",1,2014,NA,NA,1,0,1,0,1,"Clinical medicine",6,0,0,1,0,0,0,0,0,0.95433013,8,NA,"Clinical medicine",0,0
9615,"492",2012,"female","Social Sciences",15682,2014,"Q2",1,2,1,3,1,4,4,4,4,1,0,"","",1,0,3,"bra","N","Y",5,1,3,1,0,0,0,"first","2014-01-23",1,2014,1,22,5,4,4,0,1,"Sociology and political science",9,0,0,1,0,0,0,0,0,0.974422,14,1,"Clinical medicine",0,0
295451,"493",2014,"male","Medical and Health Sciences",79092,2015,"Q3",1,1,1,1,1,NA,NA,0,0,0,0,"","",0,0,2,"ind","N","N",5,1,2,2,0,0,0,"first","",1,2015,1,1,2,1,0,0,0,"Clinical medicine",3,0,0,1,0,0,0,0,0,0.13440534,16,1,"Clinical medicine",0,NA
469470,"494",2016,"male","Social Sciences",71121,2016,"Q2",1,1,1,1,1,NA,NA,0,0,0,0,"","",0,0,1,"kor","N","N",2,2,0,0,0,0,0,"first","",1,2016,2,1,1,0,0,0,0,"Economics",2,0,0,1,0,0,0,0,0,0.9334816,14,1,"Economics",0,NA
192993,"495",2013,"female","Medical and Health Sciences",83217,2013,"Q1",1,1,1,1,1,NA,NA,0,0,0,0,"","",0,1,1,"usa","N","N",9,1,2,6,0,0,0,"first","",1,2013,9,NA,1,0,0,0,0,"Clinical medicine",6,0,0,1,0,0,0,0,0,0.93920135,16,NA,"Clinical medicine",0,NA
94174,"496",2012,"male","Engineering and Technology",90193,2012,"Q3",1,1,1,1,1,NA,NA,0,0,0,0,"","",0,1,1,"chn","N","N",1,1,0,0,0,0,0,"first","",1,2012,NA,NA,1,0,0,0,0,"Other engineering and technologies",3,0,0,1,0,0,0,0,0,0.21459022,15,NA,"Other engineering and technologies",0,NA
405969,"497",2015,"male","Natural Sciences",14516,2016,"Q2",1,1,1,1,1,NA,NA,0,0,0,0,"","",0,0,2,"chn","N","N",6,1,4,1,0,0,0,"first","",1,2016,NA,NA,5,4,0,0,0,"Physical sciences and astronomy",4,0,0,1,0,0,0,0,0,0.84777653,12,NA,"Physical sciences and astronomy",0,NA
526406,"498",2016,"male","Medical and Health Sciences",10910,2016,"Q4",1,1,1,1,1,NA,NA,0,0,0,0,"","",0,1,1,"chn","N","N",3,2,0,1,0,0,0,"first","",1,2016,9,8,1,0,0,0,0,"Clinical medicine",3,0,0,1,0,0,0,0,0,0,1,1,"Clinical medicine",0,NA
191375,"499",2013,"female","Medical and Health Sciences",45429,2013,"Q2",1,1,1,1,1,7,6,7,7,1,0,"","",1,1,1,"usa","N","N",1,1,0,0,0,0,0,"first","2013-10-16",1,2013,NA,NA,1,0,7,0,1,"Clinical medicine",2,0,0,1,0,0,0,0,0,0,1,1,"Clinical medicine",0,0
439461,"500",2015,"male","Medical and Health Sciences",80457,2015,"Q1",1,1,1,1,1,2,2,2,2,1,0,"","",1,1,1,"usa","N","N",1,1,0,0,0,0,0,"first","2015-11-01",1,2015,12,1,1,0,2,0,1,"Clinical medicine",5,0,0,1,2,0,1,0,1,2.13280035,20,NA,"Clinical medicine",0,0
