gender,discipline,cohort,pubyear,author_id,doi
male,Medical and Health Sciences,2012.0,2012.0,1,10.1000/anon1348
male,Agricultural Sciences,2012.0,2012.0,1,10.1000/anon662
male,Medical and Health Sciences,2012.0,2013.0,1,10.1000/anon1958
male,Agricultural Sciences,2012.0,2014.0,1,10.1000/anon556
male,Agricultural Sciences,2013.0,2013.0,2,10.1000/anon36
male,Agricultural Sciences,2013.0,2014.0,2,10.1000/anon2692
male,Agricultural Sciences,2013.0,2014.0,2,10.1000/anon631
male,Agricultural Sciences,2013.0,2015.0,2,10.1000/anon2072
female,Medical and Health Sciences,2015.0,2015.0,2,10.1000/anon404
female,Medical and Health Sciences,2015.0,2015.0,2,10.1000/anon3259
female,Medical and Health Sciences,2015.0,2015.0,2,10.1000/anon782
female,Medical and Health Sciences,2015.0,2015.0,2,10.1000/anon1150
female,Medical and Health Sciences,2015.0,2015.0,2,10.1000/anon67
female,Medical and Health Sciences,2015.0,2016.0,2,10.1000/anon744
female,Medical and Health Sciences,2013.0,2013.0,3,10.1000/anon1165
female,Medical and Health Sciences,2016.0,2016.0,3,10.1000/anon548
female,Medical and Health Sciences,2016.0,2016.0,3,10.1000/anon43
female,Medical and Health Sciences,2016.0,2016.0,3,10.1000/anon1907
female,Medical and Health Sciences,2016.0,2016.0,3,10.1000/anon52
female,Medical and Health Sciences,2016.0,2017.0,3,10.1000/anon1719
female,Medical and Health Sciences,2016.0,2017.0,3,10.1000/anon457
female,Medical and Health Sciences,2016.0,2017.0,3,10.1000/anon1822
female,Medical and Health Sciences,2016.0,2017.0,3,10.1000/anon382
male,Natural Sciences,2016.0,2016.0,4,10.1000/anon2321
male,Natural Sciences,2016.0,2016.0,4,10.1000/anon1456
male,Natural Sciences,2016.0,2016.0,4,10.1000/anon286
female,Natural Sciences,2016.0,2016.0,4,10.1000/anon878
female,Natural Sciences,2016.0,2016.0,4,10.1000/anon853
female,Natural Sciences,2016.0,2016.0,4,10.1000/anon386
female,Natural Sciences,2016.0,2016.0,4,10.1000/anon188
male,Natural Sciences,2016.0,2017.0,4,10.1000/anon2237
female,Natural Sciences,2016.0,2017.0,4,10.1000/anon616
female,Natural Sciences,2016.0,2017.0,4,10.1000/anon976
female,Natural Sciences,2016.0,2017.0,4,10.1000/anon511
female,Natural Sciences,2016.0,2017.0,4,10.1000/anon1045
female,Natural Sciences,2016.0,2017.0,4,10.1000/anon193
female,Natural Sciences,2016.0,2017.0,4,10.1000/anon373
female,Natural Sciences,2016.0,2017.0,4,10.1000/anon843
male,Natural Sciences,2016.0,2018.0,4,10.1000/anon2666
male,Natural Sciences,2016.0,2018.0,4,10.1000/anon2721
male,Natural Sciences,2016.0,2018.0,4,10.1000/anon2647
female,Natural Sciences,2016.0,2018.0,4,10.1000/anon70
female,Natural Sciences,2016.0,2018.0,4,10.1000/anon1124
female,Natural Sciences,2016.0,2018.0,4,10.1000/anon137
female,Natural Sciences,2016.0,2018.0,4,10.1000/anon753
male,Engineering and Technology,2012.0,2012.0,5,10.1000/anon2138
male,Medical and Health Sciences,2014.0,2014.0,5,10.1000/anon1168
male,Medical and Health Sciences,2014.0,2014.0,5,10.1000/anon789
male,Medical and Health Sciences,2014.0,2015.0,5,10.1000/anon794
male,Medical and Health Sciences,2014.0,2015.0,5,10.1000/anon852
male,Medical and Health Sciences,2014.0,2016.0,5,10.1000/anon461
male,Natural Sciences,2013.0,2013.0,6,10.1000/anon1061
male,Natural Sciences,2016.0,2016.0,6,10.1000/anon2006
male,Natural Sciences,2016.0,2017.0,6,10.1000/anon2240
male,Medical and Health Sciences,2014.0,2014.0,7,10.1000/anon2570
female,Engineering and Technology,2016.0,2016.0,7,10.1000/anon300
male,Engineering and Technology,2015.0,2015.0,8,10.1000/anon1444
female,Medical and Health Sciences,2015.0,2015.0,8,10.1000/anon245
male,Natural Sciences,2013.0,2013.0,9,10.1000/anon35
male,Natural Sciences,2013.0,2013.0,9,10.1000/anon1028
female,Medical and Health Sciences,2013.0,2013.0,9,10.1000/anon498
female,Medical and Health Sciences,2013.0,2013.0,9,10.1000/anon1073
male,Natural Sciences,2013.0,2014.0,9,10.1000/anon1428
male,Natural Sciences,2013.0,2014.0,9,10.1000/anon631
male,Natural Sciences,2013.0,2015.0,9,10.1000/anon120
male,Natural Sciences,2013.0,2015.0,9,10.1000/anon1464
male,Natural Sciences,2013.0,2015.0,9,10.1000/anon1087
male,Natural Sciences,2013.0,2015.0,9,10.1000/anon2135
female,Medical and Health Sciences,2013.0,2015.0,9,10.1000/anon948
male,Natural Sciences,2014.0,2014.0,10,10.1000/anon215
female,Natural Sciences,2016.0,2016.0,10,10.1000/anon1132
female,Natural Sciences,2016.0,2017.0,10,10.1000/anon631
female,Natural Sciences,2016.0,2017.0,10,10.1000/anon766
male,Natural Sciences,2013.0,2013.0,11,10.1000/anon278
male,Natural Sciences,2015.0,2015.0,11,10.1000/anon2152
male,Natural Sciences,2013.0,2015.0,11,10.1000/anon281
male,Natural Sciences,2013.0,2015.0,11,10.1000/anon106
male,Natural Sciences,2015.0,2016.0,11,10.1000/anon2446
male,Natural Sciences,2015.0,2016.0,11,10.1000/anon1431
male,Natural Sciences,2015.0,2017.0,11,10.1000/anon1906
male,Natural Sciences,2015.0,2017.0,11,10.1000/anon2460
female,Medical and Health Sciences,2012.0,2012.0,12,10.1000/anon291
female,Medical and Health Sciences,2012.0,2013.0,12,10.1000/anon1049
female,Medical and Health Sciences,2012.0,2014.0,12,10.1000/anon514
male,Medical and Health Sciences,2016.0,2016.0,12,10.1000/anon1341
male,Medical and Health Sciences,2016.0,2016.0,12,10.1000/anon2493
male,Medical and Health Sciences,2016.0,2016.0,12,10.1000/anon2447
male,Medical and Health Sciences,2016.0,2017.0,12,10.1000/anon1592
male,Natural Sciences,2013.0,2013.0,13,10.1000/anon888
male,Natural Sciences,2013.0,2013.0,13,10.1000/anon84
male,Natural Sciences,2013.0,2014.0,13,10.1000/anon913
male,Natural Sciences,2013.0,2015.0,13,10.1000/anon17
male,Natural Sciences,2016.0,2016.0,13,10.1000/anon2091
male,Natural Sciences,2016.0,2017.0,13,10.1000/anon2160
male,Natural Sciences,2016.0,2017.0,13,10.1000/anon173
male,Natural Sciences,2016.0,2017.0,13,10.1000/anon1408
male,Natural Sciences,2016.0,2018.0,13,10.1000/anon579
male,Natural Sciences,2016.0,2018.0,13,10.1000/anon1531
male,Natural Sciences,2016.0,2018.0,13,10.1000/anon394
male,Natural Sciences,2013.0,2013.0,14,10.1000/anon702
male,Natural Sciences,2013.0,2014.0,14,10.1000/anon298
male,Natural Sciences,2013.0,2015.0,14,10.1000/anon2689
male,Natural Sciences,2016.0,2016.0,14,10.1000/anon255
male,Natural Sciences,2016.0,2016.0,14,10.1000/anon1582
male,Natural Sciences,2016.0,2016.0,14,10.1000/anon1647
male,Natural Sciences,2016.0,2018.0,14,10.1000/anon1013
female,Natural Sciences,2013.0,2013.0,15,10.1000/anon1769
female,Natural Sciences,2013.0,2015.0,15,10.1000/anon2391
female,Natural Sciences,2013.0,2015.0,15,10.1000/anon1308
female,Natural Sciences,2013.0,2015.0,15,10.1000/anon2210
female,Natural Sciences,2013.0,2015.0,15,10.1000/anon2453
female,Natural Sciences,2013.0,2015.0,15,10.1000/anon1066
male,Medical and Health Sciences,2015.0,2015.0,15,10.1000/anon1107
male,Medical and Health Sciences,2012.0,2012.0,16,10.1000/anon1345
male,Engineering and Technology,2016.0,2016.0,16,10.1000/anon1074
male,Engineering and Technology,2016.0,2016.0,16,10.1000/anon3599
female,Natural Sciences,2015.0,2015.0,17,10.1000/anon959
male,Natural Sciences,2016.0,2016.0,17,10.1000/anon666
female,Natural Sciences,2015.0,2017.0,17,10.1000/anon751
male,Natural Sciences,2016.0,2017.0,17,10.1000/anon960
male,Natural Sciences,2016.0,2018.0,17,10.1000/anon768
female,Natural Sciences,2015.0,2015.0,18,10.1000/anon723
female,Natural Sciences,2015.0,2015.0,18,10.1000/anon2126
male,Natural Sciences,2015.0,2015.0,18,10.1000/anon46
female,Natural Sciences,2015.0,2016.0,18,10.1000/anon2513
female,Natural Sciences,2015.0,2016.0,18,10.1000/anon544
male,Social Sciences,2014.0,2014.0,19,10.1000/anon179
female,Natural Sciences,2016.0,2016.0,19,10.1000/anon434
female,Natural Sciences,2016.0,2016.0,19,10.1000/anon683
female,Natural Sciences,2016.0,2018.0,19,10.1000/anon509
female,Natural Sciences,2016.0,2018.0,19,10.1000/anon210
female,Natural Sciences,2016.0,2018.0,19,10.1000/anon538
male,Natural Sciences,2015.0,2015.0,20,10.1000/anon156
male,Natural Sciences,2015.0,2015.0,20,10.1000/anon2340
male,Natural Sciences,2015.0,2015.0,20,10.1000/anon795
male,Natural Sciences,2015.0,2015.0,20,10.1000/anon1243
male,Agricultural Sciences,2016.0,2016.0,20,10.1000/anon2346
male,Natural Sciences,2015.0,2016.0,20,10.1000/anon2694
male,Natural Sciences,2015.0,2016.0,20,10.1000/anon1770
male,Natural Sciences,2015.0,2016.0,20,10.1000/anon2367
male,Natural Sciences,2015.0,2016.0,20,10.1000/anon1461
male,Natural Sciences,2015.0,2016.0,20,10.1000/anon2675
male,Natural Sciences,2015.0,2017.0,20,10.1000/anon636
male,Natural Sciences,2015.0,2017.0,20,10.1000/anon2694
male,Natural Sciences,2015.0,2017.0,20,10.1000/anon283
male,Natural Sciences,2015.0,2017.0,20,10.1000/anon364
male,Natural Sciences,2014.0,2014.0,21,10.1000/anon447
male,Natural Sciences,2014.0,2015.0,21,10.1000/anon554
male,Natural Sciences,2016.0,2016.0,21,10.1000/anon2279
male,Natural Sciences,2016.0,2016.0,21,10.1000/anon1538
male,Natural Sciences,2014.0,2016.0,21,10.1000/anon397
male,Natural Sciences,2014.0,2016.0,21,10.1000/anon1046
male,Natural Sciences,2016.0,2017.0,21,10.1000/anon2750
male,Natural Sciences,2016.0,2017.0,21,10.1000/anon588
male,Natural Sciences,2016.0,2017.0,21,10.1000/anon303
male,Natural Sciences,2016.0,2017.0,21,10.1000/anon1697
male,Natural Sciences,2016.0,2017.0,21,10.1000/anon2335
male,Natural Sciences,2016.0,2017.0,21,10.1000/anon449
male,Natural Sciences,2016.0,2018.0,21,10.1000/anon1911
male,Natural Sciences,2016.0,2018.0,21,10.1000/anon908
male,Natural Sciences,2016.0,2018.0,21,10.1000/anon1100
male,Natural Sciences,2016.0,2018.0,21,10.1000/anon1752
male,Natural Sciences,2016.0,2018.0,21,10.1000/anon2048
female,Medical and Health Sciences,2012.0,2012.0,22,10.1000/anon744
female,Natural Sciences,2013.0,2013.0,22,10.1000/anon142
male,Medical and Health Sciences,2012.0,2012.0,23,10.1000/anon2
male,Medical and Health Sciences,2012.0,2012.0,23,10.1000/anon89
male,Medical and Health Sciences,2012.0,2012.0,23,10.1000/anon688
male,Medical and Health Sciences,2012.0,2014.0,23,10.1000/anon1097
male,Medical and Health Sciences,2012.0,2014.0,23,10.1000/anon388
male,Medical and Health Sciences,2012.0,2014.0,23,10.1000/anon333
female,Medical and Health Sciences,2016.0,2016.0,23,10.1000/anon391
female,Medical and Health Sciences,2016.0,2018.0,23,10.1000/anon877
female,Medical and Health Sciences,2016.0,2018.0,23,10.1000/anon312
female,Medical and Health Sciences,2016.0,2018.0,23,10.1000/anon2293
male,Natural Sciences,2012.0,2012.0,24,10.1000/anon2680
male,Natural Sciences,2012.0,2013.0,24,10.1000/anon2275
male,Natural Sciences,2012.0,2013.0,24,10.1000/anon4
male,Natural Sciences,2012.0,2013.0,24,10.1000/anon1766
male,Natural Sciences,2012.0,2013.0,24,10.1000/anon1152
male,Natural Sciences,2012.0,2013.0,24,10.1000/anon1702
male,Natural Sciences,2012.0,2013.0,24,10.1000/anon1901
male,Natural Sciences,2012.0,2014.0,24,10.1000/anon1487
male,Natural Sciences,2012.0,2014.0,24,10.1000/anon2406
male,Natural Sciences,2012.0,2014.0,24,10.1000/anon2465
male,Natural Sciences,2012.0,2014.0,24,10.1000/anon40
male,Natural Sciences,2016.0,2016.0,24,10.1000/anon287
male,Natural Sciences,2016.0,2017.0,24,10.1000/anon479
male,Natural Sciences,2016.0,2017.0,24,10.1000/anon488
male,Social Sciences,2012.0,2012.0,25,10.1000/anon919
male,Medical and Health Sciences,2016.0,2016.0,25,10.1000/anon785
male,Natural Sciences,2013.0,2013.0,26,10.1000/anon2525
male,Natural Sciences,2013.0,2013.0,26,10.1000/anon308
male,Natural Sciences,2013.0,2013.0,26,10.1000/anon767
female,Natural Sciences,2013.0,2013.0,26,10.1000/anon226
male,Natural Sciences,2013.0,2014.0,26,10.1000/anon830
male,Natural Sciences,2013.0,2014.0,26,10.1000/anon1210
male,Natural Sciences,2013.0,2014.0,26,10.1000/anon865
female,Natural Sciences,2013.0,2014.0,26,10.1000/anon991
male,Natural Sciences,2013.0,2015.0,26,10.1000/anon1358
male,Natural Sciences,2013.0,2015.0,26,10.1000/anon373
female,Natural Sciences,2013.0,2015.0,26,10.1000/anon1160
male,Social Sciences,2012.0,2012.0,27,10.1000/anon2714
female,Natural Sciences,2013.0,2013.0,27,10.1000/anon143
male,Natural Sciences,2014.0,2014.0,28,10.1000/anon1049
male,Natural Sciences,2016.0,2016.0,28,10.1000/anon628
male,Natural Sciences,2016.0,2016.0,28,10.1000/anon91
male,Natural Sciences,2016.0,2016.0,28,10.1000/anon751
male,Natural Sciences,2016.0,2016.0,28,10.1000/anon452
male,Natural Sciences,2016.0,2016.0,28,10.1000/anon78
male,Natural Sciences,2016.0,2016.0,28,10.1000/anon253
male,Natural Sciences,2016.0,2016.0,28,10.1000/anon851
male,Natural Sciences,2016.0,2016.0,28,10.1000/anon762
male,Natural Sciences,2016.0,2016.0,28,10.1000/anon814
male,Natural Sciences,2016.0,2016.0,28,10.1000/anon3168
male,Natural Sciences,2016.0,2016.0,28,10.1000/anon73
male,Natural Sciences,2016.0,2016.0,28,10.1000/anon415
male,Natural Sciences,2016.0,2016.0,28,10.1000/anon769
male,Natural Sciences,2016.0,2016.0,28,10.1000/anon438
male,Natural Sciences,2016.0,2016.0,28,10.1000/anon536
male,Natural Sciences,2016.0,2016.0,28,10.1000/anon1122
male,Natural Sciences,2016.0,2016.0,28,10.1000/anon459
male,Natural Sciences,2016.0,2016.0,28,10.1000/anon367
male,Natural Sciences,2016.0,2016.0,28,10.1000/anon1007
male,Natural Sciences,2016.0,2016.0,28,10.1000/anon460
male,Natural Sciences,2016.0,2016.0,28,10.1000/anon692
male,Natural Sciences,2016.0,2016.0,28,10.1000/anon747
male,Natural Sciences,2016.0,2016.0,28,10.1000/anon947
male,Natural Sciences,2016.0,2016.0,28,10.1000/anon1090
male,Natural Sciences,2016.0,2016.0,28,10.1000/anon374
male,Natural Sciences,2016.0,2017.0,28,10.1000/anon928
male,Natural Sciences,2016.0,2017.0,28,10.1000/anon1103
male,Natural Sciences,2016.0,2017.0,28,10.1000/anon367
male,Natural Sciences,2016.0,2017.0,28,10.1000/anon275
male,Natural Sciences,2016.0,2017.0,28,10.1000/anon1130
male,Natural Sciences,2016.0,2017.0,28,10.1000/anon558
male,Natural Sciences,2016.0,2017.0,28,10.1000/anon1169
male,Natural Sciences,2016.0,2017.0,28,10.1000/anon547
male,Natural Sciences,2016.0,2017.0,28,10.1000/anon898
male,Natural Sciences,2016.0,2017.0,28,10.1000/anon489
male,Natural Sciences,2016.0,2017.0,28,10.1000/anon480
male,Natural Sciences,2016.0,2017.0,28,10.1000/anon550
male,Natural Sciences,2016.0,2017.0,28,10.1000/anon523
male,Natural Sciences,2016.0,2017.0,28,10.1000/anon347
male,Natural Sciences,2016.0,2017.0,28,10.1000/anon371
male,Natural Sciences,2016.0,2017.0,28,10.1000/anon490
male,Natural Sciences,2016.0,2017.0,28,10.1000/anon606
male,Natural Sciences,2016.0,2017.0,28,10.1000/anon656
male,Natural Sciences,2016.0,2017.0,28,10.1000/anon384
male,Natural Sciences,2016.0,2017.0,28,10.1000/anon748
male,Natural Sciences,2016.0,2017.0,28,10.1000/anon247
male,Natural Sciences,2016.0,2017.0,28,10.1000/anon742
male,Natural Sciences,2016.0,2017.0,28,10.1000/anon14
male,Natural Sciences,2016.0,2017.0,28,10.1000/anon1062
male,Natural Sciences,2016.0,2017.0,28,10.1000/anon940
male,Natural Sciences,2016.0,2017.0,28,10.1000/anon200
male,Natural Sciences,2016.0,2017.0,28,10.1000/anon1096
male,Natural Sciences,2016.0,2017.0,28,10.1000/anon924
male,Natural Sciences,2016.0,2017.0,28,10.1000/anon167
male,Natural Sciences,2016.0,2017.0,28,10.1000/anon847
male,Natural Sciences,2016.0,2017.0,28,10.1000/anon225
male,Natural Sciences,2016.0,2017.0,28,10.1000/anon209
male,Natural Sciences,2016.0,2017.0,28,10.1000/anon1154
male,Natural Sciences,2016.0,2017.0,28,10.1000/anon881
male,Natural Sciences,2016.0,2017.0,28,10.1000/anon1129
male,Natural Sciences,2016.0,2017.0,28,10.1000/anon277
male,Natural Sciences,2016.0,2017.0,28,10.1000/anon1158
male,Natural Sciences,2016.0,2017.0,28,10.1000/anon1146
male,Natural Sciences,2016.0,2017.0,28,10.1000/anon968
male,Natural Sciences,2016.0,2017.0,28,10.1000/anon975
male,Natural Sciences,2016.0,2017.0,28,10.1000/anon289
male,Natural Sciences,2016.0,2017.0,28,10.1000/anon1018
male,Natural Sciences,2016.0,2017.0,28,10.1000/anon339
male,Natural Sciences,2016.0,2017.0,28,10.1000/anon133
male,Natural Sciences,2016.0,2017.0,28,10.1000/anon481
male,Natural Sciences,2016.0,2017.0,28,10.1000/anon670
male,Natural Sciences,2016.0,2017.0,28,10.1000/anon15
male,Natural Sciences,2016.0,2017.0,28,10.1000/anon1147
male,Natural Sciences,2016.0,2017.0,28,10.1000/anon1153
male,Natural Sciences,2016.0,2017.0,28,10.1000/anon877
male,Natural Sciences,2016.0,2017.0,28,10.1000/anon861
male,Natural Sciences,2016.0,2017.0,28,10.1000/anon132
male,Natural Sciences,2016.0,2017.0,28,10.1000/anon26
male,Natural Sciences,2016.0,2017.0,28,10.1000/anon1067
male,Natural Sciences,2016.0,2017.0,28,10.1000/anon578
male,Natural Sciences,2016.0,2017.0,28,10.1000/anon1028
male,Natural Sciences,2016.0,2017.0,28,10.1000/anon827
male,Natural Sciences,2016.0,2017.0,28,10.1000/anon840
male,Natural Sciences,2016.0,2017.0,28,10.1000/anon663
male,Natural Sciences,2016.0,2017.0,28,10.1000/anon779
male,Natural Sciences,2016.0,2017.0,28,10.1000/anon136
male,Natural Sciences,2016.0,2017.0,28,10.1000/anon876
male,Natural Sciences,2016.0,2017.0,28,10.1000/anon621
male,Natural Sciences,2016.0,2017.0,28,10.1000/anon424
male,Natural Sciences,2016.0,2017.0,28,10.1000/anon335
male,Natural Sciences,2016.0,2017.0,28,10.1000/anon7
male,Natural Sciences,2016.0,2017.0,28,10.1000/anon522
male,Natural Sciences,2016.0,2017.0,28,10.1000/anon659
male,Natural Sciences,2016.0,2017.0,28,10.1000/anon987
male,Natural Sciences,2016.0,2017.0,28,10.1000/anon705
male,Natural Sciences,2016.0,2017.0,28,10.1000/anon1077
male,Natural Sciences,2016.0,2017.0,28,10.1000/anon997
male,Natural Sciences,2016.0,2017.0,28,10.1000/anon1095
male,Natural Sciences,2016.0,2017.0,28,10.1000/anon123
male,Natural Sciences,2016.0,2017.0,28,10.1000/anon254
male,Natural Sciences,2016.0,2017.0,28,10.1000/anon62
male,Natural Sciences,2016.0,2017.0,28,10.1000/anon559
male,Natural Sciences,2016.0,2017.0,28,10.1000/anon587
male,Natural Sciences,2016.0,2017.0,28,10.1000/anon1157
male,Natural Sciences,2016.0,2017.0,28,10.1000/anon1101
male,Natural Sciences,2016.0,2017.0,28,10.1000/anon684
male,Natural Sciences,2016.0,2017.0,28,10.1000/anon1126
male,Natural Sciences,2016.0,2017.0,28,10.1000/anon884
male,Natural Sciences,2016.0,2017.0,28,10.1000/anon931
male,Natural Sciences,2016.0,2017.0,28,10.1000/anon561
male,Natural Sciences,2016.0,2017.0,28,10.1000/anon33
male,Natural Sciences,2016.0,2017.0,28,10.1000/anon973
male,Natural Sciences,2016.0,2017.0,28,10.1000/anon182
male,Natural Sciences,2016.0,2017.0,28,10.1000/anon271
male,Natural Sciences,2016.0,2017.0,28,10.1000/anon168
male,Natural Sciences,2016.0,2017.0,28,10.1000/anon292
male,Natural Sciences,2016.0,2017.0,28,10.1000/anon596
male,Natural Sciences,2016.0,2017.0,28,10.1000/anon612
male,Natural Sciences,2016.0,2017.0,28,10.1000/anon864
male,Natural Sciences,2016.0,2017.0,28,10.1000/anon518
male,Natural Sciences,2016.0,2017.0,28,10.1000/anon796
male,Natural Sciences,2016.0,2017.0,28,10.1000/anon345
male,Natural Sciences,2016.0,2017.0,28,10.1000/anon745
male,Natural Sciences,2016.0,2017.0,28,10.1000/anon296
male,Natural Sciences,2016.0,2017.0,28,10.1000/anon1025
male,Natural Sciences,2016.0,2017.0,28,10.1000/anon885
male,Natural Sciences,2016.0,2017.0,28,10.1000/anon1081
male,Natural Sciences,2016.0,2017.0,28,10.1000/anon101
male,Natural Sciences,2016.0,2017.0,28,10.1000/anon941
male,Natural Sciences,2016.0,2017.0,28,10.1000/anon508
male,Natural Sciences,2016.0,2017.0,28,10.1000/anon9
male,Natural Sciences,2016.0,2017.0,28,10.1000/anon453
male,Natural Sciences,2016.0,2017.0,28,10.1000/anon477
male,Natural Sciences,2016.0,2017.0,28,10.1000/anon737
male,Natural Sciences,2016.0,2017.0,28,10.1000/anon958
male,Natural Sciences,2016.0,2017.0,28,10.1000/anon893
male,Natural Sciences,2016.0,2017.0,28,10.1000/anon98
male,Natural Sciences,2016.0,2017.0,28,10.1000/anon1172
male,Natural Sciences,2016.0,2017.0,28,10.1000/anon1026
male,Natural Sciences,2016.0,2018.0,28,10.1000/anon399
male,Natural Sciences,2016.0,2018.0,28,10.1000/anon31
male,Natural Sciences,2016.0,2018.0,28,10.1000/anon704
male,Natural Sciences,2016.0,2018.0,28,10.1000/anon721
male,Natural Sciences,2016.0,2018.0,28,10.1000/anon368
male,Natural Sciences,2016.0,2018.0,28,10.1000/anon95
male,Natural Sciences,2016.0,2018.0,28,10.1000/anon493
male,Natural Sciences,2016.0,2018.0,28,10.1000/anon251
male,Natural Sciences,2016.0,2018.0,28,10.1000/anon338
male,Natural Sciences,2016.0,2018.0,28,10.1000/anon766
male,Natural Sciences,2016.0,2018.0,28,10.1000/anon1155
male,Natural Sciences,2016.0,2018.0,28,10.1000/anon13
male,Natural Sciences,2016.0,2018.0,28,10.1000/anon1050
male,Natural Sciences,2016.0,2018.0,28,10.1000/anon838
male,Natural Sciences,2016.0,2018.0,28,10.1000/anon396
male,Natural Sciences,2016.0,2018.0,28,10.1000/anon1148
male,Natural Sciences,2016.0,2018.0,28,10.1000/anon45
male,Natural Sciences,2016.0,2018.0,28,10.1000/anon1000
male,Natural Sciences,2016.0,2018.0,28,10.1000/anon422
male,Natural Sciences,2016.0,2018.0,28,10.1000/anon83
male,Natural Sciences,2016.0,2018.0,28,10.1000/anon982
male,Natural Sciences,2016.0,2018.0,28,10.1000/anon294
male,Natural Sciences,2016.0,2018.0,28,10.1000/anon224
male,Natural Sciences,2016.0,2018.0,28,10.1000/anon557
male,Natural Sciences,2016.0,2018.0,28,10.1000/anon47
male,Natural Sciences,2016.0,2018.0,28,10.1000/anon348
male,Natural Sciences,2016.0,2018.0,28,10.1000/anon959
male,Natural Sciences,2016.0,2018.0,28,10.1000/anon213
male,Natural Sciences,2016.0,2018.0,28,10.1000/anon586
male,Natural Sciences,2016.0,2018.0,28,10.1000/anon693
male,Natural Sciences,2016.0,2018.0,28,10.1000/anon1071
male,Natural Sciences,2016.0,2018.0,28,10.1000/anon646
male,Natural Sciences,2016.0,2018.0,28,10.1000/anon377
male,Natural Sciences,2016.0,2018.0,28,10.1000/anon839
male,Natural Sciences,2016.0,2018.0,28,10.1000/anon244
male,Natural Sciences,2016.0,2018.0,28,10.1000/anon836
male,Natural Sciences,2016.0,2018.0,28,10.1000/anon361
male,Natural Sciences,2016.0,2018.0,28,10.1000/anon243
male,Natural Sciences,2016.0,2018.0,28,10.1000/anon1115
male,Natural Sciences,2016.0,2018.0,28,10.1000/anon524
male,Natural Sciences,2016.0,2018.0,28,10.1000/anon1117
male,Natural Sciences,2016.0,2018.0,28,10.1000/anon886
male,Natural Sciences,2016.0,2018.0,28,10.1000/anon436
male,Natural Sciences,2016.0,2018.0,28,10.1000/anon118
male,Natural Sciences,2016.0,2018.0,28,10.1000/anon999
male,Natural Sciences,2016.0,2018.0,28,10.1000/anon185
male,Natural Sciences,2016.0,2018.0,28,10.1000/anon1114
male,Natural Sciences,2016.0,2018.0,28,10.1000/anon346
male,Natural Sciences,2016.0,2018.0,28,10.1000/anon917
male,Natural Sciences,2016.0,2018.0,28,10.1000/anon752
male,Natural Sciences,2016.0,2018.0,28,10.1000/anon170
male,Natural Sciences,2016.0,2018.0,28,10.1000/anon332
male,Natural Sciences,2016.0,2018.0,28,10.1000/anon389
male,Natural Sciences,2016.0,2018.0,28,10.1000/anon126
male,Natural Sciences,2016.0,2018.0,28,10.1000/anon971
male,Natural Sciences,2016.0,2018.0,28,10.1000/anon439
male,Natural Sciences,2016.0,2018.0,28,10.1000/anon469
male,Natural Sciences,2016.0,2018.0,28,10.1000/anon184
male,Natural Sciences,2016.0,2018.0,28,10.1000/anon41
male,Natural Sciences,2016.0,2018.0,28,10.1000/anon551
male,Natural Sciences,2016.0,2018.0,28,10.1000/anon276
male,Natural Sciences,2016.0,2018.0,28,10.1000/anon679
male,Natural Sciences,2016.0,2018.0,28,10.1000/anon989
male,Natural Sciences,2016.0,2018.0,28,10.1000/anon605
male,Natural Sciences,2016.0,2018.0,28,10.1000/anon1167
male,Natural Sciences,2016.0,2018.0,28,10.1000/anon681
male,Natural Sciences,2016.0,2018.0,28,10.1000/anon208
male,Natural Sciences,2016.0,2018.0,28,10.1000/anon930
male,Natural Sciences,2016.0,2018.0,28,10.1000/anon954
male,Natural Sciences,2016.0,2018.0,28,10.1000/anon1131
male,Natural Sciences,2016.0,2018.0,28,10.1000/anon517
male,Natural Sciences,2016.0,2018.0,28,10.1000/anon485
male,Natural Sciences,2016.0,2018.0,28,10.1000/anon868
male,Natural Sciences,2016.0,2018.0,28,10.1000/anon626
male,Natural Sciences,2016.0,2018.0,28,10.1000/anon983
male,Natural Sciences,2016.0,2018.0,28,10.1000/anon295
male,Natural Sciences,2016.0,2018.0,28,10.1000/anon331
male,Natural Sciences,2016.0,2018.0,28,10.1000/anon418
male,Natural Sciences,2016.0,2018.0,28,10.1000/anon635
male,Natural Sciences,2016.0,2018.0,28,10.1000/anon177
male,Natural Sciences,2016.0,2018.0,28,10.1000/anon1134
male,Natural Sciences,2016.0,2018.0,28,10.1000/anon718
male,Natural Sciences,2016.0,2018.0,28,10.1000/anon710
male,Natural Sciences,2016.0,2018.0,28,10.1000/anon678
male,Natural Sciences,2016.0,2018.0,28,10.1000/anon470
male,Natural Sciences,2016.0,2018.0,28,10.1000/anon69
male,Natural Sciences,2016.0,2018.0,28,10.1000/anon507
male,Natural Sciences,2016.0,2018.0,28,10.1000/anon306
male,Natural Sciences,2016.0,2018.0,28,10.1000/anon1039
male,Natural Sciences,2016.0,2018.0,28,10.1000/anon810
male,Natural Sciences,2016.0,2018.0,28,10.1000/anon791
male,Natural Sciences,2016.0,2018.0,28,10.1000/anon699
male,Natural Sciences,2016.0,2018.0,28,10.1000/anon637
male,Natural Sciences,2016.0,2018.0,28,10.1000/anon569
male,Natural Sciences,2016.0,2018.0,28,10.1000/anon269
male,Natural Sciences,2016.0,2018.0,28,10.1000/anon1030
male,Natural Sciences,2016.0,2018.0,28,10.1000/anon28
male,Natural Sciences,2016.0,2018.0,28,10.1000/anon1136
male,Natural Sciences,2016.0,2018.0,28,10.1000/anon59
male,Natural Sciences,2016.0,2018.0,28,10.1000/anon1084
male,Natural Sciences,2016.0,2018.0,28,10.1000/anon502
male,Natural Sciences,2016.0,2018.0,28,10.1000/anon1138
male,Natural Sciences,2016.0,2018.0,28,10.1000/anon242
male,Natural Sciences,2016.0,2018.0,28,10.1000/anon816
male,Natural Sciences,2016.0,2018.0,28,10.1000/anon349
male,Natural Sciences,2016.0,2018.0,28,10.1000/anon867
male,Natural Sciences,2016.0,2018.0,28,10.1000/anon936
male,Natural Sciences,2016.0,2018.0,28,10.1000/anon171
male,Natural Sciences,2016.0,2018.0,28,10.1000/anon1141
male,Natural Sciences,2016.0,2018.0,28,10.1000/anon317
male,Natural Sciences,2016.0,2018.0,28,10.1000/anon696
male,Natural Sciences,2016.0,2018.0,28,10.1000/anon1012
male,Natural Sciences,2016.0,2018.0,28,10.1000/anon900
male,Natural Sciences,2016.0,2018.0,28,10.1000/anon1132
male,Natural Sciences,2016.0,2018.0,28,10.1000/anon392
male,Natural Sciences,2016.0,2018.0,28,10.1000/anon496
male,Natural Sciences,2016.0,2018.0,28,10.1000/anon354
male,Natural Sciences,2016.0,2018.0,28,10.1000/anon220
male,Natural Sciences,2016.0,2018.0,28,10.1000/anon402
male,Natural Sciences,2016.0,2018.0,28,10.1000/anon625
male,Natural Sciences,2016.0,2018.0,28,10.1000/anon801
male,Natural Sciences,2016.0,2018.0,28,10.1000/anon363
male,Natural Sciences,2016.0,2018.0,28,10.1000/anon411
male,Natural Sciences,2016.0,2018.0,28,10.1000/anon763
male,Natural Sciences,2016.0,2018.0,28,10.1000/anon419
male,Natural Sciences,2016.0,2018.0,28,10.1000/anon555
male,Natural Sciences,2016.0,2018.0,28,10.1000/anon393
male,Natural Sciences,2016.0,2018.0,28,10.1000/anon961
male,Natural Sciences,2016.0,2018.0,28,10.1000/anon343
male,Natural Sciences,2016.0,2018.0,28,10.1000/anon352
male,Natural Sciences,2016.0,2018.0,28,10.1000/anon365
male,Natural Sciences,2016.0,2018.0,28,10.1000/anon54
male,Natural Sciences,2016.0,2018.0,28,10.1000/anon647
male,Natural Sciences,2016.0,2018.0,28,10.1000/anon423
male,Natural Sciences,2016.0,2018.0,28,10.1000/anon597
male,Natural Sciences,2016.0,2018.0,28,10.1000/anon957
male,Natural Sciences,2016.0,2018.0,28,10.1000/anon218
male,Natural Sciences,2016.0,2018.0,28,10.1000/anon427
male,Natural Sciences,2016.0,2018.0,28,10.1000/anon433
male,Natural Sciences,2016.0,2018.0,28,10.1000/anon223
male,Natural Sciences,2016.0,2018.0,28,10.1000/anon985
male,Natural Sciences,2016.0,2018.0,28,10.1000/anon238
male,Natural Sciences,2016.0,2018.0,28,10.1000/anon1002
male,Natural Sciences,2016.0,2018.0,28,10.1000/anon316
female,Medical and Health Sciences,2014.0,2014.0,29,10.1000/anon1203
male,Natural Sciences,2014.0,2014.0,29,10.1000/anon786
female,Medical and Health Sciences,2014.0,2015.0,29,10.1000/anon2390
female,Medical and Health Sciences,2014.0,2015.0,29,10.1000/anon1750
male,Natural Sciences,2014.0,2015.0,29,10.1000/anon634
male,Natural Sciences,2014.0,2016.0,29,10.1000/anon2157
female,Natural Sciences,2013.0,2013.0,30,10.1000/anon809
female,Natural Sciences,2013.0,2013.0,30,10.1000/anon1432
female,Medical and Health Sciences,2014.0,2014.0,30,10.1000/anon1807
female,Medical and Health Sciences,2014.0,2014.0,30,10.1000/anon1327
female,Natural Sciences,2013.0,2014.0,30,10.1000/anon426
female,Medical and Health Sciences,2014.0,2015.0,30,10.1000/anon2168
female,Medical and Health Sciences,2014.0,2016.0,30,10.1000/anon1256
female,Humanities,2014.0,2014.0,31,10.1000/anon2399
female,Humanities,2014.0,2014.0,31,10.1000/anon212
female,Humanities,2014.0,2016.0,31,10.1000/anon2255
female,Humanities,2014.0,2016.0,31,10.1000/anon640
female,Humanities,2014.0,2016.0,31,10.1000/anon1788
female,Social Sciences,2016.0,2016.0,31,10.1000/anon150
female,Social Sciences,2016.0,2018.0,31,10.1000/anon241
female,Natural Sciences,2014.0,2014.0,32,10.1000/anon538
female,Natural Sciences,2014.0,2015.0,32,10.1000/anon2084
female,Natural Sciences,2014.0,2016.0,32,10.1000/anon1558
male,Medical and Health Sciences,2016.0,2016.0,32,10.1000/anon717
male,Medical and Health Sciences,2016.0,2016.0,32,10.1000/anon722
male,Medical and Health Sciences,2016.0,2016.0,32,10.1000/anon715
male,Medical and Health Sciences,2016.0,2017.0,32,10.1000/anon37
male,Medical and Health Sciences,2016.0,2017.0,32,10.1000/anon910
male,Medical and Health Sciences,2016.0,2016.0,33,10.1000/anon1309
male,Medical and Health Sciences,2016.0,2016.0,33,10.1000/anon1152
male,Medical and Health Sciences,2016.0,2016.0,33,10.1000/anon1668
male,Medical and Health Sciences,2016.0,2017.0,33,10.1000/anon631
male,Medical and Health Sciences,2016.0,2018.0,33,10.1000/anon707
male,Medical and Health Sciences,2014.0,2014.0,34,10.1000/anon2117
male,Medical and Health Sciences,2014.0,2015.0,34,10.1000/anon1070
male,Medical and Health Sciences,2014.0,2015.0,34,10.1000/anon697
male,Medical and Health Sciences,2014.0,2015.0,34,10.1000/anon2269
male,Medical and Health Sciences,2014.0,2015.0,34,10.1000/anon1743
male,Medical and Health Sciences,2014.0,2016.0,34,10.1000/anon958
male,Medical and Health Sciences,2016.0,2016.0,34,10.1000/anon196
male,Medical and Health Sciences,2016.0,2016.0,34,10.1000/anon919
male,Medical and Health Sciences,2016.0,2017.0,34,10.1000/anon935
male,Medical and Health Sciences,2016.0,2017.0,34,10.1000/anon686
male,Medical and Health Sciences,2016.0,2017.0,34,10.1000/anon161
male,Medical and Health Sciences,2016.0,2017.0,34,10.1000/anon308
male,Medical and Health Sciences,2016.0,2018.0,34,10.1000/anon695
male,Medical and Health Sciences,2016.0,2018.0,34,10.1000/anon92
male,Medical and Health Sciences,2016.0,2018.0,34,10.1000/anon394
male,Engineering and Technology,2013.0,2013.0,35,10.1000/anon1387
female,Natural Sciences,2013.0,2013.0,35,10.1000/anon732
female,Natural Sciences,2013.0,2014.0,35,10.1000/anon21
female,Natural Sciences,2013.0,2015.0,35,10.1000/anon312
male,Natural Sciences,2012.0,2012.0,36,10.1000/anon770
male,Natural Sciences,2014.0,2014.0,36,10.1000/anon2245
male,Natural Sciences,2014.0,2015.0,36,10.1000/anon1118
male,Natural Sciences,2014.0,2014.0,37,10.1000/anon337
female,Medical and Health Sciences,2015.0,2015.0,37,10.1000/anon1839
male,Natural Sciences,2014.0,2015.0,37,10.1000/anon149
male,Natural Sciences,2014.0,2016.0,37,10.1000/anon273
female,Medical and Health Sciences,2015.0,2017.0,37,10.1000/anon2598
female,Medical and Health Sciences,2015.0,2017.0,37,10.1000/anon887
female,Social Sciences,2012.0,2012.0,38,10.1000/anon1683
female,Natural Sciences,2015.0,2015.0,38,10.1000/anon890
female,Medical and Health Sciences,2012.0,2012.0,39,10.1000/anon2021
female,Medical and Health Sciences,2012.0,2014.0,39,10.1000/anon2538
female,Medical and Health Sciences,2012.0,2014.0,39,10.1000/anon869
male,Natural Sciences,2014.0,2014.0,39,10.1000/anon527
male,Natural Sciences,2014.0,2015.0,39,10.1000/anon323
male,Natural Sciences,2014.0,2016.0,39,10.1000/anon425
male,Agricultural Sciences,2012.0,2012.0,40,10.1000/anon2459
male,Natural Sciences,2014.0,2014.0,40,10.1000/anon883
male,Natural Sciences,2013.0,2013.0,41,10.1000/anon928
female,Social Sciences,2014.0,2014.0,41,10.1000/anon700
male,Engineering and Technology,2015.0,2015.0,42,10.1000/anon288
male,Natural Sciences,2016.0,2016.0,42,10.1000/anon1356
male,Engineering and Technology,2015.0,2016.0,42,10.1000/anon2075
male,Engineering and Technology,2015.0,2016.0,42,10.1000/anon907
male,Engineering and Technology,2015.0,2016.0,42,10.1000/anon233
male,Engineering and Technology,2015.0,2016.0,42,10.1000/anon667
male,Engineering and Technology,2015.0,2016.0,42,10.1000/anon16
male,Engineering and Technology,2015.0,2016.0,42,10.1000/anon165
male,Engineering and Technology,2015.0,2017.0,42,10.1000/anon8
male,Engineering and Technology,2015.0,2017.0,42,10.1000/anon651
male,Engineering and Technology,2015.0,2017.0,42,10.1000/anon328
male,Engineering and Technology,2015.0,2017.0,42,10.1000/anon230
male,Engineering and Technology,2015.0,2017.0,42,10.1000/anon440
male,Engineering and Technology,2015.0,2017.0,42,10.1000/anon1177
male,Engineering and Technology,2015.0,2017.0,42,10.1000/anon525
male,Natural Sciences,2016.0,2018.0,42,10.1000/anon1806
male,Natural Sciences,2016.0,2018.0,42,10.1000/anon203
male,Natural Sciences,2016.0,2018.0,42,10.1000/anon1953
male,Natural Sciences,2012.0,2012.0,43,10.1000/anon351
male,Natural Sciences,2012.0,2013.0,43,10.1000/anon3401
male,Medical and Health Sciences,2016.0,2016.0,43,10.1000/anon935
male,Medical and Health Sciences,2014.0,2014.0,44,10.1000/anon318
female,Medical and Health Sciences,2015.0,2015.0,44,10.1000/anon2368
female,Medical and Health Sciences,2015.0,2016.0,44,10.1000/anon360
male,Medical and Health Sciences,2014.0,2016.0,44,10.1000/anon842
female,Social Sciences,2012.0,2012.0,45,10.1000/anon938
female,Natural Sciences,2013.0,2013.0,45,10.1000/anon1003
female,Natural Sciences,2013.0,2014.0,45,10.1000/anon649
female,Natural Sciences,2013.0,2015.0,45,10.1000/anon761
female,Natural Sciences,2014.0,2014.0,46,10.1000/anon711
male,Natural Sciences,2016.0,2016.0,46,10.1000/anon1329
male,Natural Sciences,2016.0,2016.0,46,10.1000/anon56
female,Natural Sciences,2014.0,2016.0,46,10.1000/anon49
male,Natural Sciences,2016.0,2017.0,46,10.1000/anon70
male,Natural Sciences,2016.0,2018.0,46,10.1000/anon1246
male,Engineering and Technology,2012.0,2012.0,47,10.1000/anon1627
male,Engineering and Technology,2012.0,2014.0,47,10.1000/anon2218
male,Natural Sciences,2015.0,2015.0,47,10.1000/anon286
male,Natural Sciences,2015.0,2016.0,47,10.1000/anon3547
female,Natural Sciences,2013.0,2013.0,48,10.1000/anon303
female,Medical and Health Sciences,2016.0,2016.0,48,10.1000/anon655
female,Medical and Health Sciences,2016.0,2016.0,48,10.1000/anon2536
female,Medical and Health Sciences,2016.0,2017.0,48,10.1000/anon2382
female,Medical and Health Sciences,2016.0,2018.0,48,10.1000/anon2512
female,Medical and Health Sciences,2016.0,2018.0,48,10.1000/anon1204
male,Natural Sciences,2012.0,2012.0,49,10.1000/anon2122
female,Natural Sciences,2016.0,2016.0,49,10.1000/anon357
male,Natural Sciences,2014.0,2014.0,50,10.1000/anon1399
male,Natural Sciences,2014.0,2014.0,50,10.1000/anon1061
male,Medical and Health Sciences,2015.0,2015.0,50,10.1000/anon618
male,Natural Sciences,2014.0,2016.0,50,10.1000/anon2789
male,Natural Sciences,2016.0,2016.0,51,10.1000/anon857
male,Natural Sciences,2016.0,2016.0,51,10.1000/anon1063
male,Natural Sciences,2016.0,2017.0,51,10.1000/anon934
female,Social Sciences,2013.0,2013.0,52,10.1000/anon85
male,Medical and Health Sciences,2014.0,2014.0,52,10.1000/anon852
male,Medical and Health Sciences,2014.0,2015.0,52,10.1000/anon1404
male,Medical and Health Sciences,2014.0,2015.0,52,10.1000/anon1447
male,Natural Sciences,2014.0,2014.0,53,10.1000/anon1266
male,Natural Sciences,2014.0,2015.0,53,10.1000/anon469
male,Natural Sciences,2014.0,2016.0,53,10.1000/anon2388
male,Natural Sciences,2016.0,2016.0,53,10.1000/anon145
male,Natural Sciences,2016.0,2017.0,53,10.1000/anon820
male,Natural Sciences,2016.0,2017.0,53,10.1000/anon1076
male,Natural Sciences,2016.0,2017.0,53,10.1000/anon27
male,Natural Sciences,2016.0,2018.0,53,10.1000/anon1151
male,Medical and Health Sciences,2015.0,2015.0,54,10.1000/anon1581
male,Medical and Health Sciences,2015.0,2015.0,54,10.1000/anon2214
male,Medical and Health Sciences,2015.0,2016.0,54,10.1000/anon676
female,Social Sciences,2016.0,2016.0,54,10.1000/anon175
female,Social Sciences,2016.0,2018.0,54,10.1000/anon32
female,Natural Sciences,2015.0,2015.0,55,10.1000/anon975
male,Engineering and Technology,2015.0,2015.0,55,10.1000/anon854
female,Natural Sciences,2015.0,2016.0,55,10.1000/anon1056
female,Natural Sciences,2015.0,2016.0,55,10.1000/anon53
male,Engineering and Technology,2015.0,2016.0,55,10.1000/anon730
male,Engineering and Technology,2015.0,2016.0,55,10.1000/anon1033
male,Engineering and Technology,2015.0,2016.0,55,10.1000/anon834
female,Natural Sciences,2015.0,2017.0,55,10.1000/anon2603
female,Natural Sciences,2015.0,2017.0,55,10.1000/anon1044
female,Natural Sciences,2015.0,2017.0,55,10.1000/anon2441
male,Engineering and Technology,2015.0,2017.0,55,10.1000/anon178
male,Medical and Health Sciences,2014.0,2014.0,56,10.1000/anon1818
male,Medical and Health Sciences,2014.0,2015.0,56,10.1000/anon1498
female,Medical and Health Sciences,2015.0,2015.0,56,10.1000/anon237
female,Medical and Health Sciences,2015.0,2016.0,56,10.1000/anon334
female,Medical and Health Sciences,2015.0,2017.0,56,10.1000/anon823
female,Medical and Health Sciences,2012.0,2012.0,57,10.1000/anon654
female,Medical and Health Sciences,2012.0,2012.0,57,10.1000/anon2703
female,Medical and Health Sciences,2012.0,2012.0,57,10.1000/anon694
female,Medical and Health Sciences,2012.0,2013.0,57,10.1000/anon603
male,Natural Sciences,2016.0,2016.0,57,10.1000/anon2372
male,Natural Sciences,2012.0,2012.0,58,10.1000/anon1066
female,Medical and Health Sciences,2015.0,2015.0,58,10.1000/anon2362
female,Social Sciences,2012.0,2012.0,59,10.1000/anon146
female,Social Sciences,2012.0,2014.0,59,10.1000/anon882
female,Social Sciences,2012.0,2014.0,59,10.1000/anon939
female,Social Sciences,2012.0,2014.0,59,10.1000/anon1135
male,Natural Sciences,2016.0,2016.0,59,10.1000/anon1996
male,Natural Sciences,2016.0,2016.0,59,10.1000/anon1041
male,Natural Sciences,2016.0,2016.0,59,10.1000/anon157
male,Natural Sciences,2016.0,2017.0,59,10.1000/anon1866
male,Natural Sciences,2016.0,2018.0,59,10.1000/anon2650
male,Natural Sciences,2016.0,2018.0,59,10.1000/anon954
male,Natural Sciences,2016.0,2018.0,59,10.1000/anon555
male,Natural Sciences,2012.0,2012.0,60,10.1000/anon2356
female,Natural Sciences,2012.0,2012.0,60,10.1000/anon204
male,Natural Sciences,2012.0,2013.0,60,10.1000/anon403
female,Natural Sciences,2012.0,2013.0,60,10.1000/anon776
female,Natural Sciences,2012.0,2014.0,60,10.1000/anon1121
female,Natural Sciences,2012.0,2014.0,60,10.1000/anon603
female,Natural Sciences,2012.0,2012.0,61,10.1000/anon55
female,Natural Sciences,2012.0,2012.0,61,10.1000/anon1985
female,Natural Sciences,2014.0,2014.0,61,10.1000/anon598
female,Medical and Health Sciences,2012.0,2012.0,62,10.1000/anon871
female,Medical and Health Sciences,2012.0,2012.0,62,10.1000/anon2370
female,Medical and Health Sciences,2012.0,2012.0,62,10.1000/anon1634
female,Medical and Health Sciences,2012.0,2012.0,62,10.1000/anon1999
female,Medical and Health Sciences,2012.0,2013.0,62,10.1000/anon335
female,Medical and Health Sciences,2015.0,2015.0,62,10.1000/anon446
female,Medical and Health Sciences,2015.0,2016.0,62,10.1000/anon250
female,Natural Sciences,2015.0,2015.0,63,10.1000/anon1162
female,Natural Sciences,2015.0,2015.0,63,10.1000/anon807
female,Natural Sciences,2015.0,2017.0,63,10.1000/anon410
female,Medical and Health Sciences,2014.0,2014.0,64,10.1000/anon2571
male,Medical and Health Sciences,2015.0,2015.0,64,10.1000/anon600
female,Medical and Health Sciences,2014.0,2016.0,64,10.1000/anon861
female,Medical and Health Sciences,2014.0,2016.0,64,10.1000/anon838
female,Natural Sciences,2012.0,2012.0,65,10.1000/anon988
female,Natural Sciences,2012.0,2012.0,65,10.1000/anon970
female,Natural Sciences,2012.0,2012.0,65,10.1000/anon1
female,Engineering and Technology,2013.0,2013.0,65,10.1000/anon590
female,Engineering and Technology,2013.0,2013.0,65,10.1000/anon1369
female,Engineering and Technology,2013.0,2013.0,65,10.1000/anon2347
female,Natural Sciences,2012.0,2013.0,65,10.1000/anon891
female,Natural Sciences,2012.0,2013.0,65,10.1000/anon2086
female,Natural Sciences,2012.0,2013.0,65,10.1000/anon314
female,Natural Sciences,2012.0,2013.0,65,10.1000/anon632
female,Natural Sciences,2012.0,2013.0,65,10.1000/anon990
female,Natural Sciences,2012.0,2013.0,65,10.1000/anon1058
female,Natural Sciences,2012.0,2013.0,65,10.1000/anon546
female,Natural Sciences,2012.0,2013.0,65,10.1000/anon1111
female,Natural Sciences,2012.0,2013.0,65,10.1000/anon980
female,Natural Sciences,2012.0,2013.0,65,10.1000/anon733
female,Natural Sciences,2012.0,2013.0,65,10.1000/anon478
female,Natural Sciences,2012.0,2013.0,65,10.1000/anon754
female,Engineering and Technology,2013.0,2014.0,65,10.1000/anon1508
female,Engineering and Technology,2013.0,2014.0,65,10.1000/anon2760
female,Engineering and Technology,2013.0,2014.0,65,10.1000/anon495
female,Natural Sciences,2012.0,2014.0,65,10.1000/anon784
female,Natural Sciences,2012.0,2014.0,65,10.1000/anon147
female,Natural Sciences,2012.0,2014.0,65,10.1000/anon1091
female,Natural Sciences,2015.0,2015.0,66,10.1000/anon682
female,Natural Sciences,2015.0,2015.0,66,10.1000/anon969
female,Natural Sciences,2015.0,2015.0,66,10.1000/anon375
female,Social Sciences,2016.0,2016.0,66,10.1000/anon1386
female,Natural Sciences,2015.0,2016.0,66,10.1000/anon106
female,Natural Sciences,2015.0,2016.0,66,10.1000/anon669
female,Natural Sciences,2015.0,2017.0,66,10.1000/anon540
female,Natural Sciences,2015.0,2017.0,66,10.1000/anon581
female,Medical and Health Sciences,2014.0,2014.0,67,10.1000/anon309
male,Natural Sciences,2014.0,2014.0,67,10.1000/anon887
male,Natural Sciences,2014.0,2014.0,67,10.1000/anon30
female,Medical and Health Sciences,2014.0,2015.0,67,10.1000/anon516
female,Medical and Health Sciences,2014.0,2015.0,67,10.1000/anon1334
female,Medical and Health Sciences,2014.0,2015.0,67,10.1000/anon2637
female,Medical and Health Sciences,2014.0,2015.0,67,10.1000/anon970
female,Medical and Health Sciences,2014.0,2015.0,67,10.1000/anon1955
female,Medical and Health Sciences,2014.0,2015.0,67,10.1000/anon72
male,Natural Sciences,2014.0,2015.0,67,10.1000/anon726
female,Medical and Health Sciences,2014.0,2016.0,67,10.1000/anon2503
female,Medical and Health Sciences,2014.0,2016.0,67,10.1000/anon1746
female,Medical and Health Sciences,2014.0,2016.0,67,10.1000/anon2546
female,Medical and Health Sciences,2014.0,2016.0,67,10.1000/anon783
female,Medical and Health Sciences,2014.0,2016.0,67,10.1000/anon1862
female,Medical and Health Sciences,2014.0,2016.0,67,10.1000/anon1094
female,Medical and Health Sciences,2014.0,2016.0,67,10.1000/anon1131
female,Medical and Health Sciences,2014.0,2016.0,67,10.1000/anon1190
female,Medical and Health Sciences,2014.0,2016.0,67,10.1000/anon149
female,Medical and Health Sciences,2014.0,2016.0,67,10.1000/anon2071
male,Natural Sciences,2012.0,2012.0,68,10.1000/anon2069
male,Medical and Health Sciences,2016.0,2016.0,68,10.1000/anon914
female,Medical and Health Sciences,2012.0,2012.0,69,10.1000/anon1057
male,Natural Sciences,2013.0,2013.0,69,10.1000/anon1660
male,Natural Sciences,2013.0,2014.0,69,10.1000/anon398
male,Natural Sciences,2013.0,2014.0,69,10.1000/anon2675
male,Natural Sciences,2013.0,2014.0,69,10.1000/anon1956
male,Natural Sciences,2013.0,2014.0,69,10.1000/anon86
female,Medical and Health Sciences,2012.0,2014.0,69,10.1000/anon2694
female,Medical and Health Sciences,2012.0,2014.0,69,10.1000/anon265
female,Medical and Health Sciences,2012.0,2012.0,70,10.1000/anon1770
female,Medical and Health Sciences,2012.0,2014.0,70,10.1000/anon1496
female,Medical and Health Sciences,2012.0,2014.0,70,10.1000/anon400
male,Engineering and Technology,2016.0,2016.0,70,10.1000/anon154
male,Engineering and Technology,2016.0,2016.0,70,10.1000/anon2736
male,Engineering and Technology,2016.0,2017.0,70,10.1000/anon1068
male,Engineering and Technology,2016.0,2017.0,70,10.1000/anon532
male,Engineering and Technology,2016.0,2018.0,70,10.1000/anon127
male,Engineering and Technology,2016.0,2018.0,70,10.1000/anon933
male,Engineering and Technology,2016.0,2018.0,70,10.1000/anon698
male,Medical and Health Sciences,2012.0,2012.0,71,10.1000/anon413
male,Medical and Health Sciences,2012.0,2013.0,71,10.1000/anon584
male,Medical and Health Sciences,2012.0,2014.0,71,10.1000/anon2722
male,Medical and Health Sciences,2012.0,2014.0,71,10.1000/anon2694
male,Medical and Health Sciences,2016.0,2016.0,71,10.1000/anon152
male,Engineering and Technology,2012.0,2012.0,72,10.1000/anon1774
male,Engineering and Technology,2012.0,2013.0,72,10.1000/anon901
male,Medical and Health Sciences,2015.0,2015.0,72,10.1000/anon575
male,Medical and Health Sciences,2015.0,2015.0,72,10.1000/anon1142
male,Medical and Health Sciences,2015.0,2015.0,72,10.1000/anon755
male,Medical and Health Sciences,2015.0,2015.0,72,10.1000/anon263
male,Medical and Health Sciences,2015.0,2016.0,72,10.1000/anon760
male,Medical and Health Sciences,2015.0,2016.0,72,10.1000/anon500
male,Medical and Health Sciences,2015.0,2016.0,72,10.1000/anon322
male,Medical and Health Sciences,2015.0,2016.0,72,10.1000/anon461
male,Medical and Health Sciences,2015.0,2016.0,72,10.1000/anon3615
male,Medical and Health Sciences,2015.0,2016.0,72,10.1000/anon740
male,Medical and Health Sciences,2015.0,2016.0,72,10.1000/anon1149
male,Medical and Health Sciences,2015.0,2017.0,72,10.1000/anon1079
male,Medical and Health Sciences,2015.0,2017.0,72,10.1000/anon640
male,Medical and Health Sciences,2015.0,2017.0,72,10.1000/anon420
male,Medical and Health Sciences,2015.0,2017.0,72,10.1000/anon1024
male,Engineering and Technology,2014.0,2014.0,73,10.1000/anon2045
male,Natural Sciences,2016.0,2016.0,73,10.1000/anon1128
female,Engineering and Technology,2015.0,2015.0,74,10.1000/anon240
female,Engineering and Technology,2015.0,2015.0,74,10.1000/anon2322
female,Medical and Health Sciences,2015.0,2015.0,74,10.1000/anon848
female,Engineering and Technology,2015.0,2016.0,74,10.1000/anon2730
female,Medical and Health Sciences,2015.0,2017.0,74,10.1000/anon311
female,Social Sciences,2012.0,2012.0,75,10.1000/anon476
female,Medical and Health Sciences,2014.0,2014.0,75,10.1000/anon304
female,Medical and Health Sciences,2014.0,2015.0,75,10.1000/anon1916
female,Medical and Health Sciences,2014.0,2016.0,75,10.1000/anon407
female,Medical and Health Sciences,2014.0,2016.0,75,10.1000/anon2588
female,Medical and Health Sciences,2012.0,2012.0,76,10.1000/anon778
male,Medical and Health Sciences,2012.0,2012.0,76,10.1000/anon442
male,Medical and Health Sciences,2012.0,2014.0,76,10.1000/anon116
male,Medical and Health Sciences,2012.0,2012.0,77,10.1000/anon1441
male,Medical and Health Sciences,2012.0,2013.0,77,10.1000/anon2146
female,Engineering and Technology,2015.0,2015.0,77,10.1000/anon611
male,Agricultural Sciences,2014.0,2014.0,78,10.1000/anon1191
female,Medical and Health Sciences,2014.0,2014.0,78,10.1000/anon1105
female,Medical and Health Sciences,2014.0,2014.0,78,10.1000/anon579
male,Humanities,2013.0,2013.0,79,10.1000/anon241
female,Natural Sciences,2016.0,2016.0,79,10.1000/anon1144
female,Natural Sciences,2016.0,2016.0,79,10.1000/anon3694
female,Natural Sciences,2016.0,2016.0,79,10.1000/anon533
female,Engineering and Technology,2013.0,2013.0,80,10.1000/anon177
female,Engineering and Technology,2013.0,2013.0,80,10.1000/anon209
female,Engineering and Technology,2013.0,2014.0,80,10.1000/anon485
female,Engineering and Technology,2013.0,2014.0,80,10.1000/anon2676
female,Engineering and Technology,2013.0,2014.0,80,10.1000/anon2472
female,Engineering and Technology,2013.0,2015.0,80,10.1000/anon2392
female,Engineering and Technology,2013.0,2015.0,80,10.1000/anon694
female,Engineering and Technology,2013.0,2015.0,80,10.1000/anon706
female,Engineering and Technology,2013.0,2015.0,80,10.1000/anon508
female,Engineering and Technology,2013.0,2015.0,80,10.1000/anon2301
male,Natural Sciences,2015.0,2015.0,80,10.1000/anon56
female,Natural Sciences,2014.0,2014.0,81,10.1000/anon916
female,Natural Sciences,2014.0,2014.0,81,10.1000/anon2694
female,Natural Sciences,2015.0,2015.0,81,10.1000/anon1577
female,Natural Sciences,2012.0,2012.0,82,10.1000/anon2580
male,Medical and Health Sciences,2013.0,2013.0,82,10.1000/anon964
male,Medical and Health Sciences,2013.0,2013.0,82,10.1000/anon445
male,Medical and Health Sciences,2013.0,2014.0,82,10.1000/anon1466
male,Medical and Health Sciences,2013.0,2014.0,82,10.1000/anon759
male,Medical and Health Sciences,2013.0,2015.0,82,10.1000/anon567
female,Natural Sciences,2014.0,2014.0,83,10.1000/anon158
male,Medical and Health Sciences,2016.0,2016.0,83,10.1000/anon148
male,Medical and Health Sciences,2016.0,2017.0,83,10.1000/anon932
male,Medical and Health Sciences,2012.0,2012.0,84,10.1000/anon43
male,Medical and Health Sciences,2012.0,2013.0,84,10.1000/anon2694
male,Medical and Health Sciences,2012.0,2013.0,84,10.1000/anon966
male,Medical and Health Sciences,2012.0,2014.0,84,10.1000/anon740
male,Natural Sciences,2016.0,2016.0,84,10.1000/anon1068
male,Natural Sciences,2016.0,2017.0,84,10.1000/anon1681
male,Social Sciences,2013.0,2013.0,85,10.1000/anon313
male,Social Sciences,2013.0,2013.0,85,10.1000/anon1161
male,Medical and Health Sciences,2014.0,2014.0,85,10.1000/anon1838
male,Social Sciences,2013.0,2014.0,85,10.1000/anon641
male,Social Sciences,2013.0,2014.0,85,10.1000/anon173
female,Natural Sciences,2015.0,2015.0,86,10.1000/anon839
male,Natural Sciences,2016.0,2016.0,86,10.1000/anon984
male,Natural Sciences,2016.0,2016.0,86,10.1000/anon463
female,Natural Sciences,2015.0,2017.0,86,10.1000/anon1478
male,Engineering and Technology,2014.0,2014.0,87,10.1000/anon185
male,Medical and Health Sciences,2015.0,2015.0,87,10.1000/anon728
male,Medical and Health Sciences,2015.0,2015.0,87,10.1000/anon1013
male,Medical and Health Sciences,2013.0,2013.0,88,10.1000/anon676
male,Medical and Health Sciences,2013.0,2014.0,88,10.1000/anon1839
male,Engineering and Technology,2015.0,2015.0,88,10.1000/anon855
male,Medical and Health Sciences,2013.0,2015.0,88,10.1000/anon1110
male,Engineering and Technology,2015.0,2017.0,88,10.1000/anon1018
male,Engineering and Technology,2015.0,2017.0,88,10.1000/anon2136
male,Engineering and Technology,2015.0,2017.0,88,10.1000/anon2039
male,Engineering and Technology,2015.0,2017.0,88,10.1000/anon1792
male,Engineering and Technology,2015.0,2017.0,88,10.1000/anon1303
female,Medical and Health Sciences,2012.0,2012.0,89,10.1000/anon657
female,Medical and Health Sciences,2012.0,2012.0,89,10.1000/anon144
female,Medical and Health Sciences,2012.0,2013.0,89,10.1000/anon714
female,Medical and Health Sciences,2012.0,2013.0,89,10.1000/anon925
male,Natural Sciences,2014.0,2014.0,89,10.1000/anon1388
female,Medical and Health Sciences,2012.0,2014.0,89,10.1000/anon571
female,Natural Sciences,2012.0,2012.0,90,10.1000/anon506
female,Natural Sciences,2012.0,2012.0,90,10.1000/anon1052
male,Social Sciences,2016.0,2016.0,90,10.1000/anon753
male,Medical and Health Sciences,2012.0,2012.0,91,10.1000/anon194
male,Medical and Health Sciences,2012.0,2013.0,91,10.1000/anon872
male,Medical and Health Sciences,2012.0,2013.0,91,10.1000/anon344
male,Medical and Health Sciences,2012.0,2013.0,91,10.1000/anon444
female,Natural Sciences,2015.0,2015.0,91,10.1000/anon2076
female,Natural Sciences,2015.0,2016.0,91,10.1000/anon1340
male,Medical and Health Sciences,2012.0,2012.0,92,10.1000/anon653
female,Natural Sciences,2016.0,2016.0,92,10.1000/anon2622
male,Natural Sciences,2012.0,2012.0,93,10.1000/anon1797
male,Engineering and Technology,2013.0,2013.0,93,10.1000/anon903
male,Engineering and Technology,2013.0,2014.0,93,10.1000/anon819
male,Engineering and Technology,2013.0,2014.0,93,10.1000/anon464
male,Engineering and Technology,2013.0,2014.0,93,10.1000/anon3843
male,Engineering and Technology,2013.0,2015.0,93,10.1000/anon117
male,Engineering and Technology,2013.0,2015.0,93,10.1000/anon856
male,Engineering and Technology,2013.0,2015.0,93,10.1000/anon305
female,Natural Sciences,2012.0,2012.0,94,10.1000/anon2776
female,Natural Sciences,2012.0,2012.0,94,10.1000/anon1091
female,Natural Sciences,2012.0,2012.0,94,10.1000/anon1740
female,Natural Sciences,2012.0,2013.0,94,10.1000/anon156
male,Medical and Health Sciences,2013.0,2013.0,94,10.1000/anon979
female,Natural Sciences,2012.0,2014.0,94,10.1000/anon1454
female,Natural Sciences,2014.0,2014.0,95,10.1000/anon1969
female,Natural Sciences,2014.0,2014.0,95,10.1000/anon1971
female,Natural Sciences,2014.0,2014.0,95,10.1000/anon472
female,Natural Sciences,2014.0,2014.0,95,10.1000/anon631
female,Medical and Health Sciences,2014.0,2014.0,95,10.1000/anon266
female,Natural Sciences,2014.0,2015.0,95,10.1000/anon500
female,Natural Sciences,2014.0,2015.0,95,10.1000/anon2177
female,Natural Sciences,2014.0,2015.0,95,10.1000/anon459
female,Natural Sciences,2014.0,2016.0,95,10.1000/anon127
female,Natural Sciences,2012.0,2012.0,96,10.1000/anon2519
female,Natural Sciences,2012.0,2012.0,96,10.1000/anon755
female,Natural Sciences,2012.0,2013.0,96,10.1000/anon1686
female,Natural Sciences,2012.0,2014.0,96,10.1000/anon596
female,Natural Sciences,2012.0,2014.0,96,10.1000/anon708
male,Medical and Health Sciences,2016.0,2016.0,96,10.1000/anon486
male,Medical and Health Sciences,2016.0,2017.0,96,10.1000/anon409
male,Medical and Health Sciences,2016.0,2018.0,96,10.1000/anon1083
male,Medical and Health Sciences,2016.0,2018.0,96,10.1000/anon2694
male,Medical and Health Sciences,2014.0,2014.0,97,10.1000/anon236
female,Natural Sciences,2015.0,2015.0,97,10.1000/anon366
male,Medical and Health Sciences,2014.0,2015.0,97,10.1000/anon395
female,Natural Sciences,2015.0,2016.0,97,10.1000/anon631
female,Natural Sciences,2015.0,2016.0,97,10.1000/anon1718
male,Medical and Health Sciences,2014.0,2016.0,97,10.1000/anon1140
female,Natural Sciences,2015.0,2017.0,97,10.1000/anon960
female,Natural Sciences,2015.0,2017.0,97,10.1000/anon1283
female,Natural Sciences,2015.0,2017.0,97,10.1000/anon2683
female,Natural Sciences,2015.0,2017.0,97,10.1000/anon2041
female,Natural Sciences,2015.0,2017.0,97,10.1000/anon395
female,Natural Sciences,2015.0,2017.0,97,10.1000/anon1959
male,Social Sciences,2013.0,2013.0,98,10.1000/anon1607
female,Medical and Health Sciences,2015.0,2015.0,98,10.1000/anon1054
female,Medical and Health Sciences,2015.0,2015.0,99,10.1000/anon1927
female,Medical and Health Sciences,2015.0,2015.0,99,10.1000/anon631
male,Natural Sciences,2015.0,2015.0,99,10.1000/anon671
female,Medical and Health Sciences,2015.0,2016.0,99,10.1000/anon1799
female,Medical and Health Sciences,2015.0,2016.0,99,10.1000/anon631
male,Natural Sciences,2015.0,2016.0,99,10.1000/anon912
female,Medical and Health Sciences,2015.0,2017.0,99,10.1000/anon1706
female,Medical and Health Sciences,2012.0,2012.0,100,10.1000/anon2137
male,Medical and Health Sciences,2015.0,2015.0,100,10.1000/anon219
male,Social Sciences,2013.0,2013.0,101,10.1000/anon344
male,Social Sciences,2013.0,2014.0,101,10.1000/anon931
male,Natural Sciences,2016.0,2016.0,101,10.1000/anon138
female,Engineering and Technology,2015.0,2015.0,102,10.1000/anon2153
female,Engineering and Technology,2015.0,2015.0,102,10.1000/anon631
female,Medical and Health Sciences,2015.0,2015.0,102,10.1000/anon307
female,Engineering and Technology,2015.0,2016.0,102,10.1000/anon631
female,Engineering and Technology,2015.0,2017.0,102,10.1000/anon631
female,Medical and Health Sciences,2015.0,2017.0,102,10.1000/anon76
male,Natural Sciences,2012.0,2012.0,103,10.1000/anon2668
male,Medical and Health Sciences,2015.0,2015.0,103,10.1000/anon1006
male,Medical and Health Sciences,2015.0,2016.0,103,10.1000/anon501
male,Natural Sciences,2014.0,2014.0,104,10.1000/anon1155
male,Natural Sciences,2014.0,2014.0,104,10.1000/anon153
male,Natural Sciences,2014.0,2014.0,104,10.1000/anon1040
male,Natural Sciences,2014.0,2014.0,104,10.1000/anon2694
male,Natural Sciences,2014.0,2015.0,104,10.1000/anon2328
male,Natural Sciences,2014.0,2015.0,104,10.1000/anon308
male,Natural Sciences,2014.0,2015.0,104,10.1000/anon181
male,Natural Sciences,2014.0,2015.0,104,10.1000/anon51
male,Natural Sciences,2014.0,2015.0,104,10.1000/anon282
male,Natural Sciences,2014.0,2016.0,104,10.1000/anon503
male,Medical and Health Sciences,2013.0,2013.0,105,10.1000/anon1163
male,Medical and Health Sciences,2013.0,2013.0,105,10.1000/anon1109
male,Medical and Health Sciences,2013.0,2014.0,105,10.1000/anon3
male,Medical and Health Sciences,2013.0,2014.0,105,10.1000/anon519
male,Medical and Health Sciences,2013.0,2014.0,105,10.1000/anon119
male,Medical and Health Sciences,2013.0,2014.0,105,10.1000/anon1087
female,Natural Sciences,2015.0,2015.0,105,10.1000/anon235
male,Medical and Health Sciences,2013.0,2015.0,105,10.1000/anon1032
male,Medical and Health Sciences,2013.0,2015.0,105,10.1000/anon764
male,Natural Sciences,2013.0,2013.0,106,10.1000/anon93
male,Natural Sciences,2013.0,2014.0,106,10.1000/anon631
female,Natural Sciences,2016.0,2016.0,106,10.1000/anon813
male,Natural Sciences,2013.0,2013.0,107,10.1000/anon11
male,Natural Sciences,2013.0,2013.0,107,10.1000/anon631
male,Natural Sciences,2013.0,2013.0,107,10.1000/anon196
male,Natural Sciences,2013.0,2014.0,107,10.1000/anon1330
male,Natural Sciences,2013.0,2014.0,107,10.1000/anon631
male,Natural Sciences,2013.0,2015.0,107,10.1000/anon2749
male,Social Sciences,2015.0,2015.0,107,10.1000/anon94
female,Engineering and Technology,2013.0,2013.0,108,10.1000/anon779
female,Engineering and Technology,2013.0,2013.0,108,10.1000/anon631
female,Engineering and Technology,2013.0,2014.0,108,10.1000/anon1772
male,Natural Sciences,2014.0,2014.0,108,10.1000/anon855
male,Natural Sciences,2014.0,2014.0,108,10.1000/anon739
female,Engineering and Technology,2013.0,2015.0,108,10.1000/anon2342
female,Engineering and Technology,2013.0,2015.0,108,10.1000/anon374
female,Engineering and Technology,2013.0,2015.0,108,10.1000/anon777
male,Natural Sciences,2014.0,2015.0,108,10.1000/anon712
female,Medical and Health Sciences,2012.0,2012.0,109,10.1000/anon81
male,Natural Sciences,2014.0,2014.0,109,10.1000/anon2440
male,Natural Sciences,2014.0,2015.0,109,10.1000/anon891
male,Natural Sciences,2014.0,2016.0,109,10.1000/anon190
female,Natural Sciences,2013.0,2013.0,110,10.1000/anon890
female,Natural Sciences,2013.0,2014.0,110,10.1000/anon2127
female,Natural Sciences,2013.0,2015.0,110,10.1000/anon1820
male,Natural Sciences,2016.0,2016.0,110,10.1000/anon574
male,Natural Sciences,2012.0,2012.0,111,10.1000/anon1756
male,Natural Sciences,2012.0,2012.0,111,10.1000/anon631
male,Natural Sciences,2012.0,2014.0,111,10.1000/anon631
male,Medical and Health Sciences,2015.0,2015.0,111,10.1000/anon235
male,Medical and Health Sciences,2015.0,2015.0,111,10.1000/anon2161
male,Medical and Health Sciences,2015.0,2016.0,111,10.1000/anon125
male,Medical and Health Sciences,2015.0,2016.0,111,10.1000/anon874
male,Medical and Health Sciences,2015.0,2016.0,111,10.1000/anon945
male,Medical and Health Sciences,2015.0,2017.0,111,10.1000/anon435
male,Medical and Health Sciences,2015.0,2017.0,111,10.1000/anon261
male,Medical and Health Sciences,2015.0,2017.0,111,10.1000/anon22
male,Medical and Health Sciences,2015.0,2017.0,111,10.1000/anon162
male,Natural Sciences,2012.0,2012.0,112,10.1000/anon267
male,Natural Sciences,2012.0,2013.0,112,10.1000/anon797
male,Natural Sciences,2012.0,2013.0,112,10.1000/anon270
male,Natural Sciences,2016.0,2016.0,112,10.1000/anon730
male,Natural Sciences,2014.0,2014.0,113,10.1000/anon2274
male,Natural Sciences,2015.0,2015.0,113,10.1000/anon176
male,Natural Sciences,2015.0,2015.0,113,10.1000/anon164
female,Medical and Health Sciences,2013.0,2013.0,114,10.1000/anon100
female,Medical and Health Sciences,2013.0,2013.0,114,10.1000/anon3787
female,Medical and Health Sciences,2013.0,2014.0,114,10.1000/anon950
female,Medical and Health Sciences,2013.0,2015.0,114,10.1000/anon894
female,Medical and Health Sciences,2013.0,2015.0,114,10.1000/anon160
female,Medical and Health Sciences,2013.0,2015.0,114,10.1000/anon42
female,Medical and Health Sciences,2013.0,2015.0,114,10.1000/anon128
female,Medical and Health Sciences,2013.0,2015.0,114,10.1000/anon1108
female,Medical and Health Sciences,2016.0,2016.0,114,10.1000/anon198
female,Medical and Health Sciences,2016.0,2018.0,114,10.1000/anon361
male,Engineering and Technology,2015.0,2015.0,115,10.1000/anon2305
male,Natural Sciences,2016.0,2016.0,115,10.1000/anon390
female,Medical and Health Sciences,2012.0,2012.0,116,10.1000/anon1696
male,Social Sciences,2016.0,2016.0,116,10.1000/anon441
male,Social Sciences,2016.0,2018.0,116,10.1000/anon140
male,Natural Sciences,2014.0,2014.0,117,10.1000/anon2545
male,Medical and Health Sciences,2015.0,2015.0,117,10.1000/anon652
male,Natural Sciences,2012.0,2012.0,118,10.1000/anon2385
male,Natural Sciences,2012.0,2012.0,118,10.1000/anon1880
male,Medical and Health Sciences,2012.0,2012.0,118,10.1000/anon382
male,Natural Sciences,2012.0,2012.0,119,10.1000/anon582
male,Natural Sciences,2012.0,2013.0,119,10.1000/anon2128
female,Humanities,2014.0,2014.0,119,10.1000/anon848
female,Medical and Health Sciences,2015.0,2015.0,120,10.1000/anon965
female,Medical and Health Sciences,2015.0,2015.0,120,10.1000/anon2051
female,Medical and Health Sciences,2015.0,2015.0,120,10.1000/anon80
female,Medical and Health Sciences,2015.0,2017.0,120,10.1000/anon1698
female,Medical and Health Sciences,2013.0,2013.0,121,10.1000/anon594
female,Medical and Health Sciences,2014.0,2014.0,121,10.1000/anon67
female,Medical and Health Sciences,2014.0,2014.0,121,10.1000/anon968
female,Medical and Health Sciences,2014.0,2015.0,121,10.1000/anon46
female,Medical and Health Sciences,2014.0,2015.0,121,10.1000/anon912
female,Medical and Health Sciences,2014.0,2016.0,121,10.1000/anon2470
female,Medical and Health Sciences,2012.0,2012.0,122,10.1000/anon1374
male,Natural Sciences,2015.0,2015.0,122,10.1000/anon222
male,Engineering and Technology,2012.0,2012.0,123,10.1000/anon698
male,Engineering and Technology,2012.0,2012.0,123,10.1000/anon2641
male,Engineering and Technology,2012.0,2013.0,123,10.1000/anon232
male,Natural Sciences,2016.0,2016.0,123,10.1000/anon378
male,Natural Sciences,2016.0,2016.0,123,10.1000/anon3454
male,Natural Sciences,2016.0,2016.0,123,10.1000/anon75
male,Natural Sciences,2016.0,2018.0,123,10.1000/anon1099
male,Natural Sciences,2016.0,2018.0,123,10.1000/anon981
male,Natural Sciences,2013.0,2013.0,124,10.1000/anon287
female,Medical and Health Sciences,2013.0,2013.0,124,10.1000/anon108
male,Natural Sciences,2013.0,2014.0,124,10.1000/anon2236
male,Natural Sciences,2013.0,2014.0,124,10.1000/anon1673
male,Natural Sciences,2013.0,2014.0,124,10.1000/anon272
male,Natural Sciences,2013.0,2015.0,124,10.1000/anon2361
female,Medical and Health Sciences,2013.0,2015.0,124,10.1000/anon466
female,Medical and Health Sciences,2012.0,2012.0,125,10.1000/anon539
male,Medical and Health Sciences,2014.0,2014.0,125,10.1000/anon2169
female,Social Sciences,2012.0,2012.0,126,10.1000/anon1008
female,Social Sciences,2012.0,2013.0,126,10.1000/anon115
female,Social Sciences,2012.0,2014.0,126,10.1000/anon846
male,Natural Sciences,2015.0,2015.0,126,10.1000/anon1103
male,Natural Sciences,2015.0,2016.0,126,10.1000/anon384
male,Natural Sciences,2015.0,2016.0,126,10.1000/anon2762
male,Natural Sciences,2015.0,2017.0,126,10.1000/anon631
female,Medical and Health Sciences,2012.0,2012.0,127,10.1000/anon98
female,Natural Sciences,2016.0,2016.0,127,10.1000/anon383
female,Natural Sciences,2016.0,2017.0,127,10.1000/anon1053
male,Social Sciences,2013.0,2013.0,128,10.1000/anon822
female,Medical and Health Sciences,2014.0,2014.0,128,10.1000/anon560
male,Social Sciences,2013.0,2015.0,128,10.1000/anon1182
male,Social Sciences,2013.0,2015.0,128,10.1000/anon531
female,Medical and Health Sciences,2013.0,2013.0,129,10.1000/anon230
male,Medical and Health Sciences,2016.0,2016.0,129,10.1000/anon543
male,Medical and Health Sciences,2016.0,2016.0,129,10.1000/anon231
male,Medical and Health Sciences,2016.0,2017.0,129,10.1000/anon970
male,Natural Sciences,2012.0,2012.0,130,10.1000/anon2325
male,Natural Sciences,2012.0,2014.0,130,10.1000/anon1248
male,Engineering and Technology,2016.0,2016.0,130,10.1000/anon601
male,Engineering and Technology,2016.0,2016.0,130,10.1000/anon255
male,Engineering and Technology,2016.0,2018.0,130,10.1000/anon259
male,Engineering and Technology,2016.0,2018.0,130,10.1000/anon906
male,Engineering and Technology,2012.0,2012.0,131,10.1000/anon1035
male,Engineering and Technology,2012.0,2013.0,131,10.1000/anon778
female,Medical and Health Sciences,2015.0,2015.0,131,10.1000/anon1657
female,Medical and Health Sciences,2015.0,2015.0,131,10.1000/anon39
female,Medical and Health Sciences,2015.0,2016.0,131,10.1000/anon2304
female,Medical and Health Sciences,2015.0,2016.0,131,10.1000/anon2140
female,Medical and Health Sciences,2015.0,2017.0,131,10.1000/anon1599
male,Natural Sciences,2013.0,2013.0,132,10.1000/anon845
male,Natural Sciences,2013.0,2013.0,132,10.1000/anon2633
male,Natural Sciences,2013.0,2014.0,132,10.1000/anon488
male,Natural Sciences,2013.0,2014.0,132,10.1000/anon631
male,Engineering and Technology,2014.0,2014.0,132,10.1000/anon494
male,Natural Sciences,2013.0,2015.0,132,10.1000/anon2176
male,Engineering and Technology,2014.0,2015.0,132,10.1000/anon2694
male,Engineering and Technology,2014.0,2016.0,132,10.1000/anon1092
female,Medical and Health Sciences,2012.0,2012.0,133,10.1000/anon2734
female,Engineering and Technology,2012.0,2012.0,133,10.1000/anon943
female,Medical and Health Sciences,2012.0,2013.0,133,10.1000/anon2031
female,Medical and Health Sciences,2012.0,2013.0,133,10.1000/anon2752
female,Medical and Health Sciences,2012.0,2014.0,133,10.1000/anon2697
female,Medical and Health Sciences,2014.0,2014.0,134,10.1000/anon2587
female,Humanities,2014.0,2014.0,134,10.1000/anon248
female,Medical and Health Sciences,2014.0,2015.0,134,10.1000/anon1600
female,Medical and Health Sciences,2014.0,2015.0,134,10.1000/anon1847
male,Medical and Health Sciences,2014.0,2014.0,135,10.1000/anon1549
female,Medical and Health Sciences,2014.0,2014.0,135,10.1000/anon512
female,Medical and Health Sciences,2014.0,2014.0,135,10.1000/anon680
male,Medical and Health Sciences,2014.0,2015.0,135,10.1000/anon1987
male,Medical and Health Sciences,2014.0,2016.0,135,10.1000/anon2271
female,Medical and Health Sciences,2014.0,2016.0,135,10.1000/anon1094
male,Natural Sciences,2013.0,2013.0,136,10.1000/anon743
male,Medical and Health Sciences,2013.0,2013.0,136,10.1000/anon835
male,Medical and Health Sciences,2013.0,2013.0,136,10.1000/anon3496
male,Medical and Health Sciences,2013.0,2013.0,136,10.1000/anon362
male,Medical and Health Sciences,2013.0,2013.0,136,10.1000/anon690
male,Medical and Health Sciences,2013.0,2013.0,136,10.1000/anon2694
male,Medical and Health Sciences,2013.0,2013.0,136,10.1000/anon627
male,Medical and Health Sciences,2013.0,2014.0,136,10.1000/anon3541
male,Medical and Health Sciences,2013.0,2014.0,136,10.1000/anon639
male,Medical and Health Sciences,2013.0,2015.0,136,10.1000/anon2629
male,Medical and Health Sciences,2013.0,2015.0,136,10.1000/anon965
female,Medical and Health Sciences,2014.0,2014.0,137,10.1000/anon1621
male,Natural Sciences,2014.0,2014.0,137,10.1000/anon828
female,Medical and Health Sciences,2014.0,2015.0,137,10.1000/anon1528
female,Medical and Health Sciences,2014.0,2016.0,137,10.1000/anon976
male,Natural Sciences,2014.0,2016.0,137,10.1000/anon336
male,Natural Sciences,2014.0,2016.0,137,10.1000/anon284
female,Natural Sciences,2012.0,2012.0,138,10.1000/anon280
female,Natural Sciences,2012.0,2013.0,138,10.1000/anon39
male,Natural Sciences,2015.0,2015.0,138,10.1000/anon1811
male,Natural Sciences,2015.0,2015.0,138,10.1000/anon2100
male,Natural Sciences,2015.0,2017.0,138,10.1000/anon271
female,Engineering and Technology,2012.0,2012.0,139,10.1000/anon707
male,Medical and Health Sciences,2014.0,2014.0,139,10.1000/anon568
male,Medical and Health Sciences,2014.0,2015.0,139,10.1000/anon963
male,Medical and Health Sciences,2014.0,2015.0,139,10.1000/anon1010
male,Medical and Health Sciences,2014.0,2015.0,139,10.1000/anon87
male,Medical and Health Sciences,2014.0,2015.0,139,10.1000/anon309
male,Medical and Health Sciences,2014.0,2015.0,139,10.1000/anon915
male,Medical and Health Sciences,2014.0,2015.0,139,10.1000/anon542
male,Medical and Health Sciences,2014.0,2015.0,139,10.1000/anon417
male,Medical and Health Sciences,2014.0,2015.0,139,10.1000/anon804
male,Medical and Health Sciences,2014.0,2015.0,139,10.1000/anon99
male,Medical and Health Sciences,2014.0,2015.0,139,10.1000/anon978
male,Medical and Health Sciences,2014.0,2016.0,139,10.1000/anon713
male,Medical and Health Sciences,2014.0,2016.0,139,10.1000/anon566
male,Medical and Health Sciences,2014.0,2016.0,139,10.1000/anon475
male,Medical and Health Sciences,2014.0,2016.0,139,10.1000/anon3245
male,Medical and Health Sciences,2014.0,2016.0,139,10.1000/anon310
male,Medical and Health Sciences,2014.0,2016.0,139,10.1000/anon1021
male,Medical and Health Sciences,2014.0,2016.0,139,10.1000/anon60
male,Medical and Health Sciences,2014.0,2016.0,139,10.1000/anon195
male,Medical and Health Sciences,2014.0,2016.0,139,10.1000/anon1093
male,Engineering and Technology,2012.0,2012.0,140,10.1000/anon104
female,Medical and Health Sciences,2014.0,2014.0,140,10.1000/anon2309
female,Medical and Health Sciences,2014.0,2014.0,140,10.1000/anon758
female,Medical and Health Sciences,2014.0,2014.0,140,10.1000/anon1108
female,Medical and Health Sciences,2014.0,2015.0,140,10.1000/anon2643
female,Medical and Health Sciences,2014.0,2016.0,140,10.1000/anon618
female,Medical and Health Sciences,2012.0,2012.0,141,10.1000/anon2162
female,Medical and Health Sciences,2014.0,2014.0,141,10.1000/anon615
male,Medical and Health Sciences,2012.0,2012.0,142,10.1000/anon57
male,Engineering and Technology,2014.0,2014.0,142,10.1000/anon2090
male,Engineering and Technology,2014.0,2014.0,142,10.1000/anon94
male,Medical and Health Sciences,2012.0,2014.0,142,10.1000/anon588
female,Social Sciences,2014.0,2014.0,143,10.1000/anon72
female,Natural Sciences,2015.0,2015.0,143,10.1000/anon878
female,Natural Sciences,2015.0,2016.0,143,10.1000/anon2435
female,Natural Sciences,2014.0,2014.0,144,10.1000/anon824
female,Natural Sciences,2014.0,2014.0,144,10.1000/anon743
female,Medical and Health Sciences,2016.0,2016.0,144,10.1000/anon483
female,Natural Sciences,2014.0,2016.0,144,10.1000/anon1123
female,Natural Sciences,2014.0,2016.0,144,10.1000/anon731
female,Natural Sciences,2013.0,2013.0,145,10.1000/anon972
female,Engineering and Technology,2014.0,2014.0,145,10.1000/anon1949
female,Natural Sciences,2013.0,2013.0,146,10.1000/anon2073
female,Natural Sciences,2013.0,2014.0,146,10.1000/anon2696
female,Natural Sciences,2013.0,2014.0,146,10.1000/anon605
female,Natural Sciences,2013.0,2015.0,146,10.1000/anon1995
female,Natural Sciences,2015.0,2015.0,146,10.1000/anon967
female,Natural Sciences,2015.0,2015.0,146,10.1000/anon665
male,Social Sciences,2016.0,2016.0,147,10.1000/anon229
male,Medical and Health Sciences,2016.0,2016.0,147,10.1000/anon844
male,Social Sciences,2016.0,2017.0,147,10.1000/anon574
male,Social Sciences,2016.0,2018.0,147,10.1000/anon850
male,Medical and Health Sciences,2014.0,2014.0,148,10.1000/anon202
male,Agricultural Sciences,2015.0,2015.0,148,10.1000/anon2351
male,Agricultural Sciences,2015.0,2016.0,148,10.1000/anon153
male,Agricultural Sciences,2015.0,2016.0,148,10.1000/anon1322
male,Agricultural Sciences,2015.0,2016.0,148,10.1000/anon2716
male,Agricultural Sciences,2015.0,2016.0,148,10.1000/anon983
male,Agricultural Sciences,2015.0,2016.0,148,10.1000/anon614
male,Agricultural Sciences,2015.0,2016.0,148,10.1000/anon1775
male,Agricultural Sciences,2015.0,2016.0,148,10.1000/anon1205
male,Agricultural Sciences,2015.0,2016.0,148,10.1000/anon2689
male,Agricultural Sciences,2015.0,2016.0,148,10.1000/anon1361
male,Agricultural Sciences,2015.0,2016.0,148,10.1000/anon1075
male,Agricultural Sciences,2015.0,2017.0,148,10.1000/anon346
male,Agricultural Sciences,2015.0,2017.0,148,10.1000/anon2452
male,Agricultural Sciences,2015.0,2017.0,148,10.1000/anon762
male,Medical and Health Sciences,2013.0,2013.0,149,10.1000/anon1314
male,Natural Sciences,2015.0,2015.0,149,10.1000/anon1102
male,Natural Sciences,2015.0,2015.0,149,10.1000/anon315
female,Natural Sciences,2014.0,2014.0,150,10.1000/anon1004
male,Natural Sciences,2015.0,2015.0,150,10.1000/anon1371
female,Natural Sciences,2014.0,2015.0,150,10.1000/anon832
male,Natural Sciences,2015.0,2016.0,150,10.1000/anon2083
female,Natural Sciences,2014.0,2016.0,150,10.1000/anon875
male,Natural Sciences,2015.0,2017.0,150,10.1000/anon1695
male,Natural Sciences,2012.0,2012.0,151,10.1000/anon2550
male,Natural Sciences,2014.0,2014.0,151,10.1000/anon593
male,Natural Sciences,2014.0,2016.0,151,10.1000/anon1064
male,Medical and Health Sciences,2014.0,2014.0,152,10.1000/anon2394
male,Medical and Health Sciences,2014.0,2015.0,152,10.1000/anon2106
female,Engineering and Technology,2015.0,2015.0,152,10.1000/anon817
female,Engineering and Technology,2015.0,2016.0,152,10.1000/anon130
female,Engineering and Technology,2015.0,2016.0,152,10.1000/anon48
female,Engineering and Technology,2015.0,2017.0,152,10.1000/anon2694
female,Engineering and Technology,2015.0,2017.0,152,10.1000/anon58
male,Natural Sciences,2012.0,2012.0,153,10.1000/anon1015
male,Medical and Health Sciences,2013.0,2013.0,153,10.1000/anon2594
male,Natural Sciences,2012.0,2013.0,153,10.1000/anon252
male,Natural Sciences,2012.0,2013.0,153,10.1000/anon904
male,Natural Sciences,2012.0,2013.0,153,10.1000/anon1166
male,Natural Sciences,2012.0,2013.0,153,10.1000/anon2694
male,Natural Sciences,2012.0,2013.0,153,10.1000/anon577
male,Natural Sciences,2012.0,2013.0,153,10.1000/anon454
male,Natural Sciences,2012.0,2014.0,153,10.1000/anon521
male,Natural Sciences,2012.0,2014.0,153,10.1000/anon66
male,Natural Sciences,2012.0,2014.0,153,10.1000/anon793
male,Natural Sciences,2016.0,2016.0,154,10.1000/anon234
male,Natural Sciences,2016.0,2016.0,154,10.1000/anon2577
male,Natural Sciences,2016.0,2016.0,154,10.1000/anon2690
male,Natural Sciences,2016.0,2016.0,154,10.1000/anon2114
male,Natural Sciences,2016.0,2016.0,154,10.1000/anon895
male,Natural Sciences,2016.0,2017.0,154,10.1000/anon2520
male,Natural Sciences,2016.0,2017.0,154,10.1000/anon991
male,Natural Sciences,2016.0,2017.0,154,10.1000/anon2699
male,Natural Sciences,2016.0,2017.0,154,10.1000/anon398
male,Natural Sciences,2016.0,2018.0,154,10.1000/anon63
male,Natural Sciences,2016.0,2018.0,154,10.1000/anon1042
female,Medical and Health Sciences,2012.0,2012.0,155,10.1000/anon366
female,Medical and Health Sciences,2012.0,2014.0,155,10.1000/anon994
male,Medical and Health Sciences,2015.0,2015.0,155,10.1000/anon2754
male,Medical and Health Sciences,2015.0,2015.0,155,10.1000/anon773
male,Medical and Health Sciences,2015.0,2016.0,155,10.1000/anon2612
male,Medical and Health Sciences,2015.0,2016.0,155,10.1000/anon314
male,Medical and Health Sciences,2015.0,2017.0,155,10.1000/anon1104
male,Natural Sciences,2012.0,2012.0,156,10.1000/anon406
male,Medical and Health Sciences,2013.0,2013.0,156,10.1000/anon2225
male,Natural Sciences,2012.0,2014.0,156,10.1000/anon455
male,Natural Sciences,2012.0,2014.0,156,10.1000/anon765
male,Medical and Health Sciences,2013.0,2015.0,156,10.1000/anon842
male,Medical and Health Sciences,2016.0,2016.0,157,10.1000/anon1185
male,Medical and Health Sciences,2016.0,2016.0,157,10.1000/anon1651
male,Medical and Health Sciences,2016.0,2016.0,157,10.1000/anon81
female,Medical and Health Sciences,2016.0,2016.0,157,10.1000/anon430
female,Medical and Health Sciences,2016.0,2016.0,157,10.1000/anon1100
female,Medical and Health Sciences,2016.0,2016.0,157,10.1000/anon938
male,Medical and Health Sciences,2016.0,2017.0,157,10.1000/anon1306
male,Medical and Health Sciences,2016.0,2017.0,157,10.1000/anon1494
female,Medical and Health Sciences,2016.0,2017.0,157,10.1000/anon995
female,Medical and Health Sciences,2016.0,2017.0,157,10.1000/anon908
male,Medical and Health Sciences,2016.0,2018.0,157,10.1000/anon2373
male,Medical and Health Sciences,2016.0,2018.0,157,10.1000/anon349
male,Medical and Health Sciences,2016.0,2018.0,157,10.1000/anon1803
male,Medical and Health Sciences,2016.0,2018.0,157,10.1000/anon2688
female,Medical and Health Sciences,2016.0,2018.0,157,10.1000/anon360
female,Medical and Health Sciences,2016.0,2018.0,157,10.1000/anon179
male,Medical and Health Sciences,2015.0,2015.0,158,10.1000/anon2449
female,Medical and Health Sciences,2015.0,2015.0,158,10.1000/anon462
male,Medical and Health Sciences,2012.0,2012.0,159,10.1000/anon1933
male,Natural Sciences,2012.0,2012.0,159,10.1000/anon622
male,Natural Sciences,2012.0,2013.0,159,10.1000/anon407
male,Natural Sciences,2012.0,2013.0,159,10.1000/anon1229
male,Natural Sciences,2012.0,2013.0,159,10.1000/anon624
male,Natural Sciences,2012.0,2012.0,160,10.1000/anon1860
male,Natural Sciences,2012.0,2012.0,160,10.1000/anon622
male,Natural Sciences,2012.0,2012.0,160,10.1000/anon2644
male,Natural Sciences,2012.0,2013.0,160,10.1000/anon519
male,Natural Sciences,2012.0,2014.0,160,10.1000/anon2032
male,Natural Sciences,2012.0,2014.0,160,10.1000/anon1082
male,Medical and Health Sciences,2016.0,2016.0,160,10.1000/anon998
male,Medical and Health Sciences,2016.0,2017.0,160,10.1000/anon234
male,Medical and Health Sciences,2016.0,2017.0,160,10.1000/anon1181
male,Medical and Health Sciences,2016.0,2018.0,160,10.1000/anon285
male,Natural Sciences,2012.0,2012.0,161,10.1000/anon231
male,Natural Sciences,2012.0,2014.0,161,10.1000/anon2220
female,Social Sciences,2014.0,2014.0,161,10.1000/anon341
female,Social Sciences,2014.0,2014.0,161,10.1000/anon2694
male,Natural Sciences,2012.0,2012.0,162,10.1000/anon984
female,Medical and Health Sciences,2014.0,2014.0,162,10.1000/anon850
female,Medical and Health Sciences,2014.0,2015.0,162,10.1000/anon1173
female,Medical and Health Sciences,2014.0,2016.0,162,10.1000/anon122
female,Medical and Health Sciences,2014.0,2016.0,162,10.1000/anon82
male,Natural Sciences,2012.0,2012.0,163,10.1000/anon1779
female,Natural Sciences,2012.0,2012.0,163,10.1000/anon962
male,Natural Sciences,2012.0,2012.0,164,10.1000/anon301
male,Natural Sciences,2012.0,2012.0,164,10.1000/anon1354
male,Natural Sciences,2012.0,2012.0,164,10.1000/anon905
female,Medical and Health Sciences,2013.0,2013.0,164,10.1000/anon1889
female,Medical and Health Sciences,2013.0,2014.0,164,10.1000/anon1410
female,Medical and Health Sciences,2013.0,2014.0,164,10.1000/anon1643
female,Medical and Health Sciences,2013.0,2014.0,164,10.1000/anon2112
female,Medical and Health Sciences,2013.0,2014.0,164,10.1000/anon1809
male,Natural Sciences,2012.0,2012.0,165,10.1000/anon526
male,Natural Sciences,2012.0,2012.0,165,10.1000/anon534
male,Medical and Health Sciences,2013.0,2013.0,165,10.1000/anon563
male,Medical and Health Sciences,2013.0,2013.0,165,10.1000/anon631
male,Medical and Health Sciences,2013.0,2013.0,165,10.1000/anon1025
male,Medical and Health Sciences,2013.0,2013.0,165,10.1000/anon160
male,Natural Sciences,2012.0,2013.0,165,10.1000/anon484
male,Medical and Health Sciences,2013.0,2014.0,165,10.1000/anon629
male,Medical and Health Sciences,2013.0,2014.0,165,10.1000/anon2203
male,Natural Sciences,2012.0,2014.0,165,10.1000/anon1080
male,Medical and Health Sciences,2013.0,2015.0,165,10.1000/anon677
male,Medical and Health Sciences,2013.0,2015.0,165,10.1000/anon2454
male,Medical and Health Sciences,2013.0,2015.0,165,10.1000/anon685
male,Medical and Health Sciences,2013.0,2015.0,165,10.1000/anon1034
female,Medical and Health Sciences,2012.0,2012.0,166,10.1000/anon227
female,Medical and Health Sciences,2012.0,2012.0,166,10.1000/anon468
female,Medical and Health Sciences,2012.0,2012.0,166,10.1000/anon585
female,Medical and Health Sciences,2012.0,2013.0,166,10.1000/anon869
female,Medical and Health Sciences,2012.0,2014.0,166,10.1000/anon1168
female,Medical and Health Sciences,2012.0,2014.0,166,10.1000/anon491
female,Medical and Health Sciences,2012.0,2014.0,166,10.1000/anon203
female,Medical and Health Sciences,2015.0,2015.0,166,10.1000/anon2660
female,Medical and Health Sciences,2015.0,2016.0,166,10.1000/anon150
female,Medical and Health Sciences,2015.0,2016.0,166,10.1000/anon1872
female,Medical and Health Sciences,2015.0,2016.0,166,10.1000/anon2359
female,Medical and Health Sciences,2015.0,2016.0,166,10.1000/anon885
female,Medical and Health Sciences,2012.0,2012.0,167,10.1000/anon1782
male,Medical and Health Sciences,2012.0,2012.0,167,10.1000/anon573
male,Medical and Health Sciences,2012.0,2012.0,167,10.1000/anon736
male,Medical and Health Sciences,2012.0,2013.0,167,10.1000/anon324
male,Medical and Health Sciences,2012.0,2013.0,167,10.1000/anon562
male,Medical and Health Sciences,2012.0,2013.0,167,10.1000/anon38
male,Medical and Health Sciences,2012.0,2013.0,167,10.1000/anon993
female,Natural Sciences,2013.0,2013.0,168,10.1000/anon139
female,Medical and Health Sciences,2016.0,2016.0,168,10.1000/anon1470
male,Engineering and Technology,2014.0,2014.0,169,10.1000/anon1209
male,Engineering and Technology,2014.0,2014.0,169,10.1000/anon1325
male,Engineering and Technology,2014.0,2015.0,169,10.1000/anon2348
male,Natural Sciences,2015.0,2015.0,169,10.1000/anon456
male,Engineering and Technology,2014.0,2016.0,169,10.1000/anon141
male,Natural Sciences,2015.0,2016.0,169,10.1000/anon297
female,Natural Sciences,2013.0,2013.0,170,10.1000/anon393
male,Medical and Health Sciences,2013.0,2013.0,170,10.1000/anon329
male,Medical and Health Sciences,2013.0,2015.0,170,10.1000/anon1104
female,Medical and Health Sciences,2016.0,2016.0,171,10.1000/anon1861
female,Medical and Health Sciences,2016.0,2016.0,171,10.1000/anon321
female,Medical and Health Sciences,2016.0,2016.0,171,10.1000/anon1055
female,Medical and Health Sciences,2016.0,2018.0,171,10.1000/anon889
female,Medical and Health Sciences,2016.0,2016.0,172,10.1000/anon709
female,Natural Sciences,2016.0,2016.0,172,10.1000/anon74
female,Medical and Health Sciences,2016.0,2017.0,172,10.1000/anon1882
female,Natural Sciences,2016.0,2017.0,172,10.1000/anon826
female,Medical and Health Sciences,2016.0,2018.0,172,10.1000/anon1318
male,Medical and Health Sciences,2013.0,2013.0,173,10.1000/anon825
male,Natural Sciences,2015.0,2015.0,173,10.1000/anon324
male,Natural Sciences,2015.0,2015.0,173,10.1000/anon461
male,Medical and Health Sciences,2013.0,2015.0,173,10.1000/anon609
male,Engineering and Technology,2013.0,2013.0,174,10.1000/anon708
male,Natural Sciences,2016.0,2016.0,174,10.1000/anon1586
male,Medical and Health Sciences,2013.0,2013.0,175,10.1000/anon868
male,Medical and Health Sciences,2013.0,2014.0,175,10.1000/anon2773
male,Medical and Health Sciences,2013.0,2014.0,175,10.1000/anon854
male,Medical and Health Sciences,2014.0,2014.0,175,10.1000/anon723
male,Medical and Health Sciences,2014.0,2015.0,175,10.1000/anon944
male,Natural Sciences,2015.0,2015.0,176,10.1000/anon336
male,Social Sciences,2015.0,2015.0,176,10.1000/anon359
male,Natural Sciences,2015.0,2016.0,176,10.1000/anon2139
male,Natural Sciences,2015.0,2016.0,176,10.1000/anon631
male,Natural Sciences,2015.0,2016.0,176,10.1000/anon2671
male,Natural Sciences,2015.0,2016.0,176,10.1000/anon1780
male,Natural Sciences,2015.0,2016.0,176,10.1000/anon2742
male,Natural Sciences,2015.0,2017.0,176,10.1000/anon1943
male,Natural Sciences,2015.0,2017.0,176,10.1000/anon1537
male,Natural Sciences,2015.0,2017.0,176,10.1000/anon1682
male,Natural Sciences,2015.0,2017.0,176,10.1000/anon536
male,Natural Sciences,2015.0,2017.0,176,10.1000/anon2357
male,Medical and Health Sciences,2012.0,2012.0,177,10.1000/anon50
female,Natural Sciences,2016.0,2016.0,177,10.1000/anon942
female,Natural Sciences,2016.0,2016.0,177,10.1000/anon1176
female,Natural Sciences,2012.0,2012.0,178,10.1000/anon372
male,Engineering and Technology,2015.0,2015.0,178,10.1000/anon1183
male,Medical and Health Sciences,2015.0,2015.0,179,10.1000/anon652
female,Medical and Health Sciences,2015.0,2015.0,179,10.1000/anon1041
male,Engineering and Technology,2014.0,2014.0,180,10.1000/anon134
male,Natural Sciences,2016.0,2016.0,180,10.1000/anon2743
male,Natural Sciences,2012.0,2012.0,181,10.1000/anon946
female,Natural Sciences,2014.0,2014.0,181,10.1000/anon1471
female,Natural Sciences,2014.0,2016.0,181,10.1000/anon2597
female,Natural Sciences,2014.0,2016.0,181,10.1000/anon2679
female,Natural Sciences,2014.0,2016.0,181,10.1000/anon895
female,Medical and Health Sciences,2013.0,2013.0,182,10.1000/anon292
male,Engineering and Technology,2013.0,2013.0,182,10.1000/anon773
male,Engineering and Technology,2013.0,2015.0,182,10.1000/anon24
male,Natural Sciences,2014.0,2014.0,183,10.1000/anon6
male,Natural Sciences,2014.0,2014.0,183,10.1000/anon3375
male,Natural Sciences,2014.0,2015.0,183,10.1000/anon590
male,Natural Sciences,2014.0,2015.0,183,10.1000/anon2321
female,Medical and Health Sciences,2016.0,2016.0,183,10.1000/anon167
female,Medical and Health Sciences,2016.0,2016.0,183,10.1000/anon2070
male,Natural Sciences,2014.0,2016.0,183,10.1000/anon228
female,Natural Sciences,2012.0,2012.0,184,10.1000/anon341
female,Medical and Health Sciences,2012.0,2012.0,184,10.1000/anon109
male,Natural Sciences,2013.0,2013.0,185,10.1000/anon270
male,Natural Sciences,2013.0,2014.0,185,10.1000/anon2095
male,Natural Sciences,2013.0,2014.0,185,10.1000/anon1992
male,Natural Sciences,2013.0,2014.0,185,10.1000/anon952
male,Natural Sciences,2013.0,2014.0,185,10.1000/anon631
male,Medical and Health Sciences,2016.0,2016.0,185,10.1000/anon1082
male,Medical and Health Sciences,2016.0,2016.0,185,10.1000/anon619
male,Medical and Health Sciences,2016.0,2017.0,185,10.1000/anon902
male,Medical and Health Sciences,2016.0,2018.0,185,10.1000/anon192
male,Medical and Health Sciences,2016.0,2018.0,185,10.1000/anon189
male,Engineering and Technology,2012.0,2012.0,186,10.1000/anon685
male,Engineering and Technology,2012.0,2012.0,186,10.1000/anon1162
male,Engineering and Technology,2012.0,2012.0,186,10.1000/anon1145
male,Natural Sciences,2016.0,2016.0,186,10.1000/anon2145
male,Natural Sciences,2012.0,2012.0,187,10.1000/anon111
male,Medical and Health Sciences,2013.0,2013.0,187,10.1000/anon2326
male,Medical and Health Sciences,2013.0,2013.0,187,10.1000/anon623
male,Medical and Health Sciences,2013.0,2014.0,187,10.1000/anon1227
male,Medical and Health Sciences,2013.0,2015.0,187,10.1000/anon2017
male,Medical and Health Sciences,2013.0,2015.0,187,10.1000/anon2159
male,Medical and Health Sciences,2013.0,2015.0,187,10.1000/anon285
female,Medical and Health Sciences,2012.0,2012.0,188,10.1000/anon412
male,Engineering and Technology,2015.0,2015.0,188,10.1000/anon47
female,Medical and Health Sciences,2012.0,2012.0,189,10.1000/anon2058
male,Natural Sciences,2012.0,2012.0,189,10.1000/anon860
male,Natural Sciences,2012.0,2014.0,189,10.1000/anon1170
male,Social Sciences,2014.0,2014.0,190,10.1000/anon1307
male,Natural Sciences,2016.0,2016.0,190,10.1000/anon93
male,Natural Sciences,2016.0,2018.0,190,10.1000/anon1036
male,Natural Sciences,2016.0,2018.0,190,10.1000/anon689
female,Natural Sciences,2013.0,2013.0,191,10.1000/anon201
female,Medical and Health Sciences,2015.0,2015.0,191,10.1000/anon2097
female,Medical and Health Sciences,2015.0,2015.0,191,10.1000/anon1593
female,Medical and Health Sciences,2012.0,2012.0,192,10.1000/anon1027
male,Medical and Health Sciences,2013.0,2013.0,192,10.1000/anon102
male,Medical and Health Sciences,2013.0,2014.0,192,10.1000/anon2308
female,Medical and Health Sciences,2012.0,2014.0,192,10.1000/anon334
female,Medical and Health Sciences,2012.0,2014.0,192,10.1000/anon629
female,Medical and Health Sciences,2012.0,2014.0,192,10.1000/anon729
female,Natural Sciences,2013.0,2013.0,193,10.1000/anon1465
female,Natural Sciences,2013.0,2013.0,193,10.1000/anon2089
female,Natural Sciences,2013.0,2015.0,193,10.1000/anon644
female,Natural Sciences,2013.0,2015.0,193,10.1000/anon474
male,Natural Sciences,2015.0,2015.0,193,10.1000/anon492
male,Natural Sciences,2015.0,2016.0,193,10.1000/anon528
female,Natural Sciences,2013.0,2013.0,194,10.1000/anon829
female,Medical and Health Sciences,2015.0,2015.0,194,10.1000/anon1532
female,Medical and Health Sciences,2015.0,2016.0,194,10.1000/anon1207
female,Medical and Health Sciences,2015.0,2017.0,194,10.1000/anon761
male,Natural Sciences,2014.0,2014.0,195,10.1000/anon1947
male,Natural Sciences,2014.0,2014.0,195,10.1000/anon955
male,Natural Sciences,2014.0,2014.0,195,10.1000/anon272
male,Natural Sciences,2014.0,2014.0,195,10.1000/anon1070
male,Natural Sciences,2014.0,2015.0,195,10.1000/anon2718
male,Natural Sciences,2014.0,2016.0,195,10.1000/anon933
male,Natural Sciences,2014.0,2016.0,195,10.1000/anon2784
male,Medical and Health Sciences,2012.0,2012.0,196,10.1000/anon701
female,Natural Sciences,2013.0,2013.0,196,10.1000/anon1031
female,Natural Sciences,2013.0,2014.0,196,10.1000/anon1044
male,Natural Sciences,2012.0,2012.0,197,10.1000/anon1119
male,Agricultural Sciences,2014.0,2014.0,197,10.1000/anon1675
female,Medical and Health Sciences,2015.0,2015.0,198,10.1000/anon2634
male,Medical and Health Sciences,2016.0,2016.0,198,10.1000/anon110
male,Medical and Health Sciences,2016.0,2018.0,198,10.1000/anon687
female,Social Sciences,2012.0,2012.0,199,10.1000/anon2207
female,Medical and Health Sciences,2015.0,2015.0,199,10.1000/anon564
female,Medical and Health Sciences,2015.0,2015.0,199,10.1000/anon746
female,Medical and Health Sciences,2015.0,2015.0,199,10.1000/anon576
female,Medical and Health Sciences,2015.0,2015.0,199,10.1000/anon2339
female,Medical and Health Sciences,2015.0,2016.0,199,10.1000/anon660
female,Medical and Health Sciences,2015.0,2016.0,199,10.1000/anon2219
female,Medical and Health Sciences,2015.0,2016.0,199,10.1000/anon1106
female,Medical and Health Sciences,2015.0,2016.0,199,10.1000/anon560
female,Medical and Health Sciences,2015.0,2016.0,199,10.1000/anon86
female,Medical and Health Sciences,2015.0,2016.0,199,10.1000/anon642
female,Medical and Health Sciences,2015.0,2016.0,199,10.1000/anon811
female,Medical and Health Sciences,2015.0,2016.0,199,10.1000/anon719
female,Medical and Health Sciences,2015.0,2016.0,199,10.1000/anon2446
female,Medical and Health Sciences,2015.0,2016.0,199,10.1000/anon863
female,Medical and Health Sciences,2015.0,2017.0,199,10.1000/anon471
female,Medical and Health Sciences,2015.0,2017.0,199,10.1000/anon457
female,Medical and Health Sciences,2015.0,2017.0,199,10.1000/anon1180
female,Engineering and Technology,2016.0,2016.0,200,10.1000/anon2201
male,Natural Sciences,2016.0,2016.0,200,10.1000/anon90
female,Engineering and Technology,2016.0,2017.0,200,10.1000/anon666
female,Engineering and Technology,2016.0,2017.0,200,10.1000/anon1591
male,Natural Sciences,2016.0,2017.0,200,10.1000/anon401
male,Natural Sciences,2016.0,2017.0,200,10.1000/anon932
male,Natural Sciences,2016.0,2017.0,200,10.1000/anon451
male,Natural Sciences,2016.0,2017.0,200,10.1000/anon129
male,Natural Sciences,2016.0,2018.0,200,10.1000/anon658
male,Natural Sciences,2016.0,2018.0,200,10.1000/anon290
male,Natural Sciences,2013.0,2013.0,201,10.1000/anon731
male,Natural Sciences,2013.0,2014.0,201,10.1000/anon813
male,Natural Sciences,2013.0,2014.0,201,10.1000/anon2735
male,Natural Sciences,2013.0,2015.0,201,10.1000/anon466
male,Natural Sciences,2013.0,2015.0,201,10.1000/anon130
male,Natural Sciences,2013.0,2015.0,201,10.1000/anon1659
male,Medical and Health Sciences,2015.0,2015.0,201,10.1000/anon25
male,Natural Sciences,2012.0,2012.0,202,10.1000/anon2109
male,Humanities,2015.0,2015.0,202,10.1000/anon448
female,Natural Sciences,2012.0,2012.0,203,10.1000/anon2728
female,Natural Sciences,2013.0,2013.0,203,10.1000/anon537
female,Natural Sciences,2013.0,2013.0,203,10.1000/anon691
female,Natural Sciences,2013.0,2015.0,203,10.1000/anon380
male,Natural Sciences,2012.0,2012.0,204,10.1000/anon249
male,Natural Sciences,2012.0,2012.0,204,10.1000/anon430
female,Natural Sciences,2012.0,2012.0,204,10.1000/anon121
male,Natural Sciences,2012.0,2013.0,204,10.1000/anon58
male,Engineering and Technology,2012.0,2012.0,205,10.1000/anon892
female,Medical and Health Sciences,2016.0,2016.0,205,10.1000/anon1678
female,Medical and Health Sciences,2016.0,2017.0,205,10.1000/anon2337
female,Medical and Health Sciences,2016.0,2018.0,205,10.1000/anon690
female,Natural Sciences,2016.0,2016.0,206,10.1000/anon714
male,Engineering and Technology,2016.0,2016.0,206,10.1000/anon260
male,Engineering and Technology,2016.0,2016.0,206,10.1000/anon262
male,Engineering and Technology,2016.0,2017.0,206,10.1000/anon232
male,Engineering and Technology,2016.0,2017.0,206,10.1000/anon1009
male,Engineering and Technology,2016.0,2017.0,206,10.1000/anon648
male,Engineering and Technology,2016.0,2017.0,206,10.1000/anon584
male,Engineering and Technology,2016.0,2017.0,206,10.1000/anon650
female,Natural Sciences,2016.0,2018.0,206,10.1000/anon397
female,Natural Sciences,2016.0,2018.0,206,10.1000/anon1510
female,Natural Sciences,2016.0,2018.0,206,10.1000/anon2211
male,Engineering and Technology,2016.0,2018.0,206,10.1000/anon1179
male,Agricultural Sciences,2012.0,2012.0,207,10.1000/anon420
male,Agricultural Sciences,2012.0,2013.0,207,10.1000/anon2154
female,Medical and Health Sciences,2013.0,2013.0,207,10.1000/anon803
female,Medical and Health Sciences,2013.0,2013.0,207,10.1000/anon1001
female,Medical and Health Sciences,2013.0,2014.0,207,10.1000/anon703
female,Medical and Health Sciences,2013.0,2015.0,207,10.1000/anon135
male,Natural Sciences,2013.0,2013.0,208,10.1000/anon1034
male,Natural Sciences,2013.0,2013.0,208,10.1000/anon191
female,Natural Sciences,2015.0,2015.0,208,10.1000/anon2327
female,Natural Sciences,2015.0,2015.0,208,10.1000/anon1846
male,Natural Sciences,2013.0,2015.0,208,10.1000/anon716
female,Natural Sciences,2015.0,2016.0,208,10.1000/anon481
male,Natural Sciences,2013.0,2013.0,209,10.1000/anon240
female,Engineering and Technology,2015.0,2015.0,209,10.1000/anon2590
female,Engineering and Technology,2015.0,2017.0,209,10.1000/anon1932
male,Natural Sciences,2014.0,2014.0,210,10.1000/anon2163
female,Natural Sciences,2014.0,2014.0,210,10.1000/anon613
male,Natural Sciences,2014.0,2015.0,210,10.1000/anon531
male,Natural Sciences,2014.0,2015.0,210,10.1000/anon171
male,Natural Sciences,2014.0,2015.0,210,10.1000/anon2575
male,Natural Sciences,2014.0,2016.0,210,10.1000/anon1741
male,Natural Sciences,2014.0,2016.0,210,10.1000/anon2196
male,Natural Sciences,2014.0,2016.0,210,10.1000/anon2528
female,Natural Sciences,2014.0,2016.0,210,10.1000/anon1275
female,Natural Sciences,2014.0,2016.0,210,10.1000/anon614
female,Natural Sciences,2014.0,2016.0,210,10.1000/anon3738
male,Medical and Health Sciences,2015.0,2015.0,211,10.1000/anon330
male,Medical and Health Sciences,2015.0,2015.0,211,10.1000/anon316
male,Medical and Health Sciences,2015.0,2015.0,211,10.1000/anon930
male,Medical and Health Sciences,2015.0,2015.0,211,10.1000/anon905
female,Natural Sciences,2015.0,2015.0,211,10.1000/anon1137
male,Medical and Health Sciences,2015.0,2016.0,211,10.1000/anon607
male,Medical and Health Sciences,2015.0,2016.0,211,10.1000/anon2087
female,Natural Sciences,2015.0,2016.0,211,10.1000/anon180
female,Natural Sciences,2015.0,2016.0,211,10.1000/anon951
female,Natural Sciences,2015.0,2017.0,211,10.1000/anon432
female,Natural Sciences,2015.0,2017.0,211,10.1000/anon563
female,Natural Sciences,2015.0,2017.0,211,10.1000/anon541
female,Natural Sciences,2015.0,2017.0,211,10.1000/anon429
female,Natural Sciences,2012.0,2012.0,212,10.1000/anon2759
female,Natural Sciences,2012.0,2014.0,212,10.1000/anon2155
female,Social Sciences,2016.0,2016.0,212,10.1000/anon482
female,Social Sciences,2016.0,2018.0,212,10.1000/anon174
female,Natural Sciences,2015.0,2015.0,213,10.1000/anon1585
female,Natural Sciences,2015.0,2016.0,213,10.1000/anon2609
male,Medical and Health Sciences,2016.0,2016.0,213,10.1000/anon1175
female,Natural Sciences,2015.0,2017.0,213,10.1000/anon1757
female,Natural Sciences,2015.0,2017.0,213,10.1000/anon1053
male,Medical and Health Sciences,2016.0,2017.0,213,10.1000/anon239
male,Natural Sciences,2014.0,2014.0,214,10.1000/anon949
male,Natural Sciences,2014.0,2015.0,214,10.1000/anon152
male,Natural Sciences,2014.0,2015.0,214,10.1000/anon580
male,Natural Sciences,2016.0,2016.0,214,10.1000/anon142
male,Natural Sciences,2015.0,2015.0,215,10.1000/anon2582
male,Natural Sciences,2015.0,2015.0,215,10.1000/anon1439
male,Medical and Health Sciences,2015.0,2015.0,215,10.1000/anon381
male,Natural Sciences,2015.0,2016.0,215,10.1000/anon2770
male,Medical and Health Sciences,2015.0,2016.0,215,10.1000/anon19
male,Natural Sciences,2015.0,2017.0,215,10.1000/anon513
female,Medical and Health Sciences,2012.0,2012.0,216,10.1000/anon2790
female,Medical and Health Sciences,2012.0,2014.0,216,10.1000/anon1894
female,Medical and Health Sciences,2012.0,2014.0,216,10.1000/anon213
female,Medical and Health Sciences,2015.0,2015.0,216,10.1000/anon473
male,Natural Sciences,2014.0,2014.0,217,10.1000/anon1976
female,Medical and Health Sciences,2014.0,2014.0,217,10.1000/anon757
female,Medical and Health Sciences,2014.0,2014.0,217,10.1000/anon1059
female,Social Sciences,2015.0,2015.0,218,10.1000/anon627
female,Natural Sciences,2015.0,2015.0,218,10.1000/anon849
female,Natural Sciences,2015.0,2015.0,218,10.1000/anon105
female,Natural Sciences,2015.0,2016.0,218,10.1000/anon815
female,Natural Sciences,2015.0,2016.0,218,10.1000/anon107
female,Natural Sciences,2015.0,2016.0,218,10.1000/anon190
female,Natural Sciences,2015.0,2016.0,218,10.1000/anon120
female,Natural Sciences,2015.0,2016.0,218,10.1000/anon113
female,Natural Sciences,2015.0,2017.0,218,10.1000/anon1156
female,Natural Sciences,2015.0,2017.0,218,10.1000/anon623
female,Natural Sciences,2015.0,2017.0,218,10.1000/anon607
female,Natural Sciences,2015.0,2017.0,218,10.1000/anon901
female,Social Sciences,2012.0,2012.0,219,10.1000/anon1379
female,Social Sciences,2013.0,2013.0,219,10.1000/anon845
male,Engineering and Technology,2012.0,2012.0,220,10.1000/anon1235
female,Natural Sciences,2012.0,2012.0,220,10.1000/anon65
female,Natural Sciences,2012.0,2014.0,220,10.1000/anon735
female,Natural Sciences,2012.0,2014.0,220,10.1000/anon548
female,Natural Sciences,2013.0,2013.0,221,10.1000/anon1707
male,Engineering and Technology,2016.0,2016.0,221,10.1000/anon157
male,Engineering and Technology,2016.0,2016.0,221,10.1000/anon268
male,Natural Sciences,2013.0,2013.0,222,10.1000/anon1139
female,Medical and Health Sciences,2014.0,2014.0,222,10.1000/anon1571
female,Medical and Health Sciences,2014.0,2014.0,222,10.1000/anon2257
female,Natural Sciences,2014.0,2014.0,223,10.1000/anon903
male,Medical and Health Sciences,2014.0,2014.0,223,10.1000/anon806
female,Natural Sciences,2014.0,2015.0,223,10.1000/anon2198
male,Medical and Health Sciences,2014.0,2015.0,223,10.1000/anon279
female,Natural Sciences,2014.0,2016.0,223,10.1000/anon1639
male,Medical and Health Sciences,2014.0,2016.0,223,10.1000/anon1719
male,Medical and Health Sciences,2014.0,2016.0,223,10.1000/anon892
male,Natural Sciences,2014.0,2014.0,224,10.1000/anon1075
male,Medical and Health Sciences,2016.0,2016.0,224,10.1000/anon345
male,Medical and Health Sciences,2016.0,2016.0,224,10.1000/anon1007
male,Natural Sciences,2014.0,2016.0,224,10.1000/anon3260
male,Natural Sciences,2014.0,2016.0,224,10.1000/anon767
male,Medical and Health Sciences,2016.0,2017.0,224,10.1000/anon817
male,Medical and Health Sciences,2016.0,2018.0,224,10.1000/anon1813
male,Medical and Health Sciences,2016.0,2018.0,224,10.1000/anon193
male,Natural Sciences,2012.0,2012.0,225,10.1000/anon421
female,Medical and Health Sciences,2015.0,2015.0,225,10.1000/anon1709
female,Natural Sciences,2014.0,2014.0,226,10.1000/anon1834
female,Natural Sciences,2014.0,2014.0,226,10.1000/anon1149
female,Natural Sciences,2014.0,2014.0,226,10.1000/anon103
female,Natural Sciences,2014.0,2015.0,226,10.1000/anon870
female,Natural Sciences,2014.0,2016.0,226,10.1000/anon631
male,Natural Sciences,2012.0,2012.0,227,10.1000/anon79
male,Natural Sciences,2012.0,2013.0,227,10.1000/anon97
male,Natural Sciences,2014.0,2014.0,227,10.1000/anon1570
male,Natural Sciences,2012.0,2014.0,227,10.1000/anon77
male,Natural Sciences,2012.0,2014.0,227,10.1000/anon1051
male,Natural Sciences,2012.0,2014.0,227,10.1000/anon510
male,Natural Sciences,2014.0,2015.0,227,10.1000/anon631
male,Natural Sciences,2014.0,2016.0,227,10.1000/anon1626
male,Natural Sciences,2015.0,2015.0,228,10.1000/anon180
female,Medical and Health Sciences,2015.0,2015.0,228,10.1000/anon1020
female,Medical and Health Sciences,2013.0,2013.0,229,10.1000/anon1014
female,Medical and Health Sciences,2013.0,2014.0,229,10.1000/anon362
female,Medical and Health Sciences,2014.0,2014.0,229,10.1000/anon35
female,Medical and Health Sciences,2014.0,2014.0,229,10.1000/anon3327
female,Medical and Health Sciences,2014.0,2015.0,229,10.1000/anon1585
female,Medical and Health Sciences,2014.0,2015.0,229,10.1000/anon3817
female,Medical and Health Sciences,2014.0,2015.0,229,10.1000/anon3243
female,Medical and Health Sciences,2014.0,2015.0,229,10.1000/anon3765
female,Medical and Health Sciences,2014.0,2016.0,229,10.1000/anon2276
female,Medical and Health Sciences,2014.0,2016.0,229,10.1000/anon1543
female,Medical and Health Sciences,2014.0,2016.0,229,10.1000/anon2296
female,Medical and Health Sciences,2014.0,2016.0,229,10.1000/anon1076
female,Medical and Health Sciences,2014.0,2016.0,229,10.1000/anon3521
female,Medical and Health Sciences,2014.0,2016.0,229,10.1000/anon1959
male,Natural Sciences,2012.0,2012.0,230,10.1000/anon1279
male,Natural Sciences,2012.0,2013.0,230,10.1000/anon90
male,Natural Sciences,2013.0,2013.0,230,10.1000/anon18
male,Natural Sciences,2013.0,2014.0,230,10.1000/anon644
male,Medical and Health Sciences,2014.0,2014.0,231,10.1000/anon1390
male,Medical and Health Sciences,2014.0,2015.0,231,10.1000/anon377
female,Natural Sciences,2015.0,2015.0,231,10.1000/anon326
female,Natural Sciences,2015.0,2015.0,231,10.1000/anon1300
male,Medical and Health Sciences,2014.0,2016.0,231,10.1000/anon1311
male,Medical and Health Sciences,2014.0,2016.0,231,10.1000/anon1875
female,Natural Sciences,2015.0,2016.0,231,10.1000/anon3766
female,Natural Sciences,2015.0,2016.0,231,10.1000/anon788
female,Natural Sciences,2015.0,2016.0,231,10.1000/anon3846
female,Natural Sciences,2015.0,2016.0,231,10.1000/anon992
female,Natural Sciences,2015.0,2016.0,231,10.1000/anon472
female,Natural Sciences,2015.0,2016.0,231,10.1000/anon497
female,Natural Sciences,2015.0,2016.0,231,10.1000/anon330
female,Natural Sciences,2015.0,2016.0,231,10.1000/anon668
female,Natural Sciences,2015.0,2017.0,231,10.1000/anon1120
female,Natural Sciences,2015.0,2017.0,231,10.1000/anon977
male,Natural Sciences,2015.0,2015.0,232,10.1000/anon1151
male,Natural Sciences,2015.0,2015.0,232,10.1000/anon682
male,Natural Sciences,2015.0,2015.0,232,10.1000/anon1323
male,Natural Sciences,2015.0,2015.0,232,10.1000/anon741
male,Natural Sciences,2015.0,2015.0,232,10.1000/anon2366
male,Natural Sciences,2015.0,2015.0,232,10.1000/anon1372
male,Natural Sciences,2015.0,2015.0,232,10.1000/anon134
male,Natural Sciences,2015.0,2015.0,232,10.1000/anon1373
male,Natural Sciences,2015.0,2015.0,232,10.1000/anon350
male,Natural Sciences,2015.0,2015.0,232,10.1000/anon1965
male,Natural Sciences,2015.0,2015.0,232,10.1000/anon165
male,Natural Sciences,2015.0,2015.0,232,10.1000/anon1536
male,Natural Sciences,2015.0,2015.0,232,10.1000/anon163
male,Natural Sciences,2015.0,2015.0,232,10.1000/anon2115
male,Natural Sciences,2015.0,2015.0,232,10.1000/anon862
male,Natural Sciences,2015.0,2015.0,232,10.1000/anon2419
male,Natural Sciences,2015.0,2015.0,232,10.1000/anon200
male,Natural Sciences,2015.0,2015.0,232,10.1000/anon424
male,Natural Sciences,2015.0,2015.0,232,10.1000/anon2302
male,Natural Sciences,2015.0,2015.0,232,10.1000/anon561
male,Natural Sciences,2015.0,2016.0,232,10.1000/anon30
male,Natural Sciences,2015.0,2016.0,232,10.1000/anon1705
male,Natural Sciences,2015.0,2016.0,232,10.1000/anon2602
male,Natural Sciences,2015.0,2016.0,232,10.1000/anon1112
male,Natural Sciences,2015.0,2016.0,232,10.1000/anon1704
male,Natural Sciences,2015.0,2016.0,232,10.1000/anon1905
male,Natural Sciences,2015.0,2016.0,232,10.1000/anon782
male,Natural Sciences,2015.0,2016.0,232,10.1000/anon8
male,Natural Sciences,2015.0,2016.0,232,10.1000/anon491
male,Natural Sciences,2015.0,2016.0,232,10.1000/anon1642
male,Natural Sciences,2015.0,2016.0,232,10.1000/anon84
male,Natural Sciences,2015.0,2016.0,232,10.1000/anon351
male,Natural Sciences,2015.0,2016.0,232,10.1000/anon1516
male,Natural Sciences,2015.0,2016.0,232,10.1000/anon2772
male,Natural Sciences,2015.0,2016.0,232,10.1000/anon264
male,Natural Sciences,2015.0,2016.0,232,10.1000/anon2557
male,Natural Sciences,2015.0,2016.0,232,10.1000/anon1974
male,Natural Sciences,2015.0,2016.0,232,10.1000/anon849
male,Natural Sciences,2015.0,2016.0,232,10.1000/anon665
male,Natural Sciences,2015.0,2016.0,232,10.1000/anon2775
male,Natural Sciences,2015.0,2016.0,232,10.1000/anon471
male,Natural Sciences,2015.0,2016.0,232,10.1000/anon2443
male,Natural Sciences,2015.0,2016.0,232,10.1000/anon2564
male,Natural Sciences,2015.0,2016.0,232,10.1000/anon1418
male,Natural Sciences,2015.0,2016.0,232,10.1000/anon826
male,Natural Sciences,2015.0,2016.0,232,10.1000/anon2463
male,Natural Sciences,2015.0,2016.0,232,10.1000/anon689
male,Natural Sciences,2015.0,2016.0,232,10.1000/anon716
male,Natural Sciences,2015.0,2016.0,232,10.1000/anon2707
male,Natural Sciences,2015.0,2016.0,232,10.1000/anon781
male,Natural Sciences,2015.0,2016.0,232,10.1000/anon2559
male,Natural Sciences,2015.0,2016.0,232,10.1000/anon1948
male,Natural Sciences,2015.0,2016.0,232,10.1000/anon1857
male,Natural Sciences,2015.0,2016.0,232,10.1000/anon1117
male,Natural Sciences,2015.0,2016.0,232,10.1000/anon980
male,Natural Sciences,2015.0,2016.0,232,10.1000/anon2522
male,Natural Sciences,2015.0,2016.0,232,10.1000/anon1622
male,Natural Sciences,2015.0,2016.0,232,10.1000/anon2592
male,Natural Sciences,2015.0,2016.0,232,10.1000/anon2726
male,Natural Sciences,2015.0,2016.0,232,10.1000/anon1020
male,Natural Sciences,2015.0,2016.0,232,10.1000/anon506
male,Natural Sciences,2015.0,2016.0,232,10.1000/anon1076
male,Natural Sciences,2015.0,2016.0,232,10.1000/anon416
male,Natural Sciences,2015.0,2016.0,232,10.1000/anon1914
male,Natural Sciences,2015.0,2016.0,232,10.1000/anon133
male,Natural Sciences,2015.0,2016.0,232,10.1000/anon1055
male,Natural Sciences,2015.0,2016.0,232,10.1000/anon681
male,Natural Sciences,2015.0,2016.0,232,10.1000/anon1692
male,Natural Sciences,2015.0,2016.0,232,10.1000/anon820
male,Natural Sciences,2015.0,2016.0,232,10.1000/anon2432
male,Natural Sciences,2015.0,2016.0,232,10.1000/anon2487
male,Natural Sciences,2015.0,2016.0,232,10.1000/anon2263
male,Natural Sciences,2015.0,2016.0,232,10.1000/anon1264
male,Natural Sciences,2015.0,2016.0,232,10.1000/anon106
male,Natural Sciences,2015.0,2016.0,232,10.1000/anon978
male,Natural Sciences,2015.0,2016.0,232,10.1000/anon738
male,Natural Sciences,2015.0,2016.0,232,10.1000/anon159
male,Natural Sciences,2015.0,2016.0,232,10.1000/anon1445
male,Natural Sciences,2015.0,2016.0,232,10.1000/anon1638
male,Natural Sciences,2015.0,2016.0,232,10.1000/anon1353
male,Natural Sciences,2015.0,2016.0,232,10.1000/anon2464
male,Natural Sciences,2015.0,2016.0,232,10.1000/anon1852
male,Natural Sciences,2015.0,2016.0,232,10.1000/anon421
male,Natural Sciences,2015.0,2016.0,232,10.1000/anon1142
male,Natural Sciences,2015.0,2016.0,232,10.1000/anon458
male,Natural Sciences,2015.0,2016.0,232,10.1000/anon2243
male,Natural Sciences,2015.0,2016.0,232,10.1000/anon902
male,Natural Sciences,2015.0,2016.0,232,10.1000/anon1966
male,Natural Sciences,2015.0,2016.0,232,10.1000/anon769
male,Natural Sciences,2015.0,2016.0,232,10.1000/anon2161
male,Natural Sciences,2015.0,2016.0,232,10.1000/anon549
male,Natural Sciences,2015.0,2016.0,232,10.1000/anon969
male,Natural Sciences,2015.0,2016.0,232,10.1000/anon1939
male,Natural Sciences,2015.0,2016.0,232,10.1000/anon1219
male,Natural Sciences,2015.0,2016.0,232,10.1000/anon1848
male,Natural Sciences,2015.0,2016.0,232,10.1000/anon789
male,Natural Sciences,2015.0,2016.0,232,10.1000/anon1228
male,Natural Sciences,2015.0,2016.0,232,10.1000/anon1961
male,Natural Sciences,2015.0,2016.0,232,10.1000/anon2469
male,Natural Sciences,2015.0,2016.0,232,10.1000/anon409
male,Natural Sciences,2015.0,2016.0,232,10.1000/anon1401
male,Natural Sciences,2015.0,2016.0,232,10.1000/anon2297
male,Natural Sciences,2015.0,2016.0,232,10.1000/anon2029
male,Natural Sciences,2015.0,2016.0,232,10.1000/anon2484
male,Natural Sciences,2015.0,2016.0,232,10.1000/anon2027
male,Natural Sciences,2015.0,2016.0,232,10.1000/anon246
male,Natural Sciences,2015.0,2016.0,232,10.1000/anon2116
male,Natural Sciences,2015.0,2016.0,232,10.1000/anon243
male,Natural Sciences,2015.0,2016.0,232,10.1000/anon2526
male,Natural Sciences,2015.0,2016.0,232,10.1000/anon1290
male,Natural Sciences,2015.0,2016.0,232,10.1000/anon542
male,Natural Sciences,2015.0,2016.0,232,10.1000/anon1491
male,Natural Sciences,2015.0,2016.0,232,10.1000/anon2307
male,Natural Sciences,2015.0,2016.0,232,10.1000/anon2081
male,Natural Sciences,2015.0,2016.0,232,10.1000/anon2579
male,Natural Sciences,2015.0,2016.0,232,10.1000/anon1292
male,Natural Sciences,2015.0,2016.0,232,10.1000/anon510
male,Natural Sciences,2015.0,2016.0,232,10.1000/anon1395
male,Natural Sciences,2015.0,2016.0,232,10.1000/anon1509
male,Natural Sciences,2015.0,2016.0,232,10.1000/anon944
male,Natural Sciences,2015.0,2016.0,232,10.1000/anon441
male,Natural Sciences,2016.0,2016.0,232,10.1000/anon549
male,Natural Sciences,2015.0,2017.0,232,10.1000/anon1786
male,Natural Sciences,2015.0,2017.0,232,10.1000/anon2278
male,Natural Sciences,2015.0,2017.0,232,10.1000/anon1160
male,Natural Sciences,2015.0,2017.0,232,10.1000/anon1672
male,Natural Sciences,2015.0,2017.0,232,10.1000/anon657
male,Natural Sciences,2015.0,2017.0,232,10.1000/anon1640
male,Natural Sciences,2015.0,2017.0,232,10.1000/anon1147
male,Natural Sciences,2015.0,2017.0,232,10.1000/anon1931
male,Natural Sciences,2015.0,2017.0,232,10.1000/anon1815
male,Natural Sciences,2015.0,2017.0,232,10.1000/anon1367
male,Natural Sciences,2015.0,2017.0,232,10.1000/anon1739
male,Natural Sciences,2015.0,2017.0,232,10.1000/anon1587
male,Natural Sciences,2015.0,2017.0,232,10.1000/anon111
male,Natural Sciences,2015.0,2017.0,232,10.1000/anon2315
male,Natural Sciences,2015.0,2017.0,232,10.1000/anon434
male,Natural Sciences,2015.0,2017.0,232,10.1000/anon1078
male,Natural Sciences,2015.0,2017.0,232,10.1000/anon688
male,Natural Sciences,2015.0,2017.0,232,10.1000/anon1375
male,Natural Sciences,2015.0,2017.0,232,10.1000/anon2630
male,Natural Sciences,2015.0,2017.0,232,10.1000/anon2709
male,Natural Sciences,2015.0,2017.0,232,10.1000/anon327
male,Natural Sciences,2015.0,2017.0,232,10.1000/anon2267
male,Natural Sciences,2015.0,2017.0,232,10.1000/anon1202
male,Natural Sciences,2015.0,2017.0,232,10.1000/anon2232
male,Natural Sciences,2015.0,2017.0,232,10.1000/anon334
male,Natural Sciences,2015.0,2017.0,232,10.1000/anon1060
male,Natural Sciences,2015.0,2017.0,232,10.1000/anon1111
male,Natural Sciences,2015.0,2017.0,232,10.1000/anon760
male,Natural Sciences,2015.0,2017.0,232,10.1000/anon768
male,Natural Sciences,2015.0,2017.0,232,10.1000/anon1679
male,Natural Sciences,2015.0,2017.0,232,10.1000/anon26
male,Natural Sciences,2015.0,2017.0,232,10.1000/anon281
male,Natural Sciences,2015.0,2017.0,232,10.1000/anon1017
male,Natural Sciences,2015.0,2017.0,232,10.1000/anon1012
male,Natural Sciences,2015.0,2017.0,232,10.1000/anon1338
male,Natural Sciences,2015.0,2017.0,232,10.1000/anon1252
male,Natural Sciences,2015.0,2017.0,232,10.1000/anon2247
male,Natural Sciences,2015.0,2017.0,232,10.1000/anon2105
male,Natural Sciences,2015.0,2017.0,232,10.1000/anon2796
male,Natural Sciences,2015.0,2017.0,232,10.1000/anon1843
male,Natural Sciences,2015.0,2017.0,232,10.1000/anon664
male,Natural Sciences,2015.0,2017.0,232,10.1000/anon2046
male,Natural Sciences,2015.0,2017.0,232,10.1000/anon2092
male,Natural Sciences,2015.0,2017.0,232,10.1000/anon2416
male,Natural Sciences,2015.0,2017.0,232,10.1000/anon924
male,Natural Sciences,2015.0,2017.0,232,10.1000/anon347
male,Natural Sciences,2015.0,2017.0,232,10.1000/anon1578
male,Natural Sciences,2015.0,2017.0,232,10.1000/anon1434
male,Natural Sciences,2015.0,2017.0,232,10.1000/anon2208
male,Natural Sciences,2015.0,2017.0,232,10.1000/anon1186
male,Natural Sciences,2015.0,2017.0,232,10.1000/anon1440
male,Natural Sciences,2015.0,2017.0,232,10.1000/anon906
male,Natural Sciences,2015.0,2017.0,232,10.1000/anon1032
male,Natural Sciences,2015.0,2017.0,232,10.1000/anon2417
male,Natural Sciences,2015.0,2017.0,232,10.1000/anon1656
male,Natural Sciences,2015.0,2017.0,232,10.1000/anon432
male,Natural Sciences,2015.0,2017.0,232,10.1000/anon673
male,Natural Sciences,2015.0,2017.0,232,10.1000/anon1849
male,Natural Sciences,2015.0,2017.0,232,10.1000/anon2698
male,Natural Sciences,2015.0,2017.0,232,10.1000/anon649
male,Natural Sciences,2015.0,2017.0,232,10.1000/anon1710
male,Natural Sciences,2015.0,2017.0,232,10.1000/anon522
male,Natural Sciences,2015.0,2017.0,232,10.1000/anon2378
male,Natural Sciences,2015.0,2017.0,232,10.1000/anon1124
male,Natural Sciences,2015.0,2017.0,232,10.1000/anon2289
male,Natural Sciences,2015.0,2017.0,232,10.1000/anon445
male,Natural Sciences,2015.0,2017.0,232,10.1000/anon1419
male,Natural Sciences,2015.0,2017.0,232,10.1000/anon2664
male,Natural Sciences,2015.0,2017.0,232,10.1000/anon1161
male,Natural Sciences,2015.0,2017.0,232,10.1000/anon1035
male,Natural Sciences,2015.0,2017.0,232,10.1000/anon19
male,Natural Sciences,2015.0,2017.0,232,10.1000/anon371
male,Natural Sciences,2015.0,2017.0,232,10.1000/anon1870
male,Natural Sciences,2015.0,2017.0,232,10.1000/anon896
male,Natural Sciences,2015.0,2017.0,232,10.1000/anon2712
male,Natural Sciences,2015.0,2017.0,232,10.1000/anon1437
male,Natural Sciences,2015.0,2017.0,232,10.1000/anon128
male,Natural Sciences,2015.0,2017.0,232,10.1000/anon1610
male,Natural Sciences,2015.0,2017.0,232,10.1000/anon1796
male,Natural Sciences,2015.0,2017.0,232,10.1000/anon2287
male,Natural Sciences,2015.0,2017.0,232,10.1000/anon1027
male,Natural Sciences,2015.0,2017.0,232,10.1000/anon45
male,Natural Sciences,2015.0,2017.0,232,10.1000/anon2061
male,Natural Sciences,2015.0,2017.0,232,10.1000/anon836
male,Natural Sciences,2015.0,2017.0,232,10.1000/anon222
male,Natural Sciences,2015.0,2017.0,232,10.1000/anon2064
male,Natural Sciences,2015.0,2017.0,232,10.1000/anon1047
male,Natural Sciences,2015.0,2017.0,232,10.1000/anon1562
male,Natural Sciences,2015.0,2017.0,232,10.1000/anon2659
male,Natural Sciences,2015.0,2017.0,232,10.1000/anon2617
male,Natural Sciences,2015.0,2017.0,232,10.1000/anon380
male,Natural Sciences,2015.0,2017.0,232,10.1000/anon2439
male,Natural Sciences,2015.0,2017.0,232,10.1000/anon835
male,Natural Sciences,2015.0,2017.0,232,10.1000/anon1490
male,Natural Sciences,2015.0,2017.0,232,10.1000/anon1749
male,Natural Sciences,2015.0,2017.0,232,10.1000/anon1641
male,Natural Sciences,2015.0,2017.0,232,10.1000/anon375
male,Natural Sciences,2015.0,2017.0,232,10.1000/anon1871
male,Natural Sciences,2015.0,2017.0,232,10.1000/anon1830
male,Natural Sciences,2015.0,2017.0,232,10.1000/anon2296
male,Natural Sciences,2015.0,2017.0,232,10.1000/anon2402
male,Natural Sciences,2015.0,2017.0,232,10.1000/anon359
male,Natural Sciences,2015.0,2017.0,232,10.1000/anon2490
male,Natural Sciences,2015.0,2017.0,232,10.1000/anon1855
male,Natural Sciences,2015.0,2017.0,232,10.1000/anon610
male,Natural Sciences,2015.0,2017.0,232,10.1000/anon1163
male,Natural Sciences,2015.0,2017.0,232,10.1000/anon925
male,Natural Sciences,2015.0,2017.0,232,10.1000/anon1213
male,Natural Sciences,2015.0,2017.0,232,10.1000/anon2778
male,Natural Sciences,2015.0,2017.0,232,10.1000/anon239
male,Natural Sciences,2015.0,2017.0,232,10.1000/anon1427
male,Natural Sciences,2015.0,2017.0,232,10.1000/anon722
male,Natural Sciences,2015.0,2017.0,232,10.1000/anon97
male,Natural Sciences,2015.0,2017.0,232,10.1000/anon2501
male,Natural Sciences,2015.0,2017.0,232,10.1000/anon2205
male,Natural Sciences,2015.0,2017.0,232,10.1000/anon2632
male,Natural Sciences,2015.0,2017.0,232,10.1000/anon2725
male,Natural Sciences,2015.0,2017.0,232,10.1000/anon2780
male,Natural Sciences,2015.0,2017.0,232,10.1000/anon2537
male,Natural Sciences,2015.0,2017.0,232,10.1000/anon2584
male,Natural Sciences,2015.0,2017.0,232,10.1000/anon764
male,Natural Sciences,2015.0,2017.0,232,10.1000/anon992
male,Natural Sciences,2015.0,2017.0,232,10.1000/anon225
male,Natural Sciences,2015.0,2017.0,232,10.1000/anon955
male,Natural Sciences,2015.0,2017.0,232,10.1000/anon77
male,Natural Sciences,2015.0,2017.0,232,10.1000/anon486
male,Natural Sciences,2015.0,2017.0,232,10.1000/anon1245
male,Medical and Health Sciences,2015.0,2015.0,233,10.1000/anon249
female,Engineering and Technology,2016.0,2016.0,233,10.1000/anon646
male,Medical and Health Sciences,2015.0,2016.0,233,10.1000/anon1012
male,Medical and Health Sciences,2015.0,2016.0,233,10.1000/anon304
male,Medical and Health Sciences,2015.0,2016.0,233,10.1000/anon63
male,Medical and Health Sciences,2015.0,2016.0,233,10.1000/anon391
male,Medical and Health Sciences,2015.0,2017.0,233,10.1000/anon655
male,Medical and Health Sciences,2015.0,2017.0,233,10.1000/anon535
male,Medical and Health Sciences,2015.0,2017.0,233,10.1000/anon504
male,Medical and Health Sciences,2015.0,2017.0,233,10.1000/anon831
female,Medical and Health Sciences,2013.0,2013.0,234,10.1000/anon706
male,Natural Sciences,2014.0,2014.0,234,10.1000/anon2086
male,Natural Sciences,2014.0,2016.0,234,10.1000/anon2492
male,Medical and Health Sciences,2012.0,2012.0,235,10.1000/anon199
female,Natural Sciences,2015.0,2015.0,235,10.1000/anon2741
male,Natural Sciences,2013.0,2013.0,236,10.1000/anon188
female,Medical and Health Sciences,2013.0,2013.0,236,10.1000/anon595
male,Natural Sciences,2013.0,2014.0,236,10.1000/anon1567
male,Natural Sciences,2013.0,2014.0,236,10.1000/anon2496
female,Medical and Health Sciences,2013.0,2014.0,236,10.1000/anon2944
female,Medical and Health Sciences,2013.0,2014.0,236,10.1000/anon4
male,Natural Sciences,2013.0,2015.0,236,10.1000/anon679
female,Medical and Health Sciences,2013.0,2015.0,236,10.1000/anon10
male,Natural Sciences,2013.0,2013.0,237,10.1000/anon493
male,Natural Sciences,2013.0,2014.0,237,10.1000/anon584
male,Medical and Health Sciences,2014.0,2014.0,237,10.1000/anon937
male,Natural Sciences,2013.0,2015.0,237,10.1000/anon2353
male,Natural Sciences,2013.0,2015.0,237,10.1000/anon280
male,Natural Sciences,2013.0,2015.0,237,10.1000/anon436
male,Medical and Health Sciences,2014.0,2015.0,237,10.1000/anon186
male,Medical and Health Sciences,2014.0,2015.0,237,10.1000/anon672
male,Medical and Health Sciences,2014.0,2015.0,237,10.1000/anon44
male,Medical and Health Sciences,2014.0,2016.0,237,10.1000/anon499
male,Medical and Health Sciences,2014.0,2016.0,237,10.1000/anon1043
male,Natural Sciences,2014.0,2014.0,238,10.1000/anon874
male,Natural Sciences,2015.0,2015.0,238,10.1000/anon207
male,Natural Sciences,2015.0,2016.0,238,10.1000/anon701
male,Natural Sciences,2015.0,2016.0,238,10.1000/anon2184
male,Natural Sciences,2015.0,2016.0,238,10.1000/anon545
male,Natural Sciences,2015.0,2017.0,238,10.1000/anon155
female,Natural Sciences,2012.0,2012.0,239,10.1000/anon1239
male,Natural Sciences,2014.0,2014.0,239,10.1000/anon1072
male,Medical and Health Sciences,2012.0,2012.0,240,10.1000/anon790
male,Medical and Health Sciences,2012.0,2013.0,240,10.1000/anon4
male,Medical and Health Sciences,2012.0,2013.0,240,10.1000/anon2694
male,Medical and Health Sciences,2012.0,2014.0,240,10.1000/anon2694
male,Engineering and Technology,2015.0,2015.0,240,10.1000/anon105
female,Medical and Health Sciences,2012.0,2012.0,241,10.1000/anon2261
female,Medical and Health Sciences,2012.0,2013.0,241,10.1000/anon364
female,Medical and Health Sciences,2016.0,2016.0,241,10.1000/anon871
female,Natural Sciences,2013.0,2013.0,242,10.1000/anon777
female,Natural Sciences,2013.0,2013.0,242,10.1000/anon617
female,Natural Sciences,2013.0,2013.0,242,10.1000/anon1159
female,Natural Sciences,2013.0,2013.0,242,10.1000/anon274
female,Medical and Health Sciences,2014.0,2014.0,242,10.1000/anon1555
female,Natural Sciences,2013.0,2014.0,242,10.1000/anon11
female,Natural Sciences,2013.0,2015.0,242,10.1000/anon437
female,Natural Sciences,2013.0,2015.0,242,10.1000/anon1996
female,Natural Sciences,2013.0,2015.0,242,10.1000/anon749
female,Natural Sciences,2013.0,2015.0,242,10.1000/anon720
male,Medical and Health Sciences,2013.0,2013.0,243,10.1000/anon630
male,Medical and Health Sciences,2013.0,2013.0,243,10.1000/anon2694
male,Medical and Health Sciences,2013.0,2015.0,243,10.1000/anon756
male,Engineering and Technology,2016.0,2016.0,243,10.1000/anon1711
male,Engineering and Technology,2016.0,2016.0,243,10.1000/anon2387
male,Engineering and Technology,2016.0,2017.0,243,10.1000/anon1097
male,Engineering and Technology,2016.0,2018.0,243,10.1000/anon2156
male,Engineering and Technology,2016.0,2018.0,243,10.1000/anon1576
female,Medical and Health Sciences,2013.0,2013.0,244,10.1000/anon1295
male,Natural Sciences,2015.0,2015.0,244,10.1000/anon340
male,Natural Sciences,2015.0,2016.0,244,10.1000/anon214
male,Natural Sciences,2015.0,2017.0,244,10.1000/anon880
female,Medical and Health Sciences,2015.0,2015.0,245,10.1000/anon2190
female,Medical and Health Sciences,2015.0,2015.0,245,10.1000/anon2231
female,Medical and Health Sciences,2015.0,2015.0,245,10.1000/anon1010
male,Natural Sciences,2015.0,2015.0,245,10.1000/anon211
male,Natural Sciences,2015.0,2015.0,245,10.1000/anon141
male,Natural Sciences,2015.0,2015.0,245,10.1000/anon449
female,Medical and Health Sciences,2015.0,2016.0,245,10.1000/anon490
female,Medical and Health Sciences,2015.0,2016.0,245,10.1000/anon2517
female,Medical and Health Sciences,2015.0,2016.0,245,10.1000/anon695
male,Natural Sciences,2015.0,2016.0,245,10.1000/anon589
male,Natural Sciences,2015.0,2016.0,245,10.1000/anon674
male,Natural Sciences,2015.0,2016.0,245,10.1000/anon1125
female,Medical and Health Sciences,2015.0,2017.0,245,10.1000/anon2333
female,Medical and Health Sciences,2015.0,2017.0,245,10.1000/anon2113
female,Medical and Health Sciences,2015.0,2017.0,245,10.1000/anon2226
male,Natural Sciences,2015.0,2017.0,245,10.1000/anon634
male,Natural Sciences,2015.0,2017.0,245,10.1000/anon416
male,Natural Sciences,2015.0,2017.0,245,10.1000/anon830
male,Natural Sciences,2015.0,2017.0,245,10.1000/anon163
male,Natural Sciences,2015.0,2017.0,245,10.1000/anon643
male,Medical and Health Sciences,2012.0,2012.0,246,10.1000/anon879
male,Medical and Health Sciences,2012.0,2012.0,246,10.1000/anon325
male,Medical and Health Sciences,2012.0,2012.0,246,10.1000/anon114
male,Medical and Health Sciences,2012.0,2013.0,246,10.1000/anon758
male,Medical and Health Sciences,2012.0,2013.0,246,10.1000/anon487
male,Medical and Health Sciences,2012.0,2014.0,246,10.1000/anon221
male,Medical and Health Sciences,2012.0,2014.0,246,10.1000/anon23
female,Natural Sciences,2015.0,2015.0,246,10.1000/anon2662
female,Natural Sciences,2015.0,2015.0,246,10.1000/anon2316
female,Natural Sciences,2015.0,2016.0,246,10.1000/anon921
female,Natural Sciences,2015.0,2016.0,246,10.1000/anon1236
female,Natural Sciences,2015.0,2016.0,246,10.1000/anon447
female,Natural Sciences,2015.0,2015.0,247,10.1000/anon771
female,Natural Sciences,2016.0,2016.0,247,10.1000/anon2285
female,Natural Sciences,2016.0,2016.0,247,10.1000/anon2535
female,Natural Sciences,2016.0,2017.0,247,10.1000/anon2324
female,Natural Sciences,2016.0,2017.0,247,10.1000/anon354
female,Natural Sciences,2016.0,2017.0,247,10.1000/anon1393
female,Natural Sciences,2016.0,2018.0,247,10.1000/anon2200
female,Natural Sciences,2016.0,2018.0,247,10.1000/anon2738
female,Natural Sciences,2016.0,2018.0,247,10.1000/anon2701
female,Natural Sciences,2016.0,2018.0,247,10.1000/anon125
female,Natural Sciences,2016.0,2018.0,247,10.1000/anon1462
male,Social Sciences,2012.0,2012.0,248,10.1000/anon1189
male,Natural Sciences,2016.0,2016.0,248,10.1000/anon515
male,Natural Sciences,2016.0,2016.0,248,10.1000/anon319
male,Natural Sciences,2016.0,2016.0,248,10.1000/anon604
male,Natural Sciences,2016.0,2016.0,248,10.1000/anon293
male,Natural Sciences,2016.0,2016.0,248,10.1000/anon2480
male,Natural Sciences,2016.0,2016.0,248,10.1000/anon443
male,Natural Sciences,2016.0,2016.0,248,10.1000/anon800
male,Natural Sciences,2016.0,2016.0,248,10.1000/anon408
male,Natural Sciences,2016.0,2017.0,248,10.1000/anon159
male,Natural Sciences,2016.0,2017.0,248,10.1000/anon1078
male,Natural Sciences,2016.0,2017.0,248,10.1000/anon572
male,Natural Sciences,2016.0,2017.0,248,10.1000/anon1143
male,Natural Sciences,2016.0,2017.0,248,10.1000/anon483
male,Natural Sciences,2016.0,2017.0,248,10.1000/anon583
male,Natural Sciences,2016.0,2017.0,248,10.1000/anon53
male,Natural Sciences,2016.0,2017.0,248,10.1000/anon602
male,Natural Sciences,2016.0,2017.0,248,10.1000/anon1011
male,Natural Sciences,2016.0,2017.0,248,10.1000/anon467
male,Natural Sciences,2016.0,2017.0,248,10.1000/anon727
male,Natural Sciences,2016.0,2017.0,248,10.1000/anon738
male,Natural Sciences,2016.0,2017.0,248,10.1000/anon675
male,Natural Sciences,2016.0,2017.0,248,10.1000/anon198
male,Natural Sciences,2016.0,2017.0,248,10.1000/anon428
male,Natural Sciences,2016.0,2017.0,248,10.1000/anon664
male,Natural Sciences,2016.0,2017.0,248,10.1000/anon112
male,Natural Sciences,2016.0,2017.0,248,10.1000/anon986
male,Natural Sciences,2016.0,2017.0,248,10.1000/anon124
male,Natural Sciences,2016.0,2017.0,248,10.1000/anon570
male,Natural Sciences,2016.0,2017.0,248,10.1000/anon474
male,Natural Sciences,2016.0,2017.0,248,10.1000/anon1019
male,Natural Sciences,2016.0,2017.0,248,10.1000/anon29
male,Natural Sciences,2016.0,2017.0,248,10.1000/anon458
male,Natural Sciences,2016.0,2017.0,248,10.1000/anon414
male,Natural Sciences,2016.0,2017.0,248,10.1000/anon608
male,Natural Sciences,2016.0,2017.0,248,10.1000/anon1164
male,Natural Sciences,2016.0,2017.0,248,10.1000/anon833
male,Natural Sciences,2016.0,2017.0,248,10.1000/anon358
male,Natural Sciences,2016.0,2018.0,248,10.1000/anon1171
male,Natural Sciences,2016.0,2018.0,248,10.1000/anon1017
male,Natural Sciences,2016.0,2018.0,248,10.1000/anon50
male,Natural Sciences,2016.0,2018.0,248,10.1000/anon974
male,Natural Sciences,2016.0,2018.0,248,10.1000/anon802
male,Natural Sciences,2016.0,2018.0,248,10.1000/anon36
male,Natural Sciences,2016.0,2018.0,248,10.1000/anon677
male,Natural Sciences,2016.0,2018.0,248,10.1000/anon724
male,Natural Sciences,2016.0,2018.0,248,10.1000/anon911
male,Natural Sciences,2016.0,2018.0,248,10.1000/anon1007
male,Natural Sciences,2016.0,2018.0,248,10.1000/anon387
male,Natural Sciences,2016.0,2018.0,248,10.1000/anon246
male,Natural Sciences,2016.0,2018.0,248,10.1000/anon321
male,Natural Sciences,2013.0,2013.0,249,10.1000/anon1924
male,Medical and Health Sciences,2014.0,2014.0,249,10.1000/anon281
female,Natural Sciences,2014.0,2014.0,250,10.1000/anon725
male,Medical and Health Sciences,2016.0,2016.0,250,10.1000/anon1968
male,Natural Sciences,2014.0,2014.0,251,10.1000/anon591
male,Natural Sciences,2014.0,2015.0,251,10.1000/anon12
male,Engineering and Technology,2016.0,2016.0,251,10.1000/anon1859
male,Engineering and Technology,2016.0,2016.0,251,10.1000/anon78
male,Natural Sciences,2015.0,2015.0,252,10.1000/anon1805
male,Natural Sciences,2016.0,2016.0,252,10.1000/anon513
male,Natural Sciences,2016.0,2016.0,252,10.1000/anon1023
male,Natural Sciences,2016.0,2016.0,252,10.1000/anon565
male,Natural Sciences,2016.0,2016.0,252,10.1000/anon5
male,Natural Sciences,2016.0,2016.0,252,10.1000/anon505
male,Natural Sciences,2016.0,2016.0,252,10.1000/anon20
male,Natural Sciences,2016.0,2016.0,252,10.1000/anon1342
male,Natural Sciences,2016.0,2017.0,252,10.1000/anon1113
male,Natural Sciences,2016.0,2017.0,252,10.1000/anon1065
male,Natural Sciences,2016.0,2017.0,252,10.1000/anon356
male,Natural Sciences,2016.0,2017.0,252,10.1000/anon197
male,Natural Sciences,2016.0,2017.0,252,10.1000/anon353
male,Natural Sciences,2016.0,2017.0,252,10.1000/anon258
male,Natural Sciences,2016.0,2017.0,252,10.1000/anon792
male,Natural Sciences,2016.0,2017.0,252,10.1000/anon661
male,Natural Sciences,2016.0,2017.0,252,10.1000/anon774
male,Natural Sciences,2016.0,2017.0,252,10.1000/anon709
male,Natural Sciences,2016.0,2017.0,252,10.1000/anon34
male,Natural Sciences,2016.0,2018.0,252,10.1000/anon772
male,Natural Sciences,2016.0,2018.0,252,10.1000/anon750
male,Natural Sciences,2016.0,2018.0,252,10.1000/anon431
male,Medical and Health Sciences,2014.0,2014.0,253,10.1000/anon2044
male,Medical and Health Sciences,2014.0,2015.0,253,10.1000/anon1736
male,Engineering and Technology,2015.0,2015.0,253,10.1000/anon552
male,Engineering and Technology,2015.0,2016.0,253,10.1000/anon1056
male,Engineering and Technology,2015.0,2017.0,253,10.1000/anon592
male,Engineering and Technology,2015.0,2017.0,253,10.1000/anon385
male,Medical and Health Sciences,2012.0,2012.0,254,10.1000/anon103
female,Humanities,2015.0,2015.0,254,10.1000/anon821
male,Engineering and Technology,2014.0,2014.0,255,10.1000/anon2286
female,Natural Sciences,2016.0,2016.0,255,10.1000/anon350
male,Natural Sciences,2012.0,2012.0,256,10.1000/anon131
male,Medical and Health Sciences,2013.0,2013.0,256,10.1000/anon1286
male,Medical and Health Sciences,2013.0,2013.0,256,10.1000/anon2527
male,Medical and Health Sciences,2013.0,2013.0,256,10.1000/anon499
male,Medical and Health Sciences,2013.0,2014.0,256,10.1000/anon322
male,Medical and Health Sciences,2013.0,2014.0,256,10.1000/anon1840
male,Medical and Health Sciences,2013.0,2014.0,256,10.1000/anon1299
male,Medical and Health Sciences,2013.0,2014.0,256,10.1000/anon631
male,Medical and Health Sciences,2013.0,2014.0,256,10.1000/anon514
male,Medical and Health Sciences,2013.0,2015.0,256,10.1000/anon1344
male,Medical and Health Sciences,2013.0,2015.0,256,10.1000/anon2000
male,Medical and Health Sciences,2013.0,2015.0,256,10.1000/anon821
male,Medical and Health Sciences,2013.0,2015.0,256,10.1000/anon1977
male,Medical and Health Sciences,2013.0,2015.0,256,10.1000/anon1129
male,Medical and Health Sciences,2013.0,2015.0,256,10.1000/anon1874
male,Medical and Health Sciences,2013.0,2015.0,256,10.1000/anon2148
male,Medical and Health Sciences,2013.0,2015.0,256,10.1000/anon2497
male,Medical and Health Sciences,2013.0,2015.0,256,10.1000/anon1231
male,Medical and Health Sciences,2013.0,2015.0,256,10.1000/anon456
male,Natural Sciences,2012.0,2012.0,257,10.1000/anon1876
male,Medical and Health Sciences,2013.0,2013.0,257,10.1000/anon780
male,Medical and Health Sciences,2013.0,2015.0,257,10.1000/anon544
female,Medical and Health Sciences,2013.0,2013.0,258,10.1000/anon1565
female,Medical and Health Sciences,2013.0,2014.0,258,10.1000/anon443
female,Medical and Health Sciences,2013.0,2015.0,258,10.1000/anon1398
male,Natural Sciences,2016.0,2016.0,258,10.1000/anon370
male,Natural Sciences,2016.0,2017.0,258,10.1000/anon1014
male,Natural Sciences,2016.0,2018.0,258,10.1000/anon918
male,Natural Sciences,2016.0,2016.0,259,10.1000/anon1938
male,Natural Sciences,2016.0,2016.0,259,10.1000/anon620
male,Natural Sciences,2016.0,2016.0,259,10.1000/anon88
male,Natural Sciences,2016.0,2017.0,259,10.1000/anon1086
male,Natural Sciences,2016.0,2017.0,259,10.1000/anon102
male,Natural Sciences,2016.0,2018.0,259,10.1000/anon599
male,Natural Sciences,2016.0,2018.0,259,10.1000/anon956
female,Natural Sciences,2014.0,2014.0,260,10.1000/anon187
male,Engineering and Technology,2016.0,2016.0,260,10.1000/anon913
male,Natural Sciences,2012.0,2012.0,261,10.1000/anon829
male,Natural Sciences,2012.0,2012.0,261,10.1000/anon1667
male,Natural Sciences,2012.0,2013.0,261,10.1000/anon48
male,Natural Sciences,2012.0,2014.0,261,10.1000/anon1397
female,Medical and Health Sciences,2015.0,2015.0,261,10.1000/anon355
female,Medical and Health Sciences,2015.0,2017.0,261,10.1000/anon866
female,Natural Sciences,2014.0,2014.0,262,10.1000/anon1917
male,Medical and Health Sciences,2014.0,2014.0,262,10.1000/anon530
male,Medical and Health Sciences,2014.0,2014.0,262,10.1000/anon1447
male,Medical and Health Sciences,2014.0,2014.0,262,10.1000/anon1183
male,Medical and Health Sciences,2014.0,2014.0,262,10.1000/anon516
male,Medical and Health Sciences,2014.0,2015.0,262,10.1000/anon1133
male,Medical and Health Sciences,2014.0,2015.0,262,10.1000/anon55
male,Medical and Health Sciences,2014.0,2015.0,262,10.1000/anon859
male,Medical and Health Sciences,2013.0,2013.0,263,10.1000/anon952
male,Medical and Health Sciences,2013.0,2013.0,263,10.1000/anon929
male,Engineering and Technology,2014.0,2014.0,263,10.1000/anon1668
male,Medical and Health Sciences,2012.0,2012.0,264,10.1000/anon1433
female,Medical and Health Sciences,2015.0,2015.0,264,10.1000/anon812
male,Agricultural Sciences,2012.0,2012.0,265,10.1000/anon897
male,Agricultural Sciences,2012.0,2013.0,265,10.1000/anon229
male,Natural Sciences,2014.0,2014.0,265,10.1000/anon332
male,Natural Sciences,2014.0,2015.0,265,10.1000/anon1527
female,Natural Sciences,2014.0,2014.0,266,10.1000/anon1071
male,Medical and Health Sciences,2015.0,2015.0,266,10.1000/anon784
male,Medical and Health Sciences,2015.0,2016.0,266,10.1000/anon1038
male,Medical and Health Sciences,2015.0,2016.0,266,10.1000/anon1657
male,Medical and Health Sciences,2015.0,2017.0,266,10.1000/anon2694
male,Natural Sciences,2014.0,2014.0,267,10.1000/anon1381
male,Natural Sciences,2014.0,2014.0,267,10.1000/anon2216
male,Social Sciences,2014.0,2014.0,267,10.1000/anon205
male,Social Sciences,2014.0,2016.0,267,10.1000/anon1047
male,Social Sciences,2014.0,2016.0,267,10.1000/anon909
female,Medical and Health Sciences,2013.0,2013.0,268,10.1000/anon775
female,Medical and Health Sciences,2013.0,2014.0,268,10.1000/anon2694
female,Medical and Health Sciences,2013.0,2014.0,268,10.1000/anon921
female,Medical and Health Sciences,2013.0,2015.0,268,10.1000/anon169
female,Medical and Health Sciences,2016.0,2016.0,268,10.1000/anon1480
female,Medical and Health Sciences,2016.0,2016.0,268,10.1000/anon1800
female,Medical and Health Sciences,2012.0,2012.0,269,10.1000/anon1234
female,Natural Sciences,2012.0,2012.0,269,10.1000/anon40
female,Medical and Health Sciences,2012.0,2014.0,269,10.1000/anon71
male,Medical and Health Sciences,2015.0,2015.0,270,10.1000/anon320
male,No_discipline_assigned,2016.0,2016.0,270,10.1000/anon2604
male,No_discipline_assigned,2016.0,2016.0,270,10.1000/anon670
male,No_discipline_assigned,2016.0,2016.0,270,10.1000/anon320
male,No_discipline_assigned,2016.0,2018.0,270,10.1000/anon846
male,Natural Sciences,2013.0,2013.0,271,10.1000/anon1941
male,Natural Sciences,2013.0,2014.0,271,10.1000/anon710
male,Natural Sciences,2013.0,2015.0,271,10.1000/anon2656
male,Natural Sciences,2016.0,2016.0,271,10.1000/anon1022
male,Natural Sciences,2016.0,2017.0,271,10.1000/anon503
male,Natural Sciences,2016.0,2017.0,271,10.1000/anon1060
male,Natural Sciences,2016.0,2018.0,271,10.1000/anon465
male,Natural Sciences,2016.0,2018.0,271,10.1000/anon781
male,Natural Sciences,2016.0,2018.0,271,10.1000/anon1112
male,Natural Sciences,2016.0,2018.0,271,10.1000/anon52
male,Natural Sciences,2012.0,2012.0,272,10.1000/anon96
male,Natural Sciences,2012.0,2013.0,272,10.1000/anon151
female,Engineering and Technology,2016.0,2016.0,272,10.1000/anon2352
female,Engineering and Technology,2016.0,2017.0,272,10.1000/anon207
female,Engineering and Technology,2016.0,2017.0,272,10.1000/anon1810
female,Engineering and Technology,2016.0,2017.0,272,10.1000/anon1802
female,Engineering and Technology,2016.0,2017.0,272,10.1000/anon1865
female,Engineering and Technology,2016.0,2017.0,272,10.1000/anon2079
female,Engineering and Technology,2016.0,2018.0,272,10.1000/anon2054
female,Engineering and Technology,2016.0,2018.0,272,10.1000/anon1936
female,Engineering and Technology,2016.0,2018.0,272,10.1000/anon10
female,Engineering and Technology,2016.0,2018.0,272,10.1000/anon2384
female,Engineering and Technology,2016.0,2018.0,272,10.1000/anon1165
female,Engineering and Technology,2016.0,2018.0,272,10.1000/anon1043
female,Engineering and Technology,2016.0,2018.0,272,10.1000/anon669
male,Natural Sciences,2013.0,2013.0,273,10.1000/anon2708
male,Natural Sciences,2013.0,2014.0,273,10.1000/anon2234
female,Natural Sciences,2016.0,2016.0,273,10.1000/anon862
female,Medical and Health Sciences,2013.0,2013.0,274,10.1000/anon172
female,Medical and Health Sciences,2013.0,2014.0,274,10.1000/anon927
female,Medical and Health Sciences,2013.0,2015.0,274,10.1000/anon1029
female,Medical and Health Sciences,2013.0,2015.0,274,10.1000/anon3005
female,Medical and Health Sciences,2013.0,2015.0,274,10.1000/anon181
female,Medical and Health Sciences,2013.0,2015.0,274,10.1000/anon68
male,Natural Sciences,2016.0,2016.0,274,10.1000/anon1468
male,Natural Sciences,2016.0,2016.0,274,10.1000/anon1081
male,Natural Sciences,2016.0,2017.0,274,10.1000/anon170
male,Natural Sciences,2016.0,2018.0,274,10.1000/anon1463
male,Natural Sciences,2012.0,2012.0,275,10.1000/anon327
male,Natural Sciences,2015.0,2015.0,275,10.1000/anon415
male,Natural Sciences,2015.0,2016.0,275,10.1000/anon1472
male,Natural Sciences,2015.0,2017.0,275,10.1000/anon631
female,Natural Sciences,2013.0,2013.0,276,10.1000/anon148
female,Natural Sciences,2015.0,2015.0,276,10.1000/anon1420
female,Natural Sciences,2013.0,2015.0,276,10.1000/anon673
female,Natural Sciences,2015.0,2016.0,276,10.1000/anon678
female,Natural Sciences,2015.0,2016.0,276,10.1000/anon1
female,Natural Sciences,2015.0,2017.0,276,10.1000/anon1067
female,Natural Sciences,2015.0,2017.0,276,10.1000/anon60
male,Natural Sciences,2012.0,2012.0,277,10.1000/anon64
male,Natural Sciences,2012.0,2013.0,277,10.1000/anon545
female,Social Sciences,2016.0,2016.0,277,10.1000/anon2687
female,Social Sciences,2016.0,2016.0,277,10.1000/anon289
female,Social Sciences,2016.0,2017.0,277,10.1000/anon631
female,Humanities,2012.0,2012.0,278,10.1000/anon920
female,Natural Sciences,2014.0,2014.0,278,10.1000/anon886
female,Medical and Health Sciences,2013.0,2013.0,279,10.1000/anon799
female,Medical and Health Sciences,2013.0,2015.0,279,10.1000/anon369
female,Medical and Health Sciences,2013.0,2015.0,279,10.1000/anon342
female,Medical and Health Sciences,2016.0,2016.0,279,10.1000/anon1215
male,Natural Sciences,2012.0,2012.0,280,10.1000/anon1069
male,Natural Sciences,2012.0,2012.0,280,10.1000/anon529
male,Natural Sciences,2012.0,2012.0,280,10.1000/anon520
male,Natural Sciences,2012.0,2012.0,280,10.1000/anon922
male,Natural Sciences,2012.0,2013.0,280,10.1000/anon1016
male,Natural Sciences,2012.0,2013.0,280,10.1000/anon926
female,Engineering and Technology,2015.0,2015.0,280,10.1000/anon228
female,Engineering and Technology,2015.0,2017.0,280,10.1000/anon2615
female,Medical and Health Sciences,2014.0,2014.0,281,10.1000/anon1691
male,Natural Sciences,2016.0,2016.0,281,10.1000/anon450
male,Natural Sciences,2016.0,2018.0,281,10.1000/anon953
male,Natural Sciences,2015.0,2015.0,282,10.1000/anon2030
male,Natural Sciences,2015.0,2016.0,282,10.1000/anon135
male,Medical and Health Sciences,2016.0,2016.0,282,10.1000/anon923
male,Medical and Health Sciences,2016.0,2016.0,282,10.1000/anon990
male,Medical and Health Sciences,2016.0,2016.0,282,10.1000/anon376
male,Medical and Health Sciences,2016.0,2017.0,282,10.1000/anon1088
male,Medical and Health Sciences,2016.0,2017.0,282,10.1000/anon638
male,Medical and Health Sciences,2016.0,2017.0,282,10.1000/anon899
male,Medical and Health Sciences,2016.0,2017.0,282,10.1000/anon61
male,Medical and Health Sciences,2016.0,2018.0,282,10.1000/anon217
male,Medical and Health Sciences,2016.0,2018.0,282,10.1000/anon166
male,Medical and Health Sciences,2016.0,2018.0,282,10.1000/anon1037
female,Medical and Health Sciences,2014.0,2014.0,283,10.1000/anon2132
male,Natural Sciences,2015.0,2015.0,283,10.1000/anon1178
male,Natural Sciences,2015.0,2016.0,283,10.1000/anon400
male,Natural Sciences,2015.0,2016.0,283,10.1000/anon212
male,Natural Sciences,2012.0,2012.0,284,10.1000/anon558
male,Natural Sciences,2012.0,2012.0,284,10.1000/anon1211
male,Natural Sciences,2012.0,2012.0,284,10.1000/anon631
male,Natural Sciences,2012.0,2013.0,284,10.1000/anon2197
male,Natural Sciences,2012.0,2013.0,284,10.1000/anon631
male,Natural Sciences,2012.0,2013.0,284,10.1000/anon752
male,Natural Sciences,2012.0,2013.0,284,10.1000/anon2429
male,Natural Sciences,2012.0,2014.0,284,10.1000/anon1225
male,Natural Sciences,2012.0,2014.0,284,10.1000/anon116
male,Natural Sciences,2012.0,2014.0,284,10.1000/anon527
male,Natural Sciences,2012.0,2014.0,284,10.1000/anon1568
male,Natural Sciences,2012.0,2014.0,284,10.1000/anon1726
male,Medical and Health Sciences,2014.0,2014.0,284,10.1000/anon1118
male,Medical and Health Sciences,2014.0,2015.0,284,10.1000/anon1005
male,Medical and Health Sciences,2014.0,2016.0,284,10.1000/anon257
female,Natural Sciences,2012.0,2012.0,285,10.1000/anon2589
female,Natural Sciences,2012.0,2014.0,285,10.1000/anon2765
female,Natural Sciences,2012.0,2014.0,285,10.1000/anon785
male,Medical and Health Sciences,2014.0,2014.0,285,10.1000/anon610
male,Medical and Health Sciences,2014.0,2015.0,285,10.1000/anon770
female,Medical and Health Sciences,2014.0,2014.0,286,10.1000/anon299
male,Natural Sciences,2015.0,2015.0,286,10.1000/anon740
male,Natural Sciences,2015.0,2015.0,286,10.1000/anon613
male,Natural Sciences,2015.0,2015.0,286,10.1000/anon1541
female,Medical and Health Sciences,2014.0,2015.0,286,10.1000/anon302
male,Natural Sciences,2015.0,2016.0,286,10.1000/anon426
male,Natural Sciences,2015.0,2016.0,286,10.1000/anon2672
female,Medical and Health Sciences,2014.0,2016.0,286,10.1000/anon787
female,Medical and Health Sciences,2014.0,2016.0,286,10.1000/anon403
female,Medical and Health Sciences,2014.0,2016.0,286,10.1000/anon837
female,Medical and Health Sciences,2014.0,2016.0,286,10.1000/anon2520
female,Medical and Health Sciences,2015.0,2015.0,287,10.1000/anon1967
male,Medical and Health Sciences,2016.0,2016.0,287,10.1000/anon1089
male,Medical and Health Sciences,2016.0,2016.0,287,10.1000/anon734
male,Medical and Health Sciences,2015.0,2015.0,288,10.1000/anon1171
male,Natural Sciences,2015.0,2015.0,288,10.1000/anon841
male,Natural Sciences,2012.0,2012.0,289,10.1000/anon216
male,Natural Sciences,2014.0,2014.0,289,10.1000/anon2524
male,Natural Sciences,2014.0,2014.0,289,10.1000/anon1926
male,Medical and Health Sciences,2012.0,2012.0,290,10.1000/anon1116
male,Natural Sciences,2013.0,2013.0,290,10.1000/anon68
male,Natural Sciences,2015.0,2015.0,291,10.1000/anon620
male,Natural Sciences,2015.0,2015.0,291,10.1000/anon87
male,Natural Sciences,2015.0,2016.0,291,10.1000/anon1771
male,Natural Sciences,2016.0,2016.0,291,10.1000/anon741
male,Natural Sciences,2015.0,2017.0,291,10.1000/anon2653
male,Natural Sciences,2015.0,2017.0,291,10.1000/anon2466
male,Natural Sciences,2015.0,2017.0,291,10.1000/anon414
male,Natural Sciences,2016.0,2017.0,291,10.1000/anon896
male,Natural Sciences,2016.0,2017.0,291,10.1000/anon1098
male,Natural Sciences,2016.0,2017.0,291,10.1000/anon783
male,Natural Sciences,2016.0,2017.0,291,10.1000/anon264
male,Natural Sciences,2016.0,2018.0,291,10.1000/anon1048
female,Natural Sciences,2012.0,2012.0,292,10.1000/anon1216
male,Natural Sciences,2012.0,2012.0,292,10.1000/anon495
female,Natural Sciences,2013.0,2013.0,293,10.1000/anon1801
female,Natural Sciences,2013.0,2015.0,293,10.1000/anon1524
female,Natural Sciences,2013.0,2015.0,293,10.1000/anon831
female,Natural Sciences,2016.0,2016.0,293,10.1000/anon697
female,Natural Sciences,2016.0,2018.0,293,10.1000/anon645
female,Natural Sciences,2016.0,2018.0,293,10.1000/anon857
female,Natural Sciences,2016.0,2018.0,293,10.1000/anon873
female,Natural Sciences,2016.0,2018.0,293,10.1000/anon206
female,Natural Sciences,2014.0,2014.0,294,10.1000/anon996
female,Natural Sciences,2016.0,2016.0,294,10.1000/anon1466
female,Natural Sciences,2016.0,2016.0,294,10.1000/anon2756
female,Natural Sciences,2016.0,2016.0,294,10.1000/anon2040
female,Natural Sciences,2016.0,2016.0,294,10.1000/anon2223
female,Natural Sciences,2016.0,2016.0,294,10.1000/anon1226
female,Natural Sciences,2016.0,2016.0,294,10.1000/anon23
female,Natural Sciences,2016.0,2016.0,294,10.1000/anon1257
female,Natural Sciences,2016.0,2017.0,294,10.1000/anon2424
female,Natural Sciences,2016.0,2018.0,294,10.1000/anon1272
female,Natural Sciences,2016.0,2018.0,294,10.1000/anon2339
female,Natural Sciences,2016.0,2018.0,294,10.1000/anon1768
male,Natural Sciences,2013.0,2013.0,295,10.1000/anon2700
male,Natural Sciences,2016.0,2016.0,295,10.1000/anon818
female,Natural Sciences,2013.0,2013.0,296,10.1000/anon808
female,Natural Sciences,2013.0,2014.0,296,10.1000/anon805
male,Social Sciences,2015.0,2015.0,296,10.1000/anon1328
male,Social Sciences,2015.0,2015.0,296,10.1000/anon2078
female,Natural Sciences,2013.0,2015.0,296,10.1000/anon858
female,Natural Sciences,2013.0,2015.0,296,10.1000/anon633
female,Natural Sciences,2013.0,2015.0,296,10.1000/anon256
female,Natural Sciences,2013.0,2015.0,296,10.1000/anon183
male,Natural Sciences,2012.0,2012.0,297,10.1000/anon1534
male,Natural Sciences,2012.0,2013.0,297,10.1000/anon1214
male,Natural Sciences,2012.0,2014.0,297,10.1000/anon1305
female,Medical and Health Sciences,2014.0,2014.0,297,10.1000/anon865
male,Medical and Health Sciences,2014.0,2014.0,298,10.1000/anon2474
male,Medical and Health Sciences,2014.0,2015.0,298,10.1000/anon2345
male,Medical and Health Sciences,2014.0,2015.0,298,10.1000/anon1492
male,Medical and Health Sciences,2014.0,2016.0,298,10.1000/anon205
male,Medical and Health Sciences,2016.0,2016.0,298,10.1000/anon798
male,Medical and Health Sciences,2016.0,2016.0,298,10.1000/anon1174
male,Medical and Health Sciences,2016.0,2017.0,298,10.1000/anon405
male,Medical and Health Sciences,2016.0,2018.0,298,10.1000/anon1127
female,Natural Sciences,2012.0,2012.0,299,10.1000/anon553
female,Medical and Health Sciences,2013.0,2013.0,299,10.1000/anon1989
female,Medical and Health Sciences,2013.0,2013.0,300,10.1000/anon2299
male,Medical and Health Sciences,2013.0,2013.0,300,10.1000/anon1085
female,Medical and Health Sciences,2013.0,2014.0,300,10.1000/anon1689
female,Medical and Health Sciences,2013.0,2014.0,300,10.1000/anon1031
female,Medical and Health Sciences,2013.0,2014.0,300,10.1000/anon892
female,Medical and Health Sciences,2013.0,2014.0,300,10.1000/anon283
female,Medical and Health Sciences,2013.0,2014.0,300,10.1000/anon2338
female,Medical and Health Sciences,2013.0,2014.0,300,10.1000/anon257
female,Medical and Health Sciences,2013.0,2014.0,300,10.1000/anon822
female,Medical and Health Sciences,2013.0,2014.0,300,10.1000/anon145
female,Medical and Health Sciences,2013.0,2014.0,300,10.1000/anon1817
female,Medical and Health Sciences,2013.0,2015.0,300,10.1000/anon1172
female,Medical and Health Sciences,2013.0,2015.0,300,10.1000/anon860
female,Medical and Health Sciences,2013.0,2015.0,300,10.1000/anon253
male,Medical and Health Sciences,2013.0,2015.0,300,10.1000/anon71
male,Medical and Health Sciences,2013.0,2015.0,300,10.1000/anon379
male,Medical and Health Sciences,2013.0,2013.0,301,10.1000/anon2088
female,Natural Sciences,2015.0,2015.0,302,10.1000/anon1734
female,Natural Sciences,2015.0,2016.0,302,10.1000/anon1113
female,Natural Sciences,2015.0,2016.0,302,10.1000/anon1589
female,Natural Sciences,2015.0,2016.0,302,10.1000/anon1545
female,Natural Sciences,2015.0,2016.0,302,10.1000/anon1655
male,Medical and Health Sciences,2014.0,2014.0,303,10.1000/anon873
male,Medical and Health Sciences,2014.0,2015.0,303,10.1000/anon922
male,Medical and Health Sciences,2014.0,2015.0,303,10.1000/anon720
male,Medical and Health Sciences,2014.0,2016.0,303,10.1000/anon2144
male,Medical and Health Sciences,2014.0,2016.0,303,10.1000/anon1767
male,Natural Sciences,2016.0,2016.0,304,10.1000/anon1154
female,Natural Sciences,2012.0,2012.0,305,10.1000/anon2494
male,Medical and Health Sciences,2016.0,2016.0,306,10.1000/anon245
male,Medical and Health Sciences,2016.0,2017.0,306,10.1000/anon1928
male,Natural Sciences,2014.0,2014.0,307,10.1000/anon1546
male,Natural Sciences,2014.0,2015.0,307,10.1000/anon404
male,Natural Sciences,2014.0,2015.0,307,10.1000/anon1015
male,Natural Sciences,2014.0,2016.0,307,10.1000/anon21
female,Medical and Health Sciences,2012.0,2012.0,308,10.1000/anon1649
male,Engineering and Technology,2013.0,2013.0,309,10.1000/anon1130
male,Engineering and Technology,2013.0,2013.0,309,10.1000/anon880
male,Engineering and Technology,2013.0,2014.0,309,10.1000/anon812
male,Engineering and Technology,2013.0,2015.0,309,10.1000/anon2717
male,Engineering and Technology,2013.0,2015.0,309,10.1000/anon1794
male,Engineering and Technology,2013.0,2015.0,309,10.1000/anon1436
male,Engineering and Technology,2013.0,2015.0,309,10.1000/anon2638
female,Medical and Health Sciences,2015.0,2015.0,310,10.1000/anon511
female,Medical and Health Sciences,2015.0,2016.0,310,10.1000/anon733
female,Medical and Health Sciences,2015.0,2016.0,310,10.1000/anon1602
female,Natural Sciences,2012.0,2012.0,311,10.1000/anon224
male,Natural Sciences,2013.0,2013.0,312,10.1000/anon1962
male,Natural Sciences,2013.0,2013.0,312,10.1000/anon631
male,Natural Sciences,2013.0,2015.0,312,10.1000/anon1588
male,Medical and Health Sciences,2015.0,2015.0,313,10.1000/anon2595
male,Medical and Health Sciences,2015.0,2017.0,313,10.1000/anon352
male,Medical and Health Sciences,2015.0,2017.0,313,10.1000/anon1417
male,Medical and Health Sciences,2015.0,2017.0,313,10.1000/anon914
female,Medical and Health Sciences,2014.0,2014.0,314,10.1000/anon641
female,Medical and Health Sciences,2014.0,2015.0,314,10.1000/anon816
female,Medical and Health Sciences,2014.0,2016.0,314,10.1000/anon1560
female,Medical and Health Sciences,2014.0,2016.0,314,10.1000/anon1645
male,Natural Sciences,2013.0,2013.0,315,10.1000/anon2336
male,Natural Sciences,2013.0,2013.0,315,10.1000/anon1845
female,Medical and Health Sciences,2016.0,2016.0,316,10.1000/anon2485
male,Natural Sciences,2013.0,2013.0,317,10.1000/anon1095
male,Natural Sciences,2013.0,2013.0,317,10.1000/anon339
male,Natural Sciences,2013.0,2015.0,317,10.1000/anon49
female,Natural Sciences,2013.0,2013.0,318,10.1000/anon537
female,Natural Sciences,2013.0,2013.0,318,10.1000/anon948
female,Natural Sciences,2013.0,2013.0,318,10.1000/anon1223
female,Natural Sciences,2013.0,2014.0,318,10.1000/anon2678
female,Natural Sciences,2013.0,2014.0,318,10.1000/anon2704
female,Natural Sciences,2013.0,2014.0,318,10.1000/anon2281
male,Medical and Health Sciences,2014.0,2014.0,319,10.1000/anon236
male,Medical and Health Sciences,2014.0,2014.0,319,10.1000/anon535
male,Natural Sciences,2014.0,2014.0,320,10.1000/anon1913
female,Medical and Health Sciences,2014.0,2014.0,321,10.1000/anon947
female,Medical and Health Sciences,2014.0,2014.0,321,10.1000/anon1233
male,Engineering and Technology,2014.0,2014.0,322,10.1000/anon88
male,Engineering and Technology,2014.0,2015.0,322,10.1000/anon1738
female,Social Sciences,2016.0,2016.0,323,10.1000/anon1411
female,Social Sciences,2016.0,2016.0,323,10.1000/anon1676
female,Social Sciences,2016.0,2018.0,323,10.1000/anon2475
female,Medical and Health Sciences,2016.0,2016.0,324,10.1000/anon1137
male,Medical and Health Sciences,2016.0,2016.0,325,10.1000/anon1557
male,Medical and Health Sciences,2016.0,2016.0,325,10.1000/anon589
male,Medical and Health Sciences,2016.0,2017.0,325,10.1000/anon1289
male,Medical and Health Sciences,2016.0,2017.0,325,10.1000/anon267
male,Medical and Health Sciences,2016.0,2018.0,325,10.1000/anon2516
female,Agricultural Sciences,2012.0,2012.0,326,10.1000/anon672
female,Medical and Health Sciences,2013.0,2013.0,327,10.1000/anon591
female,Medical and Health Sciences,2013.0,2014.0,327,10.1000/anon653
female,Medical and Health Sciences,2013.0,2014.0,327,10.1000/anon1350
male,Natural Sciences,2016.0,2016.0,328,10.1000/anon979
male,Natural Sciences,2016.0,2016.0,328,10.1000/anon121
male,Natural Sciences,2016.0,2016.0,328,10.1000/anon1099
male,Natural Sciences,2016.0,2017.0,328,10.1000/anon279
male,Natural Sciences,2016.0,2018.0,328,10.1000/anon1542
female,Social Sciences,2012.0,2012.0,329,10.1000/anon805
male,Natural Sciences,2012.0,2012.0,330,10.1000/anon2253
male,Natural Sciences,2012.0,2012.0,330,10.1000/anon2421
male,Natural Sciences,2012.0,2013.0,330,10.1000/anon2544
female,Natural Sciences,2012.0,2012.0,331,10.1000/anon1414
female,Engineering and Technology,2012.0,2012.0,332,10.1000/anon1349
male,Medical and Health Sciences,2015.0,2015.0,333,10.1000/anon1798
male,Natural Sciences,2012.0,2012.0,334,10.1000/anon1633
male,Natural Sciences,2012.0,2012.0,334,10.1000/anon2050
male,Natural Sciences,2012.0,2013.0,334,10.1000/anon1166
male,Natural Sciences,2012.0,2013.0,334,10.1000/anon2626
male,Natural Sciences,2012.0,2014.0,334,10.1000/anon284
female,Natural Sciences,2015.0,2015.0,335,10.1000/anon1503
male,Social Sciences,2013.0,2013.0,336,10.1000/anon1569
male,Social Sciences,2013.0,2013.0,336,10.1000/anon1795
male,Natural Sciences,2015.0,2015.0,337,10.1000/anon609
male,Medical and Health Sciences,2016.0,2016.0,338,10.1000/anon402
male,Medical and Health Sciences,2016.0,2017.0,338,10.1000/anon1713
male,Medical and Health Sciences,2016.0,2018.0,338,10.1000/anon727
male,Natural Sciences,2015.0,2015.0,339,10.1000/anon1777
male,Medical and Health Sciences,2013.0,2013.0,340,10.1000/anon795
female,Medical and Health Sciences,2016.0,2016.0,341,10.1000/anon942
female,Medical and Health Sciences,2016.0,2018.0,341,10.1000/anon2085
male,Natural Sciences,2015.0,2015.0,342,10.1000/anon256
male,Medical and Health Sciences,2014.0,2014.0,343,10.1000/anon1366
female,Social Sciences,2013.0,2013.0,344,10.1000/anon759
female,Social Sciences,2013.0,2015.0,344,10.1000/anon172
female,Natural Sciences,2015.0,2015.0,345,10.1000/anon1270
female,Medical and Health Sciences,2015.0,2015.0,346,10.1000/anon1732
female,Medical and Health Sciences,2015.0,2016.0,346,10.1000/anon1006
male,Natural Sciences,2015.0,2015.0,347,10.1000/anon437
male,Natural Sciences,2015.0,2017.0,347,10.1000/anon808
male,Natural Sciences,2015.0,2017.0,347,10.1000/anon2258
female,Medical and Health Sciences,2015.0,2015.0,348,10.1000/anon216
female,Medical and Health Sciences,2015.0,2015.0,348,10.1000/anon2195
female,Medical and Health Sciences,2015.0,2015.0,348,10.1000/anon2640
male,Medical and Health Sciences,2012.0,2012.0,349,10.1000/anon223
male,Medical and Health Sciences,2012.0,2012.0,350,10.1000/anon801
male,Medical and Health Sciences,2012.0,2012.0,350,10.1000/anon1751
female,Natural Sciences,2013.0,2013.0,351,10.1000/anon559
female,Medical and Health Sciences,2014.0,2014.0,352,10.1000/anon770
female,Medical and Health Sciences,2014.0,2016.0,352,10.1000/anon1346
female,Medical and Health Sciences,2014.0,2016.0,352,10.1000/anon2655
female,Natural Sciences,2013.0,2013.0,353,10.1000/anon1637
female,Natural Sciences,2016.0,2016.0,354,10.1000/anon1758
female,Natural Sciences,2016.0,2017.0,354,10.1000/anon307
male,Natural Sciences,2013.0,2013.0,355,10.1000/anon940
male,Engineering and Technology,2012.0,2012.0,356,10.1000/anon788
male,Engineering and Technology,2012.0,2012.0,356,10.1000/anon631
male,Engineering and Technology,2012.0,2013.0,356,10.1000/anon628
male,Engineering and Technology,2012.0,2013.0,356,10.1000/anon460
male,Medical and Health Sciences,2014.0,2014.0,357,10.1000/anon2685
female,Medical and Health Sciences,2012.0,2012.0,358,10.1000/anon2651
female,Medical and Health Sciences,2012.0,2012.0,358,10.1000/anon1518
female,Natural Sciences,2015.0,2015.0,359,10.1000/anon736
male,Natural Sciences,2013.0,2013.0,360,10.1000/anon1058
male,Natural Sciences,2013.0,2013.0,360,10.1000/anon631
male,Medical and Health Sciences,2014.0,2014.0,361,10.1000/anon369
male,Natural Sciences,2015.0,2015.0,362,10.1000/anon1879
male,Natural Sciences,2015.0,2017.0,362,10.1000/anon1153
male,Natural Sciences,2012.0,2012.0,363,10.1000/anon2067
male,Natural Sciences,2012.0,2012.0,363,10.1000/anon470
male,Natural Sciences,2012.0,2014.0,363,10.1000/anon1336
male,Natural Sciences,2013.0,2013.0,364,10.1000/anon1280
male,Medical and Health Sciences,2015.0,2015.0,365,10.1000/anon617
male,Medical and Health Sciences,2015.0,2017.0,365,10.1000/anon631
male,Medical and Health Sciences,2013.0,2013.0,366,10.1000/anon2744
male,Engineering and Technology,2014.0,2014.0,367,10.1000/anon540
male,Engineering and Technology,2014.0,2014.0,367,10.1000/anon1998
male,Engineering and Technology,2014.0,2016.0,367,10.1000/anon33
male,Natural Sciences,2014.0,2014.0,368,10.1000/anon1899
male,Natural Sciences,2014.0,2014.0,368,10.1000/anon2665
male,Natural Sciences,2014.0,2014.0,368,10.1000/anon2403
male,Natural Sciences,2014.0,2014.0,368,10.1000/anon515
male,Natural Sciences,2014.0,2015.0,368,10.1000/anon2268
male,Natural Sciences,2014.0,2016.0,368,10.1000/anon2165
male,Natural Sciences,2014.0,2016.0,368,10.1000/anon2691
male,Medical and Health Sciences,2015.0,2015.0,369,10.1000/anon2663
male,Medical and Health Sciences,2015.0,2016.0,369,10.1000/anon1030
male,Medical and Health Sciences,2015.0,2017.0,369,10.1000/anon265
female,No_discipline_assigned,2012.0,2012.0,370,10.1000/anon2181
male,Natural Sciences,2014.0,2014.0,371,10.1000/anon2479
male,Natural Sciences,2014.0,2015.0,371,10.1000/anon793
male,Natural Sciences,2014.0,2015.0,371,10.1000/anon1632
male,Natural Sciences,2014.0,2016.0,371,10.1000/anon552
male,Natural Sciences,2014.0,2016.0,371,10.1000/anon1263
male,Natural Sciences,2014.0,2016.0,371,10.1000/anon1294
male,Natural Sciences,2014.0,2016.0,371,10.1000/anon2396
male,Natural Sciences,2014.0,2016.0,371,10.1000/anon1281
male,Natural Sciences,2014.0,2016.0,371,10.1000/anon2451
male,Natural Sciences,2014.0,2016.0,371,10.1000/anon2251
male,Natural Sciences,2014.0,2016.0,371,10.1000/anon1595
male,Natural Sciences,2014.0,2016.0,371,10.1000/anon2141
male,Natural Sciences,2014.0,2016.0,371,10.1000/anon348
female,Natural Sciences,2013.0,2013.0,372,10.1000/anon338
male,Engineering and Technology,2016.0,2016.0,373,10.1000/anon2057
male,Engineering and Technology,2016.0,2017.0,373,10.1000/anon1868
male,Natural Sciences,2012.0,2012.0,374,10.1000/anon2652
female,Natural Sciences,2012.0,2012.0,375,10.1000/anon2456
male,Medical and Health Sciences,2014.0,2014.0,376,10.1000/anon2283
male,Natural Sciences,2012.0,2012.0,377,10.1000/anon1763
female,Medical and Health Sciences,2014.0,2014.0,378,10.1000/anon926
female,Medical and Health Sciences,2014.0,2014.0,378,10.1000/anon1793
female,Medical and Health Sciences,2014.0,2014.0,378,10.1000/anon631
male,Medical and Health Sciences,2013.0,2013.0,379,10.1000/anon355
male,Medical and Health Sciences,2013.0,2014.0,379,10.1000/anon76
male,Medical and Health Sciences,2013.0,2014.0,379,10.1000/anon1897
male,Medical and Health Sciences,2013.0,2015.0,379,10.1000/anon2173
male,Medical and Health Sciences,2015.0,2015.0,380,10.1000/anon581
male,Humanities,2015.0,2015.0,381,10.1000/anon894
male,Humanities,2015.0,2017.0,381,10.1000/anon1389
male,Humanities,2015.0,2017.0,381,10.1000/anon1952
female,Medical and Health Sciences,2016.0,2016.0,382,10.1000/anon2066
female,Medical and Health Sciences,2016.0,2017.0,382,10.1000/anon963
female,Medical and Health Sciences,2016.0,2017.0,382,10.1000/anon1339
male,Natural Sciences,2015.0,2015.0,383,10.1000/anon2783
male,Natural Sciences,2015.0,2016.0,383,10.1000/anon1133
male,Natural Sciences,2013.0,2013.0,384,10.1000/anon2645
male,Natural Sciences,2013.0,2014.0,384,10.1000/anon1979
male,Natural Sciences,2012.0,2012.0,385,10.1000/anon1579
female,Medical and Health Sciences,2014.0,2014.0,386,10.1000/anon1997
female,Medical and Health Sciences,2014.0,2015.0,386,10.1000/anon728
female,Medical and Health Sciences,2014.0,2015.0,386,10.1000/anon867
female,Medical and Health Sciences,2014.0,2015.0,386,10.1000/anon1618
female,Medical and Health Sciences,2014.0,2015.0,386,10.1000/anon1088
female,Medical and Health Sciences,2014.0,2016.0,386,10.1000/anon747
female,Medical and Health Sciences,2014.0,2016.0,386,10.1000/anon2560
female,Medical and Health Sciences,2014.0,2016.0,386,10.1000/anon1951
female,Engineering and Technology,2012.0,2012.0,387,10.1000/anon1378
female,Medical and Health Sciences,2012.0,2012.0,388,10.1000/anon1084
female,Medical and Health Sciences,2012.0,2013.0,388,10.1000/anon2059
female,Medical and Health Sciences,2012.0,2013.0,388,10.1000/anon1073
male,Natural Sciences,2014.0,2014.0,389,10.1000/anon1597
female,Natural Sciences,2012.0,2012.0,390,10.1000/anon1337
female,Natural Sciences,2012.0,2013.0,390,10.1000/anon2167
male,Social Sciences,2013.0,2013.0,391,10.1000/anon2585
female,Engineering and Technology,2012.0,2012.0,392,10.1000/anon1359
male,Medical and Health Sciences,2014.0,2014.0,393,10.1000/anon1828
male,Medical and Health Sciences,2014.0,2015.0,393,10.1000/anon1828
female,Natural Sciences,2012.0,2012.0,394,10.1000/anon2013
female,Natural Sciences,2012.0,2012.0,394,10.1000/anon492
female,Natural Sciences,2012.0,2012.0,394,10.1000/anon1867
female,Natural Sciences,2012.0,2013.0,394,10.1000/anon2724
female,Natural Sciences,2012.0,2014.0,394,10.1000/anon413
female,Medical and Health Sciences,2012.0,2012.0,395,10.1000/anon183
male,Natural Sciences,2012.0,2012.0,396,10.1000/anon383
male,Natural Sciences,2012.0,2013.0,396,10.1000/anon342
male,Natural Sciences,2012.0,2014.0,396,10.1000/anon997
male,Natural Sciences,2012.0,2014.0,396,10.1000/anon112
male,Natural Sciences,2012.0,2014.0,396,10.1000/anon29
male,Natural Sciences,2012.0,2014.0,396,10.1000/anon2318
female,Natural Sciences,2012.0,2012.0,397,10.1000/anon1544
female,Natural Sciences,2012.0,2014.0,397,10.1000/anon2606
male,Natural Sciences,2015.0,2015.0,398,10.1000/anon2015
male,Natural Sciences,2015.0,2016.0,398,10.1000/anon1475
male,Natural Sciences,2015.0,2016.0,398,10.1000/anon1360
male,Natural Sciences,2015.0,2017.0,398,10.1000/anon2191
male,Natural Sciences,2015.0,2017.0,398,10.1000/anon797
female,Medical and Health Sciences,2013.0,2013.0,399,10.1000/anon774
male,Natural Sciences,2013.0,2013.0,400,10.1000/anon1022
female,Natural Sciences,2015.0,2015.0,401,10.1000/anon573
female,Natural Sciences,2015.0,2015.0,401,10.1000/anon631
female,Natural Sciences,2015.0,2015.0,401,10.1000/anon1761
female,Natural Sciences,2015.0,2015.0,401,10.1000/anon1722
female,Natural Sciences,2015.0,2016.0,401,10.1000/anon1790
female,Natural Sciences,2015.0,2017.0,401,10.1000/anon1138
female,Natural Sciences,2015.0,2015.0,402,10.1000/anon683
male,Natural Sciences,2012.0,2012.0,403,10.1000/anon1457
male,Natural Sciences,2012.0,2013.0,403,10.1000/anon1728
male,Natural Sciences,2012.0,2014.0,403,10.1000/anon219
female,Medical and Health Sciences,2013.0,2013.0,404,10.1000/anon2276
female,Medical and Health Sciences,2015.0,2015.0,405,10.1000/anon131
female,Medical and Health Sciences,2015.0,2016.0,405,10.1000/anon1878
female,Medical and Health Sciences,2015.0,2016.0,405,10.1000/anon2310
female,Medical and Health Sciences,2015.0,2016.0,405,10.1000/anon1370
female,Medical and Health Sciences,2015.0,2017.0,405,10.1000/anon2023
male,Humanities,2014.0,2014.0,406,10.1000/anon258
male,Medical and Health Sciences,2012.0,2012.0,407,10.1000/anon2264
male,Medical and Health Sciences,2012.0,2013.0,407,10.1000/anon1680
male,Medical and Health Sciences,2012.0,2014.0,407,10.1000/anon2408
male,Medical and Health Sciences,2014.0,2014.0,408,10.1000/anon12
male,Natural Sciences,2016.0,2016.0,409,10.1000/anon388
male,Natural Sciences,2016.0,2016.0,409,10.1000/anon1572
male,Natural Sciences,2016.0,2017.0,409,10.1000/anon2499
male,Medical and Health Sciences,2015.0,2015.0,410,10.1000/anon950
female,Medical and Health Sciences,2012.0,2012.0,411,10.1000/anon923
female,Medical and Health Sciences,2012.0,2012.0,411,10.1000/anon911
male,Medical and Health Sciences,2012.0,2012.0,412,10.1000/anon732
male,Engineering and Technology,2015.0,2015.0,413,10.1000/anon1146
male,Engineering and Technology,2015.0,2015.0,413,10.1000/anon299
male,Engineering and Technology,2015.0,2016.0,413,10.1000/anon2411
male,Engineering and Technology,2015.0,2016.0,413,10.1000/anon1101
female,Medical and Health Sciences,2015.0,2015.0,414,10.1000/anon2509
female,Medical and Health Sciences,2015.0,2015.0,414,10.1000/anon2272
female,Medical and Health Sciences,2015.0,2015.0,414,10.1000/anon631
female,Medical and Health Sciences,2015.0,2016.0,414,10.1000/anon1993
female,Medical and Health Sciences,2015.0,2016.0,414,10.1000/anon2244
female,Medical and Health Sciences,2015.0,2016.0,414,10.1000/anon2769
female,Medical and Health Sciences,2015.0,2017.0,414,10.1000/anon154
male,Engineering and Technology,2012.0,2012.0,415,10.1000/anon1605
male,Engineering and Technology,2012.0,2013.0,415,10.1000/anon1251
male,Engineering and Technology,2012.0,2014.0,415,10.1000/anon2586
male,Medical and Health Sciences,2013.0,2013.0,416,10.1000/anon1611
male,Medical and Health Sciences,2013.0,2013.0,416,10.1000/anon631
male,Medical and Health Sciences,2013.0,2015.0,416,10.1000/anon2552
male,Medical and Health Sciences,2013.0,2015.0,416,10.1000/anon1029
male,Medical and Health Sciences,2013.0,2015.0,416,10.1000/anon396
female,Natural Sciences,2013.0,2013.0,417,10.1000/anon452
male,Medical and Health Sciences,2014.0,2014.0,418,10.1000/anon907
male,Medical and Health Sciences,2014.0,2015.0,418,10.1000/anon2386
male,Medical and Health Sciences,2014.0,2016.0,418,10.1000/anon274
male,Medical and Health Sciences,2014.0,2016.0,418,10.1000/anon2686
male,Medical and Health Sciences,2014.0,2016.0,418,10.1000/anon870
male,Natural Sciences,2015.0,2015.0,419,10.1000/anon2471
male,Natural Sciences,2015.0,2015.0,419,10.1000/anon378
female,Natural Sciences,2014.0,2014.0,420,10.1000/anon1502
male,Medical and Health Sciences,2013.0,2013.0,421,10.1000/anon2311
male,Medical and Health Sciences,2013.0,2013.0,421,10.1000/anon261
male,Medical and Health Sciences,2013.0,2014.0,421,10.1000/anon2371
male,Medical and Health Sciences,2013.0,2014.0,421,10.1000/anon1497
male,Medical and Health Sciences,2013.0,2015.0,421,10.1000/anon2572
male,Medical and Health Sciences,2013.0,2015.0,421,10.1000/anon693
female,Medical and Health Sciences,2013.0,2013.0,422,10.1000/anon1382
female,Medical and Health Sciences,2013.0,2013.0,423,10.1000/anon1685
female,Medical and Health Sciences,2013.0,2014.0,423,10.1000/anon1450
female,Medical and Health Sciences,2013.0,2015.0,423,10.1000/anon2217
male,Natural Sciences,2013.0,2013.0,424,10.1000/anon1553
male,Natural Sciences,2012.0,2012.0,425,10.1000/anon592
male,Natural Sciences,2012.0,2012.0,425,10.1000/anon539
male,Natural Sciences,2012.0,2013.0,425,10.1000/anon2183
male,Natural Sciences,2012.0,2013.0,425,10.1000/anon631
female,Natural Sciences,2014.0,2014.0,426,10.1000/anon2413
female,Natural Sciences,2014.0,2016.0,426,10.1000/anon1079
female,Natural Sciences,2014.0,2016.0,426,10.1000/anon2478
male,Natural Sciences,2013.0,2013.0,427,10.1000/anon1762
male,Natural Sciences,2013.0,2013.0,427,10.1000/anon290
male,Natural Sciences,2013.0,2014.0,427,10.1000/anon1432
male,Natural Sciences,2013.0,2015.0,427,10.1000/anon832
male,Natural Sciences,2013.0,2015.0,427,10.1000/anon1363
male,Natural Sciences,2013.0,2015.0,427,10.1000/anon139
male,Natural Sciences,2013.0,2015.0,427,10.1000/anon2761
female,Medical and Health Sciences,2013.0,2013.0,428,10.1000/anon2648
female,Medical and Health Sciences,2013.0,2014.0,428,10.1000/anon2430
male,Medical and Health Sciences,2016.0,2016.0,429,10.1000/anon1385
male,Engineering and Technology,2015.0,2015.0,430,10.1000/anon2239
male,Engineering and Technology,2015.0,2015.0,430,10.1000/anon512
male,Engineering and Technology,2015.0,2015.0,430,10.1000/anon1232
male,Engineering and Technology,2015.0,2016.0,430,10.1000/anon59
male,Engineering and Technology,2015.0,2016.0,430,10.1000/anon946
male,Natural Sciences,2012.0,2012.0,431,10.1000/anon251
male,Natural Sciences,2015.0,2015.0,432,10.1000/anon2273
male,Natural Sciences,2013.0,2013.0,433,10.1000/anon1136
male,Social Sciences,2015.0,2015.0,434,10.1000/anon973
male,Medical and Health Sciences,2015.0,2015.0,435,10.1000/anon317
female,Natural Sciences,2012.0,2012.0,436,10.1000/anon1551
female,Natural Sciences,2012.0,2013.0,436,10.1000/anon1663
female,Natural Sciences,2012.0,2013.0,436,10.1000/anon2747
female,Natural Sciences,2012.0,2013.0,436,10.1000/anon651
female,Natural Sciences,2012.0,2014.0,436,10.1000/anon89
female,Natural Sciences,2012.0,2014.0,436,10.1000/anon2529
female,Natural Sciences,2012.0,2014.0,436,10.1000/anon1347
male,Natural Sciences,2014.0,2014.0,437,10.1000/anon2541
male,Humanities,2015.0,2015.0,438,10.1000/anon1085
male,Natural Sciences,2012.0,2012.0,439,10.1000/anon1194
male,Natural Sciences,2012.0,2013.0,439,10.1000/anon1489
male,Medical and Health Sciences,2016.0,2016.0,440,10.1000/anon254
male,Medical and Health Sciences,2016.0,2016.0,440,10.1000/anon2710
male,Medical and Health Sciences,2016.0,2016.0,440,10.1000/anon2715
male,Medical and Health Sciences,2016.0,2016.0,440,10.1000/anon282
male,Medical and Health Sciences,2016.0,2016.0,440,10.1000/anon586
male,Medical and Health Sciences,2016.0,2017.0,440,10.1000/anon1515
male,Medical and Health Sciences,2016.0,2018.0,440,10.1000/anon1435
male,Engineering and Technology,2014.0,2014.0,441,10.1000/anon1423
male,Natural Sciences,2016.0,2016.0,442,10.1000/anon1935
male,Natural Sciences,2016.0,2018.0,442,10.1000/anon2166
male,Medical and Health Sciences,2012.0,2012.0,443,10.1000/anon566
male,Medical and Health Sciences,2012.0,2012.0,444,10.1000/anon1619
male,Medical and Health Sciences,2012.0,2013.0,444,10.1000/anon2018
female,Medical and Health Sciences,2014.0,2014.0,445,10.1000/anon80
female,Medical and Health Sciences,2014.0,2015.0,445,10.1000/anon771
female,Medical and Health Sciences,2014.0,2016.0,445,10.1000/anon956
female,Medical and Health Sciences,2014.0,2016.0,445,10.1000/anon1980
female,Medical and Health Sciences,2014.0,2016.0,445,10.1000/anon1380
male,Natural Sciences,2014.0,2014.0,446,10.1000/anon1608
male,Natural Sciences,2014.0,2016.0,446,10.1000/anon2558
male,Medical and Health Sciences,2014.0,2014.0,447,10.1000/anon996
male,Medical and Health Sciences,2014.0,2014.0,447,10.1000/anon1298
male,Natural Sciences,2016.0,2016.0,448,10.1000/anon532
male,Natural Sciences,2016.0,2017.0,448,10.1000/anon372
male,Natural Sciences,2016.0,2017.0,448,10.1000/anon326
male,Natural Sciences,2016.0,2018.0,448,10.1000/anon1069
male,Medical and Health Sciences,2013.0,2013.0,449,10.1000/anon1700
male,Natural Sciences,2016.0,2016.0,450,10.1000/anon2098
male,Natural Sciences,2013.0,2013.0,451,10.1000/anon1950
female,Social Sciences,2012.0,2012.0,452,10.1000/anon337
male,Medical and Health Sciences,2016.0,2016.0,453,10.1000/anon1733
male,Medical and Health Sciences,2016.0,2018.0,453,10.1000/anon565
female,Natural Sciences,2012.0,2012.0,454,10.1000/anon2619
female,Medical and Health Sciences,2015.0,2015.0,455,10.1000/anon1062
female,Medical and Health Sciences,2015.0,2017.0,455,10.1000/anon2300
male,Medical and Health Sciences,2014.0,2014.0,456,10.1000/anon248
male,Medical and Health Sciences,2014.0,2016.0,456,10.1000/anon889
female,Medical and Health Sciences,2014.0,2014.0,457,10.1000/anon1556
male,Natural Sciences,2016.0,2016.0,458,10.1000/anon425
female,Medical and Health Sciences,2012.0,2012.0,459,10.1000/anon2171
male,Natural Sciences,2013.0,2013.0,460,10.1000/anon1940
female,Medical and Health Sciences,2014.0,2014.0,461,10.1000/anon1505
female,Medical and Health Sciences,2014.0,2015.0,461,10.1000/anon278
female,Medical and Health Sciences,2014.0,2016.0,461,10.1000/anon692
male,Medical and Health Sciences,2016.0,2016.0,462,10.1000/anon1981
male,Natural Sciences,2014.0,2014.0,463,10.1000/anon2014
male,Natural Sciences,2014.0,2015.0,463,10.1000/anon1080
male,Natural Sciences,2014.0,2015.0,463,10.1000/anon2729
male,Natural Sciences,2014.0,2016.0,463,10.1000/anon1574
male,Medical and Health Sciences,2013.0,2013.0,464,10.1000/anon99
male,Natural Sciences,2016.0,2016.0,465,10.1000/anon2731
male,Natural Sciences,2016.0,2016.0,465,10.1000/anon1824
male,Natural Sciences,2016.0,2017.0,465,10.1000/anon1499
female,Natural Sciences,2013.0,2013.0,466,10.1000/anon2506
female,Natural Sciences,2013.0,2014.0,466,10.1000/anon2670
male,Social Sciences,2012.0,2012.0,467,10.1000/anon2458
male,Social Sciences,2012.0,2013.0,467,10.1000/anon2495
male,Medical and Health Sciences,2012.0,2012.0,468,10.1000/anon1703
male,Medical and Health Sciences,2016.0,2016.0,469,10.1000/anon113
male,Medical and Health Sciences,2016.0,2016.0,469,10.1000/anon631
male,Medical and Health Sciences,2016.0,2017.0,469,10.1000/anon631
female,Natural Sciences,2016.0,2016.0,470,10.1000/anon1945
female,Natural Sciences,2016.0,2018.0,470,10.1000/anon42
female,Natural Sciences,2014.0,2014.0,471,10.1000/anon2099
female,Natural Sciences,2014.0,2014.0,471,10.1000/anon1550
female,Natural Sciences,2014.0,2016.0,471,10.1000/anon2777
female,Natural Sciences,2014.0,2016.0,471,10.1000/anon227
female,Natural Sciences,2014.0,2016.0,471,10.1000/anon1781
male,Medical and Health Sciences,2015.0,2015.0,472,10.1000/anon1247
male,Medical and Health Sciences,2015.0,2016.0,472,10.1000/anon2063
male,Medical and Health Sciences,2015.0,2017.0,472,10.1000/anon273
male,Medical and Health Sciences,2015.0,2017.0,472,10.1000/anon1063
male,Medical and Health Sciences,2015.0,2017.0,472,10.1000/anon107
female,Medical and Health Sciences,2015.0,2015.0,473,10.1000/anon1601
female,Medical and Health Sciences,2015.0,2016.0,473,10.1000/anon2294
female,Medical and Health Sciences,2015.0,2017.0,473,10.1000/anon1089
female,Medical and Health Sciences,2015.0,2017.0,473,10.1000/anon1484
male,Medical and Health Sciences,2016.0,2016.0,474,10.1000/anon819
male,Medical and Health Sciences,2016.0,2016.0,474,10.1000/anon1054
male,Medical and Health Sciences,2016.0,2017.0,474,10.1000/anon1287
male,Medical and Health Sciences,2016.0,2017.0,474,10.1000/anon2383
male,Medical and Health Sciences,2016.0,2018.0,474,10.1000/anon2303
male,Medical and Health Sciences,2016.0,2018.0,474,10.1000/anon1983
male,Medical and Health Sciences,2016.0,2018.0,474,10.1000/anon440
male,Medical and Health Sciences,2016.0,2018.0,474,10.1000/anon2737
male,Medical and Health Sciences,2016.0,2018.0,474,10.1000/anon1994
female,Medical and Health Sciences,2016.0,2016.0,475,10.1000/anon2621
female,Medical and Health Sciences,2016.0,2017.0,475,10.1000/anon1858
female,Natural Sciences,2014.0,2014.0,476,10.1000/anon1052
male,Natural Sciences,2015.0,2015.0,477,10.1000/anon129
male,Medical and Health Sciences,2012.0,2012.0,478,10.1000/anon1540
male,Agricultural Sciences,2015.0,2015.0,479,10.1000/anon57
male,Agricultural Sciences,2015.0,2015.0,479,10.1000/anon2377
male,Agricultural Sciences,2015.0,2015.0,479,10.1000/anon444
male,Agricultural Sciences,2015.0,2016.0,479,10.1000/anon2434
female,Natural Sciences,2012.0,2012.0,480,10.1000/anon1925
male,Natural Sciences,2013.0,2013.0,481,10.1000/anon357
male,Natural Sciences,2013.0,2013.0,481,10.1000/anon631
male,Natural Sciences,2013.0,2014.0,481,10.1000/anon787
male,Natural Sciences,2013.0,2015.0,481,10.1000/anon2125
male,Natural Sciences,2013.0,2015.0,481,10.1000/anon985
male,Natural Sciences,2013.0,2013.0,482,10.1000/anon569
male,Natural Sciences,2013.0,2013.0,482,10.1000/anon509
male,Natural Sciences,2013.0,2015.0,482,10.1000/anon1717
male,Natural Sciences,2014.0,2014.0,483,10.1000/anon2182
female,Medical and Health Sciences,2015.0,2015.0,484,10.1000/anon1915
female,Social Sciences,2014.0,2014.0,485,10.1000/anon1335
male,Natural Sciences,2012.0,2012.0,486,10.1000/anon363
female,Medical and Health Sciences,2013.0,2013.0,487,10.1000/anon600
male,Natural Sciences,2013.0,2013.0,488,10.1000/anon686
male,Natural Sciences,2013.0,2014.0,488,10.1000/anon825
male,Natural Sciences,2013.0,2015.0,488,10.1000/anon2758
male,Natural Sciences,2014.0,2014.0,489,10.1000/anon288
male,Natural Sciences,2014.0,2014.0,489,10.1000/anon2581
male,Natural Sciences,2014.0,2015.0,489,10.1000/anon1086
male,Natural Sciences,2014.0,2015.0,489,10.1000/anon119
male,Natural Sciences,2014.0,2015.0,489,10.1000/anon220
male,Natural Sciences,2014.0,2015.0,489,10.1000/anon945
male,Natural Sciences,2014.0,2016.0,489,10.1000/anon2631
male,Natural Sciences,2014.0,2016.0,489,10.1000/anon2003
male,Natural Sciences,2014.0,2016.0,489,10.1000/anon318
female,Medical and Health Sciences,2013.0,2013.0,490,10.1000/anon1126
female,Medical and Health Sciences,2016.0,2016.0,491,10.1000/anon2614
female,Medical and Health Sciences,2016.0,2017.0,491,10.1000/anon454
female,Medical and Health Sciences,2016.0,2018.0,491,10.1000/anon2627
male,Humanities,2012.0,2012.0,492,10.1000/anon2142
female,Medical and Health Sciences,2014.0,2014.0,493,10.1000/anon1898
female,Medical and Health Sciences,2014.0,2014.0,493,10.1000/anon2266
female,Agricultural Sciences,2014.0,2014.0,494,10.1000/anon1474
male,Natural Sciences,2014.0,2014.0,495,10.1000/anon2767
female,Medical and Health Sciences,2014.0,2014.0,496,10.1000/anon2123
female,Medical and Health Sciences,2014.0,2014.0,496,10.1000/anon982
female,Medical and Health Sciences,2014.0,2014.0,496,10.1000/anon1724
female,Medical and Health Sciences,2014.0,2015.0,496,10.1000/anon1201
female,Medical and Health Sciences,2014.0,2015.0,496,10.1000/anon660
female,Medical and Health Sciences,2014.0,2015.0,496,10.1000/anon1863
female,Medical and Health Sciences,2014.0,2015.0,496,10.1000/anon1773
female,Medical and Health Sciences,2014.0,2015.0,496,10.1000/anon2204
female,Medical and Health Sciences,2014.0,2016.0,496,10.1000/anon406
female,Engineering and Technology,2014.0,2014.0,497,10.1000/anon1708
female,Engineering and Technology,2014.0,2014.0,497,10.1000/anon631
female,Engineering and Technology,2014.0,2016.0,497,10.1000/anon2543
female,Engineering and Technology,2014.0,2016.0,497,10.1000/anon1590
female,Medical and Health Sciences,2013.0,2013.0,498,10.1000/anon2720
female,Medical and Health Sciences,2013.0,2015.0,498,10.1000/anon1575
male,Natural Sciences,2015.0,2015.0,499,10.1000/anon1520
male,Natural Sciences,2012.0,2012.0,500,10.1000/anon667
male,Natural Sciences,2012.0,2014.0,500,10.1000/anon971
female,Social Sciences,2016.0,2016.0,501,10.1000/anon1140
female,Social Sciences,2016.0,2017.0,501,10.1000/anon1615
female,Social Sciences,2016.0,2017.0,501,10.1000/anon1851
male,Natural Sciences,2014.0,2014.0,502,10.1000/anon2476
male,Natural Sciences,2014.0,2014.0,502,10.1000/anon2277
male,Natural Sciences,2014.0,2016.0,502,10.1000/anon41
female,Medical and Health Sciences,2012.0,2012.0,503,10.1000/anon1816
female,Medical and Health Sciences,2012.0,2012.0,503,10.1000/anon1930
male,Natural Sciences,2016.0,2016.0,504,10.1000/anon448
male,Natural Sciences,2016.0,2017.0,504,10.1000/anon634
male,Medical and Health Sciences,2013.0,2013.0,505,10.1000/anon1377
male,Natural Sciences,2015.0,2015.0,506,10.1000/anon1271
male,Natural Sciences,2015.0,2016.0,506,10.1000/anon1074
male,Natural Sciences,2015.0,2016.0,506,10.1000/anon2120
male,Natural Sciences,2014.0,2014.0,507,10.1000/anon2534
male,Agricultural Sciences,2012.0,2012.0,508,10.1000/anon2024
male,Natural Sciences,2015.0,2015.0,509,10.1000/anon2549
male,Natural Sciences,2015.0,2015.0,509,10.1000/anon1864
male,Natural Sciences,2015.0,2016.0,509,10.1000/anon1158
male,Natural Sciences,2015.0,2017.0,509,10.1000/anon1199
male,Natural Sciences,2015.0,2017.0,509,10.1000/anon269
male,Natural Sciences,2015.0,2017.0,509,10.1000/anon2118
female,Medical and Health Sciences,2013.0,2013.0,510,10.1000/anon604
female,Medical and Health Sciences,2013.0,2014.0,510,10.1000/anon2398
male,Natural Sciences,2015.0,2015.0,511,10.1000/anon2500
male,Natural Sciences,2012.0,2012.0,512,10.1000/anon616
male,Natural Sciences,2012.0,2013.0,512,10.1000/anon1670
male,Natural Sciences,2012.0,2013.0,512,10.1000/anon2124
male,Natural Sciences,2012.0,2013.0,512,10.1000/anon1525
male,Medical and Health Sciences,2012.0,2012.0,513,10.1000/anon1449
male,Medical and Health Sciences,2012.0,2013.0,513,10.1000/anon792
male,Medical and Health Sciences,2012.0,2013.0,513,10.1000/anon1823
male,Medical and Health Sciences,2012.0,2013.0,513,10.1000/anon645
male,Medical and Health Sciences,2012.0,2014.0,513,10.1000/anon2358
male,Medical and Health Sciences,2014.0,2014.0,514,10.1000/anon2542
male,Medical and Health Sciences,2014.0,2016.0,514,10.1000/anon2608
male,Medical and Health Sciences,2014.0,2016.0,514,10.1000/anon1254
female,Natural Sciences,2012.0,2012.0,515,10.1000/anon1477
female,Natural Sciences,2012.0,2012.0,515,10.1000/anon2629
female,Medical and Health Sciences,2012.0,2012.0,516,10.1000/anon64
female,Medical and Health Sciences,2012.0,2013.0,516,10.1000/anon2409
female,Medical and Health Sciences,2012.0,2013.0,516,10.1000/anon1723
female,Medical and Health Sciences,2012.0,2014.0,516,10.1000/anon2473
male,Natural Sciences,2014.0,2014.0,517,10.1000/anon1230
male,Natural Sciences,2014.0,2014.0,517,10.1000/anon2568
male,Natural Sciences,2014.0,2014.0,517,10.1000/anon1745
male,Natural Sciences,2014.0,2014.0,517,10.1000/anon319
male,Natural Sciences,2014.0,2015.0,517,10.1000/anon1783
male,Natural Sciences,2014.0,2015.0,517,10.1000/anon65
male,Natural Sciences,2014.0,2015.0,517,10.1000/anon1671
male,Natural Sciences,2014.0,2015.0,517,10.1000/anon796
male,Natural Sciences,2014.0,2015.0,517,10.1000/anon1776
male,Natural Sciences,2014.0,2015.0,517,10.1000/anon1921
male,Natural Sciences,2014.0,2015.0,517,10.1000/anon1512
male,Natural Sciences,2014.0,2014.0,518,10.1000/anon1909
male,Natural Sciences,2014.0,2015.0,518,10.1000/anon95
male,Natural Sciences,2014.0,2016.0,518,10.1000/anon898
male,Natural Sciences,2014.0,2016.0,518,10.1000/anon2508
male,Natural Sciences,2015.0,2015.0,519,10.1000/anon1753
male,Medical and Health Sciences,2015.0,2015.0,520,10.1000/anon1320
male,Medical and Health Sciences,2015.0,2016.0,520,10.1000/anon1559
male,Medical and Health Sciences,2015.0,2017.0,520,10.1000/anon1184
male,Medical and Health Sciences,2015.0,2017.0,520,10.1000/anon529
female,Medical and Health Sciences,2014.0,2014.0,521,10.1000/anon1677
female,Medical and Health Sciences,2014.0,2014.0,521,10.1000/anon2229
female,Medical and Health Sciences,2013.0,2013.0,522,10.1000/anon1669
male,Natural Sciences,2014.0,2014.0,523,10.1000/anon1368
female,Natural Sciences,2016.0,2016.0,524,10.1000/anon2007
female,Natural Sciences,2016.0,2018.0,524,10.1000/anon17
male,Natural Sciences,2012.0,2012.0,525,10.1000/anon1278
male,Natural Sciences,2012.0,2013.0,525,10.1000/anon1197
male,Natural Sciences,2012.0,2013.0,525,10.1000/anon1687
male,Natural Sciences,2012.0,2013.0,525,10.1000/anon192
male,Natural Sciences,2012.0,2013.0,525,10.1000/anon2001
male,Natural Sciences,2012.0,2014.0,525,10.1000/anon1482
male,Natural Sciences,2012.0,2014.0,525,10.1000/anon631
male,Natural Sciences,2012.0,2014.0,525,10.1000/anon1115
male,Natural Sciences,2012.0,2014.0,525,10.1000/anon1990
female,Social Sciences,2012.0,2012.0,526,10.1000/anon428
male,Medical and Health Sciences,2014.0,2014.0,527,10.1000/anon358
male,Natural Sciences,2016.0,2016.0,528,10.1000/anon2242
male,Natural Sciences,2016.0,2016.0,528,10.1000/anon917
male,Natural Sciences,2016.0,2018.0,528,10.1000/anon2221
male,Natural Sciences,2015.0,2015.0,529,10.1000/anon1267
male,Natural Sciences,2015.0,2016.0,529,10.1000/anon2521
male,Natural Sciences,2015.0,2017.0,529,10.1000/anon2111
male,Natural Sciences,2015.0,2017.0,529,10.1000/anon2797
male,Natural Sciences,2015.0,2017.0,529,10.1000/anon259
male,Natural Sciences,2016.0,2016.0,530,10.1000/anon2389
male,Natural Sciences,2016.0,2017.0,530,10.1000/anon1530
male,Natural Sciences,2016.0,2017.0,530,10.1000/anon934
male,Natural Sciences,2016.0,2018.0,530,10.1000/anon399
male,Natural Sciences,2016.0,2018.0,530,10.1000/anon1355
male,Social Sciences,2014.0,2014.0,531,10.1000/anon1789
male,Medical and Health Sciences,2014.0,2014.0,532,10.1000/anon606
male,Medical and Health Sciences,2014.0,2014.0,532,10.1000/anon1895
male,Medical and Health Sciences,2014.0,2015.0,532,10.1000/anon2695
male,Medical and Health Sciences,2014.0,2015.0,532,10.1000/anon631
male,Medical and Health Sciences,2014.0,2015.0,532,10.1000/anon661
male,Medical and Health Sciences,2014.0,2015.0,532,10.1000/anon904
male,Medical and Health Sciences,2014.0,2015.0,532,10.1000/anon73
male,Medical and Health Sciences,2014.0,2015.0,532,10.1000/anon1296
male,Medical and Health Sciences,2014.0,2016.0,532,10.1000/anon2397
male,Medical and Health Sciences,2014.0,2016.0,532,10.1000/anon1048
female,Natural Sciences,2013.0,2013.0,533,10.1000/anon433
male,Medical and Health Sciences,2016.0,2016.0,534,10.1000/anon1873
male,Medical and Health Sciences,2016.0,2017.0,534,10.1000/anon1970
male,Medical and Health Sciences,2016.0,2017.0,534,10.1000/anon776
male,Medical and Health Sciences,2016.0,2018.0,534,10.1000/anon1259
male,Medical and Health Sciences,2016.0,2018.0,534,10.1000/anon1206
male,Natural Sciences,2013.0,2013.0,535,10.1000/anon546
female,Social Sciences,2015.0,2015.0,536,10.1000/anon114
female,Social Sciences,2015.0,2017.0,536,10.1000/anon631
female,Social Sciences,2015.0,2017.0,536,10.1000/anon2037
female,Natural Sciences,2015.0,2015.0,537,10.1000/anon680
male,Medical and Health Sciences,2014.0,2014.0,538,10.1000/anon2553
male,Medical and Health Sciences,2014.0,2016.0,538,10.1000/anon2753
female,Agricultural Sciences,2012.0,2012.0,539,10.1000/anon161
female,Agricultural Sciences,2012.0,2013.0,539,10.1000/anon1208
female,Agricultural Sciences,2012.0,2013.0,539,10.1000/anon564
female,Agricultural Sciences,2012.0,2014.0,539,10.1000/anon479
male,Natural Sciences,2014.0,2014.0,540,10.1000/anon815
male,Natural Sciences,2012.0,2012.0,541,10.1000/anon1116
male,Natural Sciences,2012.0,2012.0,541,10.1000/anon631
male,Natural Sciences,2012.0,2013.0,541,10.1000/anon147
male,Natural Sciences,2012.0,2013.0,541,10.1000/anon422
male,Natural Sciences,2012.0,2014.0,541,10.1000/anon528
male,Engineering and Technology,2012.0,2012.0,542,10.1000/anon2567
male,Natural Sciences,2016.0,2016.0,543,10.1000/anon837
male,Engineering and Technology,2015.0,2015.0,544,10.1000/anon2010
male,Engineering and Technology,2015.0,2016.0,544,10.1000/anon1301
male,Engineering and Technology,2015.0,2017.0,544,10.1000/anon1896
male,Engineering and Technology,2015.0,2017.0,544,10.1000/anon1547
male,Natural Sciences,2013.0,2013.0,545,10.1000/anon632
male,Natural Sciences,2013.0,2013.0,545,10.1000/anon1019
male,Natural Sciences,2013.0,2014.0,545,10.1000/anon1688
male,Natural Sciences,2013.0,2015.0,545,10.1000/anon484
female,Natural Sciences,2016.0,2016.0,546,10.1000/anon1040
female,Natural Sciences,2016.0,2016.0,546,10.1000/anon2375
female,Natural Sciences,2016.0,2018.0,546,10.1000/anon2107
male,Medical and Health Sciences,2013.0,2013.0,547,10.1000/anon1725
male,Medical and Health Sciences,2016.0,2016.0,548,10.1000/anon550
male,Medical and Health Sciences,2014.0,2014.0,549,10.1000/anon1891
female,Medical and Health Sciences,2014.0,2014.0,550,10.1000/anon1164
female,Natural Sciences,2016.0,2016.0,551,10.1000/anon51
female,Natural Sciences,2016.0,2017.0,551,10.1000/anon745
female,Natural Sciences,2015.0,2015.0,552,10.1000/anon916
female,Natural Sciences,2015.0,2017.0,552,10.1000/anon276
male,Natural Sciences,2012.0,2012.0,553,10.1000/anon1357
male,Natural Sciences,2012.0,2012.0,553,10.1000/anon864
male,Natural Sciences,2012.0,2013.0,553,10.1000/anon451
male,Natural Sciences,2012.0,2013.0,553,10.1000/anon2507
male,Natural Sciences,2012.0,2014.0,553,10.1000/anon1944
male,Natural Sciences,2012.0,2014.0,553,10.1000/anon1121
female,Agricultural Sciences,2014.0,2014.0,554,10.1000/anon31
female,Medical and Health Sciences,2012.0,2012.0,555,10.1000/anon2363
female,Medical and Health Sciences,2012.0,2013.0,555,10.1000/anon974
female,Medical and Health Sciences,2012.0,2013.0,555,10.1000/anon977
female,Medical and Health Sciences,2012.0,2014.0,555,10.1000/anon2065
female,Natural Sciences,2013.0,2013.0,556,10.1000/anon530
female,Natural Sciences,2013.0,2013.0,556,10.1000/anon1715
male,Natural Sciences,2012.0,2012.0,557,10.1000/anon2674
male,Medical and Health Sciences,2012.0,2012.0,558,10.1000/anon575
male,Medical and Health Sciences,2012.0,2013.0,558,10.1000/anon2792
male,Medical and Health Sciences,2012.0,2013.0,558,10.1000/anon582
male,Natural Sciences,2015.0,2015.0,559,10.1000/anon580
male,Medical and Health Sciences,2014.0,2014.0,560,10.1000/anon2410
male,Medical and Health Sciences,2013.0,2013.0,561,10.1000/anon1493
female,Medical and Health Sciences,2013.0,2013.0,562,10.1000/anon1566
female,Social Sciences,2013.0,2013.0,563,10.1000/anon1269
female,Social Sciences,2013.0,2014.0,563,10.1000/anon872
female,Medical and Health Sciences,2015.0,2015.0,564,10.1000/anon504
female,Medical and Health Sciences,2015.0,2017.0,564,10.1000/anon630
female,Medical and Health Sciences,2015.0,2017.0,564,10.1000/anon621
female,Medical and Health Sciences,2016.0,2016.0,565,10.1000/anon464
female,Medical and Health Sciences,2013.0,2013.0,566,10.1000/anon2422
female,Medical and Health Sciences,2013.0,2013.0,566,10.1000/anon1317
female,Medical and Health Sciences,2013.0,2014.0,566,10.1000/anon2450
female,Medical and Health Sciences,2013.0,2014.0,566,10.1000/anon1315
female,Medical and Health Sciences,2013.0,2015.0,566,10.1000/anon109
female,Medical and Health Sciences,2013.0,2015.0,566,10.1000/anon162
male,Natural Sciences,2013.0,2013.0,567,10.1000/anon74
male,Natural Sciences,2013.0,2013.0,568,10.1000/anon1241
female,Natural Sciences,2014.0,2014.0,569,10.1000/anon2611
female,Natural Sciences,2014.0,2015.0,569,10.1000/anon1908
female,Natural Sciences,2015.0,2015.0,570,10.1000/anon1665
female,Natural Sciences,2015.0,2016.0,570,10.1000/anon827
male,Natural Sciences,2015.0,2015.0,571,10.1000/anon1430
male,Natural Sciences,2015.0,2016.0,571,10.1000/anon593
male,Natural Sciences,2015.0,2017.0,571,10.1000/anon475
male,Natural Sciences,2015.0,2017.0,571,10.1000/anon1261
male,Natural Sciences,2015.0,2017.0,571,10.1000/anon809
female,Engineering and Technology,2013.0,2013.0,572,10.1000/anon189
male,Engineering and Technology,2015.0,2015.0,573,10.1000/anon439
male,Engineering and Technology,2015.0,2015.0,573,10.1000/anon467
male,Engineering and Technology,2015.0,2016.0,573,10.1000/anon2616
male,Engineering and Technology,2015.0,2016.0,573,10.1000/anon1694
male,Engineering and Technology,2013.0,2013.0,574,10.1000/anon1488
male,Engineering and Technology,2013.0,2014.0,574,10.1000/anon718
male,Natural Sciences,2013.0,2013.0,575,10.1000/anon215
male,Natural Sciences,2013.0,2013.0,576,10.1000/anon1609
male,Natural Sciences,2013.0,2014.0,576,10.1000/anon2189
male,Natural Sciences,2013.0,2014.0,576,10.1000/anon520
male,Natural Sciences,2013.0,2014.0,576,10.1000/anon2259
male,Natural Sciences,2013.0,2015.0,576,10.1000/anon1312
male,Natural Sciences,2013.0,2015.0,576,10.1000/anon2379
male,Natural Sciences,2013.0,2015.0,576,10.1000/anon615
female,Natural Sciences,2016.0,2016.0,577,10.1000/anon295
female,Natural Sciences,2013.0,2013.0,578,10.1000/anon1469
female,Natural Sciences,2013.0,2015.0,578,10.1000/anon1729
female,Natural Sciences,2013.0,2013.0,579,10.1000/anon2343
female,Natural Sciences,2013.0,2013.0,579,10.1000/anon2436
male,Engineering and Technology,2015.0,2015.0,580,10.1000/anon9
male,Engineering and Technology,2015.0,2015.0,580,10.1000/anon765
male,Engineering and Technology,2015.0,2017.0,580,10.1000/anon729
male,Engineering and Technology,2015.0,2017.0,580,10.1000/anon2060
male,Engineering and Technology,2015.0,2017.0,580,10.1000/anon786
female,Medical and Health Sciences,2014.0,2014.0,581,10.1000/anon1554
female,Medical and Health Sciences,2014.0,2014.0,581,10.1000/anon1284
female,Medical and Health Sciences,2014.0,2015.0,581,10.1000/anon1616
female,Medical and Health Sciences,2014.0,2014.0,582,10.1000/anon2787
male,Natural Sciences,2012.0,2012.0,583,10.1000/anon749
female,Medical and Health Sciences,2012.0,2012.0,584,10.1000/anon2532
female,Medical and Health Sciences,2012.0,2014.0,584,10.1000/anon2415
male,Natural Sciences,2014.0,2014.0,585,10.1000/anon2164
male,Natural Sciences,2014.0,2016.0,585,10.1000/anon619
male,Natural Sciences,2014.0,2014.0,586,10.1000/anon994
male,Natural Sciences,2014.0,2015.0,586,10.1000/anon1156
male,Natural Sciences,2014.0,2015.0,586,10.1000/anon2012
male,Natural Sciences,2014.0,2015.0,586,10.1000/anon1636
male,Natural Sciences,2014.0,2015.0,586,10.1000/anon1747
male,Natural Sciences,2014.0,2015.0,586,10.1000/anon2467
male,Natural Sciences,2014.0,2016.0,586,10.1000/anon2713
male,Natural Sciences,2014.0,2016.0,586,10.1000/anon201
male,Natural Sciences,2014.0,2016.0,586,10.1000/anon1844
male,Natural Sciences,2014.0,2016.0,586,10.1000/anon553
male,Medical and Health Sciences,2015.0,2015.0,587,10.1000/anon115
male,Engineering and Technology,2012.0,2012.0,588,10.1000/anon16
male,Engineering and Technology,2012.0,2013.0,588,10.1000/anon1046
male,Engineering and Technology,2012.0,2013.0,588,10.1000/anon631
male,Engineering and Technology,2012.0,2014.0,588,10.1000/anon2290
male,Engineering and Technology,2012.0,2014.0,588,10.1000/anon2426
male,Engineering and Technology,2012.0,2014.0,588,10.1000/anon631
male,Natural Sciences,2012.0,2012.0,589,10.1000/anon32
male,Engineering and Technology,2012.0,2012.0,590,10.1000/anon1144
male,Engineering and Technology,2012.0,2014.0,590,10.1000/anon1003
male,Engineering and Technology,2012.0,2014.0,590,10.1000/anon631
male,Engineering and Technology,2012.0,2014.0,590,10.1000/anon843
male,Medical and Health Sciences,2014.0,2014.0,591,10.1000/anon310
male,Medical and Health Sciences,2014.0,2014.0,591,10.1000/anon477
male,Natural Sciences,2016.0,2016.0,592,10.1000/anon178
male,Natural Sciences,2016.0,2016.0,592,10.1000/anon498
male,Natural Sciences,2016.0,2018.0,592,10.1000/anon2215
female,Engineering and Technology,2013.0,2013.0,593,10.1000/anon306
female,Engineering and Technology,2013.0,2014.0,593,10.1000/anon713
female,Engineering and Technology,2013.0,2015.0,593,10.1000/anon214
female,Engineering and Technology,2013.0,2015.0,593,10.1000/anon1501
female,Engineering and Technology,2013.0,2015.0,593,10.1000/anon684
female,Medical and Health Sciences,2013.0,2013.0,594,10.1000/anon1513
female,Medical and Health Sciences,2013.0,2015.0,594,10.1000/anon191
male,Medical and Health Sciences,2015.0,2015.0,595,10.1000/anon1128
male,Medical and Health Sciences,2015.0,2017.0,595,10.1000/anon1365
female,Natural Sciences,2013.0,2013.0,596,10.1000/anon1288
female,Natural Sciences,2013.0,2013.0,596,10.1000/anon2782
female,Natural Sciences,2013.0,2014.0,596,10.1000/anon1922
female,Natural Sciences,2013.0,2014.0,596,10.1000/anon626
female,Natural Sciences,2013.0,2015.0,596,10.1000/anon2646
female,Natural Sciences,2013.0,2015.0,596,10.1000/anon631
female,Natural Sciences,2013.0,2015.0,596,10.1000/anon2433
male,Engineering and Technology,2012.0,2012.0,597,10.1000/anon567
male,Natural Sciences,2013.0,2013.0,598,10.1000/anon2094
male,Natural Sciences,2013.0,2014.0,598,10.1000/anon1403
male,Natural Sciences,2013.0,2015.0,598,10.1000/anon1623
male,Humanities,2016.0,2016.0,599,10.1000/anon675
male,Medical and Health Sciences,2013.0,2013.0,600,10.1000/anon453
male,Natural Sciences,2016.0,2016.0,601,10.1000/anon2635
male,Natural Sciences,2016.0,2016.0,601,10.1000/anon1564
male,Natural Sciences,2016.0,2017.0,601,10.1000/anon1220
male,Natural Sciences,2016.0,2017.0,601,10.1000/anon986
male,Medical and Health Sciences,2016.0,2016.0,602,10.1000/anon118
male,Medical and Health Sciences,2016.0,2016.0,602,10.1000/anon2104
male,Medical and Health Sciences,2016.0,2016.0,602,10.1000/anon2254
female,Natural Sciences,2013.0,2013.0,603,10.1000/anon1168
female,Natural Sciences,2013.0,2015.0,603,10.1000/anon757
male,Natural Sciences,2016.0,2016.0,604,10.1000/anon2193
male,Natural Sciences,2016.0,2016.0,604,10.1000/anon221
male,Natural Sciences,2016.0,2017.0,604,10.1000/anon637
male,Natural Sciences,2016.0,2017.0,604,10.1000/anon1008
male,Natural Sciences,2016.0,2018.0,604,10.1000/anon647
male,Natural Sciences,2016.0,2018.0,604,10.1000/anon1521
male,Natural Sciences,2016.0,2018.0,604,10.1000/anon1742
male,Social Sciences,2013.0,2013.0,605,10.1000/anon2355
male,Medical and Health Sciences,2014.0,2014.0,606,10.1000/anon268
male,Medical and Health Sciences,2014.0,2014.0,606,10.1000/anon501
male,Medical and Health Sciences,2014.0,2014.0,606,10.1000/anon1106
female,Medical and Health Sciences,2012.0,2012.0,607,10.1000/anon2607
male,No_discipline_assigned,2015.0,2015.0,608,10.1000/anon1065
male,Natural Sciences,2015.0,2015.0,609,10.1000/anon1187
male,Natural Sciences,2015.0,2015.0,609,10.1000/anon1506
male,Natural Sciences,2015.0,2015.0,609,10.1000/anon597
male,Natural Sciences,2015.0,2015.0,609,10.1000/anon2556
male,Natural Sciences,2015.0,2016.0,609,10.1000/anon1476
male,Natural Sciences,2015.0,2016.0,609,10.1000/anon2442
male,Natural Sciences,2015.0,2016.0,609,10.1000/anon20
male,Natural Sciences,2013.0,2013.0,610,10.1000/anon2576
male,Natural Sciences,2013.0,2015.0,610,10.1000/anon1744
male,Natural Sciences,2015.0,2015.0,611,10.1000/anon988
male,Natural Sciences,2015.0,2015.0,611,10.1000/anon1573
male,Natural Sciences,2015.0,2015.0,611,10.1000/anon576
male,Natural Sciences,2015.0,2015.0,611,10.1000/anon1552
male,Natural Sciences,2015.0,2015.0,611,10.1000/anon900
male,Natural Sciences,2015.0,2016.0,611,10.1000/anon1413
male,Natural Sciences,2015.0,2016.0,611,10.1000/anon1596
male,Natural Sciences,2015.0,2016.0,611,10.1000/anon252
male,Natural Sciences,2015.0,2016.0,611,10.1000/anon1902
male,Natural Sciences,2015.0,2017.0,611,10.1000/anon2312
male,Natural Sciences,2015.0,2017.0,611,10.1000/anon888
male,Natural Sciences,2015.0,2017.0,611,10.1000/anon2212
male,Natural Sciences,2015.0,2017.0,611,10.1000/anon2179
female,Medical and Health Sciences,2013.0,2013.0,612,10.1000/anon1716
female,Medical and Health Sciences,2013.0,2015.0,612,10.1000/anon1890
female,Natural Sciences,2013.0,2013.0,613,10.1000/anon1625
female,Natural Sciences,2013.0,2013.0,613,10.1000/anon473
female,Natural Sciences,2013.0,2013.0,613,10.1000/anon1302
female,Natural Sciences,2013.0,2014.0,613,10.1000/anon2531
female,Natural Sciences,2013.0,2014.0,613,10.1000/anon662
female,Medical and Health Sciences,2013.0,2013.0,614,10.1000/anon1486
male,Natural Sciences,2014.0,2014.0,615,10.1000/anon1937
male,Natural Sciences,2014.0,2014.0,615,10.1000/anon1110
male,Natural Sciences,2014.0,2014.0,615,10.1000/anon1249
male,Natural Sciences,2014.0,2014.0,615,10.1000/anon431
male,Natural Sciences,2014.0,2015.0,615,10.1000/anon1224
male,Natural Sciences,2014.0,2016.0,615,10.1000/anon595
male,Medical and Health Sciences,2013.0,2013.0,616,10.1000/anon2246
female,Engineering and Technology,2016.0,2016.0,617,10.1000/anon2636
female,Agricultural Sciences,2014.0,2014.0,618,10.1000/anon804
female,Agricultural Sciences,2014.0,2015.0,618,10.1000/anon2147
female,Agricultural Sciences,2014.0,2015.0,618,10.1000/anon571
female,Agricultural Sciences,2014.0,2015.0,618,10.1000/anon2642
female,Agricultural Sciences,2014.0,2015.0,618,10.1000/anon1826
female,Agricultural Sciences,2014.0,2016.0,618,10.1000/anon2320
male,Natural Sciences,2015.0,2015.0,619,10.1000/anon1652
male,Natural Sciences,2015.0,2016.0,619,10.1000/anon2551
male,Natural Sciences,2015.0,2016.0,619,10.1000/anon853
male,Natural Sciences,2015.0,2016.0,619,10.1000/anon687
male,Natural Sciences,2015.0,2017.0,619,10.1000/anon2771
male,Natural Sciences,2015.0,2017.0,619,10.1000/anon1125
male,Natural Sciences,2014.0,2014.0,620,10.1000/anon2673
male,Natural Sciences,2014.0,2015.0,620,10.1000/anon1170
male,Natural Sciences,2014.0,2016.0,620,10.1000/anon1332
male,Medical and Health Sciences,2014.0,2014.0,621,10.1000/anon140
male,Medical and Health Sciences,2014.0,2016.0,621,10.1000/anon1612
male,Medical and Health Sciences,2014.0,2016.0,621,10.1000/anon1354
male,Medical and Health Sciences,2012.0,2012.0,622,10.1000/anon998
male,Medical and Health Sciences,2012.0,2014.0,622,10.1000/anon2547
male,Natural Sciences,2016.0,2016.0,623,10.1000/anon1808
male,Natural Sciences,2016.0,2017.0,623,10.1000/anon2793
male,Natural Sciences,2016.0,2018.0,623,10.1000/anon465
male,Natural Sciences,2016.0,2018.0,623,10.1000/anon1603
female,Medical and Health Sciences,2014.0,2014.0,624,10.1000/anon1291
female,Natural Sciences,2014.0,2014.0,625,10.1000/anon1721
female,Natural Sciences,2014.0,2014.0,625,10.1000/anon2578
female,Natural Sciences,2014.0,2014.0,625,10.1000/anon1011
female,Natural Sciences,2014.0,2014.0,625,10.1000/anon1543
female,Natural Sciences,2014.0,2015.0,625,10.1000/anon961
female,Natural Sciences,2014.0,2015.0,625,10.1000/anon858
female,Natural Sciences,2014.0,2016.0,625,10.1000/anon2719
female,Natural Sciences,2014.0,2016.0,625,10.1000/anon2332
female,Natural Sciences,2014.0,2016.0,625,10.1000/anon1982
female,Natural Sciences,2014.0,2016.0,625,10.1000/anon37
female,Natural Sciences,2016.0,2016.0,626,10.1000/anon1635
female,Engineering and Technology,2013.0,2013.0,627,10.1000/anon541
female,Medical and Health Sciences,2014.0,2014.0,628,10.1000/anon957
male,Medical and Health Sciences,2015.0,2015.0,629,10.1000/anon2746
male,Medical and Health Sciences,2015.0,2017.0,629,10.1000/anon1178
male,Engineering and Technology,2012.0,2012.0,630,10.1000/anon2219
male,Engineering and Technology,2012.0,2013.0,630,10.1000/anon2178
male,Engineering and Technology,2012.0,2014.0,630,10.1000/anon2376
male,Engineering and Technology,2012.0,2014.0,630,10.1000/anon2788
female,Natural Sciences,2013.0,2013.0,631,10.1000/anon1624
female,Natural Sciences,2013.0,2015.0,631,10.1000/anon1275
male,Engineering and Technology,2014.0,2014.0,632,10.1000/anon418
male,Natural Sciences,2014.0,2014.0,633,10.1000/anon146
male,Natural Sciences,2014.0,2014.0,633,10.1000/anon1443
male,Natural Sciences,2014.0,2014.0,633,10.1000/anon1083
male,Natural Sciences,2014.0,2014.0,633,10.1000/anon631
male,Natural Sciences,2014.0,2015.0,633,10.1000/anon568
male,Natural Sciences,2014.0,2015.0,633,10.1000/anon1954
male,Natural Sciences,2014.0,2016.0,633,10.1000/anon2400
male,Natural Sciences,2014.0,2016.0,633,10.1000/anon1617
male,Natural Sciences,2014.0,2016.0,633,10.1000/anon556
male,Natural Sciences,2014.0,2016.0,633,10.1000/anon754
male,Medical and Health Sciences,2015.0,2015.0,634,10.1000/anon2548
male,Medical and Health Sciences,2015.0,2015.0,634,10.1000/anon533
male,Medical and Health Sciences,2015.0,2015.0,634,10.1000/anon2288
male,Medical and Health Sciences,2015.0,2015.0,634,10.1000/anon1051
male,Medical and Health Sciences,2015.0,2016.0,634,10.1000/anon211
male,Medical and Health Sciences,2015.0,2017.0,634,10.1000/anon2563
male,Medical and Health Sciences,2015.0,2017.0,634,10.1000/anon631
male,Medical and Health Sciences,2016.0,2016.0,635,10.1000/anon27
female,Medical and Health Sciences,2012.0,2012.0,636,10.1000/anon1038
female,Medical and Health Sciences,2012.0,2012.0,636,10.1000/anon810
female,Medical and Health Sciences,2012.0,2012.0,636,10.1000/anon2367
female,Medical and Health Sciences,2012.0,2014.0,636,10.1000/anon1105
female,Natural Sciences,2013.0,2013.0,637,10.1000/anon2230
female,Natural Sciences,2013.0,2014.0,637,10.1000/anon1918
female,Natural Sciences,2013.0,2014.0,637,10.1000/anon737
female,Natural Sciences,2013.0,2015.0,637,10.1000/anon2265
male,Engineering and Technology,2012.0,2012.0,638,10.1000/anon2052
male,Engineering and Technology,2012.0,2013.0,638,10.1000/anon2199
female,Agricultural Sciences,2016.0,2016.0,639,10.1000/anon2224
male,Natural Sciences,2014.0,2014.0,640,10.1000/anon92
male,Medical and Health Sciences,2014.0,2014.0,641,10.1000/anon2540
female,Medical and Health Sciences,2015.0,2015.0,642,10.1000/anon1177
male,Natural Sciences,2015.0,2015.0,643,10.1000/anon505
male,Natural Sciences,2015.0,2016.0,643,10.1000/anon2620
male,Natural Sciences,2015.0,2016.0,643,10.1000/anon1535
male,Natural Sciences,2015.0,2016.0,643,10.1000/anon2437
male,Natural Sciences,2015.0,2017.0,643,10.1000/anon1737
male,Natural Sciences,2015.0,2017.0,643,10.1000/anon1169
male,Natural Sciences,2015.0,2017.0,643,10.1000/anon631
male,Natural Sciences,2015.0,2017.0,643,10.1000/anon2186
male,Medical and Health Sciences,2014.0,2014.0,644,10.1000/anon2295
male,Medical and Health Sciences,2014.0,2014.0,644,10.1000/anon633
male,Medical and Health Sciences,2014.0,2014.0,644,10.1000/anon2457
male,Medical and Health Sciences,2014.0,2016.0,644,10.1000/anon1500
male,Medical and Health Sciences,2014.0,2016.0,644,10.1000/anon1064
male,Medical and Health Sciences,2014.0,2016.0,644,10.1000/anon824
male,Medical and Health Sciences,2014.0,2016.0,644,10.1000/anon1658
male,Medical and Health Sciences,2014.0,2016.0,644,10.1000/anon489
male,Medical and Health Sciences,2014.0,2016.0,644,10.1000/anon315
male,Medical and Health Sciences,2014.0,2016.0,644,10.1000/anon423
male,Medical and Health Sciences,2014.0,2016.0,644,10.1000/anon1181
male,Medical and Health Sciences,2012.0,2012.0,645,10.1000/anon521
male,Natural Sciences,2015.0,2015.0,646,10.1000/anon370
male,Natural Sciences,2014.0,2014.0,647,10.1000/anon2694
male,Natural Sciences,2014.0,2014.0,648,10.1000/anon61
male,Natural Sciences,2014.0,2014.0,648,10.1000/anon811
male,Natural Sciences,2014.0,2014.0,648,10.1000/anon247
male,Natural Sciences,2014.0,2014.0,648,10.1000/anon799
male,Natural Sciences,2014.0,2015.0,648,10.1000/anon176
male,Natural Sciences,2014.0,2015.0,648,10.1000/anon1268
male,Natural Sciences,2014.0,2015.0,648,10.1000/anon2763
male,Natural Sciences,2014.0,2015.0,648,10.1000/anon2049
male,Natural Sciences,2014.0,2015.0,648,10.1000/anon2423
male,Natural Sciences,2014.0,2015.0,648,10.1000/anon1929
male,Natural Sciences,2014.0,2016.0,648,10.1000/anon2248
male,Natural Sciences,2014.0,2016.0,648,10.1000/anon1258
male,Medical and Health Sciences,2013.0,2013.0,649,10.1000/anon856
female,Medical and Health Sciences,2016.0,2016.0,650,10.1000/anon2033
male,Natural Sciences,2013.0,2013.0,651,10.1000/anon2533
male,Natural Sciences,2013.0,2014.0,651,10.1000/anon202
male,Natural Sciences,2013.0,2014.0,651,10.1000/anon2284
male,Natural Sciences,2013.0,2015.0,651,10.1000/anon2779
male,Natural Sciences,2013.0,2015.0,651,10.1000/anon807
male,Medical and Health Sciences,2013.0,2013.0,652,10.1000/anon2038
male,Medical and Health Sciences,2013.0,2014.0,652,10.1000/anon1342
male,Medical and Health Sciences,2013.0,2015.0,652,10.1000/anon631
female,Natural Sciences,2015.0,2015.0,653,10.1000/anon1613
female,Natural Sciences,2015.0,2016.0,653,10.1000/anon1507
female,Natural Sciences,2015.0,2017.0,653,10.1000/anon526
female,Natural Sciences,2015.0,2017.0,653,10.1000/anon1594
female,Natural Sciences,2015.0,2017.0,653,10.1000/anon1425
male,Natural Sciences,2012.0,2012.0,654,10.1000/anon2751
male,Natural Sciences,2012.0,2013.0,654,10.1000/anon658
male,Natural Sciences,2012.0,2013.0,654,10.1000/anon194
male,Natural Sciences,2012.0,2014.0,654,10.1000/anon1483
male,Natural Sciences,2012.0,2012.0,655,10.1000/anon2323
male,Natural Sciences,2012.0,2012.0,655,10.1000/anon2062
male,Natural Sciences,2012.0,2013.0,655,10.1000/anon1606
female,Medical and Health Sciences,2014.0,2014.0,656,10.1000/anon2374
male,Natural Sciences,2014.0,2014.0,657,10.1000/anon1394
male,Engineering and Technology,2016.0,2016.0,658,10.1000/anon2249
male,Natural Sciences,2012.0,2012.0,659,10.1000/anon175
male,Natural Sciences,2012.0,2013.0,659,10.1000/anon2130
male,Natural Sciences,2012.0,2014.0,659,10.1000/anon2306
male,Natural Sciences,2012.0,2014.0,659,10.1000/anon643
male,Natural Sciences,2012.0,2014.0,659,10.1000/anon18
male,Natural Sciences,2014.0,2014.0,660,10.1000/anon1122
male,Natural Sciences,2014.0,2014.0,660,10.1000/anon2026
male,Natural Sciences,2014.0,2015.0,660,10.1000/anon482
male,Natural Sciences,2014.0,2015.0,660,10.1000/anon2658
male,Natural Sciences,2014.0,2016.0,660,10.1000/anon598
male,Natural Sciences,2012.0,2012.0,661,10.1000/anon238
female,Natural Sciences,2013.0,2013.0,662,10.1000/anon2128
female,Natural Sciences,2013.0,2013.0,662,10.1000/anon34
female,Natural Sciences,2013.0,2013.0,663,10.1000/anon2172
female,Natural Sciences,2013.0,2014.0,663,10.1000/anon1276
female,Natural Sciences,2013.0,2014.0,663,10.1000/anon2235
female,Natural Sciences,2013.0,2015.0,663,10.1000/anon756
female,Natural Sciences,2013.0,2015.0,663,10.1000/anon702
female,Natural Sciences,2013.0,2015.0,663,10.1000/anon2022
female,Natural Sciences,2016.0,2016.0,664,10.1000/anon1415
female,Natural Sciences,2016.0,2016.0,664,10.1000/anon1884
female,Natural Sciences,2016.0,2017.0,664,10.1000/anon1853
female,Natural Sciences,2016.0,2017.0,664,10.1000/anon534
female,Natural Sciences,2016.0,2017.0,664,10.1000/anon1684
female,Natural Sciences,2016.0,2017.0,664,10.1000/anon2427
female,Natural Sciences,2016.0,2018.0,664,10.1000/anon700
female,Natural Sciences,2016.0,2018.0,664,10.1000/anon2260
female,Natural Sciences,2016.0,2018.0,664,10.1000/anon1092
male,Natural Sciences,2012.0,2012.0,665,10.1000/anon927
male,Medical and Health Sciences,2013.0,2013.0,666,10.1000/anon1714
male,Medical and Health Sciences,2013.0,2014.0,666,10.1000/anon1988
male,Engineering and Technology,2012.0,2012.0,667,10.1000/anon311
male,Engineering and Technology,2016.0,2016.0,668,10.1000/anon2075
female,Natural Sciences,2015.0,2015.0,669,10.1000/anon2011
female,Natural Sciences,2015.0,2016.0,669,10.1000/anon1324
female,Natural Sciences,2015.0,2017.0,669,10.1000/anon1529
female,Medical and Health Sciences,2012.0,2012.0,670,10.1000/anon69
male,Natural Sciences,2014.0,2014.0,671,10.1000/anon547
female,Social Sciences,2012.0,2012.0,672,10.1000/anon763
female,Medical and Health Sciences,2013.0,2013.0,673,10.1000/anon1424
female,Medical and Health Sciences,2013.0,2014.0,673,10.1000/anon2661
female,Medical and Health Sciences,2013.0,2014.0,673,10.1000/anon1042
female,Medical and Health Sciences,2013.0,2015.0,673,10.1000/anon2292
female,Medical and Health Sciences,2013.0,2015.0,673,10.1000/anon1837
female,Medical and Health Sciences,2012.0,2012.0,674,10.1000/anon408
female,Medical and Health Sciences,2012.0,2013.0,674,10.1000/anon2202
female,Medical and Health Sciences,2015.0,2015.0,675,10.1000/anon250
male,Medical and Health Sciences,2014.0,2014.0,676,10.1000/anon1391
male,Natural Sciences,2013.0,2013.0,677,10.1000/anon1453
male,Natural Sciences,2013.0,2014.0,677,10.1000/anon951
male,Natural Sciences,2013.0,2014.0,677,10.1000/anon1218
male,Natural Sciences,2013.0,2014.0,677,10.1000/anon1383
male,Natural Sciences,2013.0,2015.0,677,10.1000/anon1877
male,Natural Sciences,2013.0,2015.0,677,10.1000/anon226
male,Agricultural Sciences,2016.0,2016.0,678,10.1000/anon2583
male,Natural Sciences,2013.0,2013.0,679,10.1000/anon2004
male,Medical and Health Sciences,2015.0,2015.0,680,10.1000/anon164
male,Medical and Health Sciences,2015.0,2017.0,680,10.1000/anon1991
female,Medical and Health Sciences,2015.0,2015.0,681,10.1000/anon2468
female,Natural Sciences,2015.0,2015.0,682,10.1000/anon1333
male,Agricultural Sciences,2015.0,2015.0,683,10.1000/anon356
male,Agricultural Sciences,2015.0,2016.0,683,10.1000/anon1384
male,Agricultural Sciences,2015.0,2016.0,683,10.1000/anon1107
male,Agricultural Sciences,2015.0,2017.0,683,10.1000/anon893
male,Agricultural Sciences,2015.0,2017.0,683,10.1000/anon291
male,Agricultural Sciences,2015.0,2017.0,683,10.1000/anon920
male,Agricultural Sciences,2015.0,2017.0,683,10.1000/anon1282
male,Agricultural Sciences,2015.0,2017.0,683,10.1000/anon943
female,Medical and Health Sciences,2016.0,2016.0,684,10.1000/anon2055
female,Medical and Health Sciences,2016.0,2016.0,684,10.1000/anon1869
female,Medical and Health Sciences,2016.0,2016.0,684,10.1000/anon2157
female,Medical and Health Sciences,2016.0,2016.0,684,10.1000/anon2330
female,Medical and Health Sciences,2016.0,2016.0,684,10.1000/anon577
female,Medical and Health Sciences,2016.0,2017.0,684,10.1000/anon2414
female,Medical and Health Sciences,2016.0,2018.0,684,10.1000/anon263
male,Natural Sciences,2014.0,2014.0,685,10.1000/anon91
male,Natural Sciences,2014.0,2016.0,685,10.1000/anon296
female,Medical and Health Sciences,2014.0,2014.0,686,10.1000/anon2505
female,Medical and Health Sciences,2014.0,2015.0,686,10.1000/anon1504
female,Medical and Health Sciences,2014.0,2016.0,686,10.1000/anon981
female,Medical and Health Sciences,2014.0,2016.0,686,10.1000/anon96
female,Medical and Health Sciences,2014.0,2016.0,686,10.1000/anon879
female,Natural Sciences,2014.0,2014.0,687,10.1000/anon2393
female,Natural Sciences,2014.0,2015.0,687,10.1000/anon2407
female,Natural Sciences,2014.0,2016.0,687,10.1000/anon1964
female,Natural Sciences,2014.0,2016.0,687,10.1000/anon1331
male,Engineering and Technology,2014.0,2014.0,688,10.1000/anon1364
male,Engineering and Technology,2014.0,2015.0,688,10.1000/anon2213
male,Engineering and Technology,2014.0,2015.0,688,10.1000/anon523
male,Engineering and Technology,2014.0,2016.0,688,10.1000/anon972
male,Engineering and Technology,2014.0,2016.0,688,10.1000/anon1467
female,Natural Sciences,2012.0,2012.0,689,10.1000/anon2175
female,Medical and Health Sciences,2015.0,2015.0,690,10.1000/anon2209
female,Medical and Health Sciences,2015.0,2016.0,690,10.1000/anon1407
female,Medical and Health Sciences,2015.0,2016.0,690,10.1000/anon412
female,Medical and Health Sciences,2015.0,2016.0,690,10.1000/anon2170
female,Medical and Health Sciences,2015.0,2017.0,690,10.1000/anon1511
male,Medical and Health Sciences,2012.0,2012.0,691,10.1000/anon1881
male,Medical and Health Sciences,2012.0,2012.0,691,10.1000/anon38
male,Medical and Health Sciences,2012.0,2013.0,691,10.1000/anon343
male,Medical and Health Sciences,2012.0,2013.0,691,10.1000/anon1514
male,Medical and Health Sciences,2012.0,2013.0,691,10.1000/anon2036
female,Medical and Health Sciences,2013.0,2013.0,692,10.1000/anon2511
male,Medical and Health Sciences,2016.0,2016.0,693,10.1000/anon138
male,Medical and Health Sciences,2016.0,2018.0,693,10.1000/anon1854
male,Medical and Health Sciences,2016.0,2018.0,693,10.1000/anon435
male,Natural Sciences,2012.0,2012.0,694,10.1000/anon1460
male,Natural Sciences,2012.0,2013.0,694,10.1000/anon631
male,Natural Sciences,2012.0,2013.0,694,10.1000/anon909
male,Natural Sciences,2012.0,2013.0,694,10.1000/anon379
male,Engineering and Technology,2016.0,2016.0,695,10.1000/anon1217
male,Engineering and Technology,2016.0,2016.0,695,10.1000/anon2462
male,Engineering and Technology,2016.0,2016.0,695,10.1000/anon462
male,Engineering and Technology,2016.0,2017.0,695,10.1000/anon1604
male,Engineering and Technology,2016.0,2017.0,695,10.1000/anon2340
male,Engineering and Technology,2016.0,2017.0,695,10.1000/anon1664
male,Engineering and Technology,2016.0,2017.0,695,10.1000/anon411
male,Engineering and Technology,2016.0,2018.0,695,10.1000/anon199
male,Engineering and Technology,2016.0,2018.0,695,10.1000/anon2740
male,Natural Sciences,2016.0,2016.0,696,10.1000/anon2498
male,Natural Sciences,2013.0,2013.0,697,10.1000/anon1666
male,Natural Sciences,2013.0,2013.0,697,10.1000/anon2227
male,Natural Sciences,2013.0,2014.0,697,10.1000/anon1473
male,Natural Sciences,2013.0,2014.0,697,10.1000/anon866
male,Natural Sciences,2013.0,2015.0,697,10.1000/anon910
male,Natural Sciences,2013.0,2015.0,697,10.1000/anon2669
female,Medical and Health Sciences,2016.0,2016.0,698,10.1000/anon463
male,Natural Sciences,2012.0,2012.0,699,10.1000/anon2187
male,Natural Sciences,2014.0,2014.0,700,10.1000/anon1893
male,Agricultural Sciences,2012.0,2012.0,701,10.1000/anon545
male,Engineering and Technology,2014.0,2014.0,702,10.1000/anon1455
male,Engineering and Technology,2014.0,2015.0,702,10.1000/anon2477
male,Engineering and Technology,2014.0,2015.0,702,10.1000/anon1841
male,Engineering and Technology,2014.0,2016.0,702,10.1000/anon1461
male,Engineering and Technology,2014.0,2016.0,702,10.1000/anon2681
male,Engineering and Technology,2014.0,2016.0,702,10.1000/anon2569
male,Engineering and Technology,2014.0,2016.0,702,10.1000/anon2331
male,Engineering and Technology,2014.0,2016.0,702,10.1000/anon851
male,Engineering and Technology,2014.0,2016.0,702,10.1000/anon1274
male,Natural Sciences,2013.0,2013.0,703,10.1000/anon2133
male,Natural Sciences,2013.0,2013.0,704,10.1000/anon1400
male,Natural Sciences,2013.0,2014.0,704,10.1000/anon237
male,Natural Sciences,2013.0,2015.0,704,10.1000/anon108
female,Natural Sciences,2013.0,2013.0,705,10.1000/anon329
male,Medical and Health Sciences,2013.0,2013.0,706,10.1000/anon1134
female,Natural Sciences,2015.0,2015.0,707,10.1000/anon2600
female,Natural Sciences,2015.0,2015.0,707,10.1000/anon2025
female,Natural Sciences,2015.0,2017.0,707,10.1000/anon2016
female,Natural Sciences,2012.0,2012.0,708,10.1000/anon648
female,Natural Sciences,2012.0,2013.0,708,10.1000/anon22
male,Natural Sciences,2014.0,2014.0,709,10.1000/anon638
male,Medical and Health Sciences,2016.0,2016.0,710,10.1000/anon1406
male,Medical and Health Sciences,2016.0,2016.0,710,10.1000/anon1188
male,Medical and Health Sciences,2016.0,2016.0,710,10.1000/anon2766
male,Medical and Health Sciences,2016.0,2016.0,710,10.1000/anon572
male,Medical and Health Sciences,2016.0,2017.0,710,10.1000/anon699
male,Medical and Health Sciences,2016.0,2018.0,710,10.1000/anon2192
male,Medical and Health Sciences,2015.0,2015.0,711,10.1000/anon524
male,Natural Sciences,2016.0,2016.0,712,10.1000/anon66
female,Natural Sciences,2013.0,2013.0,713,10.1000/anon1004
female,Natural Sciences,2013.0,2015.0,713,10.1000/anon1300
male,Medical and Health Sciences,2014.0,2014.0,714,10.1000/anon1904
male,Medical and Health Sciences,2014.0,2015.0,714,10.1000/anon1148
male,Natural Sciences,2013.0,2013.0,715,10.1000/anon2074
female,Medical and Health Sciences,2014.0,2014.0,716,10.1000/anon794
male,Engineering and Technology,2012.0,2012.0,717,10.1000/anon2401
male,Engineering and Technology,2012.0,2012.0,717,10.1000/anon2369
male,Engineering and Technology,2012.0,2012.0,717,10.1000/anon496
male,Engineering and Technology,2012.0,2012.0,717,10.1000/anon298
male,Engineering and Technology,2012.0,2013.0,717,10.1000/anon2539
male,Engineering and Technology,2014.0,2014.0,718,10.1000/anon1343
male,Engineering and Technology,2014.0,2014.0,718,10.1000/anon631
male,Engineering and Technology,2014.0,2014.0,718,10.1000/anon1196
male,Engineering and Technology,2014.0,2015.0,718,10.1000/anon631
male,Engineering and Technology,2014.0,2016.0,718,10.1000/anon631
male,Engineering and Technology,2014.0,2016.0,718,10.1000/anon168
female,Medical and Health Sciences,2012.0,2012.0,719,10.1000/anon881
female,Medical and Health Sciences,2012.0,2012.0,719,10.1000/anon2250
female,Medical and Health Sciences,2012.0,2013.0,719,10.1000/anon136
female,Medical and Health Sciences,2012.0,2013.0,719,10.1000/anon2781
female,Medical and Health Sciences,2012.0,2013.0,719,10.1000/anon636
female,Medical and Health Sciences,2012.0,2014.0,719,10.1000/anon717
male,Natural Sciences,2016.0,2016.0,720,10.1000/anon218
male,Natural Sciences,2016.0,2016.0,720,10.1000/anon2703
male,Natural Sciences,2016.0,2017.0,720,10.1000/anon206
male,Natural Sciences,2016.0,2017.0,720,10.1000/anon1812
male,Natural Sciences,2016.0,2018.0,720,10.1000/anon2354
male,Natural Sciences,2016.0,2018.0,720,10.1000/anon1167
male,Medical and Health Sciences,2014.0,2014.0,721,10.1000/anon1139
male,Medical and Health Sciences,2014.0,2015.0,721,10.1000/anon726
male,Medical and Health Sciences,2014.0,2016.0,721,10.1000/anon217
male,Medical and Health Sciences,2014.0,2016.0,721,10.1000/anon1648
male,Medical and Health Sciences,2016.0,2016.0,722,10.1000/anon1150
male,Medical and Health Sciences,2016.0,2017.0,722,10.1000/anon2019
male,Medical and Health Sciences,2016.0,2017.0,722,10.1000/anon244
male,Medical and Health Sciences,2016.0,2017.0,722,10.1000/anon1975
male,Medical and Health Sciences,2016.0,2017.0,722,10.1000/anon1200
male,Medical and Health Sciences,2016.0,2018.0,722,10.1000/anon2425
male,Medical and Health Sciences,2016.0,2018.0,722,10.1000/anon1262
male,Medical and Health Sciences,2016.0,2018.0,722,10.1000/anon210
male,Medical and Health Sciences,2015.0,2015.0,723,10.1000/anon884
male,Medical and Health Sciences,2015.0,2016.0,723,10.1000/anon2131
male,Medical and Health Sciences,2015.0,2016.0,723,10.1000/anon2745
male,Medical and Health Sciences,2015.0,2016.0,723,10.1000/anon2194
male,Medical and Health Sciences,2013.0,2013.0,724,10.1000/anon1526
female,Natural Sciences,2012.0,2012.0,725,10.1000/anon1731
female,Natural Sciences,2012.0,2012.0,725,10.1000/anon1903
female,Natural Sciences,2012.0,2012.0,725,10.1000/anon2056
female,Natural Sciences,2012.0,2012.0,725,10.1000/anon1102
female,Natural Sciences,2012.0,2012.0,725,10.1000/anon2574
female,Natural Sciences,2012.0,2012.0,725,10.1000/anon611
female,Natural Sciences,2012.0,2012.0,725,10.1000/anon2102
female,Natural Sciences,2012.0,2013.0,725,10.1000/anon1180
female,Natural Sciences,2012.0,2013.0,725,10.1000/anon1402
female,Natural Sciences,2012.0,2013.0,725,10.1000/anon1888
female,Natural Sciences,2012.0,2013.0,725,10.1000/anon2732
female,Natural Sciences,2012.0,2013.0,725,10.1000/anon494
female,Natural Sciences,2012.0,2014.0,725,10.1000/anon608
female,Natural Sciences,2012.0,2014.0,725,10.1000/anon1109
female,Natural Sciences,2012.0,2014.0,725,10.1000/anon1701
male,Natural Sciences,2015.0,2015.0,726,10.1000/anon642
male,Medical and Health Sciences,2016.0,2016.0,727,10.1000/anon1215
male,Medical and Health Sciences,2014.0,2014.0,728,10.1000/anon2736
female,Social Sciences,2015.0,2015.0,729,10.1000/anon897
female,Social Sciences,2015.0,2015.0,729,10.1000/anon1727
female,Social Sciences,2015.0,2016.0,729,10.1000/anon1614
male,Natural Sciences,2013.0,2013.0,730,10.1000/anon1250
male,Natural Sciences,2013.0,2013.0,730,10.1000/anon631
male,Natural Sciences,2013.0,2014.0,730,10.1000/anon2042
male,Natural Sciences,2013.0,2014.0,730,10.1000/anon668
male,Natural Sciences,2013.0,2014.0,730,10.1000/anon2428
male,Natural Sciences,2013.0,2014.0,730,10.1000/anon1242
male,Natural Sciences,2013.0,2014.0,730,10.1000/anon2764
male,Natural Sciences,2013.0,2015.0,730,10.1000/anon1886
male,Natural Sciences,2013.0,2015.0,730,10.1000/anon631
male,Natural Sciences,2013.0,2015.0,730,10.1000/anon181
male,Natural Sciences,2013.0,2015.0,730,10.1000/anon1438
male,Natural Sciences,2013.0,2015.0,730,10.1000/anon2129
male,Medical and Health Sciences,2012.0,2012.0,731,10.1000/anon438
male,Medical and Health Sciences,2012.0,2012.0,731,10.1000/anon487
male,Medical and Health Sciences,2012.0,2013.0,731,10.1000/anon814
male,Medical and Health Sciences,2015.0,2015.0,732,10.1000/anon2573
female,Medical and Health Sciences,2012.0,2012.0,733,10.1000/anon1036
female,Medical and Health Sciences,2012.0,2014.0,733,10.1000/anon775
male,Medical and Health Sciences,2015.0,2015.0,734,10.1000/anon155
male,Medical and Health Sciences,2015.0,2017.0,734,10.1000/anon83
male,Medical and Health Sciences,2015.0,2017.0,734,10.1000/anon2514
male,Medical and Health Sciences,2015.0,2017.0,734,10.1000/anon100
male,Medical and Health Sciences,2015.0,2017.0,734,10.1000/anon748
male,Medical and Health Sciences,2013.0,2013.0,735,10.1000/anon104
male,Natural Sciences,2013.0,2013.0,736,10.1000/anon1654
male,Natural Sciences,2013.0,2015.0,736,10.1000/anon1310
male,Medical and Health Sciences,2014.0,2014.0,737,10.1000/anon2502
male,Medical and Health Sciences,2014.0,2015.0,737,10.1000/anon1712
male,Medical and Health Sciences,2014.0,2016.0,737,10.1000/anon1182
male,Medical and Health Sciences,2014.0,2016.0,737,10.1000/anon186
male,Medical and Health Sciences,2014.0,2016.0,737,10.1000/anon1973
male,Engineering and Technology,2014.0,2014.0,738,10.1000/anon2282
male,Engineering and Technology,2014.0,2015.0,738,10.1000/anon2103
male,Engineering and Technology,2014.0,2016.0,738,10.1000/anon166
male,Engineering and Technology,2014.0,2016.0,738,10.1000/anon331
male,Engineering and Technology,2014.0,2016.0,738,10.1000/anon847
male,Engineering and Technology,2014.0,2016.0,738,10.1000/anon2158
male,Natural Sciences,2013.0,2013.0,739,10.1000/anon1629
male,Natural Sciences,2013.0,2014.0,739,10.1000/anon1584
female,Agricultural Sciences,2012.0,2012.0,740,10.1000/anon1316
female,Agricultural Sciences,2012.0,2014.0,740,10.1000/anon2028
female,Agricultural Sciences,2012.0,2014.0,740,10.1000/anon1674
female,Medical and Health Sciences,2013.0,2013.0,741,10.1000/anon828
male,Medical and Health Sciences,2012.0,2012.0,742,10.1000/anon2488
male,Medical and Health Sciences,2012.0,2012.0,742,10.1000/anon2313
male,Medical and Health Sciences,2012.0,2012.0,742,10.1000/anon446
male,Medical and Health Sciences,2012.0,2013.0,742,10.1000/anon143
male,Medical and Health Sciences,2012.0,2013.0,742,10.1000/anon1409
male,Medical and Health Sciences,2012.0,2013.0,742,10.1000/anon305
male,Medical and Health Sciences,2012.0,2013.0,742,10.1000/anon2657
male,Medical and Health Sciences,2012.0,2013.0,742,10.1000/anon1326
male,Medical and Health Sciences,2012.0,2013.0,742,10.1000/anon1730
male,Medical and Health Sciences,2012.0,2013.0,742,10.1000/anon169
male,Medical and Health Sciences,2012.0,2013.0,742,10.1000/anon739
male,Medical and Health Sciences,2012.0,2013.0,742,10.1000/anon450
male,Medical and Health Sciences,2012.0,2014.0,742,10.1000/anon2565
male,Medical and Health Sciences,2012.0,2014.0,742,10.1000/anon110
male,Medical and Health Sciences,2012.0,2014.0,742,10.1000/anon1963
male,Medical and Health Sciences,2012.0,2014.0,742,10.1000/anon1023
male,Medical and Health Sciences,2012.0,2014.0,742,10.1000/anon2256
female,Natural Sciences,2014.0,2014.0,743,10.1000/anon780
male,Engineering and Technology,2013.0,2013.0,744,10.1000/anon233
male,Engineering and Technology,2013.0,2014.0,744,10.1000/anon750
male,Engineering and Technology,2013.0,2014.0,744,10.1000/anon340
male,Engineering and Technology,2013.0,2015.0,744,10.1000/anon2489
female,Medical and Health Sciences,2012.0,2012.0,745,10.1000/anon2005
female,Medical and Health Sciences,2012.0,2013.0,745,10.1000/anon1392
female,Medical and Health Sciences,2012.0,2013.0,745,10.1000/anon1972
female,Medical and Health Sciences,2012.0,2013.0,745,10.1000/anon2523
female,Medical and Health Sciences,2012.0,2013.0,745,10.1000/anon517
female,Medical and Health Sciences,2012.0,2013.0,745,10.1000/anon368
female,Medical and Health Sciences,2012.0,2013.0,745,10.1000/anon2613
female,Medical and Health Sciences,2012.0,2013.0,745,10.1000/anon2154
female,Medical and Health Sciences,2012.0,2013.0,745,10.1000/anon654
female,Medical and Health Sciences,2012.0,2014.0,745,10.1000/anon1563
female,Medical and Health Sciences,2012.0,2014.0,745,10.1000/anon184
female,Medical and Health Sciences,2012.0,2014.0,745,10.1000/anon1946
female,Medical and Health Sciences,2012.0,2014.0,745,10.1000/anon2319
female,Medical and Health Sciences,2012.0,2014.0,745,10.1000/anon117
female,Medical and Health Sciences,2012.0,2014.0,745,10.1000/anon704
female,Medical and Health Sciences,2012.0,2014.0,745,10.1000/anon85
female,Medical and Health Sciences,2012.0,2014.0,745,10.1000/anon1661
female,Medical and Health Sciences,2012.0,2014.0,745,10.1000/anon554
female,Medical and Health Sciences,2012.0,2014.0,745,10.1000/anon429
female,Medical and Health Sciences,2012.0,2014.0,745,10.1000/anon964
female,Medical and Health Sciences,2012.0,2014.0,745,10.1000/anon82
male,Agricultural Sciences,2013.0,2013.0,746,10.1000/anon2562
male,Agricultural Sciences,2013.0,2015.0,746,10.1000/anon2515
male,Agricultural Sciences,2013.0,2015.0,746,10.1000/anon2108
male,Medical and Health Sciences,2013.0,2013.0,747,10.1000/anon2445
male,Medical and Health Sciences,2013.0,2014.0,747,10.1000/anon1005
male,Medical and Health Sciences,2013.0,2014.0,747,10.1000/anon967
male,Medical and Health Sciences,2013.0,2015.0,747,10.1000/anon1519
female,Natural Sciences,2016.0,2016.0,748,10.1000/anon2344
female,Natural Sciences,2016.0,2016.0,748,10.1000/anon650
female,Natural Sciences,2016.0,2017.0,748,10.1000/anon3
female,Natural Sciences,2016.0,2017.0,748,10.1000/anon1548
female,Natural Sciences,2016.0,2017.0,748,10.1000/anon1119
female,Natural Sciences,2016.0,2018.0,748,10.1000/anon691
female,Natural Sciences,2016.0,2018.0,748,10.1000/anon585
female,Natural Sciences,2016.0,2018.0,748,10.1000/anon823
male,Natural Sciences,2015.0,2015.0,749,10.1000/anon2035
male,Natural Sciences,2015.0,2016.0,749,10.1000/anon333
female,Natural Sciences,2016.0,2016.0,750,10.1000/anon151
female,Natural Sciences,2016.0,2016.0,750,10.1000/anon631
female,Natural Sciences,2016.0,2018.0,750,10.1000/anon841
male,Natural Sciences,2015.0,2015.0,751,10.1000/anon624
male,Natural Sciences,2015.0,2017.0,751,10.1000/anon962
male,Humanities,2014.0,2014.0,752,10.1000/anon2241
male,Natural Sciences,2012.0,2012.0,753,10.1000/anon401
male,Medical and Health Sciences,2013.0,2013.0,754,10.1000/anon7
male,Medical and Health Sciences,2013.0,2013.0,754,10.1000/anon1416
male,Medical and Health Sciences,2013.0,2014.0,754,10.1000/anon583
female,Medical and Health Sciences,2013.0,2013.0,755,10.1000/anon543
male,Natural Sciences,2014.0,2014.0,756,10.1000/anon2317
male,Natural Sciences,2014.0,2014.0,756,10.1000/anon594
male,Natural Sciences,2014.0,2014.0,756,10.1000/anon1405
male,Natural Sciences,2014.0,2014.0,756,10.1000/anon2317
male,Natural Sciences,2014.0,2014.0,756,10.1000/anon594
male,Natural Sciences,2014.0,2014.0,756,10.1000/anon1405
male,Natural Sciences,2014.0,2014.0,757,10.1000/anon313
female,Medical and Health Sciences,2013.0,2013.0,758,10.1000/anon367
female,Medical and Health Sciences,2013.0,2014.0,758,10.1000/anon631
female,Medical and Health Sciences,2013.0,2015.0,758,10.1000/anon2591
male,Medical and Health Sciences,2013.0,2013.0,759,10.1000/anon711
male,Medical and Health Sciences,2013.0,2014.0,759,10.1000/anon631
male,Medical and Health Sciences,2013.0,2014.0,759,10.1000/anon2624
male,Medical and Health Sciences,2013.0,2015.0,759,10.1000/anon2480
male,Medical and Health Sciences,2013.0,2015.0,759,10.1000/anon734
male,Natural Sciences,2014.0,2014.0,760,10.1000/anon1650
female,Social Sciences,2016.0,2016.0,761,10.1000/anon1352
male,Social Sciences,2012.0,2012.0,762,10.1000/anon551
male,Social Sciences,2012.0,2013.0,762,10.1000/anon562
male,Medical and Health Sciences,2015.0,2015.0,763,10.1000/anon1024
male,Medical and Health Sciences,2015.0,2015.0,763,10.1000/anon631
male,Natural Sciences,2015.0,2015.0,764,10.1000/anon1646
male,Natural Sciences,2015.0,2016.0,764,10.1000/anon2262
male,Natural Sciences,2015.0,2017.0,764,10.1000/anon1229
male,Natural Sciences,2015.0,2017.0,764,10.1000/anon2684
male,Natural Sciences,2015.0,2017.0,764,10.1000/anon15
male,Medical and Health Sciences,2012.0,2012.0,765,10.1000/anon387
male,Medical and Health Sciences,2012.0,2012.0,765,10.1000/anon1313
male,Medical and Health Sciences,2012.0,2012.0,765,10.1000/anon929
male,Medical and Health Sciences,2012.0,2012.0,765,10.1000/anon2757
male,Medical and Health Sciences,2012.0,2013.0,765,10.1000/anon385
male,Medical and Health Sciences,2012.0,2014.0,765,10.1000/anon602
male,Medical and Health Sciences,2012.0,2014.0,765,10.1000/anon1580
male,Medical and Health Sciences,2012.0,2014.0,765,10.1000/anon300
male,Natural Sciences,2013.0,2013.0,766,10.1000/anon2188
male,Natural Sciences,2013.0,2014.0,766,10.1000/anon1479
male,Natural Sciences,2013.0,2014.0,766,10.1000/anon570
male,Natural Sciences,2013.0,2014.0,766,10.1000/anon1804
male,Natural Sciences,2013.0,2015.0,766,10.1000/anon1120
male,Natural Sciences,2013.0,2015.0,766,10.1000/anon1720
male,Natural Sciences,2013.0,2015.0,766,10.1000/anon2794
male,Natural Sciences,2013.0,2015.0,766,10.1000/anon1000
male,Natural Sciences,2013.0,2015.0,766,10.1000/anon800
male,Natural Sciences,2013.0,2015.0,766,10.1000/anon1179
male,Natural Sciences,2013.0,2015.0,766,10.1000/anon79
male,Natural Sciences,2013.0,2015.0,766,10.1000/anon1583
male,Natural Sciences,2012.0,2012.0,767,10.1000/anon724
female,Agricultural Sciences,2012.0,2012.0,768,10.1000/anon123
female,Agricultural Sciences,2012.0,2014.0,768,10.1000/anon386
female,Natural Sciences,2013.0,2013.0,769,10.1000/anon1077
female,Natural Sciences,2013.0,2014.0,769,10.1000/anon1255
female,Natural Sciences,2013.0,2015.0,769,10.1000/anon876
female,Natural Sciences,2016.0,2016.0,770,10.1000/anon417
female,Natural Sciences,2016.0,2016.0,770,10.1000/anon525
female,Natural Sciences,2016.0,2017.0,770,10.1000/anon480
female,Natural Sciences,2016.0,2017.0,770,10.1000/anon1517
female,Natural Sciences,2016.0,2017.0,770,10.1000/anon2768
female,Natural Sciences,2016.0,2018.0,770,10.1000/anon1912
female,Natural Sciences,2016.0,2018.0,770,10.1000/anon1764
male,Natural Sciences,2012.0,2012.0,771,10.1000/anon427
male,Humanities,2013.0,2013.0,772,10.1000/anon1026
male,Medical and Health Sciences,2016.0,2016.0,773,10.1000/anon1238
male,Medical and Health Sciences,2016.0,2016.0,773,10.1000/anon2420
male,Medical and Health Sciences,2016.0,2017.0,773,10.1000/anon1785
male,Medical and Health Sciences,2016.0,2018.0,773,10.1000/anon1422
female,Natural Sciences,2015.0,2015.0,774,10.1000/anon1791
female,Natural Sciences,2015.0,2017.0,774,10.1000/anon2639
female,Natural Sciences,2015.0,2017.0,774,10.1000/anon1072
female,Natural Sciences,2015.0,2017.0,774,10.1000/anon122
male,Medical and Health Sciences,2013.0,2013.0,775,10.1000/anon2291
male,Medical and Health Sciences,2013.0,2014.0,775,10.1000/anon2755
male,Engineering and Technology,2016.0,2016.0,776,10.1000/anon2482
male,Medical and Health Sciences,2016.0,2016.0,777,10.1000/anon2481
female,Medical and Health Sciences,2012.0,2012.0,778,10.1000/anon1096
male,Medical and Health Sciences,2013.0,2013.0,779,10.1000/anon2461
female,Natural Sciences,2014.0,2014.0,780,10.1000/anon1321
female,Natural Sciences,2014.0,2016.0,780,10.1000/anon1285
female,Natural Sciences,2014.0,2016.0,780,10.1000/anon2722
female,Natural Sciences,2014.0,2016.0,780,10.1000/anon1173
male,Medical and Health Sciences,2014.0,2014.0,781,10.1000/anon995
male,Medical and Health Sciences,2014.0,2015.0,781,10.1000/anon1825
male,Natural Sciences,2015.0,2015.0,782,10.1000/anon1833
female,Natural Sciences,2013.0,2013.0,783,10.1000/anon2101
female,Natural Sciences,2013.0,2014.0,783,10.1000/anon802
male,Medical and Health Sciences,2012.0,2012.0,784,10.1000/anon2233
male,Medical and Health Sciences,2016.0,2016.0,785,10.1000/anon599
female,Natural Sciences,2015.0,2015.0,786,10.1000/anon2711
female,Natural Sciences,2015.0,2016.0,786,10.1000/anon1429
female,Natural Sciences,2015.0,2017.0,786,10.1000/anon1832
male,Medical and Health Sciences,2014.0,2014.0,787,10.1000/anon1630
male,Medical and Health Sciences,2014.0,2015.0,787,10.1000/anon601
male,Medical and Health Sciences,2014.0,2016.0,787,10.1000/anon742
male,Natural Sciences,2012.0,2012.0,788,10.1000/anon1090
male,Natural Sciences,2012.0,2012.0,788,10.1000/anon1039
male,Natural Sciences,2012.0,2012.0,788,10.1000/anon1900
male,Natural Sciences,2012.0,2013.0,788,10.1000/anon1174
female,Medical and Health Sciences,2015.0,2015.0,789,10.1000/anon2174
female,Medical and Health Sciences,2015.0,2015.0,789,10.1000/anon1759
female,Medical and Health Sciences,2015.0,2016.0,789,10.1000/anon24
female,Medical and Health Sciences,2015.0,2017.0,789,10.1000/anon294
male,Engineering and Technology,2014.0,2014.0,790,10.1000/anon1057
male,Engineering and Technology,2014.0,2014.0,790,10.1000/anon1050
male,Engineering and Technology,2014.0,2015.0,790,10.1000/anon1561
male,Engineering and Technology,2014.0,2016.0,790,10.1000/anon2706
female,Medical and Health Sciences,2013.0,2013.0,791,10.1000/anon365
female,Natural Sciences,2015.0,2015.0,792,10.1000/anon2365
female,Natural Sciences,2015.0,2017.0,792,10.1000/anon2733
female,Natural Sciences,2015.0,2017.0,792,10.1000/anon1495
female,Medical and Health Sciences,2016.0,2016.0,793,10.1000/anon1376
female,Medical and Health Sciences,2016.0,2017.0,793,10.1000/anon719
female,Medical and Health Sciences,2016.0,2017.0,793,10.1000/anon174
female,Medical and Health Sciences,2016.0,2018.0,793,10.1000/anon631
male,Natural Sciences,2012.0,2012.0,794,10.1000/anon1644
male,Medical and Health Sciences,2013.0,2013.0,795,10.1000/anon712
male,Medical and Health Sciences,2012.0,2012.0,796,10.1000/anon1265
female,Medical and Health Sciences,2015.0,2015.0,797,10.1000/anon75
female,Medical and Health Sciences,2015.0,2015.0,797,10.1000/anon197
female,Medical and Health Sciences,2015.0,2015.0,797,10.1000/anon1114
female,Medical and Health Sciences,2015.0,2016.0,797,10.1000/anon13
female,Medical and Health Sciences,2015.0,2016.0,797,10.1000/anon2341
female,Medical and Health Sciences,2015.0,2016.0,797,10.1000/anon182
female,Medical and Health Sciences,2015.0,2017.0,797,10.1000/anon1631
male,Natural Sciences,2015.0,2015.0,798,10.1000/anon999
male,Medical and Health Sciences,2012.0,2012.0,799,10.1000/anon840
male,Medical and Health Sciences,2012.0,2012.0,799,10.1000/anon703
male,Engineering and Technology,2012.0,2012.0,800,10.1000/anon1033
male,Engineering and Technology,2012.0,2014.0,800,10.1000/anon818
male,Engineering and Technology,2012.0,2014.0,800,10.1000/anon2121
male,Engineering and Technology,2012.0,2014.0,800,10.1000/anon1892
female,Natural Sciences,2015.0,2015.0,801,10.1000/anon1009
female,Agricultural Sciences,2012.0,2012.0,802,10.1000/anon612
female,Agricultural Sciences,2012.0,2013.0,802,10.1000/anon1297
female,Agricultural Sciences,2012.0,2013.0,802,10.1000/anon834
female,Agricultural Sciences,2012.0,2014.0,802,10.1000/anon2184
female,Agricultural Sciences,2012.0,2014.0,802,10.1000/anon1145
male,Natural Sciences,2012.0,2012.0,803,10.1000/anon671
male,Natural Sciences,2012.0,2012.0,803,10.1000/anon2682
male,Natural Sciences,2015.0,2015.0,804,10.1000/anon2667
male,Natural Sciences,2015.0,2016.0,804,10.1000/anon2252
male,Natural Sciences,2015.0,2017.0,804,10.1000/anon1523
male,Natural Sciences,2015.0,2017.0,804,10.1000/anon1885
male,Natural Sciences,2015.0,2017.0,804,10.1000/anon674
male,Natural Sciences,2015.0,2017.0,804,10.1000/anon2727
female,Natural Sciences,2016.0,2016.0,805,10.1000/anon772
female,Natural Sciences,2016.0,2018.0,805,10.1000/anon790
female,Natural Sciences,2016.0,2018.0,805,10.1000/anon1923
male,Natural Sciences,2013.0,2013.0,806,10.1000/anon1421
male,Natural Sciences,2013.0,2015.0,806,10.1000/anon1127
male,Medical and Health Sciences,2016.0,2016.0,807,10.1000/anon2395
male,Medical and Health Sciences,2016.0,2016.0,807,10.1000/anon953
male,Medical and Health Sciences,2016.0,2017.0,807,10.1000/anon1628
female,Natural Sciences,2012.0,2012.0,808,10.1000/anon705
female,Natural Sciences,2012.0,2013.0,808,10.1000/anon242
female,Natural Sciences,2012.0,2014.0,808,10.1000/anon2
female,Natural Sciences,2012.0,2014.0,808,10.1000/anon2605
female,Natural Sciences,2013.0,2013.0,809,10.1000/anon1934
female,Natural Sciences,2013.0,2014.0,809,10.1000/anon937
female,Natural Sciences,2013.0,2015.0,809,10.1000/anon1598
female,Natural Sciences,2013.0,2015.0,809,10.1000/anon2593
female,Natural Sciences,2013.0,2015.0,809,10.1000/anon1157
female,Natural Sciences,2013.0,2015.0,809,10.1000/anon1319
male,Agricultural Sciences,2016.0,2016.0,810,10.1000/anon478
female,Medical and Health Sciences,2012.0,2012.0,811,10.1000/anon1059
female,Medical and Health Sciences,2014.0,2014.0,812,10.1000/anon1426
female,Medical and Health Sciences,2014.0,2015.0,812,10.1000/anon2677
male,Natural Sciences,2013.0,2013.0,813,10.1000/anon2404
male,Natural Sciences,2013.0,2014.0,813,10.1000/anon2723
male,Natural Sciences,2013.0,2015.0,813,10.1000/anon1093
male,Natural Sciences,2013.0,2015.0,813,10.1000/anon2185
male,Natural Sciences,2013.0,2015.0,813,10.1000/anon2228
male,Natural Sciences,2016.0,2016.0,814,10.1000/anon949
male,Natural Sciences,2016.0,2018.0,814,10.1000/anon1910
male,Engineering and Technology,2014.0,2014.0,815,10.1000/anon323
male,Engineering and Technology,2014.0,2014.0,815,10.1000/anon1814
male,Engineering and Technology,2014.0,2015.0,815,10.1000/anon2610
male,Engineering and Technology,2014.0,2015.0,815,10.1000/anon2791
male,Engineering and Technology,2014.0,2015.0,815,10.1000/anon328
male,Engineering and Technology,2014.0,2015.0,815,10.1000/anon419
female,Medical and Health Sciences,2012.0,2012.0,816,10.1000/anon1396
male,Engineering and Technology,2016.0,2016.0,817,10.1000/anon2693
female,Natural Sciences,2014.0,2014.0,818,10.1000/anon2043
female,Medical and Health Sciences,2012.0,2012.0,819,10.1000/anon518
female,Medical and Health Sciences,2012.0,2013.0,819,10.1000/anon875
female,Medical and Health Sciences,2012.0,2013.0,819,10.1000/anon2077
female,Medical and Health Sciences,2012.0,2013.0,819,10.1000/anon2649
female,Medical and Health Sciences,2012.0,2013.0,819,10.1000/anon987
female,Medical and Health Sciences,2012.0,2013.0,819,10.1000/anon631
female,Medical and Health Sciences,2012.0,2014.0,819,10.1000/anon2180
female,Medical and Health Sciences,2012.0,2014.0,819,10.1000/anon124
female,Medical and Health Sciences,2013.0,2013.0,820,10.1000/anon1045
female,Medical and Health Sciences,2013.0,2013.0,820,10.1000/anon2438
female,Medical and Health Sciences,2013.0,2013.0,820,10.1000/anon1835
male,Social Sciences,2013.0,2013.0,821,10.1000/anon1829
female,Medical and Health Sciences,2012.0,2012.0,822,10.1000/anon275
female,Medical and Health Sciences,2012.0,2013.0,822,10.1000/anon1002
female,Medical and Health Sciences,2012.0,2014.0,822,10.1000/anon2785
male,Natural Sciences,2015.0,2015.0,823,10.1000/anon1836
male,Natural Sciences,2015.0,2015.0,823,10.1000/anon803
male,Natural Sciences,2015.0,2017.0,823,10.1000/anon2329
male,Natural Sciences,2015.0,2017.0,823,10.1000/anon293
female,Medical and Health Sciences,2015.0,2015.0,824,10.1000/anon14
female,Medical and Health Sciences,2015.0,2016.0,824,10.1000/anon2739
female,Medical and Health Sciences,2015.0,2015.0,825,10.1000/anon1481
female,Natural Sciences,2013.0,2013.0,826,10.1000/anon883
female,Medical and Health Sciences,2012.0,2012.0,827,10.1000/anon1984
male,Natural Sciences,2013.0,2013.0,828,10.1000/anon2601
male,Natural Sciences,2013.0,2014.0,828,10.1000/anon1754
male,Natural Sciences,2013.0,2014.0,828,10.1000/anon1442
male,Natural Sciences,2013.0,2014.0,828,10.1000/anon1690
male,Natural Sciences,2013.0,2014.0,828,10.1000/anon158
male,Natural Sciences,2013.0,2014.0,828,10.1000/anon2795
male,Natural Sciences,2013.0,2015.0,828,10.1000/anon1755
male,Natural Sciences,2013.0,2015.0,828,10.1000/anon639
male,Natural Sciences,2013.0,2015.0,828,10.1000/anon208
male,Natural Sciences,2013.0,2015.0,828,10.1000/anon204
male,Natural Sciences,2013.0,2015.0,828,10.1000/anon2418
male,Natural Sciences,2013.0,2015.0,828,10.1000/anon1919
male,Medical and Health Sciences,2016.0,2016.0,829,10.1000/anon1215
male,Medical and Health Sciences,2016.0,2017.0,829,10.1000/anon791
female,Medical and Health Sciences,2014.0,2014.0,830,10.1000/anon2625
female,Medical and Health Sciences,2014.0,2015.0,830,10.1000/anon468
female,Medical and Health Sciences,2014.0,2016.0,830,10.1000/anon302
male,Natural Sciences,2013.0,2013.0,831,10.1000/anon993
male,Natural Sciences,2013.0,2015.0,831,10.1000/anon390
male,Natural Sciences,2012.0,2012.0,832,10.1000/anon798
male,Natural Sciences,2014.0,2014.0,833,10.1000/anon578
male,Social Sciences,2012.0,2012.0,834,10.1000/anon25
female,Medical and Health Sciences,2014.0,2014.0,835,10.1000/anon1960
female,Medical and Health Sciences,2014.0,2016.0,835,10.1000/anon376
female,Natural Sciences,2016.0,2016.0,836,10.1000/anon54
male,Engineering and Technology,2012.0,2012.0,837,10.1000/anon353
male,Engineering and Technology,2012.0,2012.0,837,10.1000/anon1784
male,Engineering and Technology,2012.0,2013.0,837,10.1000/anon2143
female,Medical and Health Sciences,2013.0,2013.0,838,10.1000/anon62
female,Medical and Health Sciences,2013.0,2014.0,838,10.1000/anon2280
female,Medical and Health Sciences,2013.0,2014.0,838,10.1000/anon941
male,Medical and Health Sciences,2015.0,2015.0,839,10.1000/anon2020
male,Medical and Health Sciences,2013.0,2013.0,840,10.1000/anon2360
male,Medical and Health Sciences,2013.0,2014.0,840,10.1000/anon5
male,Medical and Health Sciences,2016.0,2016.0,841,10.1000/anon1260
male,Medical and Health Sciences,2016.0,2017.0,841,10.1000/anon1856
male,Medical and Health Sciences,2016.0,2017.0,841,10.1000/anon1883
male,Medical and Health Sciences,2016.0,2017.0,841,10.1000/anon1176
male,Medical and Health Sciences,2016.0,2017.0,841,10.1000/anon2448
male,Medical and Health Sciences,2016.0,2018.0,841,10.1000/anon859
male,Medical and Health Sciences,2016.0,2018.0,841,10.1000/anon455
male,Medical and Health Sciences,2016.0,2018.0,841,10.1000/anon1412
male,Medical and Health Sciences,2012.0,2012.0,842,10.1000/anon899
male,Medical and Health Sciences,2012.0,2013.0,842,10.1000/anon1193
male,Medical and Health Sciences,2012.0,2013.0,842,10.1000/anon1978
male,Medical and Health Sciences,2012.0,2014.0,842,10.1000/anon497
male,Medical and Health Sciences,2012.0,2014.0,842,10.1000/anon631
male,No_discipline_assigned,2013.0,2013.0,843,10.1000/anon1277
male,Engineering and Technology,2016.0,2016.0,844,10.1000/anon1485
male,Engineering and Technology,2016.0,2018.0,844,10.1000/anon1778
male,Engineering and Technology,2016.0,2018.0,844,10.1000/anon195
male,Natural Sciences,2013.0,2013.0,845,10.1000/anon1143
male,Natural Sciences,2013.0,2014.0,845,10.1000/anon507
male,Engineering and Technology,2014.0,2014.0,846,10.1000/anon603
female,Medical and Health Sciences,2014.0,2014.0,847,10.1000/anon1192
female,Medical and Health Sciences,2014.0,2015.0,847,10.1000/anon2298
female,Medical and Health Sciences,2014.0,2016.0,847,10.1000/anon392
male,Medical and Health Sciences,2012.0,2012.0,848,10.1000/anon2364
male,Medical and Health Sciences,2012.0,2012.0,848,10.1000/anon2149
male,Medical and Health Sciences,2012.0,2013.0,848,10.1000/anon2491
male,Medical and Health Sciences,2012.0,2013.0,848,10.1000/anon2350
male,Medical and Health Sciences,2012.0,2014.0,848,10.1000/anon936
male,Medical and Health Sciences,2016.0,2016.0,849,10.1000/anon1787
male,Medical and Health Sciences,2016.0,2016.0,849,10.1000/anon2654
male,Natural Sciences,2012.0,2012.0,850,10.1000/anon587
male,Natural Sciences,2012.0,2014.0,850,10.1000/anon2748
male,Natural Sciences,2012.0,2014.0,850,10.1000/anon635
female,Medical and Health Sciences,2012.0,2012.0,851,10.1000/anon1237
female,Medical and Health Sciences,2012.0,2013.0,851,10.1000/anon187
male,Medical and Health Sciences,2014.0,2014.0,852,10.1000/anon1458
male,Medical and Health Sciences,2014.0,2015.0,852,10.1000/anon1016
male,Medical and Health Sciences,2014.0,2015.0,852,10.1000/anon2082
male,Medical and Health Sciences,2013.0,2013.0,853,10.1000/anon806
male,Medical and Health Sciences,2013.0,2014.0,853,10.1000/anon1221
male,Medical and Health Sciences,2013.0,2014.0,853,10.1000/anon1135
male,Medical and Health Sciences,2013.0,2014.0,853,10.1000/anon659
male,Medical and Health Sciences,2013.0,2015.0,853,10.1000/anon2455
female,Medical and Health Sciences,2014.0,2014.0,854,10.1000/anon2096
male,Natural Sciences,2012.0,2012.0,855,10.1000/anon44
male,Natural Sciences,2012.0,2013.0,855,10.1000/anon1539
male,Natural Sciences,2012.0,2013.0,855,10.1000/anon735
male,Natural Sciences,2012.0,2013.0,855,10.1000/anon1653
male,Natural Sciences,2012.0,2013.0,855,10.1000/anon1198
male,Natural Sciences,2012.0,2014.0,855,10.1000/anon725
male,Natural Sciences,2012.0,2014.0,855,10.1000/anon2596
male,Natural Sciences,2012.0,2014.0,855,10.1000/anon1175
male,Natural Sciences,2012.0,2014.0,855,10.1000/anon1123
male,Natural Sciences,2012.0,2014.0,855,10.1000/anon2349
female,Medical and Health Sciences,2014.0,2014.0,856,10.1000/anon1243
female,Social Sciences,2012.0,2012.0,857,10.1000/anon1222
female,Engineering and Technology,2016.0,2016.0,858,10.1000/anon2080
female,Engineering and Technology,2016.0,2018.0,858,10.1000/anon631
male,Natural Sciences,2016.0,2016.0,859,10.1000/anon1448
male,Natural Sciences,2016.0,2017.0,859,10.1000/anon2093
male,Natural Sciences,2016.0,2018.0,859,10.1000/anon1760
male,Natural Sciences,2016.0,2018.0,859,10.1000/anon2530
female,Medical and Health Sciences,2016.0,2016.0,860,10.1000/anon1098
female,Medical and Health Sciences,2016.0,2018.0,860,10.1000/anon1240
male,Medical and Health Sciences,2014.0,2014.0,861,10.1000/anon721
female,Social Sciences,2016.0,2016.0,862,10.1000/anon1253
male,Natural Sciences,2012.0,2012.0,863,10.1000/anon6
male,Natural Sciences,2012.0,2013.0,863,10.1000/anon28
male,Natural Sciences,2012.0,2013.0,863,10.1000/anon1273
male,Agricultural Sciences,2013.0,2013.0,864,10.1000/anon863
male,Agricultural Sciences,2013.0,2014.0,864,10.1000/anon631
male,Agricultural Sciences,2013.0,2014.0,864,10.1000/anon2405
female,Natural Sciences,2014.0,2014.0,865,10.1000/anon1459
female,Natural Sciences,2014.0,2014.0,865,10.1000/anon2566
female,Natural Sciences,2014.0,2015.0,865,10.1000/anon1522
female,Natural Sciences,2014.0,2016.0,865,10.1000/anon656
female,Natural Sciences,2013.0,2013.0,866,10.1000/anon1021
female,Natural Sciences,2013.0,2014.0,866,10.1000/anon989
male,Medical and Health Sciences,2013.0,2013.0,867,10.1000/anon882
male,Natural Sciences,2012.0,2012.0,868,10.1000/anon2554
male,Natural Sciences,2012.0,2012.0,868,10.1000/anon2486
male,Natural Sciences,2012.0,2013.0,868,10.1000/anon2628
male,Natural Sciences,2012.0,2013.0,868,10.1000/anon631
male,Natural Sciences,2012.0,2014.0,868,10.1000/anon631
male,Natural Sciences,2012.0,2014.0,868,10.1000/anon746
male,Natural Sciences,2012.0,2014.0,868,10.1000/anon1887
male,Natural Sciences,2012.0,2014.0,868,10.1000/anon1765
male,Natural Sciences,2012.0,2014.0,868,10.1000/anon1037
female,Engineering and Technology,2016.0,2016.0,869,10.1000/anon2774
female,Engineering and Technology,2016.0,2016.0,869,10.1000/anon262
female,Engineering and Technology,2016.0,2018.0,869,10.1000/anon2222
female,Engineering and Technology,2016.0,2018.0,869,10.1000/anon1244
female,Engineering and Technology,2016.0,2018.0,869,10.1000/anon2561
female,Engineering and Technology,2016.0,2018.0,869,10.1000/anon381
female,Engineering and Technology,2016.0,2018.0,869,10.1000/anon1662
male,Medical and Health Sciences,2014.0,2014.0,870,10.1000/anon2110
male,Natural Sciences,2015.0,2015.0,871,10.1000/anon132
male,Natural Sciences,2015.0,2016.0,871,10.1000/anon990
female,Medical and Health Sciences,2013.0,2013.0,872,10.1000/anon2702
female,Medical and Health Sciences,2013.0,2014.0,872,10.1000/anon1842
female,Medical and Health Sciences,2013.0,2014.0,872,10.1000/anon2270
female,Medical and Health Sciences,2013.0,2015.0,872,10.1000/anon410
male,Natural Sciences,2012.0,2012.0,873,10.1000/anon1942
male,Natural Sciences,2014.0,2014.0,874,10.1000/anon1212
female,Natural Sciences,2014.0,2014.0,875,10.1000/anon137
female,Natural Sciences,2014.0,2014.0,875,10.1000/anon502
female,Natural Sciences,2014.0,2015.0,875,10.1000/anon2618
female,Natural Sciences,2014.0,2016.0,875,10.1000/anon2444
female,Natural Sciences,2014.0,2016.0,875,10.1000/anon2431
female,Natural Sciences,2014.0,2016.0,875,10.1000/anon405
female,Engineering and Technology,2014.0,2014.0,876,10.1000/anon625
female,Engineering and Technology,2014.0,2015.0,876,10.1000/anon631
female,Engineering and Technology,2014.0,2015.0,876,10.1000/anon297
female,Engineering and Technology,2014.0,2015.0,876,10.1000/anon1748
female,Engineering and Technology,2014.0,2016.0,876,10.1000/anon2314
female,Engineering and Technology,2014.0,2016.0,876,10.1000/anon2009
female,Engineering and Technology,2014.0,2016.0,876,10.1000/anon144
female,Engineering and Technology,2014.0,2016.0,876,10.1000/anon2008
female,Medical and Health Sciences,2013.0,2013.0,877,10.1000/anon1304
female,Medical and Health Sciences,2013.0,2015.0,877,10.1000/anon1620
male,Natural Sciences,2013.0,2013.0,878,10.1000/anon1451
male,Natural Sciences,2013.0,2014.0,878,10.1000/anon101
male,Natural Sciences,2013.0,2015.0,878,10.1000/anon260
male,Natural Sciences,2013.0,2015.0,878,10.1000/anon557
male,Natural Sciences,2015.0,2015.0,879,10.1000/anon915
male,Natural Sciences,2015.0,2015.0,879,10.1000/anon126
male,Natural Sciences,2015.0,2015.0,879,10.1000/anon2380
male,Natural Sciences,2015.0,2015.0,879,10.1000/anon784
male,Natural Sciences,2015.0,2016.0,879,10.1000/anon918
male,Natural Sciences,2015.0,2016.0,879,10.1000/anon2381
male,Natural Sciences,2015.0,2016.0,879,10.1000/anon277
male,Natural Sciences,2015.0,2016.0,879,10.1000/anon1920
male,Natural Sciences,2015.0,2016.0,879,10.1000/anon2151
male,Natural Sciences,2015.0,2016.0,879,10.1000/anon715
male,Natural Sciences,2015.0,2017.0,879,10.1000/anon301
male,Natural Sciences,2015.0,2017.0,879,10.1000/anon2150
male,Natural Sciences,2015.0,2017.0,879,10.1000/anon1735
female,Medical and Health Sciences,2016.0,2016.0,880,10.1000/anon1699
female,Medical and Health Sciences,2016.0,2017.0,880,10.1000/anon1452
female,Medical and Health Sciences,2016.0,2017.0,880,10.1000/anon833
female,Medical and Health Sciences,2016.0,2017.0,880,10.1000/anon1850
female,Medical and Health Sciences,2016.0,2018.0,880,10.1000/anon1693
male,Engineering and Technology,2015.0,2015.0,881,10.1000/anon2483
male,Engineering and Technology,2015.0,2016.0,881,10.1000/anon2034
male,Engineering and Technology,2015.0,2016.0,881,10.1000/anon1831
male,Engineering and Technology,2015.0,2017.0,881,10.1000/anon2047
female,Social Sciences,2016.0,2016.0,882,10.1000/anon663
female,Social Sciences,2016.0,2018.0,882,10.1000/anon631
female,Social Sciences,2016.0,2018.0,882,10.1000/anon1351
female,Medical and Health Sciences,2013.0,2013.0,883,10.1000/anon2412
female,Medical and Health Sciences,2013.0,2013.0,883,10.1000/anon1141
male,Natural Sciences,2013.0,2013.0,884,10.1000/anon1159
female,Medical and Health Sciences,2015.0,2015.0,885,10.1000/anon2238
female,Medical and Health Sciences,2013.0,2013.0,886,10.1000/anon325
female,Natural Sciences,2016.0,2016.0,887,10.1000/anon1001
female,Natural Sciences,2016.0,2018.0,887,10.1000/anon389
male,Natural Sciences,2014.0,2014.0,888,10.1000/anon2623
male,Natural Sciences,2014.0,2015.0,888,10.1000/anon2510
male,Natural Sciences,2014.0,2015.0,888,10.1000/anon2518
male,Natural Sciences,2014.0,2015.0,888,10.1000/anon2555
male,Natural Sciences,2014.0,2015.0,888,10.1000/anon2504
male,Natural Sciences,2014.0,2016.0,888,10.1000/anon2705
male,Natural Sciences,2014.0,2016.0,888,10.1000/anon2599
female,Natural Sciences,2015.0,2015.0,889,10.1000/anon2119
male,Agricultural Sciences,2012.0,2012.0,890,10.1000/anon939
female,Natural Sciences,2012.0,2012.0,891,10.1000/anon1533
male,Natural Sciences,2013.0,2013.0,892,10.1000/anon1819
male,Natural Sciences,2013.0,2014.0,892,10.1000/anon1827
male,Natural Sciences,2013.0,2014.0,892,10.1000/anon476
male,Natural Sciences,2013.0,2014.0,892,10.1000/anon1362
male,Natural Sciences,2013.0,2014.0,892,10.1000/anon266
male,Natural Sciences,2013.0,2014.0,892,10.1000/anon1446
male,Natural Sciences,2013.0,2014.0,892,10.1000/anon2053
male,Natural Sciences,2013.0,2014.0,892,10.1000/anon2786
male,Natural Sciences,2013.0,2015.0,892,10.1000/anon2334
female,Medical and Health Sciences,2014.0,2014.0,893,10.1000/anon966
female,Medical and Health Sciences,2014.0,2014.0,893,10.1000/anon631
female,Medical and Health Sciences,2014.0,2014.0,894,10.1000/anon2068
male,Natural Sciences,2015.0,2015.0,895,10.1000/anon2002
male,Natural Sciences,2015.0,2017.0,895,10.1000/anon1293
female,Medical and Health Sciences,2013.0,2013.0,896,10.1000/anon2206
male,Natural Sciences,2015.0,2015.0,897,10.1000/anon1986
male,Natural Sciences,2015.0,2015.0,898,10.1000/anon1821
male,Natural Sciences,2015.0,2015.0,898,10.1000/anon844
male,Natural Sciences,2015.0,2015.0,898,10.1000/anon442
male,Natural Sciences,2015.0,2016.0,898,10.1000/anon696
male,Medical and Health Sciences,2013.0,2013.0,899,10.1000/anon1195
female,Natural Sciences,2014.0,2014.0,900,10.1000/anon2134
female,Natural Sciences,2014.0,2016.0,900,10.1000/anon1957
