author_id,doi,last_name,first_name,first_name_revised,len_tweet,len_tweeter,Original_Tweet_list,Original_Tweeter_list,tw_name_list,tw_handle_list,searched,author_name,author_name_self_score,tw_name_self_score,tw_handle_self_score,likely_author,likely_name,likely_handle,max_attribute,max_score,most_likely_name,likely_Tweeter_ID
297,10.1000/anon865,Lopez-Villafuerte,Lillian,Lillian,15,15,"['433346967016468480', '432690471971082240', '538995838987812864', '411942249598291968', '424661155143892992', '427538024310661120', '502759998221348864', '410728246859157504', '412994630909575169', '519155380958810112', '638271141019283460', '679256321728843777', '416511300853043200', '1196545251520811008', '1534105053099073536']","['2337771278', '159430617', '2869153522', '996961136', '134719459', '32373792', '546505902', '546505902', '29775575', '126668957', '464093015', '237282628', '924252152', '539529352', '1314459159056715776']","['Ryz Rémi Skincare', 'Carol Loffelmann', 'towerbusterfrance', 'Triumphant', 'Dr Jade Teta', 'Roxanne B Sukol MD MS🪬', 'dermatologyf', 'dermatologyf', 'J P Fanton', 'Natural Self', 'dr. Jetske Ultee', 'Ayo', 'Dr. Sasi Kiran Attili', 'Star💖| Cosmetic chemist 👩🏾\u200d🔬', 'おくさん']","['ryzremi', 'KetoAnaesMD', 'towerbuster77', 'Natacus55', 'jadeteta', 'RoxanneSukolMD', 'dermatologyf', 'dermatologyf', 'HealthyFellow', 'naturalself_uk', 'JetskeUltee_en', 'Irawolight', 'online_skin', '_Starsabreep', 'Astella6174']",1,"['0', ['C. Loffelmann'], '0', '0', '0', '0', '0', '0', ['Juan Pedro Fuentes García'], '0', '0', '0', '0', '0', '0']",0.4,0.35294117647058826,0.4444444444444444,Juan Pedro Fuentes García,Triumphant,online_skin,tw_handle_self_score,0.4444444444444444,online_skin,3
141,10.1000/anon615,Montoya Lirola,María Dolores,María,1,1,['482193788816089088'],['123903006'],['Boston Scientific Urology'],['bsc_urology'],1,['0'],0.0,0.3111111111111111,0.24,NULL,Boston Scientific Urology,bsc_urology,tw_name_self_score,0.3111111111111111,Boston Scientific Urology,2
239,10.1000/anon1072,Chandrasekharan,Sivaraman,Sivaraman,1,1,['624519945217441792'],['3142198312'],['Microbiome Papers'],['MicrobiomePaper'],1,['0'],0.0,0.19047619047619047,0.25,NULL,Microbiome Papers,MicrobiomePaper,tw_handle_self_score,0.25,MicrobiomePaper,3
97,10.1000/anon236,Feit,Peter W.,Peter,1,1,['908437851636948993'],['848626596927987712'],['Rob Soltysik'],['soltysik_rob'],1,[['Robert C. Soltysik']],0.2857142857142857,0.18181818181818182,0.23529411764705882,Robert C. Soltysik,Rob Soltysik,soltysik_rob,author_name_self_score,0.2857142857142857,Robert C. Soltysik,848626596927987712
284,10.1000/anon1118,Feinberg,Stan,Stan,68,68,"['448815313686396928', '448915050888441856', '449650778236407808', '449350130568015872', '449348494466498560', '449148242492932096', '449968848037740544', '449968848037740544', '449035150072901632', '449034689257291776', '449018892334407680', '449124925195165696', '454859679462883328', '458341596623560704', '468137519377555457', '502091539255136256', '502445222312157184', '452157652764590080', '448655735631532032', '448905116444524544', '469159971285110784', '449013243730604032', '449035278645084160', '453383896315334658', '454861079668334592', '467002810270498817', '467473371920220160', '467478426744807425', '467486425781264386', '467502431429881856', '467548604937555968', '468379912672661504', '565870002814083074', '457168232043266049', '458548244986204160', '989914056801865736', '989915452896956417', '639297482363699200', '990207280577642496', '662209596497518592', '991336337050689538', '667714520270245889', '667714654345392128', '674939405170302976', '991895776774230016', '713121578238799873', '727115495535562752', '879887045312774144', '932982682623053824', '984465037518516224', '984501803269095424', '984683577618055168', '1019907608864362496', '1019914871704563712', '1019947334728372224', '1020137700760989702', '1020483052596674560', '1024150327929581568', '1024150327929581568', '1072128808407445504', '1072908621900435456', '1089787807357272065', '1134529725911752706', '1327292377447493633', '1392092460676009985', '1515481588250947586', '1591994810486882306', '1608140815590621185']","['279201006', '590446417', '277746393', '389230537', nan, '47964602', '342886228', '342886228', '930287024', '930287024', '342886228', '603243745', '1712973253', '2438736474', '281457765', '2324302064', '1620037532', '17181891', '253847599', '168003156', '143927461', '1722846806', '930287024', '16113548', '1712973253', '100588110', '402274600', '906706963', '402274600', '1338333294', '277061664', '14116650', '209220358', '154361768', '17707182', '921434905929764865', '605243491', '991704662', '2445365779', '3605679442', '984818201518362624', '125186206', '125186206', '2765750460', '605243491', '594140074', '17943537', '558598190', '909196812879147008', '402274600', '1471008648', '1369438861', '402274600', '17250458', '2569714997', nan, '15117884', '371122575', '371122575', '902178339162607616', nan, '1082736880683180033', '23393190', '317080099', '538738285', '1065089821176209408', '76102676', '52770751']","['The Royal College', 'Danielle Bischof', 'Dr Rajiv K Singal', 'Marty Muntz 🟧', nan, 'Teresa Chan | 陳敏怡', 'Dr Jason Frank', 'Dr Jason Frank', 'Ahmer Karimuddin', 'Ahmer Karimuddin', 'Dr Jason Frank', 'Greg Bryson, MD, FRCPC, 🌻', 'Surgical Simulation', 'Ryan Davies', 'Transplant Evidence', 'Nurah Hammoud', 'jongespecialist', 'Anne Montgomery MD MBA MA', 'マーキュリー２世', 'Skeptical Scalpel', 'Stefan Benz', 'Cornelius A. Thiels', 'Ahmer Karimuddin', 'Pawin Numthavaj', 'Surgical Simulation', 'Dr Ed Fitzgerald', 'Annals of Surgery', 'John Greenwood', 'Annals of Surgery', 'Maria Mora Pinzon, MD, MS, FACPM', 'Andrew Kennedy', 'Christine Shiffer', 'Tariq Esmail', 'Christopher Johnson', 'Dale Ann Micalizzi', 'Severn Journal Club', 'Oli Brown', 'AEGRIS', 'Kat Baker 💙 (née Gash)', 'Dr Roshan', 'Nina Gill', 'Policy Prescriptions ®', 'Policy Prescriptions ®', 'Marcus Franz', 'Oli Brown', 'Khalid Alqadi', 'Bill Gardner', 'مُعاذ بن خالد', 'Wanda Marini', 'Annals of Surgery', 'Nuha A Yassin', 'gianluca garulli', 'Annals of Surgery', 'Dr. Courtney Fulton', 'Bo Lovvorn', nan, 'Ali K Motamedi', 'Yub Raj Sedhai', 'Yub Raj Sedhai', 'DrLevisindedos', nan, 'DrJakeRamoray', 'Jerome Paquet', 'JSM 💡', 'Daniel Bernal', 'Fendergibs', 'Arturo Loaiza-Bonilla, MD MSEd', 'Dr. Brian Goldman']","['Royal_College', 'DBischof1', 'DrRKSingal', 'mmteacherdoc', nan, 'TChanMD', 'drjfrank', 'drjfrank', 'ahmerkarimuddin', 'ahmerkarimuddin', 'drjfrank', 'glbryson', 'SurgicalSim', 'drryandavies', 'transplantev', 'NHammoud_84', 'jongespecialist', 'AnneMont', 'uranus_2', 'Skepticscalpel', 'AGDarmzentren', 'ThielsCA', 'ahmerkarimuddin', 'pawinpawin', 'SurgicalSim', 'DrEdFitzgerald', 'AnnalsofSurgery', 'JohnGreenwoodMD', 'AnnalsofSurgery', 'MariaCMoraP', 'UpperGISurg', 'cshiffer', 'tariqesm', 'ChrisJohnsonMD', 'JustinHOPE', 'SoSJournalClub', 'docbrowno', 'AEGRIS2', 'DrKatOxford', 'Dr__Roshan', '_ninagill', 'PolicyRx', 'PolicyRx', 'M_T_Franz', 'docbrowno', 'khalid_alqadi', 'Bill_Gardner', 'Muath_xQ', 'wandamarini', 'AnnalsofSurgery', 'NuhaZsurgeon', 'GGarulli', 'AnnalsofSurgery', 'courtney01', 'BoLovvorn', nan, 'makmotamedi', 'Sedhai007', 'Sedhai007', 'Drconejomaligno', nan, 'JakeRamoray', 'demoniack', 'postlibertarian', 'Dan_BernalS', 'fendergibs', 'DrBonillaOnc', 'NightShiftMD']",1,"['0', '0', ['Rajiv K. Singal'], '0', '0', ['Null', 'T.M. Chan'], ['Null'], ['Null'], ['Ahmer Karimuddin', 'Ahmer A. Karimuddin'], ['Ahmer Karimuddin', 'Ahmer A. Karimuddin'], ['Null'], ['Gregory L. Bryson'], '0', '0', '0', ['Nurah M. Hammoud'], '0', '0', '0', '0', ['Stefan Benz', 'S Benz'], '0', ['Ahmer Karimuddin', 'Ahmer A. Karimuddin'], ['Pawin Numthavaj'], '0', ['J Edward Fitzgerald', 'Edward Fitzgerald', 'Null', 'E Fitzgerald'], '0', ['John C. Greenwood'], '0', '0', '0', ['Christine D. Shiffer'], ['Tariq Esmail'], ['Christopher M. Johnson'], '0', '0', '0', '0', ['Katherine Gash'], '0', '0', '0', '0', '0', '0', '0', '0', '0', ['Wanda Marini'], '0', ['N. A. Yassin', 'Nuha A. Yassin'], ['Gianluca Garulli'], '0', ['Courtney Fulton'], '0', '0', ['Mohammad Ali Kalantar Motamedi'], ['Null'], ['Null'], '0', '0', '0', '0', '0', '0', '0', ['Arturo Loaiza-Bonilla'], '0']",0.5833333333333334,0.6666666666666666,0.6666666666666666,Stefan Benz,Fendergibs,fendergibs,tw_name_self_score,0.6666666666666666,Fendergibs,2
28,10.1000/anon628,Castle,James R.,James,7,7,"['730195451400478720', '730201201866760192', '730207407045910529', '730232609800916992', '765513780818087936', '937456735412989952', '1058131852354035717']","['606414709', '3071571954', '132430810', '2692022451', '422672164', '45320364', '45320364']","['arXiv hep-ex', 'arXiv hep-ex', 'HEP - Experiment', 'Holli Lancaster', 'Dr Michael Reidinger', 'UGent Bibliography', 'UGent Bibliography']","['hep_ex', '_arXiv_hep_ex', 'HEPExperPapers', 'GunnQuznetsov', 'scimichael', 'ugentbiblio', 'ugentbiblio']",1,"['0', '0', '0', '0', '0', '0', '0']",0.0,0.4444444444444444,0.38095238095238093,NULL,Holli Lancaster,scimichael,tw_name_self_score,0.4444444444444444,Holli Lancaster,2
274,10.1000/anon172,Ceesay,Nuha,Nuha,1,1,[nan],[nan],[nan],[nan],1,[0],0.0,0.0,0.0,NULL,NULL,NULL,author_name_self_score,0.0,NULL,1
167,10.1000/anon573,Kendrew,Jon,Jon,2,2,"['182814560070270978', '281767477493526530']","['96339743', '20989739']","['Dr Leon Creaney', 'The Bone & Joint Journal']","['AthleticsDrLeon', 'BoneJointJ']",1,"['0', '0']",0.0,0.43478260869565216,0.48,NULL,Dr Leon Creaney,AthleticsDrLeon,tw_handle_self_score,0.48,AthleticsDrLeon,3
143,10.1000/anon72,Beech,Danielle,Danielle,1,1,['550435492500488193'],['2795689592'],['NeuroGenetics papers'],['NeuroGen_papers'],1,['0'],0.0,0.35294117647058826,0.2857142857142857,NULL,NeuroGenetics papers,NeuroGen_papers,tw_name_self_score,0.35294117647058826,NeuroGenetics papers,2
13,10.1000/anon888,Geiselmann,Michael,Michael,3,3,"['301326365209272320', '301024396888391680', '303855792094851073']","['116131436', '209716736', nan]","['Michelle Petersen', 'Nature Nano', nan]","['shelleypetersen', 'NatureNano', nan]",1,"['0', '0', '0']",0.0,0.6285714285714286,0.4375,NULL,Michelle Petersen,shelleypetersen,tw_name_self_score,0.6285714285714286,Michelle Petersen,2
69,10.1000/anon1057,Schoemaker,Ana A.,Ana,2,2,"['150539077534494720', '150148749866446848']","['434250807', '27623389']","['ACNP', 'Hazel Gowland PhD']","['ACNPed', 'AllergyAction']",1,"['0', '0']",0.0,0.5714285714285714,0.4444444444444444,NULL,ACNP,ACNPed,tw_name_self_score,0.5714285714285714,ACNP,2
90,10.1000/anon506,Alsop,Melissa,Melissa,1,1,['159603649864146944'],['242449912'],['Andy MacLeod'],['amacleod_ecrc'],1,['0'],0.0,0.32,0.3333333333333333,NULL,Andy MacLeod,amacleod_ecrc,tw_handle_self_score,0.3333333333333333,amacleod_ecrc,3
246,10.1000/anon879,Gunapala,Ranga,Ranga,1,1,['263442242113531904'],[nan],[nan],[nan],1,[0],0.0,0.0,0.0,NULL,NULL,NULL,author_name_self_score,0.0,NULL,1
76,10.1000/anon442,Iida,Hajime,Hajime,1,1,['120551911995867136'],[nan],[nan],[nan],1,[0],0.0,0.0,0.0,NULL,NULL,NULL,author_name_self_score,0.0,NULL,1
142,10.1000/anon57,Proper,Steven P.,Steven,1,1,['174612902345576448'],['119415475'],['Luke Scicluna'],['Physiology_news'],1,['0'],0.0,0.3076923076923077,0.2962962962962963,NULL,Luke Scicluna,Physiology_news,tw_name_self_score,0.3076923076923077,Luke Scicluna,2
89,10.1000/anon657,Sampaio,Rute,Rute,1,1,['208332798292013057'],['55548061'],['أحمد عيد (Ahmed Elaghoury)'],['aghoury79'],1,['0'],0.0,0.2631578947368421,0.3,NULL,أحمد عيد (Ahmed Elaghoury),aghoury79,tw_handle_self_score,0.3,aghoury79,3
125,10.1000/anon539,Jones,Lauren R.,Lauren,9,9,"['200262959992291328', '200530069695905792', '200530069695905792', '220171613621059586', '237293150165692416', '200615312360607744', '202375144994373632', '1242141561892352000', '1517332342175674369']","['245564615', '407766714', '407766714', '550538760', '757530392', '97604976', '252682279', '848778508495192064', '1023034458113499136']","['Trends in Cognitive Sciences', 'Nat Rev Neurology', 'Nat Rev Neurology', 'David Delany', 'Cafe Neuro', 'Jesse Brown', 'Jorge López Pérez', 'Tammy Trần PhD', 'Nick Corriveau-Lecavalier, PhD']","['TrendsCognSci', 'NatRevNeurol', 'NatRevNeurol', 'DrDavidDelany', 'CafeNeuro', 'jesseaaronbrown', 'Lopez_Perez_J', 'tammy_ttran', 'CorriveauNick']",1,"['0', '0', '0', '0', '0', ['Null'], '0', '0', ['Null']]",0.26666666666666666,0.5217391304347826,0.5,Null,Jesse Brown,TrendsCognSci,tw_name_self_score,0.5217391304347826,Jesse Brown,2
227,10.1000/anon79,Gargalionis,Antonios N.,Antonios,2,2,"['214637324141740032', '214655824797237249']","['220325838', '412971472']","['Nikos', 'Elsevier CellBiology']","['OmicsScience', 'ELS_CellBiology']",1,"['0', '0']",0.0,0.6153846153846154,0.23529411764705882,NULL,Nikos,ELS_CellBiology,tw_name_self_score,0.6153846153846154,Nikos,2
166,10.1000/anon227,Watson,Emma,Emma,1,1,['213577047606435840'],['395185591'],['Emerald Healthier Lives'],['EmeraldHSC'],1,['0'],0.0,0.4117647058823529,0.42857142857142855,NULL,Emerald Healthier Lives,EmeraldHSC,tw_handle_self_score,0.42857142857142855,EmeraldHSC,3
199,10.1000/anon564,Andrici,Juliana,Juliana,4,4,"['653171821773111296', '653873512810082304', '654882162752155652', '689766730130849792']","['217116133', '1916738564', '217116133', '2581464331']","['Medicine LWW', 'Anthony J Gill', 'Medicine LWW', 'HPB_surgery']","['MedicineLWW', 'CaDxPath', 'MedicineLWW', 'HPB_surgery']",1,"['0', ['Anthony J. Gill', 'Anthony J Gill'], '0', '0']",0.3448275862068966,0.4444444444444444,0.4444444444444444,Anthony J Gill,Medicine LWW,MedicineLWW,tw_name_self_score,0.4444444444444444,Medicine LWW,2
235,10.1000/anon199,De Lima Gimaque,João Bosco,João,3,3,"['240773343337398273', '282519780307648512', '282519804672356352']","['87017466', nan, '873483162']","['Hep B Foundation', nan, 'Infectologiaped']","['HepBFoundation', nan, 'infectologiaped']",1,"['0', '0', '0']",0.0,0.4,0.4,NULL,Infectologiaped,infectologiaped,tw_name_self_score,0.4,Infectologiaped,2
75,10.1000/anon476,Lippman,Julia R.,Julia,1,1,['261631102224064513'],['19660561'],['Joseph Piro'],['profpiro'],1,['0'],0.0,0.16666666666666666,0.15384615384615385,NULL,Joseph Piro,profpiro,tw_name_self_score,0.16666666666666666,Joseph Piro,2
268,10.1000/anon775,Petermann,Carmen,Carmen,1,1,['287145391676329985'],['182747810'],['Andrew D Wilson'],['PsychScientists'],1,[['Andrew D. Wilson']],0.1875,0.1935483870967742,0.2857142857142857,Andrew D. Wilson,Andrew D Wilson,PsychScientists,tw_handle_self_score,0.2857142857142857,PsychScientists,3
82,10.1000/anon964,Heher,Philipp,Philipp,1,1,['294849173268881409'],['109298777'],['Stem Cells Portal'],['StemCellsPortal'],1,['0'],0.0,0.3333333333333333,0.3,NULL,Stem Cells Portal,StemCellsPortal,tw_name_self_score,0.3333333333333333,Stem Cells Portal,2
160,10.1000/anon998,Holder,Andre L.,Andre,5,5,"['703183868061298688', '704276232351776768', '709710766895534081', '728226512881647621', '981218481042546688']","['2360784260', '371937224', '68677974', '484488905', '335494047']","['EMR Research papers', 'Greg Schaefer, DO, FACS', 'Greg Martin', 'Critical Care Summit', 'Joanna Poole 💙 (@jopo_dr@critcare.social)']","['EMR_research', 'gstrauma', 'gsmartinmd', 'SummitCritCare', 'Jopo_dr']",1,"['0', '0', ['Greg S. Martin'], '0', '0']",0.3076923076923077,0.35714285714285715,0.46153846153846156,Greg S. Martin,EMR Research papers,Jopo_dr,tw_handle_self_score,0.46153846153846156,Jopo_dr,3
196,10.1000/anon1031,Xu,Xiaoping,Xiaoping,2,2,"['584120761742446592', '403561447739097088']","['28588873', '28588873']","['AIP Publishing', 'AIP Publishing']","['AIP_Publishing', 'AIP_Publishing']",1,"[['Peter P. Lee'], ['Peter P. Lee']]",0.17391304347826086,0.4,0.45454545454545453,Peter P. Lee,AIP Publishing,AIP_Publishing,tw_handle_self_score,0.45454545454545453,AIP_Publishing,3
279,10.1000/anon799,Setayeshgar,Solmaz,Solmaz,1,1,['329167774817583104'],[nan],[nan],[nan],1,[0],0.0,0.0,0.0,NULL,NULL,NULL,author_name_self_score,0.0,NULL,1
242,10.1000/anon777,Horta e Costa,Bárbara,Bárbara,1,1,['358245323967176704'],['415818235'],['Katherine Maltby'],['k_maltby'],1,[['Null']],0.0,0.32432432432432434,0.14285714285714285,NULL,Katherine Maltby,k_maltby,tw_name_self_score,0.32432432432432434,Katherine Maltby,2
27,10.1000/anon143,Jagpal,Amrita,Amrita,1,1,['355412711355592704'],['755404722'],['Structure'],['Structure_CP'],1,['0'],0.0,0.26666666666666666,0.25,NULL,Structure,Structure_CP,tw_name_self_score,0.26666666666666666,Structure,2
241,10.1000/anon871,Wang,Jing,Jing,3,3,"['771831320372715520', '771857498341052416', '772015537807294464']","['2168307354', '2168307354', '2168307354']","['JPCH', 'JPCH', 'JPCH']","['JPCHonline', 'JPCHonline', 'JPCHonline']",1,"['0', '0', '0']",0.0,0.25,0.42857142857142855,NULL,JPCH,JPCHonline,tw_handle_self_score,0.42857142857142855,JPCHonline,3
114,10.1000/anon100,Witkowski,Leora,Leora,1,1,['345626016712126464'],['72305828'],['Pedro Aleixo'],['pbaleixo'],1,['0'],0.0,0.37037037037037035,0.46153846153846156,NULL,Pedro Aleixo,pbaleixo,tw_handle_self_score,0.46153846153846156,pbaleixo,3
296,10.1000/anon808,McMillan,Elizabeth,Elizabeth,8,8,"['393457985415942144', '393459036483358720', '393469715269844992', '394944025171480576', '429066984450314240', '393442263184855040', '393529485150019584', '1103506157199450114']","['289311242', '289311242', '580269594', '1719609282', '289311242', '19637469', '289311242', '30544728']","['Michael Torres, PhD', 'Michael Torres, PhD', 'Cancer Cell', 'Michael J. Lee', 'Michael Torres, PhD', 'Mark Pool, M.D.', 'Michael Torres, PhD', 'Ian Mills']","['Mykalt45', 'Mykalt45', 'Cancer_Cell', 'TheLeeLab', 'Mykalt45', 'Mark_PoolMD', 'Mykalt45', 'ian263']",1,"['0', '0', '0', ['Michael J. Lee'], '0', ['Louise Zanella'], '0', ['Ian G. Mills', 'Ian G Mills']]",0.4827586206896552,0.5185185185185185,0.4444444444444444,Ian G Mills,Ian Mills,TheLeeLab,tw_name_self_score,0.5185185185185185,Ian Mills,2
61,10.1000/anon598,Kim,Eunsun,Eunsun,1,1,['413533064078168064'],['17750122'],['Rajan Chaudhari'],['RajanChaudhari'],1,[['Rajan Chaudhari']],0.24,0.24,0.17391304347826086,Rajan Chaudhari,Rajan Chaudhari,RajanChaudhari,author_name_self_score,0.24,Rajan Chaudhari,17750122
161,10.1000/anon341,Van Haaren,Marieke G.P.,Marieke,2,2,"['489735999187349504', '487512853268922369']","['250604929', '780425474']","['CERI', 'F. Pedró UNESCO ED']","['OECDCERI', 'FrancescPedroED']",1,"['0', '0']",0.0,0.36363636363636365,0.32,NULL,CERI,FrancescPedroED,tw_name_self_score,0.36363636363636365,CERI,2
194,10.1000/anon829,Da Silva,Luciene G.,Luciene,1,1,['441770047099252736'],['454670494'],['Biotaxa'],['BiotaxaNews'],1,['0'],0.0,0.2727272727272727,0.3333333333333333,NULL,Biotaxa,BiotaxaNews,tw_handle_self_score,0.3333333333333333,BiotaxaNews,3
183,10.1000/anon6,Lee,Sang Jae,Sang,1,1,['449394521814482944'],['465644933'],['Cell&MolecularBiol'],['CellMolBiol'],1,['0'],0.0,0.24,0.14285714285714285,NULL,Cell&MolecularBiol,CellMolBiol,tw_name_self_score,0.24,Cell&MolecularBiol,2
285,10.1000/anon610,Ikari,Yosuke,Yosuke,2,2,"['586174562800238592', '442654950330363904']","['962882041', '6630502']","['いず', 'レ点🧬💉💊']","['izuph', 'm0370']",1,"['0', '0']",0.0,0.0,0.25,NULL,NULL,izuph,tw_handle_self_score,0.25,izuph,3
105,10.1000/anon1163,O'Meara,Connor P.,Connor,1,1,['381629800994979841'],['68919156'],['Alltop Science'],['Alltop_science'],1,['0'],0.0,0.21428571428571427,0.2222222222222222,NULL,Alltop Science,Alltop_science,tw_handle_self_score,0.2222222222222222,Alltop_science,3
121,10.1000/anon594,Noukki,Althea L.,Althea,1,1,['347475758811328512'],['490765769'],['Josh Hagedorn'],['JoshuaHagedorn'],1,['0'],0.0,0.23076923076923078,0.3076923076923077,NULL,Josh Hagedorn,JoshuaHagedorn,tw_handle_self_score,0.3076923076923077,JoshuaHagedorn,3
210,10.1000/anon613,Xian,Wenjing,Wenjing,1,1,['1372249463327223815'],[nan],[nan],[nan],1,[0],0.0,0.0,0.0,NULL,NULL,NULL,author_name_self_score,0.0,NULL,1
251,10.1000/anon591,Du,Yongtao,Yongtao,1,1,['508304303493496832'],['49491411'],['ecotoxicology'],['ecotoxicology'],1,['0'],0.0,0.1,0.1,NULL,ecotoxicology,ecotoxicology,tw_name_self_score,0.1,ecotoxicology,2
5,10.1000/anon1168,Shiga,Kazuhiro,Kazuhiro,6,6,"['522839676491558914', '505377588618223617', '506295250977972224', '506229362967187456', '582131828875796480', '644681505172668416']","['1617837012', '1617837012', '888181040', '46722744', '726420590', '2669362848']","['Critical Care', 'Critical Care', 'MEDEST118', 'Peryassu Ribeiro', 'Consejo Español RCP', 'Hypoxia Adaptation']","['Crit_Care', 'Crit_Care', 'MEDEST118', 'peryassu', 'ConsEspRCP', 'hypoxiapapers']",1,"['0', '0', '0', '0', '0', '0']",0.0,0.4375,0.2857142857142857,NULL,Hypoxia Adaptation,Crit_Care,tw_name_self_score,0.4375,Hypoxia Adaptation,2
286,10.1000/anon299,Stadskleiv,Kristine,Kristine,2,2,"['508994006202593282', '508994422168510464']","['397350174', '752683668']","['Frontiers in Psychology', 'ฬคђץย']","['FrontPsychol', 'wahyuwei']",1,"['0', '0']",0.0,0.3333333333333333,0.3333333333333333,NULL,Frontiers in Psychology,wahyuwei,tw_name_self_score,0.3333333333333333,Frontiers in Psychology,2
44,10.1000/anon318,Woods,Nicholas,Nicholas,1,1,['557975472898703360'],['2789910212'],['TC_papers'],['TC_papers'],1,['0'],0.0,0.35294117647058826,0.35294117647058826,NULL,TC_papers,TC_papers,tw_name_self_score,0.35294117647058826,TC_papers,2
137,10.1000/anon828,Rohling,Roderigh,Roderigh,1,1,['522320008958181376'],['218374024'],['数字化工_DiCE'],['DigitalChemEng'],1,['0'],0.0,0.23529411764705882,0.41379310344827586,NULL,数字化工_DiCE,DigitalChemEng,tw_handle_self_score,0.41379310344827586,DigitalChemEng,3
233,10.1000/anon249,Naseem,Mustafa,Mustafa,1,1,[nan],[nan],[nan],[nan],1,[0],0.0,0.0,0.0,NULL,NULL,NULL,author_name_self_score,0.0,NULL,1
215,10.1000/anon381,Sacco,Luca,Luca,4,4,"['560030552133500929', '577304003819614209', '577634512919605248', '560036266582892544']","['2369366659', '172035240', '172035240', '2849742042']","['NK papers', 'Pancreas Online', 'Pancreas Online', 'NK cell Biology']","['NK_papers', 'PANCREASonline', 'PANCREASonline', 'NKcellBiology']",1,"['0', '0', '0', '0']",0.0,0.24,0.34782608695652173,NULL,Pancreas Online,PANCREASonline,tw_handle_self_score,0.34782608695652173,PANCREASonline,3
64,10.1000/anon600,Han,Dong,Dong,2,2,"['1192499811662073857', '1308876448917319680']","['1163807511645831170', '1927465123']","['Jesper Kivelä', 'Yaming Su']","['JesperKivela', 'SuYaming']",1,"['0', '0']",0.0,0.35294117647058826,0.4,NULL,Yaming Su,SuYaming,tw_handle_self_score,0.4,SuYaming,3
170,10.1000/anon329,Kim,Jae Woo,Jae,1,1,['407622600211173376'],['29775575'],['J P Fanton'],['HealthyFellow'],1,[['Juan Pedro Fuentes García']],0.25,0.23529411764705882,0.25,Juan Pedro Fuentes García,J P Fanton,HealthyFellow,author_name_self_score,0.25,Juan Pedro Fuentes García,29775575
18,10.1000/anon46,Huang,Feihu,Feihu,1,1,['575384522973298689'],['3028812377'],['GeneSetPapers'],['geneset_papers'],1,['0'],0.0,0.17391304347826086,0.16666666666666666,NULL,GeneSetPapers,geneset_papers,tw_name_self_score,0.17391304347826086,GeneSetPapers,2
247,10.1000/anon771,Kanwal,Sidra,Sidra,2,2,"['574171149430489089', '699683466556809216']","['3062846807', '3062846807']","['wheatpapers', 'wheatpapers']","['wheat_papers', 'wheat_papers']",1,"['0', '0']",0.0,0.2727272727272727,0.2608695652173913,NULL,wheatpapers,wheat_papers,tw_name_self_score,0.2727272727272727,wheatpapers,2
264,10.1000/anon812,Song,Ping-Ping,Ping,1,1,['587284172236009472'],['1563505747'],['Dr. Sandra Waeldin'],['VivioKarlsruhe'],1,['0'],0.0,0.43478260869565216,0.18181818181818182,NULL,Dr. Sandra Waeldin,VivioKarlsruhe,tw_name_self_score,0.43478260869565216,Dr. Sandra Waeldin,2
62,10.1000/anon446,Tipsmark,Line Stjernholm,Line,5,5,"['595417471907209216', '595551943864422401', '595665030374420480', '595565794462797824', '700287845873905664']","['281746130', '437770266', nan, '439596634', '2826469171']","['UHES', 'What DNA test?', nan, '◈ Cory B. Phillips ◈', 'palliativewise']","['uhesllc', 'whatDNAtest', nan, 'Cancer411Today', 'palliativewise']",1,"['0', '0', '0', '0', '0']",0.0,0.38461538461538464,0.38461538461538464,NULL,palliativewise,palliativewise,tw_name_self_score,0.38461538461538464,palliativewise,2
162,10.1000/anon850,Davies,Charlotte F,Charlotte,1,1,['924350721235079170'],['1322269645'],['Drew Moghanaki 🐕'],['DrewMoghanaki'],1,[['Drew Moghanaki']],0.3333333333333333,0.3125,0.3157894736842105,Drew Moghanaki,Drew Moghanaki 🐕,DrewMoghanaki,author_name_self_score,0.3333333333333333,Drew Moghanaki,1322269645
80,10.1000/anon56,Miller,Andrew J,Andrew,1,1,['595611694971363328'],['92537795'],['JAVMA'],['AVMAJAVMA'],1,['0'],0.0,0.23529411764705882,0.19047619047619047,NULL,JAVMA,AVMAJAVMA,tw_name_self_score,0.23529411764705882,JAVMA,2
55,10.1000/anon854,Ko,Jonathan,Jonathan,1,1,['587501036375420928'],['46854930'],['BlackPhysicists'],['BlackPhysicists'],1,"[['Xue-Mei Su', 'Ruidong Xia', 'Xue Mei Su', 'Hongbo Zhang', 'Abdallah Ali', 'Zhipeng Zhou', 'Lyudmyla Adamska', 'Olivier Namur']]",0.43478260869565216,0.17391304347826086,0.17391304347826086,Hongbo Zhang,BlackPhysicists,BlackPhysicists,author_name_self_score,0.43478260869565216,Hongbo Zhang,46854930
72,10.1000/anon575,Murthy,Gvs,Gvs,3,3,"['615816893358714882', '894141112008327168', '894141459267330048']","['2734131600', '238963105', '238963105']","['LSHTM Open Research', 'Dr Himal Kandel 👁', 'Dr Himal Kandel 👁']","['LSHTMopen', 'kandelhimal', 'kandelhimal']",1,"['0', ['Himal Kandel'], ['Himal Kandel']]",0.18181818181818182,0.27586206896551724,0.2222222222222222,Himal Kandel,LSHTM Open Research,LSHTMopen,tw_name_self_score,0.27586206896551724,LSHTM Open Research,2
15,10.1000/anon1107,Li,Wei,Wei,3,3,"['652132889140658180', '652141584402616320', '654063643202449408']","['145378129', '1009095043', '2918157364']","['American College of Rheumatology', 'Dr Ai Lyn Tan', 'David Rice']","['ACRheum', 'DrAiLynTan', 'David_dRice']",1,"['0', ['Null'], ['David A Rice']]",0.3333333333333333,0.375,0.26666666666666666,Null,Dr Ai Lyn Tan,DrAiLynTan,tw_name_self_score,0.375,Dr Ai Lyn Tan,2
266,10.1000/anon784,Zhang,Hua-bin,Hua,1,1,['641192644228452353'],['2359468056'],['Blood brain barrier'],['bbbpapers'],1,['0'],0.0,0.2857142857142857,0.16666666666666666,NULL,Blood brain barrier,bbbpapers,tw_name_self_score,0.2857142857142857,Blood brain barrier,2
42,10.1000/anon288,Hou,Peng,Peng,1,1,['607909181404766209'],['851032076'],['Offshore Wind IGERT'],['IGERTWind'],1,['0'],0.0,0.2962962962962963,0.3076923076923077,NULL,Offshore Wind IGERT,IGERTWind,tw_handle_self_score,0.3076923076923077,IGERTWind,3
244,10.1000/anon340,Patel,Achintya A.,Achintya,1,1,['677846668033724416'],['3315333763'],['lncRNApapers'],['lncRNA_papers'],1,['0'],0.0,0.48,0.3333333333333333,NULL,lncRNApapers,lncRNA_papers,tw_name_self_score,0.48,lncRNApapers,2
120,10.1000/anon80,Hoegy,Delphine,Delphine,3,3,"['646397703342157824', '646463628229505024', '689862281828544513']","['35760477', '28816901', '32437911']","['Blue Wode', 'Dana Ullman, MPH CCH', 'HomeopathyRocks! Skeptics not so much.']","['Blue_Wode', 'HomeopathicDana', 'BrownBagPantry']",1,"['0', ['Dana Ullman'], '0']",0.24,0.35294117647058826,0.5,Dana Ullman,"Dana Ullman, MPH CCH",HomeopathicDana,tw_handle_self_score,0.5,HomeopathicDana,3
157,10.1000/anon430,Cairnduff,Victoria,Victoria,14,14,"['647307235165663232', '647380560344711168', '647578429974556672', '653216380800626688', '655023118004670464', '657459584509059072', '676325281204948992', '723512201307279362', '735183090524422145', '746313434321432577', '792293601359298560', '919182850309656576', '975098624672755713', '975140158948462594']","['2359939988', '251239580', '250807966', '2268146767', '948490838', '1128257106', '1128257106', '1128257106', '1128257106', '1128257106', '2261392975', '1128257106', '1128257106', '913432928461426688']","['Angela Madden 🇺🇦 🧡', 'Dr Alex Concorde', 'Dr Alex Concorde', 'Molly Waring', 'Susan Watson, RD', 'JHNDEditor', 'JHNDEditor', 'JHNDEditor', 'JHNDEditor', 'JHNDEditor', 'A, Gomez', 'JHNDEditor', 'JHNDEditor', 'Adam Smith ANutr🍎']","['AngelaMMadden', 'DrCsHealthBlurb', 'ConcordeMedica', 'DrMollyWaring', 'LittleNutrition', 'JHNDEditor', 'JHNDEditor', 'JHNDEditor', 'JHNDEditor', 'JHNDEditor', 'AGomez72803809', 'JHNDEditor', 'JHNDEditor', 'ASmithHealthNuX']",1,"[['Angela Madden'], '0', '0', ['Molly E. Waring'], '0', '0', '0', '0', '0', '0', '0', '0', '0', '0']",0.25806451612903225,0.4444444444444444,0.4444444444444444,Angela Madden,JHNDEditor,JHNDEditor,tw_name_self_score,0.4444444444444444,JHNDEditor,2
74,10.1000/anon848,Erickson,Shari,Shari,15,15,"['653876268899901440', '653888683515363328', '653940769472954370', '654073163647700992', '654301943070785537', '654324449420935168', '654658424379039745', '656330208803295233', '658682147293761536', '672098092397776896', '672115727097331714', '688095969724989441', '688156281081733120', '718622094901116928', '1202909299858690049']","['3198010973', '21013461', '174988635', '19893855', '206839497', '167486422', '120206023', '45573936', '120206023', '120206023', '16352975', '120206023', '120206023', '21013461', '745350729330720768']","['Jon Blund', 'Tom Heston', 'Tom', 'Jordan Shlain MD', 'John Kuelper', 'Bob DohertyDC', 'Annals of Int Med', 'Richard Eidinger', 'Annals of Int Med', 'Annals of Int Med', 'Med Peds Hospitalist', 'Annals of Int Med', 'Annals of Int Med', 'Tom Heston', 'Christophe RICHARD']","['JonLaake', 'tomheston', 'medicineupdate', 'DrShlain', 'JohnKuelper', 'BobDohertyDC', 'AnnalsofIM', 'richardeidinger', 'AnnalsofIM', 'AnnalsofIM', 'medpedshosp', 'AnnalsofIM', 'AnnalsofIM', 'tomheston', 'DocCRD']",1,"['0', ['Thomas F Heston'], '0', '0', '0', '0', '0', '0', '0', '0', '0', '0', '0', ['Thomas F Heston'], ['Christophe Richard']]",0.4375,0.4666666666666667,0.6153846153846154,Christophe Richard,Jordan Shlain MD,DrShlain,tw_handle_self_score,0.6153846153846154,DrShlain,3
47,10.1000/anon286,Li,Ping,Ping,1,1,['674952053047754752'],['3182517054'],['plantbio'],['plant_biology'],1,['0'],0.0,0.4,0.35294117647058826,NULL,plantbio,plant_biology,tw_name_self_score,0.4,plantbio,2
158,10.1000/anon462,Zhang,Yiqin,Yiqin,2,2,"['671516994865266688', '677033610067750912']","['432992338', '3187161747']","['Paul Burke', 'MedChem & ONCo']","['ontargt', 'TradingPharma']",1,"['0', '0']",0.0,0.19047619047619047,0.35294117647058826,NULL,Paul Burke,ontargt,tw_handle_self_score,0.35294117647058826,ontargt,3
68,10.1000/anon914,Li,Qi,Qi,2,2,"['697753554384199680', '697970360868667393']","['3004214811', '2799935377']","['Immunology News', 'microRNApapers']","['ImmunologyNews_', 'microRNA_papers']",1,"['0', '0']",0.0,0.2,0.21052631578947367,NULL,Immunology News,ImmunologyNews_,tw_handle_self_score,0.21052631578947367,ImmunologyNews_,3
252,10.1000/anon513,Chen,Kuan Wen,Kuan,1,1,['611740370326556672'],['130343557'],['Condensed Matter'],['CondensedPapers'],1,['0'],0.0,0.4,0.34782608695652173,NULL,Condensed Matter,CondensedPapers,tw_name_self_score,0.4,Condensed Matter,2
79,10.1000/anon1144,Bühler,Anja,Anja,2,2,"['707286054567419904', '710865793983123456']","['23009778', '85552375']","['Jon D. Moulton', 'Jon Humphries']","['jonmoulton', 'JDHL18']",1,"[['Jon D. Moulton'], ['Martin J. Humphries']]",0.4,0.3333333333333333,0.375,Martin J. Humphries,Jon Humphries,JDHL18,author_name_self_score,0.4,Martin J. Humphries,85552375
94,10.1000/anon979,Jones,Ben,Ben,3,3,"['502105522007715840', '512533241740656640', '400149390972571648']","['2181960758', '236484423', '2181960758']","['NFAO', 'Jackie Middeldorp', 'NFAO']","['NFAOuk', 'Nurse2Addicts', 'NFAOuk']",1,"['0', '0', '0']",0.0,0.3333333333333333,0.3333333333333333,NULL,NFAO,Nurse2Addicts,tw_name_self_score,0.3333333333333333,NFAO,2
138,10.1000/anon280,Aguilera,Stacy E.,Stacy,1,1,['119173669309259776'],['260356545'],['Stacy E Aguilera'],['StacyAguilera'],1,[['Stacy E. Aguilera']],0.9032258064516129,0.9333333333333333,1.0,Stacy E. Aguilera,Stacy E Aguilera,StacyAguilera,tw_handle_self_score,1.0,StacyAguilera,3
127,10.1000/anon383,Halmeenmäki,Elisa,Elisa,10,10,"['711872754446942208', '712199210624524288', '712560845587353601', '712562644776001536', '712563587244548096', '712564063331557376', '1214611050252947456', '1387310062528569344', '1395285334825578496', '1569687850186342400']","['1331133278', '707840139406475264', '108360845', '1537263998', '591202090', '591202090', '372739898', '41668402', '41668402', '20295438']","['POPapers', 'Mari Pihlatie', 'MethaneNet', 'Gordon Inglis', 'Mike Jetten', 'Mike Jetten', 'Lukas Kohl', 'JEH', 'JEH', 'Jessica ❤️']","['geomatlab', 'MariPihlatie', 'MethaneNet', 'climategordon', 'msmjetten', 'msmjetten', 'lukas_kohl', 'jEhoppe', 'jEhoppe', 'jessicawins']",1,"['0', ['Mari Pihlatie'], '0', ['Gordon N. Inglis'], ['Mike S. M. Jetten', 'Mike Jetten'], ['Mike S. M. Jetten', 'Mike Jetten'], ['Null'], '0', '0', '0']",0.4117647058823529,0.38461538461538464,0.42857142857142855,Mike S. M. Jetten,MethaneNet,geomatlab,tw_handle_self_score,0.42857142857142855,geomatlab,3
287,10.1000/anon1089,Jiang,Haiyan,Haiyan,3,3,"['698832081858592772', '698852222906425345', '698876242272002048']","['3300043128', '2789749526', '2813647685']","['Klebsiella Papers', 'pseudomonaspapers', 'Phagepapers']","['KlebsPapers', 'pseudo_papers', 'phagepapers']",1,"['0', '0', '0']",0.0,0.35294117647058826,0.35294117647058826,NULL,Phagepapers,phagepapers,tw_name_self_score,0.35294117647058826,Phagepapers,2
206,10.1000/anon260,Feng,Tao,Tao,3,3,"['713060881236500480', '713076686955282432', '713090413285007360']","['22986026', '22986026', '1363982275']","['ACS Nano', 'ACS Nano', '🕸nanoSPACE']","['acsnano', 'acsnano', 'nanoSPACEcz']",1,"['0', '0', '0']",0.0,0.375,0.42857142857142855,NULL,ACS Nano,acsnano,tw_handle_self_score,0.42857142857142855,acsnano,3
190,10.1000/anon93,Xu,Yi,Yi,2,2,"['747483911010168832', '747542107682910209']","['39325734', '2734103126']","['TestAllPLoSRSS', 'Richard Allen']","['TestAllPLoSRSS', 'AHA1R']",1,"['0', '0']",0.0,0.2222222222222222,0.0,NULL,Richard Allen,NULL,tw_name_self_score,0.2222222222222222,Richard Allen,2
96,10.1000/anon486,Odisho,Shoni M.,Shoni,1,1,['754026799856623616'],['2360241721'],['phypapers'],['phy_papers'],1,['0'],0.0,0.14285714285714285,0.13333333333333333,NULL,phypapers,phy_papers,tw_name_self_score,0.14285714285714285,phypapers,2
232,10.1000/anon549,Fernando,Worner,Worner,2,2,"['754009427141812224', '755335891007201280']","['4038106461', '18552357']","['Troponin_papers', 'Marga Frontera']","['troponinpapers', 'MargaFronteraB']",1,"['0', '0']",0.0,0.38095238095238093,0.4,NULL,Troponin_papers,troponinpapers,tw_handle_self_score,0.4,troponinpapers,3
17,10.1000/anon666,Long,John,John,7,7,"['751721607811313668', '751718590269710336', '751721343373090816', '751725119882407936', '752595171905302528', '755173899789148162', '773092215602094080']","['3142198312', '3007985099', '2527490466', nan, '1601283139', '257198673', '746592973253713921']","['Microbiome Papers', 'BioInformatics', 'Symbiosis papers', nan, 'Lindsay Triplett 🌱', 'Ronnie de Jonge', 'Ramakrishnan']","['MicrobiomePaper', 'BioResearch', 'Symbiosispapers', nan, 'triplettlr', 'dejongepmi', 'SRamakrishnan_1']",1,"['0', '0', '0', '0', ['Lindsay R. Triplett'], ['Ronnie de Jonge'], '0']",0.3333333333333333,0.3333333333333333,0.4444444444444444,Ronnie de Jonge,Ronnie de Jonge,dejongepmi,tw_handle_self_score,0.4444444444444444,dejongepmi,3
33,10.1000/anon1152,Ye,Darwin Q.,Darwin,3,3,"['744473108149473280', '744493714484002816', '744503134844661760']","['3326766226', '2789766403', '2386845055']","['Cancer Papers', 'ImmunologyPapers', 'Dendritic cells']","['CancerPapers', 'Immunol_papers', 'DCell_papers']",1,"['0', '0', '0']",0.0,0.4166666666666667,0.3333333333333333,NULL,Dendritic cells,DCell_papers,tw_name_self_score,0.4166666666666667,Dendritic cells,2
46,10.1000/anon711,Zhou,Amber S.,Amber,2,2,"['834352473884106752', '488658534393864193']","['2789512411', '250275509']","['🌟みうあまや miu amaya🐈', 'Patrick MacDonald']","['MiuAmaya', 'bcellorg']",1,"['0', ['Patrick E. MacDonald']]",0.2,0.2962962962962963,0.46153846153846156,Patrick E. MacDonald,🌟みうあまや miu amaya🐈,bcellorg,tw_handle_self_score,0.46153846153846156,bcellorg,3
198,10.1000/anon110,Kamitani,Tsukasa,Tsukasa,5,5,"['762318597955784704', '762356384277102593', '763019742458281989', '763171256896200705', '771399857449959424']","['570778564', '760657132567932928', '40030615', '760657132567932928', '40030615']","['OMT Venezuela', 'Mitch Holtkamp PT', 'JOSPT Community', 'Mitch Holtkamp PT', 'JOSPT Community']","['OMTVenezuela', 'holtkamp_m', 'JOSPT', 'holtkamp_m', 'JOSPT']",1,"['0', '0', '0', '0', '0']",0.0,0.36363636363636365,0.35294117647058826,NULL,Mitch Holtkamp PT,holtkamp_m,tw_name_self_score,0.36363636363636365,Mitch Holtkamp PT,2
154,10.1000/anon895,Gray,Steven M.,Steven,1,1,['778744804188368896'],['4711637900'],['Northwest Scientific Association'],['nw_sci'],1,['0'],0.0,0.27906976744186046,0.16666666666666666,NULL,Northwest Scientific Association,nw_sci,tw_name_self_score,0.27906976744186046,Northwest Scientific Association,2
34,10.1000/anon196,Su,Lin-Chong,Lin,3,3,"['802820388128374784', '803896867708731393', '852100257965940736']","['105111725', '2978837215', '454601506']","['Mwidimi Ndosi', 'Dr Daniel Lewis', 'Libro Azul']","['ndosie', 'Paths2Wellbeing', 'libroazuln']",1,"[['Mwidimi Ndosi'], '0', '0']",0.3157894736842105,0.5,0.46153846153846156,Mwidimi Ndosi,Libro Azul,libroazuln,tw_name_self_score,0.5,Libro Azul,2
168,10.1000/anon139,Sekita,Aiko,Aiko,1,1,['340335766309851136'],['17228282'],['Flavio Bernardotti 🇮🇹'],['Flavio58'],1,['0'],0.0,0.375,0.5,NULL,Flavio Bernardotti 🇮🇹,Flavio58,tw_handle_self_score,0.5,Flavio58,3
147,10.1000/anon844,Arellano,Jason Jorge,Jason,2,2,"['777814274571767808', '954351520090337281']","['2581464331', '29993773']","['HPB_surgery', 'TuncaySARI']","['HPB_surgery', 'TuncaySARI']",1,"['0', '0']",0.0,0.34782608695652173,0.34782608695652173,NULL,TuncaySARI,TuncaySARI,tw_name_self_score,0.34782608695652173,TuncaySARI,2
249,10.1000/anon281,Zhang,Hong,Hong,1,1,['438998209004707841'],['2359468056'],['Blood brain barrier'],['bbbpapers'],1,['0'],0.0,0.27586206896551724,0.14285714285714285,NULL,Blood brain barrier,bbbpapers,tw_name_self_score,0.27586206896551724,Blood brain barrier,2
255,10.1000/anon350,Zhang,Huiling,Huiling,1,1,['740492435277680640'],['18963870'],['Ira Michael Blonder'],['mikethebbop'],1,['0'],0.0,0.3125,0.125,NULL,Ira Michael Blonder,mikethebbop,tw_name_self_score,0.3125,Ira Michael Blonder,2
169,10.1000/anon456,Wang,Chong,Chong,1,1,['641166985582112768'],['411132501'],['Inorganic News'],['InorganicNews'],1,['0'],0.0,0.3333333333333333,0.36363636363636365,NULL,Inorganic News,InorganicNews,tw_handle_self_score,0.36363636363636365,InorganicNews,3
294,10.1000/anon996,Pell,Jill,Jill,14,14,"['494917941084061697', '495153748314845184', '495170748953010176', '495179811858710528', '495184567775817728', '497029757670662146', '497033433747451904', '504339247944704001', '501008201647915008', '504360104482054144', '566193661919371264', '566196049425883136', '566424979843993600', '571360828475215872']","['2578119194', '239223019', '1087087134', '15496407', '868205960', '388345704', '326453785', '23576240', '422743098', '157449978', nan, '22674542', '2795689592', '502151289']","['Marquise Joyce', 'QIMRBerghofer papers', 'The Boulin Lab', 'Jason H. Moore, PhD', 'Sleep Research', 'PLOS Genetics', 'Silvia Paracchini', 'Cecilia Lindgren', 'Dr Fiona Rawle', 'Amy Williams', nan, 'Lab Central HUC', 'NeuroGenetics papers', 'george davey smith']","['sci_fye', 'QIMRBergh_pubs', 'Boulin_Lab', 'moorejh', 'SleepResearch_', 'PLOSGenetics', 'silParacchini', 'ceclindgren', 'FiRawle', 'amythewilliams', nan, 'labhuc', 'NeuroGen_papers', 'mendel_random']",1,"['0', '0', '0', ['Jason H. Moore', 'J H Moore'], '0', '0', ['Silvia Paracchini'], ['C M Lindgren', 'Cecilia M. Lindgren'], '0', ['Amy L. Williams'], '0', '0', '0', ['George Davey Smith', 'George Davey-Smith']]",0.4166666666666667,0.38095238095238093,0.4,Amy L. Williams,Amy Williams,FiRawle,author_name_self_score,0.4166666666666667,Amy L. Williams,157449978
187,10.1000/anon111,Sendón Moreno,José Luis López,José,1,1,['146148184652136449'],['137357753'],['Secugen'],['SecugenOnline'],1,['0'],0.0,0.4,0.38461538461538464,NULL,Secugen,SecugenOnline,tw_name_self_score,0.4,Secugen,2
63,10.1000/anon807,Wu,Ji,Ji,1,1,['610525204020768768'],['12589692'],['Richard Millington'],['RichMillington'],1,['0'],0.0,0.17391304347826086,0.125,NULL,Richard Millington,RichMillington,tw_name_self_score,0.17391304347826086,Richard Millington,2
83,10.1000/anon158,Rodriguez,Alexandra,Alexandra,1,1,['659829322304368644'],['3306147586'],"[""Hannah O'Sullivan""]",['hjosullivan123'],1,"[[""Hannah O'Sullivan""]]",0.3333333333333333,0.3333333333333333,0.2608695652173913,Hannah O'Sullivan,Hannah O'Sullivan,hjosullivan123,author_name_self_score,0.3333333333333333,Hannah O'Sullivan,3306147586
175,10.1000/anon723,Liu,Jia,Jia,5,5,"['519879921061994496', '520937148376031233', '520379491026489345', '609128741831225345', '519797877531373569']","['2424371810', '352448762', '434875052', '2424371810', '2365948482']","['OTOdocs', 'Omixon', 'Leucine Rich Bio', 'OTOdocs', 'CompBiolPapers']","['OTO_docs', 'OmixonBio', 'LeucineRichBio', 'OTO_docs', 'CompBiolPapers']",1,"['0', '0', '0', '0', '0']",0.0,0.34782608695652173,0.3,NULL,Leucine Rich Bio,LeucineRichBio,tw_name_self_score,0.34782608695652173,Leucine Rich Bio,2
8,10.1000/anon245,Boswell,Hillary,Hillary,3,3,"['627548958366150656', '1427612160742543363', '1588205881023295488']","['1417211305', '1329207358753546243', '1412466695617191937']","['IBHR', 'Febrile', 'UIC MedPeds']","['bureauofhope', 'febrilepodcast', 'uicmedpeds']",1,"['0', '0', '0']",0.0,0.36363636363636365,0.3157894736842105,NULL,IBHR,bureauofhope,tw_name_self_score,0.36363636363636365,IBHR,2
234,10.1000/anon706,Swift,Elaine K.,Elaine,2,2,"['175191247454081024', '175385656913170435']","['94062132', '22445143']","['J_Biomed_Info', 'Chris 😷💉💉 & 💉💉 Pearce. 👨\u200d⚕️👨\u200d🎓👨\u200d💻']","['J_Biomed_Info', 'ChrisMP']",1,"['0', ['Christopher Pearce']]",0.4,0.3333333333333333,0.3333333333333333,Christopher Pearce,J_Biomed_Info,J_Biomed_Info,author_name_self_score,0.4,Christopher Pearce,22445143
202,10.1000/anon448,Previc,Andrew,Andrew,1,1,['577360330893955072'],['86806394'],['Celtic Knot'],['CelticKnotTweet'],1,['0'],0.0,0.4166666666666667,0.37037037037037035,NULL,Celtic Knot,CelticKnotTweet,tw_name_self_score,0.4166666666666667,Celtic Knot,2
245,10.1000/anon211,Wang,Li,Li,1,1,['506767782923345920'],['2767302042'],['Physics'],['FluoroPhysics'],1,['0'],0.0,0.2222222222222222,0.26666666666666666,NULL,Physics,FluoroPhysics,tw_handle_self_score,0.26666666666666666,FluoroPhysics,3
38,10.1000/anon890,Ariffin,Alawiah,Alawiah,1,1,['638695546325041152'],['46854930'],['BlackPhysicists'],['BlackPhysicists'],1,"[['Xue-Mei Su', 'Ruidong Xia', 'Xue Mei Su', 'Hongbo Zhang', 'Abdallah Ali', 'Zhipeng Zhou', 'Lyudmyla Adamska', 'Olivier Namur']]",0.5185185185185185,0.27586206896551724,0.27586206896551724,Abdallah Ali,BlackPhysicists,BlackPhysicists,author_name_self_score,0.5185185185185185,Abdallah Ali,46854930
248,10.1000/anon515,Frei,Zsolt,Zsolt,2,2,"['742614640157302784', '743735684490375170']","['422672164', '337395272']","['Dr Michael Reidinger', 'Will M Farr']","['scimichael', 'farrwill']",1,"['0', ['W. M. Farr', 'Will M. Farr']]",0.36363636363636365,0.38095238095238093,0.5,Will M. Farr,Will M Farr,farrwill,tw_handle_self_score,0.5,farrwill,3
229,10.1000/anon35,Chiang,Peggy Pei-Chia,Peggy,71,71,"['462206161895165952', '462213820027383808', '462216157395959808', '462216699861684224', '462220623335686144', '462220623335686144', '462225108170719232', '462212379858567168', '462219434174988288', '462225146666045440', '462303076179652608', '462840624094670849', '462877731227590656', '462879074424463360', '462876262629773312', '462929054124240896', '463431015885987841', '464340477639012352', '464384187827761154', '464812186834333696', '468126546348486657', '468126560835215360', '471751602181636096', '482097185316950016', '512866953329790976', '462235420194271233', '462241222669893632', '462241739408154624', '462242715464630273', '462251771826810880', '462261461713047552', '462267772995928066', '462299979655417856', '462312920454799360', '462599168369098752', '462599321322795008', '462599718082985984', '462599988523331584', '462610174684176384', '462992683087052801', '463295980579061761', '463366484589568000', '463628222710968320', '465544206266933248', '468322517321797632', '510386720446377984', '510392308416937984', '510407536525459456', '510409291329576960', '510409694339293184', '510580561270681600', '462491419580837888', '463236736165085184', '464670520651177986', '464681800775008256', '464682140039671808', '464682140039671808', '465146499819515904', '465149770835587072', '465162775757881344', '466960896334786560', '473492647169257472', '503988644302946304', '510467143025319936', '545623866023088128', '491465552293277696', '463424956966391809', '463490258420502528', '598789553240018944', '579975745746968576', '808425837632585731']","['14433267', '24035547', '480040776', nan, '2165086801', '2165086801', '17757686', nan, '136242086', '404032639', '73633642', '28824136', '227466497', '356203202', '953479716', '161697155', '1036781299', '21013461', '789894936', '256440168', '2412897704', '428858830', '428389759', '51991671', '59209485', '30257977', '2451801636', '219596108', '219596108', '219596108', '221308608', '53898393', '130906331', '970731109', '17485701', '17485701', '17485701', '17485701', '17485701', '80906313', '606781436', '847948698', '1124504628', '356203202', '2375643853', '1003960531', '1003960531', '120018061', '166709961', '166709961', '35991485', '49914089', '17682429', '40803246', '41174817', '41174817', '41174817', '14534174', '389548615', '136663915', '615346413', '17566029', '1877403968', '1950297037', '102278432', '49914089', '69012419', '62218991', nan, '547699314', '8306492']","['Wouter Havinga', 'Dr Martin Bloem', 'Stéphane Helleringer', nan, 'SickKids Global Child Health', 'SickKids Global Child Health', 'jjsteinberg', nan, 'Frédérique Tissandier', 'Elisabeth Byrs', 'Emm', 'Ash Paul', 'ACRRM', 'Dr Nick Hopkinson', 'Ian Wronski', 'José Manuel Roche', 'Lise Loerup', 'Tom Heston', 'Pablo Richly', 'Drugs for Neglected Diseases initiative', 'OeGN', 'IWGYNT', 'World Federation of Neurology (WFN)', 'Ingvar Theo Olsen', 'Budhi Setiawan', 'John Appleby', 'Robert C', 'Ingrid Wolfe', 'Ingrid Wolfe', 'Ingrid Wolfe', 'mirjam 🇪🇺 🌻', 'richard horton', 'Nathanael Johnson', 'Sarah McMullen', 'perceval78', 'perceval78', 'perceval78', 'perceval78', 'perceval78', 'Nancy Fullman', 'Valéry Ridde', 'Sage Innovation', '✳️porCausa', 'Dr Nick Hopkinson', 'The Lancet Infectious Diseases', 'Katri Bertram', 'Katri Bertram', 'Marwin Meier', 'JP McGinnis', 'JP McGinnis', 'Ruben Roa', 'Medicus Mundi International Network', 'Charlie', 'Michelle Avelino', 'Marco Manca', 'Marco Manca', 'Marco Manca', 'Global Health Progress', 'Nili Majumder', 'Carlos E. Nery Paes', 'Global2030', 'Danstan Bagenda', 'Allan Kember', 'Public Health Lit', 'Michael Clemens', 'Medicus Mundi International Network', 'Brian Palmer', 'Satish Pandey', nan, 'Crème Caramel', 'n2teaching']","['wouterhavinga', 'mwbloem', 'helleringer143', nan, 'SickKidsGlobal', 'SickKidsGlobal', 'jjsteinberg', nan, 'ftissandier', 'EByrs', 'emswam', 'pash22', 'ACRRM', 'COPDdoc', 'oomgowa', 'jomroche', 'lloerup', 'tomheston', 'PabloRichly', 'DNDi', 'OeGNeurologie', 'IWGYNT', 'wfneurology', 'intols', 'budzet', 'jappleby123', 'KorevHaTobacko', 'ingridjohanna66', 'ingridjohanna66', 'ingridjohanna66', 'teunemans', 'richardhorton1', 'SavorTooth', 'DrSMcMullen', 'perceval78', 'perceval78', 'perceval78', 'perceval78', 'perceval78', 'nwnancy', 'ValeryRidde', 'SageInnovation_', 'porCausaorg', 'COPDdoc', 'TheLancetInfDis', 'KatriBertram', 'KatriBertram', 'MarwMeier', 'jp_mcginnis', 'jp_mcginnis', 'rubenroa', 'mmi_updates', 'edin_charlie', 'mdavelinoPH', 'markomanka', 'markomanka', 'markomanka', 'GlobalHealth', 'NiliMajumder', 'NeryPaes', 'Global2030_net', 'xolaniboy', 'AllanKember', 'PublicHealthLit', 'm_clem', 'mmi_updates', 'PalmerBrian', 'SatishKTM', nan, 'hfsnhl', 'n2teaching']",1,"['0', ['Martin W. Bloem'], ['Null'], '0', '0', '0', ['Jacob J. Steinberg'], '0', '0', '0', '0', ['Angela M. Thompson-Paul', 'Ash Paul', 'Aby Paul', 'Adèle Paul-Hus'], '0', ['Nicholas S Hopkinson'], '0', '0', '0', ['Thomas F Heston'], ['Pablo Richly'], '0', '0', '0', '0', '0', '0', ['John Appleby', 'John A. D. Appleby'], '0', ['Ingrid Wolfe'], ['Ingrid Wolfe'], ['Ingrid Wolfe'], '0', '0', ['Nathanael Johnson'], ['Null'], '0', '0', '0', '0', '0', ['Nancy Fullman'], ['Valéry Ridde', 'V. Ridde', 'ValÃ©ry Ridde', 'V Ridde'], '0', '0', ['Nicholas S Hopkinson'], '0', '0', '0', '0', '0', '0', '0', '0', '0', '0', '0', '0', '0', '0', '0', '0', '0', '0', ['Allan Kember'], '0', ['Null'], '0', '0', ['Satish Raj Pandey', 'Satish Raj-Pandey'], '0', '0', '0']",0.4166666666666667,0.625,0.625,John Appleby,n2teaching,n2teaching,tw_name_self_score,0.625,n2teaching,2
98,10.1000/anon1054,McBride,Lucy,Lucy,2,2,"['507968787757289472', '509649960569028608']","['1560452209', '434250807']","['Continuum AEP', 'ACNP']","['ContinuumAEP', 'ACNPed']",1,"['0', '0']",0.0,0.25,0.3076923076923077,NULL,ACNP,ACNPed,tw_handle_self_score,0.3076923076923077,ACNPed,3
116,10.1000/anon441,Marr,Eric Joseph,Eric,2,2,"['791237458298101760', '791765458110205953']","['3308200313', '2632802419']","['Eric Marr, PhD', 'countrysidesingles']","['marr_eric', 'countrysidemeet']",1,"[['Eric Joseph Marr'], '0']",0.72,0.782608695652174,0.9411764705882353,Eric Joseph Marr,"Eric Marr, PhD",marr_eric,tw_handle_self_score,0.9411764705882353,marr_eric,3
148,10.1000/anon202,Carson III,William E.,William,4,4,"['387621764269744129', '1125400200732979200', '1125400200732979200', '1125482585168105473']","['203469783', '16027500', '16027500', '1005899772916477952']","['Senology', 'RSNA', 'RSNA', 'Brian Chutskoff CD MD FRCSC (ret’d) 🇺🇦🇨🇦']","['Senology', 'RSNA', 'RSNA', 'BrianChutskoff']",1,"['0', '0', '0', '0']",0.0,0.42857142857142855,0.42857142857142855,NULL,RSNA,RSNA,tw_name_self_score,0.42857142857142855,RSNA,2
39,10.1000/anon527,Schatz,Devon J.,Devon,6,6,"['449001727669178368', '448467472552046593', '448468493122281473', '448497378845155329', '469830679627190272', '565699786847051777']","['1284514014', '16467437', '59417534', '263668631', '212477313', '72466943']","['Alex Brown', 'Angewandte Chemie', 'もり', 'isao/hr', 'Shinokubo Lab', 'Jeffrey N. Murphy']","['abrown_uofa', 'angew_chem', 'forest_justice', 'chem_isao', 'shinolab', 'MurphysLab']",1,"[['Alex Brown'], '0', '0', '0', '0', '0']",0.36363636363636365,0.36363636363636365,0.42857142857142855,Alex Brown,Alex Brown,shinolab,tw_handle_self_score,0.42857142857142855,shinolab,3
277,10.1000/anon64,Chien,Chih-Cheng,Chih,1,1,['200025684092006400'],['304763660'],['Ricardo Oliva'],['Ricardo_Oliva_P'],1,[['Ricardo Oliva']],0.17391304347826086,0.17391304347826086,0.21052631578947367,Ricardo Oliva,Ricardo Oliva,Ricardo_Oliva_P,tw_handle_self_score,0.21052631578947367,Ricardo_Oliva_P,3
45,10.1000/anon1003,Bao,Xiaoli,Xiaoli,2,2,"['264596148600328192', '259726936572563458']","['411132501', '411132501']","['Inorganic News', 'Inorganic News']","['InorganicNews', 'InorganicNews']",1,"['0', '0']",0.0,0.3333333333333333,0.3157894736842105,NULL,Inorganic News,InorganicNews,tw_name_self_score,0.3333333333333333,Inorganic News,2
219,10.1000/anon845,Ward,Shannon,Shannon,1,1,['367272201650569217'],['110595656'],['Anthro Doula'],['AnthroDoula'],1,['0'],0.0,0.4166666666666667,0.4,NULL,Anthro Doula,AnthroDoula,tw_name_self_score,0.4166666666666667,Anthro Doula,2
111,10.1000/anon235,Sparrelid,Ernesto,Ernesto,1,1,['695206976255500288'],['2581464331'],['HPB_surgery'],['HPB_surgery'],1,['0'],0.0,0.3,0.3,NULL,HPB_surgery,HPB_surgery,tw_name_self_score,0.3,HPB_surgery,2
117,10.1000/anon652,Gupta,Vin,Vin,7,7,"['588765818592186368', '590855234563485697', '591271643764371457', '595667540933750785', '597038369579737088', '596095032853188608', '938880736140120064']","['174988635', '25950355', '109910665', '390752676', '166985027', '1249676965', '36968554']","['Tom', 'NEJM', 'GSSHealth', 'Kia', 'Naheed Dosani', 'Kelly Doran MD MHS', 'Mike Watson Frick']","['medicineupdate', 'NEJM', 'GSSHealth', 'kti_teams_', 'NaheedD', 'KellyMDoran', 'mwfrick']",1,"['0', '0', '0', '0', ['Naheed Dosani'], ['Kelly M. Doran', 'Kelly Doran', 'Kelly M Doran'], '0']",0.2727272727272727,0.36363636363636365,0.45454545454545453,Naheed Dosani,Kia,medicineupdate,tw_handle_self_score,0.45454545454545453,medicineupdate,3
103,10.1000/anon1006,Zhu,Runzhi,Runzhi,2,2,"['647184748037562368', '652025776196440064']","[nan, '730342460']","[nan, 'Dr Emma Hock']","[nan, 'EmmaEversonHock']",1,"['0', ['Emma Hock', 'Emma Everson-Hock']]",0.2222222222222222,0.10526315789473684,0.2857142857142857,Emma Everson-Hock,Dr Emma Hock,EmmaEversonHock,tw_handle_self_score,0.2857142857142857,EmmaEversonHock,3
211,10.1000/anon1137,Suo,Guangli,Guangli,1,1,['572340592677548032'],['2645323627'],['Sheriozha Anthony Wijekoon'],['SheriozhaAW'],1,['0'],0.0,0.32432432432432434,0.2857142857142857,NULL,Sheriozha Anthony Wijekoon,SheriozhaAW,tw_name_self_score,0.32432432432432434,Sheriozha Anthony Wijekoon,2
191,10.1000/anon201,Jung,Jiwon,Jiwon,1,1,['354441127467814913'],['219283200'],['Journal of Anatomy'],['JAnatomy'],1,['0'],0.0,0.42857142857142855,0.35294117647058826,NULL,Journal of Anatomy,JAnatomy,tw_name_self_score,0.42857142857142855,Journal of Anatomy,2
228,10.1000/anon1020,Alves,Cláudia,Cláudia,1,1,['658762975428239360'],[nan],[nan],[nan],1,[0],0.0,0.0,0.0,NULL,NULL,NULL,author_name_self_score,0.0,NULL,1
118,10.1000/anon382,Ramos,Juan,Juan,1,1,['150030702690304000'],['120432163'],['新里 敬'],['takashinzato'],1,['0'],0.0,0.14285714285714285,0.38095238095238093,NULL,新里 敬,takashinzato,tw_handle_self_score,0.38095238095238093,takashinzato,3
41,10.1000/anon700,Welch,Mary Jane,Mary,1,1,['514092554355503104'],['2396808566'],['The PINE Study'],['ThePineStudy'],1,['0'],0.0,0.25,0.19047619047619047,NULL,The PINE Study,ThePineStudy,tw_name_self_score,0.25,The PINE Study,2
28,10.1000/anon91,Castle,James R.,James,7,7,"['727296646829105153', '727304670301949953', '727302139458949120', '806538562724331521', '936731862856323073', '1151250297815281664', '786314258711662592']","['606414709', '132430810', '3071571954', '3672234445', '45320364', '45320364', '46854930']","['arXiv hep-ex', 'HEP - Experiment', 'arXiv hep-ex', 'DGDI - BUAP', 'UGent Bibliography', 'UGent Bibliography', 'BlackPhysicists']","['hep_ex', 'HEPExperPapers', '_arXiv_hep_ex', 'dgdibuap', 'ugentbiblio', 'ugentbiblio', 'BlackPhysicists']",0,"['0', '0', '0', '0', '0', '0', ['Xue-Mei Su', 'Ruidong Xia', 'Xue Mei Su', 'Hongbo Zhang', 'Abdallah Ali', 'Zhipeng Zhou', 'Lyudmyla Adamska', 'Olivier Namur']]",0.45454545454545453,0.38461538461538464,0.38461538461538464,Xue-Mei Su,BlackPhysicists,BlackPhysicists,author_name_self_score,0.45454545454545453,Xue-Mei Su,46854930
28,10.1000/anon751,Castle,James R.,James,6,6,"['938543774413836290', '712081903088570368', '712096960564453376', '733066855401676800', '1151975087467323392', '712076317659779072']","['45320364', '3071571954', '132430810', '46854930', '45320364', '606414709']","['UGent Bibliography', 'arXiv hep-ex', 'HEP - Experiment', 'BlackPhysicists', 'UGent Bibliography', 'arXiv hep-ex']","['ugentbiblio', '_arXiv_hep_ex', 'HEPExperPapers', 'BlackPhysicists', 'ugentbiblio', 'hep_ex']",0,"['0', '0', '0', ['Xue-Mei Su', 'Ruidong Xia', 'Xue Mei Su', 'Hongbo Zhang', 'Abdallah Ali', 'Zhipeng Zhou', 'Lyudmyla Adamska', 'Olivier Namur'], '0', '0']",0.45454545454545453,0.38461538461538464,0.38461538461538464,Xue-Mei Su,BlackPhysicists,BlackPhysicists,author_name_self_score,0.45454545454545453,Xue-Mei Su,46854930
28,10.1000/anon452,Castle,James R.,James,5,5,"['712076278946336768', '712089410028773376', '938906214553047040', '1151250296171114497', '712081897485041664']","['606414709', '132430810', '45320364', '45320364', '3071571954']","['arXiv hep-ex', 'HEP - Experiment', 'UGent Bibliography', 'UGent Bibliography', 'arXiv hep-ex']","['hep_ex', 'HEPExperPapers', 'ugentbiblio', 'ugentbiblio', '_arXiv_hep_ex']",0,"['0', '0', '0', '0', '0']",0.0,0.3333333333333333,0.3157894736842105,NULL,arXiv hep-ex,HEPExperPapers,tw_name_self_score,0.3333333333333333,arXiv hep-ex,606414709
28,10.1000/anon78,Castle,James R.,James,17,17,"['726939599319126016', '726938748278054912', '727095946283241474', '726933672465559554', '727095946228719616', '727096420906442752', '727095355423252482', '727099841608880128', '938906202783780870', '726962095070298112', '727275860819103744', '1151975062213468161', '727096421019705344', '727099841579474944', '726962003026272257', '755104421604954112', '727095355779731461']","['3071571954', '132430810', '26788424', '606414709', '3673736062', '26788424', '3673736062', '26788424', '45320364', '2692022451', '3096674704', '45320364', '3673736062', '3673736062', '2692022451', '244881610', '26788424']","['arXiv hep-ex', 'HEP - Experiment', 'Freya Blekman @freyablekman@sciencemastodon.com', 'arXiv hep-ex', 'CMS Voices', 'Freya Blekman @freyablekman@sciencemastodon.com', 'CMS Voices', 'Freya Blekman @freyablekman@sciencemastodon.com', 'UGent Bibliography', 'Holli Lancaster', 'daniela bortoletto', 'UGent Bibliography', 'CMS Voices', 'CMS Voices', 'Holli Lancaster', 'André David', 'Freya Blekman @freyablekman@sciencemastodon.com']","['_arXiv_hep_ex', 'HEPExperPapers', 'freyablekman', 'hep_ex', 'CMSvoices', 'freyablekman', 'CMSvoices', 'freyablekman', 'ugentbiblio', 'GunnQuznetsov', 'danielabortole2', 'ugentbiblio', 'CMSvoices', 'CMSvoices', 'GunnQuznetsov', 'DrAndreDavid', 'freyablekman']",0,"['0', '0', ['Freya Blekman'], '0', '0', ['Freya Blekman'], '0', ['Freya Blekman'], '0', '0', '0', '0', '0', '0', '0', ['Andre David', 'A. David'], ['Freya Blekman']]",0.34782608695652173,0.4444444444444444,0.46153846153846156,Andre David,Holli Lancaster,danielabortole2,tw_handle_self_score,0.46153846153846156,danielabortole2,3096674704
28,10.1000/anon253,Castle,James R.,James,6,6,"['729833004848160770', '938543775978278912', '1151612684170866689', '729838933106810880', '729941073154445313', '729965730549092353']","['606414709', '45320364', '45320364', '3071571954', '3153541647', '3673736062']","['arXiv hep-ex', 'UGent Bibliography', 'UGent Bibliography', 'arXiv hep-ex', 'Rebeca Gonzalez Suarez', 'CMS Voices']","['hep_ex', 'ugentbiblio', 'ugentbiblio', '_arXiv_hep_ex', '1cRebeca', 'CMSvoices']",0,"['0', '0', '0', '0', ['Rebeca Gonzalez Suarez'], '0']",0.4117647058823529,0.4117647058823529,0.42857142857142855,Rebeca Gonzalez Suarez,Rebeca Gonzalez Suarez,CMSvoices,tw_handle_self_score,0.42857142857142855,CMSvoices,3673736062
28,10.1000/anon851,Castle,James R.,James,6,6,"['806541255106854912', '1096182623959945216', '1150887917818142721', '737443238064201728', '808090766807625728', '737448986991169536']","['3672234445', '45320364', '45320364', '606414709', '2386434618', '3071571954']","['DGDI - BUAP', 'UGent Bibliography', 'UGent Bibliography', 'arXiv hep-ex', 'Ciencia a Tiempo', 'arXiv hep-ex']","['dgdibuap', 'ugentbiblio', 'ugentbiblio', 'hep_ex', 'CienciaTiempo', '_arXiv_hep_ex']",0,"['0', '0', '0', '0', '0', '0']",0.0,0.35714285714285715,0.42105263157894735,NULL,Ciencia a Tiempo,CienciaTiempo,tw_handle_self_score,0.42105263157894735,CienciaTiempo,2386434618
28,10.1000/anon762,Castle,James R.,James,8,8,"['764514051980267520', '763891908384989184', '764758127199735810', '763904206516486144', '816037541988028416', '1112474945223827462', '763903115594649600', '1150887892161576965']","['751734284092792832', '606414709', '46854930', '132430810', '3326958650', '45320364', '3071571954', '45320364']","['arxiv', 'arXiv hep-ex', 'BlackPhysicists', 'HEP - Experiment', 'Hogwarts Science', 'UGent Bibliography', 'arXiv hep-ex', 'UGent Bibliography']","['arxiv_org', 'hep_ex', 'BlackPhysicists', 'HEPExperPapers', 'HogwartsScience', 'ugentbiblio', '_arXiv_hep_ex', 'ugentbiblio']",0,"['0', '0', ['Xue-Mei Su', 'Ruidong Xia', 'Xue Mei Su', 'Hongbo Zhang', 'Abdallah Ali', 'Zhipeng Zhou', 'Lyudmyla Adamska', 'Olivier Namur'], '0', '0', '0', '0', '0']",0.45454545454545453,0.38461538461538464,0.38461538461538464,Xue-Mei Su,BlackPhysicists,BlackPhysicists,author_name_self_score,0.45454545454545453,Xue-Mei Su,46854930
28,10.1000/anon814,Castle,James R.,James,11,11,"['756006955701800960', '755930610615529474', '756355364262739968', '937094310989836288', '813669037787979776', '814559096737251328', '756280332987404288', '755955213425672192', '813675149589245952', '755924804587270145', '756063502914105344']","['46854930', '3071571954', '1163712553', '45320364', '1163712553', '2847895081', '751734284092792832', '2692022451', '1428037075', '606414709', '422672164']","['BlackPhysicists', 'arXiv hep-ex', 'Tristan du Pree', 'UGent Bibliography', 'Tristan du Pree', 'Ivo van Vulpen', 'arxiv', 'Holli Lancaster', 'Daz Azoth', 'arXiv hep-ex', 'Dr Michael Reidinger']","['BlackPhysicists', '_arXiv_hep_ex', 'Tristan_duPree', 'ugentbiblio', 'Tristan_duPree', 'IvovanVulpen', 'arxiv_org', 'GunnQuznetsov', 'Dazoth77', 'hep_ex', 'scimichael']",0,"[['Xue-Mei Su', 'Ruidong Xia', 'Xue Mei Su', 'Hongbo Zhang', 'Abdallah Ali', 'Zhipeng Zhou', 'Lyudmyla Adamska', 'Olivier Namur'], '0', '0', '0', '0', '0', '0', '0', '0', '0', '0']",0.45454545454545453,0.4444444444444444,0.38461538461538464,Xue-Mei Su,Holli Lancaster,BlackPhysicists,author_name_self_score,0.45454545454545453,Xue-Mei Su,46854930
28,10.1000/anon73,Castle,James R.,James,5,5,"['707378332631838720', '937819078923866114', '1151612689543831554', '707382302381244416', '707379770044973057']","['3071571954', '45320364', '45320364', '606414709', '132430810']","['arXiv hep-ex', 'UGent Bibliography', 'UGent Bibliography', 'arXiv hep-ex', 'HEP - Experiment']","['_arXiv_hep_ex', 'ugentbiblio', 'ugentbiblio', 'hep_ex', 'HEPExperPapers']",0,"['0', '0', '0', '0', '0']",0.0,0.3333333333333333,0.3157894736842105,NULL,arXiv hep-ex,HEPExperPapers,tw_name_self_score,0.3333333333333333,arXiv hep-ex,3071571954
28,10.1000/anon415,Castle,James R.,James,9,9,"['712446521682231296', '712438369968467968', '712500896274509824', '936731859697926146', '781676145360056320', '812124889691865088', '712444147701981184', '806542891309010944', '1151612659084812288']","['132430810', '606414709', '2692022451', '45320364', '46854930', '2386434618', '3071571954', '3672234445', '45320364']","['HEP - Experiment', 'arXiv hep-ex', 'Holli Lancaster', 'UGent Bibliography', 'BlackPhysicists', 'Ciencia a Tiempo', 'arXiv hep-ex', 'DGDI - BUAP', 'UGent Bibliography']","['HEPExperPapers', 'hep_ex', 'GunnQuznetsov', 'ugentbiblio', 'BlackPhysicists', 'CienciaTiempo', '_arXiv_hep_ex', 'dgdibuap', 'ugentbiblio']",0,"['0', '0', '0', '0', ['Xue-Mei Su', 'Ruidong Xia', 'Xue Mei Su', 'Hongbo Zhang', 'Abdallah Ali', 'Zhipeng Zhou', 'Lyudmyla Adamska', 'Olivier Namur'], '0', '0', '0', '0']",0.45454545454545453,0.4444444444444444,0.42105263157894735,Xue-Mei Su,Holli Lancaster,CienciaTiempo,author_name_self_score,0.45454545454545453,Xue-Mei Su,46854930
28,10.1000/anon769,Castle,James R.,James,4,4,"['937819071160217607', '732369907313041408', '738494393963958272', '732375587734458368']","['45320364', '606414709', '182900442', '3071571954']","['UGent Bibliography', 'arXiv hep-ex', 'Engin Eren', 'arXiv hep-ex']","['ugentbiblio', 'hep_ex', 'eren_mlops', '_arXiv_hep_ex']",0,"['0', '0', '0', '0']",0.0,0.3333333333333333,0.2727272727272727,NULL,arXiv hep-ex,ugentbiblio,tw_name_self_score,0.3333333333333333,arXiv hep-ex,606414709
28,10.1000/anon438,Castle,James R.,James,19,19,"['758725726522802176', '743257752445681664', '742583623757537280', '759086469130686465', '743386911071412224', '742516564822351873', '743025396405436418', '742522477310447616', '742796739439153152', '743025950334582784', '758736082649264128', '1151612693037670400', '936731869516791808', '774370929753387008', '742798191444254720', '758677666795024384', '759084267305594880', '758727300489687040', '743026358981386240']","['15936294', '29941998', '1163712553', '3362236426', '244881610', '606414709', '2375479814', '3071571954', '26788424', '2375479814', '46854930', '45320364', '45320364', '347521678', '26788424', '423109364', '195122448', '1296726444', '2375479814']","['ani', 'honor harger', 'Tristan du Pree', 'Indie Cole', 'André David', 'arXiv hep-ex', 'cataquark', 'arXiv hep-ex', 'Freya Blekman @freyablekman@sciencemastodon.com', 'cataquark', 'BlackPhysicists', 'UGent Bibliography', 'UGent Bibliography', 'Edgar Carrera', 'Freya Blekman @freyablekman@sciencemastodon.com', 'Robert Garisto', 'J W F Valle', 'nuclexp', 'cataquark']","['animesh1977', 'honorharger', 'Tristan_duPree', 'IndieCole1', 'DrAndreDavid', 'hep_ex', 'cataquark', '_arXiv_hep_ex', 'freyablekman', 'cataquark', 'BlackPhysicists', 'ugentbiblio', 'ugentbiblio', 'EdgarFCarreraJ', 'freyablekman', 'RobertGaristo', 'jwvalle', 'nuclexp', 'cataquark']",0,"[['Aurel Bulgac'], '0', '0', '0', ['Andre David', 'A. David'], '0', '0', '0', ['Freya Blekman'], '0', ['Xue-Mei Su', 'Ruidong Xia', 'Xue Mei Su', 'Hongbo Zhang', 'Abdallah Ali', 'Zhipeng Zhou', 'Lyudmyla Adamska', 'Olivier Namur'], '0', '0', '0', ['Freya Blekman'], ['Null'], ['José W. F. Valle'], '0', '0']",0.45454545454545453,0.46153846153846156,0.5,Xue-Mei Su,nuclexp,animesh1977,tw_handle_self_score,0.5,animesh1977,15936294
28,10.1000/anon536,Castle,James R.,James,6,6,"['938181468014239744', '709545237450915840', '709539335607988224', '709595087307730944', '709544841563099136', '1151250288684220416']","['45320364', '3071571954', '606414709', '2692022451', '132430810', '45320364']","['UGent Bibliography', 'arXiv hep-ex', 'arXiv hep-ex', 'Holli Lancaster', 'HEP - Experiment', 'UGent Bibliography']","['ugentbiblio', '_arXiv_hep_ex', 'hep_ex', 'GunnQuznetsov', 'HEPExperPapers', 'ugentbiblio']",0,"['0', '0', '0', '0', '0', '0']",0.0,0.4444444444444444,0.3157894736842105,NULL,Holli Lancaster,HEPExperPapers,tw_name_self_score,0.4444444444444444,Holli Lancaster,2692022451
28,10.1000/anon1122,Castle,James R.,James,7,7,"['774050255490789381', '774043702700290052', '774812461123776512', '1151250279687426049', '774393562846801920', '799295602093854722', '938543795137929217']","['3154349845', '1296726444', '751734284092792832', '45320364', '46854930', '347521678', '45320364']","['arXiv nucl-ex', 'nuclexp', 'arxiv', 'UGent Bibliography', 'BlackPhysicists', 'Edgar Carrera', 'UGent Bibliography']","['_arXiv_nucl_ex', 'nuclexp', 'arxiv_org', 'ugentbiblio', 'BlackPhysicists', 'EdgarFCarreraJ', 'ugentbiblio']",0,"['0', '0', '0', '0', ['Xue-Mei Su', 'Ruidong Xia', 'Xue Mei Su', 'Hongbo Zhang', 'Abdallah Ali', 'Zhipeng Zhou', 'Lyudmyla Adamska', 'Olivier Namur'], '0', '0']",0.45454545454545453,0.46153846153846156,0.46153846153846156,Xue-Mei Su,nuclexp,nuclexp,tw_name_self_score,0.46153846153846156,nuclexp,1296726444
28,10.1000/anon459,Castle,James R.,James,5,5,"['707020311204466689', '707019813520977922', '1585456756079357952', '937094302437642245', '707026949747507200']","['606414709', '3071571954', '2446446673', '45320364', '132430810']","['arXiv hep-ex', 'arXiv hep-ex', 'ゆいっくす', 'UGent Bibliography', 'HEP - Experiment']","['hep_ex', '_arXiv_hep_ex', 'yueyx', 'ugentbiblio', 'HEPExperPapers']",0,"['0', '0', '0', '0', '0']",0.0,0.3333333333333333,0.3157894736842105,NULL,arXiv hep-ex,HEPExperPapers,tw_name_self_score,0.3333333333333333,arXiv hep-ex,606414709
28,10.1000/anon460,Castle,James R.,James,6,6,"['936731871161012224', '1151612682589605889', '774355483549372416', '732369965454528513', '732430718001778688', '732375596752195584']","['45320364', '45320364', '347521678', '606414709', '2692022451', '3071571954']","['UGent Bibliography', 'UGent Bibliography', 'Edgar Carrera', 'arXiv hep-ex', 'Holli Lancaster', 'arXiv hep-ex']","['ugentbiblio', 'ugentbiblio', 'EdgarFCarreraJ', 'hep_ex', 'GunnQuznetsov', '_arXiv_hep_ex']",0,"['0', '0', '0', '0', '0', '0']",0.0,0.4444444444444444,0.32,NULL,Holli Lancaster,EdgarFCarreraJ,tw_name_self_score,0.4444444444444444,Holli Lancaster,2692022451
28,10.1000/anon692,Castle,James R.,James,7,7,"['750149640830484480', '820414073795911680', '816697868073500674', '750127151597309952', '1151250281486835712', '750132537066856448', '937456733517213697']","['2692022451', '2386434618', '3672234445', '606414709', '45320364', '3071571954', '45320364']","['Holli Lancaster', 'Ciencia a Tiempo', 'DGDI - BUAP', 'arXiv hep-ex', 'UGent Bibliography', 'arXiv hep-ex', 'UGent Bibliography']","['GunnQuznetsov', 'CienciaTiempo', 'dgdibuap', 'hep_ex', 'ugentbiblio', '_arXiv_hep_ex', 'ugentbiblio']",0,"['0', '0', '0', '0', '0', '0', '0']",0.0,0.4444444444444444,0.42105263157894735,NULL,Holli Lancaster,CienciaTiempo,tw_name_self_score,0.4444444444444444,Holli Lancaster,2692022451
28,10.1000/anon747,Castle,James R.,James,5,5,"['946153934476992513', '747590283974455297', '747595842836520960', '1150887908733333504', '747647094236778497']","['45320364', '606414709', '3071571954', '45320364', '2692022451']","['UGent Bibliography', 'arXiv hep-ex', 'arXiv hep-ex', 'UGent Bibliography', 'Holli Lancaster']","['ugentbiblio', 'hep_ex', '_arXiv_hep_ex', 'ugentbiblio', 'GunnQuznetsov']",0,"['0', '0', '0', '0', '0']",0.0,0.4444444444444444,0.2727272727272727,NULL,Holli Lancaster,ugentbiblio,tw_name_self_score,0.4444444444444444,Holli Lancaster,2692022451
28,10.1000/anon947,Castle,James R.,James,5,5,"['936731867906179072', '1151250273265999875', '775506174858846208', '775499686220148736', '775488773861748736']","['45320364', '45320364', '132430810', '3071571954', '606414709']","['UGent Bibliography', 'UGent Bibliography', 'HEP - Experiment', 'arXiv hep-ex', 'arXiv hep-ex']","['ugentbiblio', 'ugentbiblio', 'HEPExperPapers', '_arXiv_hep_ex', 'hep_ex']",0,"['0', '0', '0', '0', '0']",0.0,0.3333333333333333,0.3157894736842105,NULL,arXiv hep-ex,HEPExperPapers,tw_name_self_score,0.3333333333333333,arXiv hep-ex,3071571954
28,10.1000/anon1090,Castle,James R.,James,6,6,"['1151250277770702848', '780935441046343681', '780940752499068929', '781375464837308416', '780924844976119808', '937819069788622848']","['45320364', '3071571954', '132430810', '751734284092792832', '606414709', '45320364']","['UGent Bibliography', 'arXiv hep-ex', 'HEP - Experiment', 'arxiv', 'arXiv hep-ex', 'UGent Bibliography']","['ugentbiblio', '_arXiv_hep_ex', 'HEPExperPapers', 'arxiv_org', 'hep_ex', 'ugentbiblio']",0,"['0', '0', '0', '0', '0', '0']",0.0,0.3333333333333333,0.3157894736842105,NULL,arXiv hep-ex,HEPExperPapers,tw_name_self_score,0.3333333333333333,arXiv hep-ex,3071571954
248,10.1000/anon319,Frei,Zsolt,Zsolt,43,43,"['743465241170878464', '1624881343682457600', '791005540742733824', '804498873108561923', '870315680427540480', '745906025308561412', '805194244277280768', '1466873711936425984', '1466873711936425984', '1054897392720449538', '743391300427218948', '743388586880405504', '831613302417584131', '743444524081479680', '743347944577851394', '918618909086965760', '743260341900017664', '1018901954779631617', '790485538897797120', '1080163993052954625', '1080163998639755264', '804998342442782724', '1212387899800461312', '947528609568305154', '789638581233000448', '770654922618658816', '870771945331195904', '1212383349232275457', '1221492815252856832', '743659530261827584', '790511418701410304', '745777984292929536', '818399439144546304', '794873468470837248', '1018921752234258433', '819222955985145858', '743242989057748992', '1415411622525419526', '947528604212170758', '918647523270647808', '743364041091989505', '744863634237460481', '1623692677785976832']","['2427184074', '39740454', '206025368', '1950945236', '136516284', '422672164', '46854930', '30099802', '30099802', '1950945236', '1070695968', '337395272', '2427184074', '15127834', '422672164', '60724221', '130698193', '2427184074', '778228628601602048', '2427184074', '2427184074', '422672164', '2427184074', '2427184074', '46854930', '2427184074', '2427184074', '2427184074', '2427184074', '428032842', '2427184074', '1950945236', '2427184074', '46854930', '15000857', '2427184074', '1950945236', '337395272', '2427184074', '23462134', '14105953', '2813168019', '4646156380']","['Christopher Berry', 'Anthony Ellis', 'Dr. Amber L. Stuver', 'arXiv gr-qc', 'Satoru Inoue', 'Dr Michael Reidinger', 'BlackPhysicists', 'Abbasi \uea00', 'Abbasi \uea00', 'arXiv gr-qc', 'Starship Engineers', 'Will M Farr', 'Christopher Berry', 'Robert McNees (@mcnees@mastodon.social)', 'Dr Michael Reidinger', 'Maximiliano Isi', 'Relativity/Cosmology', 'Christopher Berry', 'BIGWaves', 'Christopher Berry', 'Christopher Berry', 'Dr Michael Reidinger', 'Christopher Berry', 'Christopher Berry', 'BlackPhysicists', 'Christopher Berry', 'Christopher Berry', 'Christopher Berry', 'Christopher Berry', 'Oleg Sablin', 'Christopher Berry', 'arXiv gr-qc', 'Christopher Berry', 'BlackPhysicists', 'LIGO', 'Christopher Berry', 'arXiv gr-qc', 'Will M Farr', 'Christopher Berry', 'Gabriel Garcia', 'Blobrana', 'EGO & the Virgo Collaboration', 'Physical Review X']","['cplberry', 'skydog811', 'livingligo', 'arXiv_grqc', 'Inoueian', 'scimichael', 'BlackPhysicists', 'MohammedAbbasi', 'MohammedAbbasi', 'arXiv_grqc', 'StarshipBuilder', 'farrwill', 'cplberry', 'mcnees', 'scimichael', 'maxisi', 'RelativityPaper', 'cplberry', 'UoBIGWaves', 'cplberry', 'cplberry', 'scimichael', 'cplberry', 'cplberry', 'BlackPhysicists', 'cplberry', 'cplberry', 'cplberry', 'cplberry', 'OSablin', 'cplberry', 'arXiv_grqc', 'cplberry', 'BlackPhysicists', 'LIGO', 'cplberry', 'arXiv_grqc', 'farrwill', 'cplberry', 'gabriel_hgs', 'blobrana', 'ego_virgo', 'PhysRevX']",0,"[['Christopher P. L. Berry'], '0', '0', '0', '0', '0', ['Xue-Mei Su', 'Ruidong Xia', 'Xue Mei Su', 'Hongbo Zhang', 'Abdallah Ali', 'Zhipeng Zhou', 'Lyudmyla Adamska', 'Olivier Namur'], '0', '0', '0', '0', ['W. M. Farr', 'Will M. Farr'], ['Christopher P. L. Berry'], ['Robert McNees', 'R. A. McNees'], '0', ['Maximiliano Isi'], '0', ['Christopher P. L. Berry'], '0', ['Christopher P. L. Berry'], ['Christopher P. L. Berry'], '0', ['Christopher P. L. Berry'], ['Christopher P. L. Berry'], ['Xue-Mei Su', 'Ruidong Xia', 'Xue Mei Su', 'Hongbo Zhang', 'Abdallah Ali', 'Zhipeng Zhou', 'Lyudmyla Adamska', 'Olivier Namur'], ['Christopher P. L. Berry'], ['Christopher P. L. Berry'], ['Christopher P. L. Berry'], ['Christopher P. L. Berry'], '0', ['Christopher P. L. Berry'], '0', ['Christopher P. L. Berry'], ['Xue-Mei Su', 'Ruidong Xia', 'Xue Mei Su', 'Hongbo Zhang', 'Abdallah Ali', 'Zhipeng Zhou', 'Lyudmyla Adamska', 'Olivier Namur'], '0', ['Christopher P. L. Berry'], '0', ['W. M. Farr', 'Will M. Farr'], ['Christopher P. L. Berry'], '0', '0', '0', '0']",0.4,0.4444444444444444,0.5,Xue-Mei Su,Physical Review X,farrwill,tw_handle_self_score,0.5,farrwill,337395272
248,10.1000/anon604,Frei,Zsolt,Zsolt,11,11,"['790485538897797120', '791005540742733824', '789584680580485120', '739615441828597760', '742285885723512832', '790511418701410304', '739635040989151232', '740103205275766784', '740781763790819328', '739665496685969408', '794703306564182016']","['778228628601602048', '206025368', '46854930', '1950945236', '15000857', '2427184074', '130698193', '392357015', '1363914534', '3185677796', '46854930']","['BIGWaves', 'Dr. Amber L. Stuver', 'BlackPhysicists', 'arXiv gr-qc', 'LIGO', 'Christopher Berry', 'Relativity/Cosmology', 'Francis Villatoro', 'Dr Jan Eldridge', 'Arxiv Notes', 'BlackPhysicists']","['UoBIGWaves', 'livingligo', 'BlackPhysicists', 'arXiv_grqc', 'LIGO', 'cplberry', 'RelativityPaper', 'emulenews', 'astro_jje', 'arxivnotes', 'BlackPhysicists']",0,"['0', '0', ['Xue-Mei Su', 'Ruidong Xia', 'Xue Mei Su', 'Hongbo Zhang', 'Abdallah Ali', 'Zhipeng Zhou', 'Lyudmyla Adamska', 'Olivier Namur'], '0', '0', ['Christopher P. L. Berry'], '0', ['Francisco R. Villatoro'], ['John J. Eldridge'], '0', ['Xue-Mei Su', 'Ruidong Xia', 'Xue Mei Su', 'Hongbo Zhang', 'Abdallah Ali', 'Zhipeng Zhou', 'Lyudmyla Adamska', 'Olivier Namur']]",0.4,0.41379310344827586,0.3333333333333333,Xue-Mei Su,Relativity/Cosmology,RelativityPaper,tw_name_self_score,0.41379310344827586,Relativity/Cosmology,130698193
248,10.1000/anon293,Frei,Zsolt,Zsolt,11,11,"['915206662948040704', '741751953336602624', '740065182496391168', '739999360394526721', '878526357155663872', '740091317254905857', '1062051751472316416', '740103205275766784', '740954235362279425', '895233430040055810', '739980829053554688']","['423109364', '15000857', '46854930', '26207736', '3354846525', '422672164', '2427184074', '392357015', '312448486', '2427184074', '1950945236']","['Robert Garisto', 'LIGO', 'BlackPhysicists', 'Qraal', 'StrathclydeOA', 'Dr Michael Reidinger', 'Christopher Berry', 'Francis Villatoro', 'Dr. Karan Jani', 'Christopher Berry', 'arXiv gr-qc']","['RobertGaristo', 'LIGO', 'BlackPhysicists', 'qraal', 'StrathclydeOA', 'scimichael', 'cplberry', 'emulenews', 'AstroKPJ', 'cplberry', 'arXiv_grqc']",0,"[['Null'], '0', ['Xue-Mei Su', 'Ruidong Xia', 'Xue Mei Su', 'Hongbo Zhang', 'Abdallah Ali', 'Zhipeng Zhou', 'Lyudmyla Adamska', 'Olivier Namur'], '0', '0', '0', ['Christopher P. L. Berry'], ['Francisco R. Villatoro'], ['Karan Jani'], ['Christopher P. L. Berry'], '0']",0.4,0.4166666666666667,0.45454545454545453,Xue-Mei Su,Robert Garisto,RobertGaristo,tw_handle_self_score,0.45454545454545453,RobertGaristo,423109364
248,10.1000/anon443,Frei,Zsolt,Zsolt,11,11,"['733606462128332800', '729767764081152000', '729845184759013376', '729687491922427904', '878168251125071872', '729470235850379264', '869228418931576836', '729752558923702272', '729469518913908737', '733565769775095809', '729558949511364608']","['725570845448495104', '591210614', '725570845448495104', '2584309339', '3354846525', '46854930', '1546260960', '267958924', '1950945236', '422672164', '422672164']","['GWaves', 'N. Nishimura ………………', 'GWaves', 'APS Gravity—DGRAV', 'StrathclydeOA', 'BlackPhysicists', 'Kristen Wegner', 'Christian Ott', 'arXiv gr-qc', 'Dr Michael Reidinger', 'Dr Michael Reidinger']","['GWavesF', 'nnobuya', 'GWavesF', 'APSgravity', 'StrathclydeOA', 'BlackPhysicists', 'kristen_wegner', 'christian_d_ott', 'arXiv_grqc', 'scimichael', 'scimichael']",0,"['0', '0', '0', '0', '0', ['Xue-Mei Su', 'Ruidong Xia', 'Xue Mei Su', 'Hongbo Zhang', 'Abdallah Ali', 'Zhipeng Zhou', 'Lyudmyla Adamska', 'Olivier Namur'], '0', '0', '0', '0', '0']",0.4,0.43478260869565216,0.4166666666666667,Xue-Mei Su,Christian Ott,christian_d_ott,tw_name_self_score,0.43478260869565216,Christian Ott,267958924
248,10.1000/anon800,Frei,Zsolt,Zsolt,9,9,"['803999149746253829', '758253158980345856', '919949841643462657', '758424319009648640', '758254829462515713', '758246435510898688', '758149324194783236', '935501783400570880', '758116052962271232']","['115988030', '20058831', '129492292', '15000857', '20058831', '751734284092792832', '46854930', '3354846525', '1950945236']","['Samuel Rocha', 'Matthew Pitkin', 'Yudai Suwa / 諏訪雄大', 'LIGO', 'Matthew Pitkin', 'arxiv', 'BlackPhysicists', 'StrathclydeOA', 'arXiv gr-qc']","['samrochaoliv', 'matt_pitkin', 'ysuwa', 'LIGO', 'matt_pitkin', 'arxiv_org', 'BlackPhysicists', 'StrathclydeOA', 'arXiv_grqc']",0,"[['Samuel Rocha de Oliveira'], ['Matthew Pitkin'], ['Yudai Suwa'], '0', ['Matthew Pitkin'], '0', ['Xue-Mei Su', 'Ruidong Xia', 'Xue Mei Su', 'Hongbo Zhang', 'Abdallah Ali', 'Zhipeng Zhou', 'Lyudmyla Adamska', 'Olivier Namur'], '0', '0']",0.4,0.4444444444444444,0.38095238095238093,Xue-Mei Su,arxiv,samrochaoliv,tw_name_self_score,0.4444444444444444,arxiv,751734284092792832
248,10.1000/anon1078,Frei,Zsolt,Zsolt,6,6,"['760143270743867396', '1318346454159773697', '871221998525054976', '951740054648573953', '871221742265618432', '871109243079806976']","[nan, '626671522', '482773742', '811240489060016128', '482773742', '15000857']","[nan, 'Salvatore Vitale', 'Satyen Baindur', 'Classical and Quantum Gravity', 'Satyen Baindur', 'LIGO']","[nan, 'sasomao', 'Satyen_Baindur', 'CQGravity', 'Satyen_Baindur', 'LIGO']",0,"['0', ['Salvatore Vitale'], '0', '0', '0', '0']",0.38461538461538464,0.38461538461538464,0.3333333333333333,Salvatore Vitale,Salvatore Vitale,sasomao,author_name_self_score,0.38461538461538464,Salvatore Vitale,626671522
248,10.1000/anon572,Frei,Zsolt,Zsolt,15,15,"['923477442752327681', '923637546365739009', '961920710120804352', '1051148972302225409', '923355764995055621', '933223098718892032', '923355215021072384', '939157002231611393', '923364313242288128', '923455032153997312', '923475412184981504', '923619619356774403', '1321395183414661127', '923351386682744832', '923490211459469312']","['2427184074', '422672164', '3354846525', '2427184074', '3258326467', '28543195', '129492292', '3258326467', '130698193', '392357015', '2427184074', '2986241129', '3164241610', '1950945236', '395179481']","['Christopher Berry', 'Dr Michael Reidinger', 'StrathclydeOA', 'Christopher Berry', 'James Clark', 'Daniel Erasmus', 'Yudai Suwa / 諏訪雄大', 'James Clark', 'Relativity/Cosmology', 'Francis Villatoro', 'Christopher Berry', 'Pierre Spagnou', 'ORBi-Publis-ULiège', 'arXiv gr-qc', 'UIB GRG']","['cplberry', 'scimichael', 'StrathclydeOA', 'cplberry', 'jclark_astro', 'danielerasmus', 'ysuwa', 'jclark_astro', 'RelativityPaper', 'emulenews', 'cplberry', 'PSpagnou', 'ORBiPubsULiege', 'arXiv_grqc', 'UIBGRG']",0,"[['Christopher P. L. Berry'], '0', '0', ['Christopher P. L. Berry'], '0', '0', ['Yudai Suwa'], '0', '0', ['Francisco R. Villatoro'], ['Christopher P. L. Berry'], '0', '0', '0', '0']",0.3125,0.4166666666666667,0.3333333333333333,Francisco R. Villatoro,Pierre Spagnou,RelativityPaper,tw_name_self_score,0.4166666666666667,Pierre Spagnou,2986241129
248,10.1000/anon1143,Frei,Zsolt,Zsolt,9,9,"['884749154995580928', '892366321794646016', '884838755739107328', '884701482720866304', '884571886935568384', '1321395180629561346', '885179522236071936', '885074689260965890', '887367927242125312']","['130698193', '3417945833', '2584309339', '392357015', '1950945236', '3164241610', '395179481', '778228628601602048', '46854930']","['Relativity/Cosmology', 'Curioseantes', 'APS Gravity—DGRAV', 'Francis Villatoro', 'arXiv gr-qc', 'ORBi-Publis-ULiège', 'UIB GRG', 'BIGWaves', 'BlackPhysicists']","['RelativityPaper', 'Curioseantes', 'APSgravity', 'emulenews', 'arXiv_grqc', 'ORBiPubsULiege', 'UIBGRG', 'UoBIGWaves', 'BlackPhysicists']",0,"['0', '0', '0', ['Francisco R. Villatoro'], '0', '0', '0', '0', ['Xue-Mei Su', 'Ruidong Xia', 'Xue Mei Su', 'Hongbo Zhang', 'Abdallah Ali', 'Zhipeng Zhou', 'Lyudmyla Adamska', 'Olivier Namur']]",0.4,0.41379310344827586,0.3333333333333333,Xue-Mei Su,Relativity/Cosmology,RelativityPaper,tw_name_self_score,0.41379310344827586,Relativity/Cosmology,130698193
248,10.1000/anon483,Frei,Zsolt,Zsolt,50,50,"['1430635341564817416', '1041278437648936960', '836026600982466561', '762706097866244096', '824002454073307140', '836186507480215553', '836186507480215553', '776165901271826432', '833489475284111361', '824258494194978816', '963023001888452609', '824205250420736001', '1329873828886044673', '1260354792481832961', '776379405396480000', '824154880042553344', '824250501860425728', '762746696258453504', '824003337767055361', '1059241183325667328', '1004283641382522880', '1029625333744582656', '776230584234438656', '834639959017521153', '824009901680787456', '875349678249914369', '823991473670680576', '824007622647054337', '824251590689325056', '762447585042845696', '776156053864013824', '1490802306132344833', '1286441363647725570', '784315018640629760', '762548176360468480', '762465306405068801', '824155268934144001', '833679955007512576', '824339058331623424', '824254536722317313', '1619050216191303680', '1410176469507231745', '762575474455228417', '834638249528262658', '824154724010180608', '762466392255844353', '1163665071945465856', '834767876502519809', '762697527346946048', '762717467579932672']","['1069351335441702919', '2412959738', '1950945236', '428032842', '15000857', '1070695968', '1070695968', '20383934', '1950945236', '252269622', '2427184074', '23109366', '15327263', '898265938650439680', '1372845446', '4309903347', '118119266', '17973910', '2427184074', '2180565864', '15000857', '15000857', '15770820', '101171811', '14368227', '3354846525', '143186589', '191922651', '1372845446', '1950945236', '15000857', '3855928109', '1115965906448863232', '422672164', '130698193', '143551661', '357399084', '1070695968', '487990723', '1074309349', '3339456483', '15000857', '422672164', nan, '4309903347', '1070695968', '2427184074', '1372845446', '46854930', '392357015']","['Antiquark', 'Vitalis Popoff', 'arXiv gr-qc', 'Oleg Sablin', 'LIGO', 'Starship Engineers', 'Starship Engineers', 'Kirz', 'arXiv gr-qc', 'Idoitxu', 'Christopher Berry', 'Roberto Capuano', 'Carl-Johan Haster', 'Nichole Renee', 'Lautaro Vergara🏑 🇺🇦🐘', 'MPI GravPhys', 'MASA Planetary Log', 'John Walker', 'Christopher Berry', 'Robert Fisher', 'LIGO', 'LIGO', 'Simon Chapman 🇺🇦', 'LIGO Hanford', 'pau∂irac ⊥ @paudirac@techhub.social', 'StrathclydeOA', 'Greg Ashton', 'F. Barradas-Solas', 'Lautaro Vergara🏑 🇺🇦🐘', 'arXiv gr-qc', 'LIGO', 'Yi-Zen Chu', 'Floor Broekgaarden 💫', 'Dr Michael Reidinger', 'Relativity/Cosmology', 'Max Planck', 'Einstein@Home', 'Starship Engineers', 'Gianfranco Bertone', 'UK Cosmology', '∇ₖPascal ∇ₚKwanten (∛) (Πασκάλ)', 'LIGO', 'Dr Michael Reidinger', nan, 'MPI GravPhys', 'Starship Engineers', 'Christopher Berry', 'Lautaro Vergara🏑 🇺🇦🐘', 'BlackPhysicists', 'Francis Villatoro']","['LonelyAntiquark', 'VitalisPopoff', 'arXiv_grqc', 'OSablin', 'LIGO', 'StarshipBuilder', 'StarshipBuilder', 'freekofnature', 'arXiv_grqc', 'idoitxu', 'cplberry', 'robertocapuano', 'CJHaster', 'Peaceful1979', 'VergaraLautaro', 'mpi_grav', 'MASA_06R', 'Fourmilab', 'cplberry', 'fisherastro', 'LIGO', 'LIGO', 'simonchapman', 'LIGOWA', 'paudirac', 'StrathclydeOA', 'gregMAashton', 'fbarradass', 'VergaraLautaro', 'arXiv_grqc', 'LIGO', 'Yi_Zen_Chu', 'FloorAstro', 'scimichael', 'RelativityPaper', 'vicnice137', 'EinsteinAtHome', 'StarshipBuilder', 'gfbertone', 'ukcosmo', 'pascalkwanten', 'LIGO', 'scimichael', nan, 'mpi_grav', 'StarshipBuilder', 'cplberry', 'VergaraLautaro', 'BlackPhysicists', 'emulenews']",0,"['0', '0', '0', '0', '0', '0', '0', '0', '0', '0', ['Christopher P. L. Berry'], '0', ['Carl-Johan Haster'], '0', ['Lautaro Vergara'], '0', '0', ['Jillian Walker'], ['Christopher P. L. Berry'], ['Robert N. Fisher'], '0', '0', '0', '0', '0', '0', '0', '0', ['Lautaro Vergara'], '0', '0', '0', ['Floor S. Broekgaarden'], '0', '0', '0', '0', '0', ['Gianfranco Bertone'], '0', '0', '0', '0', '0', '0', '0', ['Christopher P. L. Berry'], ['Lautaro Vergara'], ['Xue-Mei Su', 'Ruidong Xia', 'Xue Mei Su', 'Hongbo Zhang', 'Abdallah Ali', 'Zhipeng Zhou', 'Lyudmyla Adamska', 'Olivier Namur'], ['Francisco R. Villatoro']]",0.4,0.47619047619047616,0.46153846153846156,Xue-Mei Su,Greg Ashton,Fourmilab,tw_name_self_score,0.47619047619047616,Greg Ashton,143186589
248,10.1000/anon583,Frei,Zsolt,Zsolt,27,27,"['722474591512305664', '932929701630414849', '698094518567051264', '1321671139886727171', '742525276144422912', '1273719376210952195', '697972059431899136', '697972059431899136', '1426542301216706563', '805813190701547521', '698057096584101888', '698743984915501056', '698762131613708289', '698088599594647552', '697988405813116928', '778391169743130624', '728191657930305536', '1426558207959445506', '743735684490375170', '1069002273043505154', '1426252135998627844', '778500071851565057', '706857621962231808', '697980642668097536', '698102428277829632', '699609586953682944', '805720916982460419']","['2427184074', '2427184074', '18682168', '120477998', '1950945236', '337395272', '1950945236', '1950945236', '708096751161311232', '2427184074', '83421296', '46854930', '422672164', '41117987', '422672164', '1950945236', '337395272', '337395272', '337395272', '2427184074', '202227691', '3326958650', '277401500', '130698193', '1070695968', '166166587', '778228628601602048']","['Christopher Berry', 'Christopher Berry', 'Tom McCauley', 'Q', 'arXiv gr-qc', 'Will M Farr', 'arXiv gr-qc', 'arXiv gr-qc', 'Priyamvada Natarajan', 'Christopher Berry', 'Antonio Martin-Carrillo', 'BlackPhysicists', 'Dr Michael Reidinger', 'Dr Michelle Collins', 'Dr Michael Reidinger', 'arXiv gr-qc', 'Will M Farr', 'Will M Farr', 'Will M Farr', 'Christopher Berry', 'Steinn Sigurðsson', 'Hogwarts Science', 'David W Hogg', 'Relativity/Cosmology', 'Starship Engineers', 'Jun Makino', 'BIGWaves']","['cplberry', 'cplberry', 'tpmccauley', 'life_wont_wait', 'arXiv_grqc', 'farrwill', 'arXiv_grqc', 'arXiv_grqc', 'SheerPriya', 'cplberry', 'antmarcarr', 'BlackPhysicists', 'scimichael', 'michelle_lmc', 'scimichael', 'arXiv_grqc', 'farrwill', 'farrwill', 'farrwill', 'cplberry', 'steinly0', 'HogwartsScience', 'davidwhogg', 'RelativityPaper', 'StarshipBuilder', 'jun_makino', 'UoBIGWaves']",0,"[['Christopher P. L. Berry'], ['Christopher P. L. Berry'], ['T McCauley'], '0', '0', ['W. M. Farr', 'Will M. Farr'], '0', '0', ['Priyamvada Natarajan'], ['Christopher P. L. Berry'], '0', ['Xue-Mei Su', 'Ruidong Xia', 'Xue Mei Su', 'Hongbo Zhang', 'Abdallah Ali', 'Zhipeng Zhou', 'Lyudmyla Adamska', 'Olivier Namur'], '0', '0', '0', '0', ['W. M. Farr', 'Will M. Farr'], ['W. M. Farr', 'Will M. Farr'], ['W. M. Farr', 'Will M. Farr'], ['Christopher P. L. Berry'], ['Steinn Sigurdsson'], '0', ['David W. Hogg'], '0', '0', ['Junichiro Makino'], '0']",0.4,0.41379310344827586,0.5,Xue-Mei Su,Relativity/Cosmology,farrwill,tw_handle_self_score,0.5,farrwill,337395272
248,10.1000/anon53,Frei,Zsolt,Zsolt,6,6,"['752428227113545728', '752312008482193408', '935501786269605888', '752525593028157440', '752321255127257089', '752387058279206912']","['422672164', '130698193', '3354846525', '751734284092792832', '1950945236', '46854930']","['Dr Michael Reidinger', 'Relativity/Cosmology', 'StrathclydeOA', 'arxiv', 'arXiv gr-qc', 'BlackPhysicists']","['scimichael', 'RelativityPaper', 'StrathclydeOA', 'arxiv_org', 'arXiv_grqc', 'BlackPhysicists']",0,"['0', '0', '0', '0', '0', ['Xue-Mei Su', 'Ruidong Xia', 'Xue Mei Su', 'Hongbo Zhang', 'Abdallah Ali', 'Zhipeng Zhou', 'Lyudmyla Adamska', 'Olivier Namur']]",0.4,0.4444444444444444,0.3333333333333333,Xue-Mei Su,arxiv,RelativityPaper,tw_name_self_score,0.4444444444444444,arxiv,751734284092792832
248,10.1000/anon602,Frei,Zsolt,Zsolt,7,7,"['796659766781165568', '870771640006737920', '796831002710552576', '832333760146317313', '796643832729247748', '796654031045357569', '935475369213296640']","['15534919', '2427184074', '3326958650', '4646021367', '422672164', '778228628601602048', '3354846525']","['Daniel Williams', 'Christopher Berry', 'Hogwarts Science', 'Physical Review D', 'Dr Michael Reidinger', 'BIGWaves', 'StrathclydeOA']","['daniel_williams', 'cplberry', 'HogwartsScience', 'PhysRevD', 'scimichael', 'UoBIGWaves', 'StrathclydeOA']",0,"[['David A. Williams'], ['Christopher P. L. Berry'], '0', '0', '0', '0', '0']",0.30303030303030304,0.4444444444444444,0.35294117647058826,Christopher P. L. Berry,Physical Review D,PhysRevD,tw_name_self_score,0.4444444444444444,Physical Review D,4646021367
248,10.1000/anon1011,Frei,Zsolt,Zsolt,8,8,"['936562942765600768', '852318485506117632', '870424992529469440', '852631511295721472', '870076112302465024', '852629426080755713', '852633974694322176', '856304314133995520']","['3354846525', '1950945236', '46854930', '2157374528', '1950945236', '15000857', '174916112', '1950945236']","['StrathclydeOA', 'arXiv gr-qc', 'BlackPhysicists', 'Dan Garisto', 'arXiv gr-qc', 'LIGO', 'ephemera', 'arXiv gr-qc']","['StrathclydeOA', 'arXiv_grqc', 'BlackPhysicists', 'dangaristo', 'arXiv_grqc', 'LIGO', 'farfurfery', 'arXiv_grqc']",0,"['0', '0', ['Xue-Mei Su', 'Ruidong Xia', 'Xue Mei Su', 'Hongbo Zhang', 'Abdallah Ali', 'Zhipeng Zhou', 'Lyudmyla Adamska', 'Olivier Namur'], '0', '0', '0', '0', '0']",0.4,0.38095238095238093,0.42857142857142855,Xue-Mei Su,Dan Garisto,farfurfery,tw_handle_self_score,0.42857142857142855,farfurfery,174916112
248,10.1000/anon467,Frei,Zsolt,Zsolt,12,12,"['697964289563324416', '697982907680329728', '836756652778934273', '836751199370113027', '935501532560347136', '698868879070617600', '698113529400987648', '698164512319471616', '697972056781152261', '1062090558313762818', '698758125852106753', '698758125852106753']","['985209912', '130698193', '1296726444', '1950945236', '3354846525', '46854930', '1070695968', '14105953', '1950945236', '2427184074', '422672164', '422672164']","['Saeed Mirshekari', 'Relativity/Cosmology', 'nuclexp', 'arXiv gr-qc', 'StrathclydeOA', 'BlackPhysicists', 'Starship Engineers', 'Blobrana', 'arXiv gr-qc', 'Christopher Berry', 'Dr Michael Reidinger', 'Dr Michael Reidinger']","['smirshekari_', 'RelativityPaper', 'nuclexp', 'arXiv_grqc', 'StrathclydeOA', 'BlackPhysicists', 'StarshipBuilder', 'blobrana', 'arXiv_grqc', 'cplberry', 'scimichael', 'scimichael']",0,"['0', '0', '0', '0', '0', ['Xue-Mei Su', 'Ruidong Xia', 'Xue Mei Su', 'Hongbo Zhang', 'Abdallah Ali', 'Zhipeng Zhou', 'Lyudmyla Adamska', 'Olivier Namur'], '0', '0', '0', ['Christopher P. L. Berry'], '0', '0']",0.4,0.41379310344827586,0.38095238095238093,Xue-Mei Su,Relativity/Cosmology,smirshekari_,tw_name_self_score,0.41379310344827586,Relativity/Cosmology,130698193
248,10.1000/anon727,Frei,Zsolt,Zsolt,19,19,"['869573506203353090', '854761272503443456', '885659652477919234', '854344658666889216', '854136185668620288', '911164420679540736', '854342443914932224', '886089788926959616', '868496229596114946', '854338160578494464', '854196290892304384', '895358016903675905', '854568241137668097', '895485346514837507', '854131235559493632', '854904539417370624', '885166729596473346', '854369075266551808', '863333409971634176']","['2427184074', '2584309339', '1950945236', '823277120944242689', '130698193', '3354846525', '2427184074', '46854930', '16677622', '2180565864', '312448486', '312448486', '48285851', '832253381783740416', '1950945236', '1879710572', '2427184074', '312448486', nan]","['Christopher Berry', 'APS Gravity—DGRAV', 'arXiv gr-qc', 'Will Kinney', 'Relativity/Cosmology', 'StrathclydeOA', 'Christopher Berry', 'BlackPhysicists', 'Daniel Fischer @cosmos4u@scicomm.xyz', 'Robert Fisher', 'Dr. Karan Jani', 'Dr. Karan Jani', 'ND', 'Aloke Kumar', 'arXiv gr-qc', 'Ira', 'Christopher Berry', 'Dr. Karan Jani', nan]","['cplberry', 'APSgravity', 'arXiv_grqc', 'WKCosmo', 'RelativityPaper', 'StrathclydeOA', 'cplberry', 'BlackPhysicists', 'cosmos4u', 'fisherastro', 'AstroKPJ', 'AstroKPJ', 'rnlang', 'aalokelab', 'arXiv_grqc', 'IraThorpe', 'cplberry', 'AstroKPJ', nan]",0,"[['Christopher P. L. Berry'], '0', '0', '0', '0', '0', ['Christopher P. L. Berry'], ['Xue-Mei Su', 'Ruidong Xia', 'Xue Mei Su', 'Hongbo Zhang', 'Abdallah Ali', 'Zhipeng Zhou', 'Lyudmyla Adamska', 'Olivier Namur'], ['Debra A. Fischer'], ['Robert N. Fisher'], ['Karan Jani'], ['Karan Jani'], '0', ['Aloke Kumar', 'A. S. Kiran Kumar', 'A. Suresh Kumar', 'Ajay Kumar'], '0', '0', ['Christopher P. L. Berry'], ['Karan Jani'], '0']",0.4,0.43478260869565216,0.4,Xue-Mei Su,Robert Fisher,fisherastro,tw_name_self_score,0.43478260869565216,Robert Fisher,2180565864
248,10.1000/anon738,Frei,Zsolt,Zsolt,20,20,"['933858001244565506', '991083799793545216', '884044164559720453', '977109024268324864', '935664393274249216', '844107486244327425', '1051956341647044609', '883849556772835328', '1007158086598119425', '1321395179610398721', '967191666284212225', '937647049578876929', '979732337054318594', '883119877266919425', '981462965521207296', '1225337129657667590', '844165354662363137', '936563167014027264', '936152621907406848', '1272432181021900802']","['750684963566080000', '750684963566080000', '1247375072', '976649868298072064', '750684963566080000', '422672164', '45320364', '96071170', '750684963566080000', '3164241610', '750684963566080000', '750684963566080000', '976649868298072064', '96071170', '976649868298072064', '750684963566080000', '2905406565', '3354846525', '750684963566080000', '750684963566080000']","['Hal Toulon', 'Hal Toulon', 'Janna Levin', 'OSU Pythéas', 'Hal Toulon', 'Dr Michael Reidinger', 'UGent Bibliography', 'Brett Hall', 'Hal Toulon', 'ORBi-Publis-ULiège', 'Hal Toulon', 'Hal Toulon', 'OSU Pythéas', 'Brett Hall', 'OSU Pythéas', 'Hal Toulon', 'Angus Merlocks', 'StrathclydeOA', 'Hal Toulon', 'Hal Toulon']","['HAL_Toulon', 'HAL_Toulon', 'JannaLevin', 'OSUIP_Papers', 'HAL_Toulon', 'scimichael', 'ugentbiblio', 'ToKTeacher', 'HAL_Toulon', 'ORBiPubsULiege', 'HAL_Toulon', 'HAL_Toulon', 'OSUIP_Papers', 'ToKTeacher', 'OSUIP_Papers', 'HAL_Toulon', 'AMerlocks', 'StrathclydeOA', 'HAL_Toulon', 'HAL_Toulon']",0,"['0', '0', ['Janna Levin'], '0', '0', '0', '0', '0', '0', '0', '0', '0', '0', '0', '0', '0', '0', '0', '0', '0']",0.2857142857142857,0.4,0.3157894736842105,Janna Levin,Brett Hall,JannaLevin,tw_name_self_score,0.4,Brett Hall,96071170
248,10.1000/anon675,Frei,Zsolt,Zsolt,7,7,"['854752544165199872', '801630730111557632', '801734302908186624', '854493538452746241', '801605896493264896', '857947006253154304', '801660750334816256']","['3326958650', '46854930', '778228628601602048', '1950945236', '1950945236', '811240489060016128', '751734284092792832']","['Hogwarts Science', 'BlackPhysicists', 'BIGWaves', 'arXiv gr-qc', 'arXiv gr-qc', 'Classical and Quantum Gravity', 'arxiv']","['HogwartsScience', 'BlackPhysicists', 'UoBIGWaves', 'arXiv_grqc', 'arXiv_grqc', 'CQGravity', 'arxiv_org']",0,"['0', ['Xue-Mei Su', 'Ruidong Xia', 'Xue Mei Su', 'Hongbo Zhang', 'Abdallah Ali', 'Zhipeng Zhou', 'Lyudmyla Adamska', 'Olivier Namur'], '0', '0', '0', '0', '0']",0.4,0.4444444444444444,0.3333333333333333,Xue-Mei Su,arxiv,CQGravity,tw_name_self_score,0.4444444444444444,arxiv,751734284092792832
248,10.1000/anon428,Frei,Zsolt,Zsolt,18,18,"['855097745018724352', '845397146987905024', '886749709720834049', '886749709720834049', '846428391960182784', '1064996523195461633', '922837479107031040', '806801380853694469', '895286024150167552', '806763817208147973', '806673477587582976', '1058808250227982336', '806808959419961348', '876823217213779968', '887720004736737280', '826606026443063296', '876821139225497602', '806797423012036608']","['3354846525', '15936294', '1950945236', '1950945236', '2584309339', '60724221', '1357422229', '778228628601602048', '16032614', '46854930', '1950945236', '2427184074', '269154644', '2427184074', '2427184074', '1950945236', '2427184074', '751734284092792832']","['StrathclydeOA', 'ani', 'arXiv gr-qc', 'arXiv gr-qc', 'APS Gravity—DGRAV', 'Maximiliano Isi', 'Space Initiatives', 'BIGWaves', 'TomD_HD', 'BlackPhysicists', 'arXiv gr-qc', 'Christopher Berry', 'Müge Karagöz', 'Christopher Berry', 'Christopher Berry', 'arXiv gr-qc', 'Christopher Berry', 'arxiv']","['StrathclydeOA', 'animesh1977', 'arXiv_grqc', 'arXiv_grqc', 'APSgravity', 'maxisi', 'AsteroidEnergy', 'UoBIGWaves', 'TomD_Santiago', 'BlackPhysicists', 'arXiv_grqc', 'cplberry', 'muge_tweet', 'cplberry', 'cplberry', 'arXiv_grqc', 'cplberry', 'arxiv_org']",0,"['0', ['Aurel Bulgac'], '0', '0', '0', ['Maximiliano Isi'], '0', '0', '0', ['Xue-Mei Su', 'Ruidong Xia', 'Xue Mei Su', 'Hongbo Zhang', 'Abdallah Ali', 'Zhipeng Zhou', 'Lyudmyla Adamska', 'Olivier Namur'], '0', ['Christopher P. L. Berry'], '0', ['Christopher P. L. Berry'], ['Christopher P. L. Berry'], '0', ['Christopher P. L. Berry'], '0']",0.4,0.4444444444444444,0.3333333333333333,Xue-Mei Su,arxiv,arxiv_org,tw_name_self_score,0.4444444444444444,arxiv,751734284092792832
248,10.1000/anon664,Frei,Zsolt,Zsolt,11,11,"['806812580220051456', '806801380853694469', '826606024593379328', '811109831872430081', '855064279640285185', '806673475721162752', '809444394885677056', '806808959419961348', '808636407124230144', '845397145436016642', '806794020395433984']","['751734284092792832', '778228628601602048', '1950945236', '422672164', '3354846525', '1950945236', '15000857', '269154644', '46854930', '15936294', '46854930']","['arxiv', 'BIGWaves', 'arXiv gr-qc', 'Dr Michael Reidinger', 'StrathclydeOA', 'arXiv gr-qc', 'LIGO', 'Müge Karagöz', 'BlackPhysicists', 'ani', 'BlackPhysicists']","['arxiv_org', 'UoBIGWaves', 'arXiv_grqc', 'scimichael', 'StrathclydeOA', 'arXiv_grqc', 'LIGO', 'muge_tweet', 'BlackPhysicists', 'animesh1977', 'BlackPhysicists']",0,"['0', '0', '0', '0', '0', '0', '0', '0', ['Xue-Mei Su', 'Ruidong Xia', 'Xue Mei Su', 'Hongbo Zhang', 'Abdallah Ali', 'Zhipeng Zhou', 'Lyudmyla Adamska', 'Olivier Namur'], ['Aurel Bulgac'], ['Xue-Mei Su', 'Ruidong Xia', 'Xue Mei Su', 'Hongbo Zhang', 'Abdallah Ali', 'Zhipeng Zhou', 'Lyudmyla Adamska', 'Olivier Namur']]",0.4,0.4444444444444444,0.3333333333333333,Xue-Mei Su,arxiv,arxiv_org,tw_name_self_score,0.4444444444444444,arxiv,751734284092792832
248,10.1000/anon112,Frei,Zsolt,Zsolt,29,29,"['825027377159888896', '826966695134785538', '851221775954444288', '851256626539515905', '824963859790315522', '824960755455909890', '824869717596729344', '851362059518447617', '930762692658450434', '979736059616595969', '941464389215051777', '876698817407614976', '825443124021452800', '850946719714086913', '827258075098734592', '826555983115714562', '825893908534079488', '825328441964666881', '941177378881134592', '824800791416279040', '854642267922898944', '824985597408194561', '825344875042320384', '824792614822150149', '824916636046024705', '825021774031097858', '825021774031097858', '824795862157103104', '824962106504142848']","['46854930', '1950945236', '46854930', '16589903', '90636410', '15000857', '20058831', '20058831', '1070695968', '976649868298072064', '4370673627', '3354846525', '15000857', '261186713', '46854930', '20058831', '9439882', '751734284092792832', '261186713', '130698193', '420113711', '118119266', '4864018221', '1950945236', '422672164', '460272173', '460272173', '1070695968', '357399084']","['BlackPhysicists', 'arXiv gr-qc', 'BlackPhysicists', 'Ken Tsubouchi', 'martijn van calmthout', 'LIGO', 'Matthew Pitkin', 'Matthew Pitkin', 'Starship Engineers', 'OSU Pythéas', 'Archive ouverte AMU', 'StrathclydeOA', 'LIGO', 'AfricaAstronomy', 'BlackPhysicists', 'Matthew Pitkin', 'どせい', 'arxiv', 'AfricaAstronomy', 'Relativity/Cosmology', 'kuma-cha', 'MASA Planetary Log', 'Virgo_Roma', 'arXiv gr-qc', 'Dr Michael Reidinger', 'Peter Edmonds', 'Peter Edmonds', 'Starship Engineers', 'Einstein@Home']","['BlackPhysicists', 'arXiv_grqc', 'BlackPhysicists', 'tsubok', 'vancalmthout', 'LIGO', 'matt_pitkin', 'matt_pitkin', 'StarshipBuilder', 'OSUIP_Papers', 'HAL_AMU', 'StrathclydeOA', 'LIGO', 'AfricaAstronomy', 'BlackPhysicists', 'matt_pitkin', 'xr0038', 'arxiv_org', 'AfricaAstronomy', 'RelativityPaper', 'SfumatoAMR', 'MASA_06R', 'Virgo_Roma', 'arXiv_grqc', 'scimichael', 'PeterDEdmonds', 'PeterDEdmonds', 'StarshipBuilder', 'EinsteinAtHome']",0,"[['Xue-Mei Su', 'Ruidong Xia', 'Xue Mei Su', 'Hongbo Zhang', 'Abdallah Ali', 'Zhipeng Zhou', 'Lyudmyla Adamska', 'Olivier Namur'], '0', ['Xue-Mei Su', 'Ruidong Xia', 'Xue Mei Su', 'Hongbo Zhang', 'Abdallah Ali', 'Zhipeng Zhou', 'Lyudmyla Adamska', 'Olivier Namur'], ['K. Tsubouchi'], '0', '0', ['Matthew Pitkin'], ['Matthew Pitkin'], '0', '0', '0', '0', '0', '0', ['Xue-Mei Su', 'Ruidong Xia', 'Xue Mei Su', 'Hongbo Zhang', 'Abdallah Ali', 'Zhipeng Zhou', 'Lyudmyla Adamska', 'Olivier Namur'], ['Matthew Pitkin'], '0', '0', '0', '0', '0', '0', '0', '0', '0', '0', '0', '0', '0']",0.4,0.4444444444444444,0.4166666666666667,Xue-Mei Su,arxiv,AfricaAstronomy,tw_name_self_score,0.4444444444444444,arxiv,751734284092792832
248,10.1000/anon986,Frei,Zsolt,Zsolt,15,15,"['801736772086591488', '870031235355168771', '801734302908186624', '870550560323383297', '802001510427045892', '877686909316804610', '919696780375330817', '801709950007316481', '803070392285986816', '802509020535865344', '803069743943053313', '803208725028696064', '868342602688540672', '802508877807783936', '801605879472734209']","['704283991751467008', '704283991751467008', '778228628601602048', '15000857', '1070695968', '1950945236', '559497510', '422672164', '801157284541894656', '245287301', '46854930', '422672164', '261186713', '245287301', '1950945236']","['Francesco Pannarale', 'Francesco Pannarale', 'BIGWaves', 'LIGO', 'Starship Engineers', 'arXiv gr-qc', 'oviaivo', 'Dr Michael Reidinger', 'KaellumEridani', 'Penelope Rose', 'BlackPhysicists', 'Dr Michael Reidinger', 'AfricaAstronomy', 'Penelope Rose', 'arXiv gr-qc']","['fpannarale', 'fpannarale', 'UoBIGWaves', 'LIGO', 'StarshipBuilder', 'arXiv_grqc', 'oviaivo', 'scimichael', 'KaellumEridani', 'PenelopeRose27', 'BlackPhysicists', 'scimichael', 'AfricaAstronomy', 'PenelopeRose27', 'arXiv_grqc']",0,"['0', '0', '0', '0', '0', '0', '0', '0', '0', '0', ['Xue-Mei Su', 'Ruidong Xia', 'Xue Mei Su', 'Hongbo Zhang', 'Abdallah Ali', 'Zhipeng Zhou', 'Lyudmyla Adamska', 'Olivier Namur'], '0', '0', '0', '0']",0.4,0.4166666666666667,0.42857142857142855,Xue-Mei Su,AfricaAstronomy,fpannarale,tw_handle_self_score,0.42857142857142855,fpannarale,704283991751467008
248,10.1000/anon124,Frei,Zsolt,Zsolt,46,46,"['916315032232910850', '916316415510106113', '916466750018928640', '916323851750998017', '916323211314454528', '913424669889499137', '916329178693357569', '919723193291694081', '913202313774424064', '918419062769758208', '919927006099206147', '916358297690820609', '913200320930615296', '913200320930615296', '913237281045172224', '1212387897585885184', '918478554530304000', '1029433470999834625', '913217755209383937', '1182019340406808576', '918160245980934144', '913269314806980608', '916373072457986050', '916433119208652801', '919984991202873344', '1080163993052954625', '918084111822094336', '915644818990055424', '917564132815200256', '916352679030525953', '1080163997385674754', '913216416400031744', '916318562498895872', '913287046994808832', '917350877127733248', '916331364471005190', '928305103307771915', '916354980180881409', '916479366326087681', '919973584453406720', '928319526843879430', '1212383347579740160', '916361254276681728', '1013783513420754944', '916453711634948096', '913499731581685761']","['1879710572', '3039504459', '1296726444', '166976439', '626671522', '3362236426', '33518714', '1950945236', '1070695968', '20058831', '101171811', '293861868', '1950945236', '1950945236', '15127834', '2427184074', '2163712706', '423109364', '3326958650', '78852440', '830471489811996676', '742149925', '834092965018660864', '49007244', '15355541', '2427184074', '1490259888', '2852243215', '1070695968', '2861540171', '2427184074', '130698193', '423109364', '422672164', '3354846525', '15936294', '423109364', '46854930', '994225962', '46854930', '16267655', '2427184074', nan, '931780688', '3370001363', '202227691']","['Ira', 'Physical Review Letters', 'nuclexp', 'Kazuhiro Agatsuma (我妻一博)', 'Salvatore Vitale', 'Indie Cole', 'Choconiña🍫🔭💻', 'arXiv gr-qc', 'Starship Engineers', 'Matthew Pitkin', 'LIGO Hanford', 'Gfrubi @gfrubi@mastodon.social', 'arXiv gr-qc', 'arXiv gr-qc', 'Robert McNees (@mcnees@mastodon.social)', 'Christopher Berry', 'Física USFQ', 'Robert Garisto', 'Hogwarts Science', 'INSPIRE HEP', 'Keita Kawabe', 'David Meyer', 'APS Publishing', 'H. ARAKIDA', ""Jeremy 'SpaceTrash' Lusk"", 'Christopher Berry', 'Sandeep', '@PlanetCorbett🔭', 'Starship Engineers', 'William Holm', 'Christopher Berry', 'Relativity/Cosmology', 'Robert Garisto', 'Dr Michael Reidinger', 'StrathclydeOA', 'ani', 'Robert Garisto', 'BlackPhysicists', 'Dr. John Bird 🇨🇦 🐧 🔭', 'BlackPhysicists', 'Kelly Wick ☮️🟣⚛️', 'Christopher Berry', nan, 'GRAPPA Centre', 'Mario AAO.', 'Steinn Sigurðsson']","['IraThorpe', 'PhysRevLett', 'nuclexp', 'Agachuma', 'sasomao', 'IndieCole1', 'Choconina3C273', 'arXiv_grqc', 'StarshipBuilder', 'matt_pitkin', 'LIGOWA', 'gfrubi', 'arXiv_grqc', 'arXiv_grqc', 'mcnees', 'cplberry', 'FisicaUSFQ', 'RobertGaristo', 'HogwartsScience', 'inspirehep', 'keita_kawabe', 'dajmeyer', 'APSPublishing', 'h_arakida', 'Jeremy_Lusk', 'cplberry', 'Sandeep21k_4u', 'PlanetCorbett', 'StarshipBuilder', 'holmkw', 'cplberry', 'RelativityPaper', 'RobertGaristo', 'scimichael', 'StrathclydeOA', 'animesh1977', 'RobertGaristo', 'BlackPhysicists', 'JohnBird001', 'BlackPhysicists', 'klimatEndNukes', 'cplberry', nan, 'GRAPPAinstitute', 'mario_aao', 'steinly0']",0,"['0', '0', '0', ['Kazuhiro Agatsuma'], ['Salvatore Vitale'], '0', '0', '0', '0', ['Matthew Pitkin'], '0', '0', '0', '0', ['Robert McNees', 'R. A. McNees'], ['Christopher P. L. Berry'], '0', ['Null'], '0', '0', '0', ['David A. Meyer'], '0', ['Hideyoshi Arakida'], '0', ['Christopher P. L. Berry'], '0', '0', '0', '0', ['Christopher P. L. Berry'], '0', ['Null'], '0', '0', ['Aurel Bulgac'], ['Null'], ['Xue-Mei Su', 'Ruidong Xia', 'Xue Mei Su', 'Hongbo Zhang', 'Abdallah Ali', 'Zhipeng Zhou', 'Lyudmyla Adamska', 'Olivier Namur'], '0', ['Xue-Mei Su', 'Ruidong Xia', 'Xue Mei Su', 'Hongbo Zhang', 'Abdallah Ali', 'Zhipeng Zhou', 'Lyudmyla Adamska', 'Olivier Namur'], '0', ['Christopher P. L. Berry'], '0', '0', '0', ['Steinn Sigurdsson']]",0.4,0.4166666666666667,0.6,Xue-Mei Su,Robert Garisto,gfrubi,tw_handle_self_score,0.6,gfrubi,293861868
248,10.1000/anon570,Frei,Zsolt,Zsolt,11,11,"['884626629326233602', '907833196875862016', '887456878854369280', '885179522236071936', '884571888852365313', '907746250820341760', '884838842359926784', '884701911462686722', '884748401098805250', '885074689260965890', '908158989418078209']","['422672164', '4852154997', '46854930', '395179481', '1950945236', '46854930', '2584309339', '392357015', '130698193', '778228628601602048', '775951706030911490']","['Dr Michael Reidinger', 'brainout🇺🇦', 'BlackPhysicists', 'UIB GRG', 'arXiv gr-qc', 'BlackPhysicists', 'APS Gravity—DGRAV', 'Francis Villatoro', 'Relativity/Cosmology', 'BIGWaves', 'Vanessa E. Ugalde']","['scimichael', 'brainouty', 'BlackPhysicists', 'UIBGRG', 'arXiv_grqc', 'BlackPhysicists', 'APSgravity', 'emulenews', 'RelativityPaper', 'UoBIGWaves', 'VanUgalde']",0,"['0', '0', ['Xue-Mei Su', 'Ruidong Xia', 'Xue Mei Su', 'Hongbo Zhang', 'Abdallah Ali', 'Zhipeng Zhou', 'Lyudmyla Adamska', 'Olivier Namur'], '0', '0', ['Xue-Mei Su', 'Ruidong Xia', 'Xue Mei Su', 'Hongbo Zhang', 'Abdallah Ali', 'Zhipeng Zhou', 'Lyudmyla Adamska', 'Olivier Namur'], '0', ['Francisco R. Villatoro'], '0', '0', '0']",0.4,0.42105263157894735,0.4444444444444444,Xue-Mei Su,brainout🇺🇦,brainouty,tw_handle_self_score,0.4444444444444444,brainouty,4852154997
248,10.1000/anon474,Frei,Zsolt,Zsolt,56,56,"['1206113258819579904', '919945433904041986', '1058748608273629184', '1295741608147681281', '919956970244853760', '919965134226833408', '1324438293304528897', '919942002652872704', '920855344947060736', '1578004515692978177', '1578004515692978177', '920656203402956800', '1212387897585885184', '919978741329203203', '1452171265607970816', '919990090021179392', '926509025205858304', '1199341345883639811', '1044542378491736065', '1421346988960927745', '932197906882482176', '919968574181011456', '1131654658462818304', '919935722609610752', '920022798763950080', '920655264348557312', '1199453195908501504', '919963626013802496', '1574776751246479360', '1184709175483555840', '1478652774426419203', '1080163997385674754', '920177641898029056', '1398206872071589890', '920215892876673024', '1295418896481243138', '1057232835801604096', '1208777521145221120', '920281316825874432', '1575241522483965952', '919932347411255298', '1080163994432876545', '920240452103757826', '1171480349395677185', '920147234011930625', '1333947929254449152', '930823579456991232', '944124237350043648', '1059172659332820992', '920057731804954624', '1212383347579740160', '919931385984450560', '919927945929658368', '922061703138959360', '1189294125859983365', '1609794381686636546']","['826222576754057216', '349666640', '2427184074', '2219952013', '2427184074', '704341647207714818', '118723389', '206025368', '15127834', '995791838', '995791838', '2427184074', '2427184074', '89544203', '897078378024620032', '18153864', '46854930', '78852440', '83836041', '1219693297201008640', '612918204', '14465282', '32140089', '2253784058', '161506926', '4788876749', '626671522', '23225413', '848539857408458757', '2219952013', '1328477936580657153', '2427184074', '422672164', '2986241129', '835594501', '2219952013', '26128759', '40285266', '4841564804', '995791838', '506779294', '2427184074', '2451342680', '21210048', '449923192', '70614241', '1246397209', '704283991751467008', '2427184074', '1491600576', '2427184074', '15000857', '20058831', '1263562898', '2427184074', '790528561060810752']","['Aaron Parsons', 'امیرحسین کاظمی✨', 'Christopher Berry', 'ESA Integral', 'Christopher Berry', 'いとっし～', 'Ian E. Consterdine 💙😷', 'Dr. Amber L. Stuver', 'Robert McNees (@mcnees@mastodon.social)', 'Astropierre', 'Astropierre', 'Christopher Berry', 'Christopher Berry', '〈 Matteo | Cavalleri 〉', 'oudeicrat', 'Olexandr Isayev 🇺🇦🇺🇸', 'BlackPhysicists', 'INSPIRE HEP', 'IOP Publishing', 'ADS citation bot', 'The View From Earth', 'Unveryfied Peasant Kevin Purcell 🇬🇧🇮🇪🇺🇸', 'Neil Gerardo-MRX Chairman-ID#32140089', 'Mark Hannam', 'Juan Andrés Abarca C', 'Daniel Hoak', 'Salvatore Vitale', 'Frederick Davies', '~ Mithos ~ \uea00', 'ESA Integral', 'LotusBlossom', 'Christopher Berry', 'Dr Michael Reidinger', 'Pierre Spagnou', 'Swiss National Science Foundation', 'ESA Integral', 'Rami Mandow 🏳️\u200d🌈🏳️\u200d⚧️', 'Stanislav Fort ✨🧠📈⚛️📈🦾📈🤖📈✨', 'Michael Cain', 'Astropierre', 'Abbas Askar', 'Christopher Berry', 'Quantum Writer', ""Tim O'Brien"", 'Ça Se Passe Là-Haut', 'Dr Fiona H. Panther', 'ScienceOpen', 'Francesco Pannarale', 'Christopher Berry', 'Stéphanie Alenda (she/ella)', 'Christopher Berry', 'LIGO', 'Matthew Pitkin', 'Olivier Minazzoli', 'Christopher Berry', 'Patrick Hendrix A.']","['UCBProf', 'amrhkazemi', 'cplberry', 'ESA_Integral', 'cplberry', 'SgrCapAqr', 'newolder', 'livingligo', 'mcnees', 'astropierre', 'astropierre', 'cplberry', 'cplberry', 'physicsteo', 'oudeicrat', 'olexandr', 'BlackPhysicists', 'inspirehep', 'IOPPublishing', 'AdsCitations', 'NightOwlHils', 'kevinpurcell', 'NeilGerardo', 'MarkDHannam', 'JuanoAbarca', 'DanHoak', 'sasomao', 'freddavies', 'MithosSU', 'ESA_Integral', 'AbbyKuzSi4', 'cplberry', 'scimichael', 'PSpagnou', 'snsf_ch', 'ESA_Integral', 'CosmicRami', 'stanislavfort', 'freeligionsays', 'astropierre', 'AbbasAskar', 'cplberry', 'Brownianaweb', 'ProfTimOB', 'astroparticule', 'FiPanther', 'Science_Open', 'fpannarale', 'cplberry', 'StephanieAlenda', 'cplberry', 'LIGO', 'matt_pitkin', 'OMinazzoli', 'cplberry', 'pat_hdx']",0,"['0', '0', ['Christopher P. L. Berry'], '0', ['Christopher P. L. Berry'], '0', '0', '0', ['Robert McNees', 'R. A. McNees'], '0', '0', ['Christopher P. L. Berry'], ['Christopher P. L. Berry'], ['Matteo Cavalleri'], '0', ['Olexandr Isayev'], ['Xue-Mei Su', 'Ruidong Xia', 'Xue Mei Su', 'Hongbo Zhang', 'Abdallah Ali', 'Zhipeng Zhou', 'Lyudmyla Adamska', 'Olivier Namur'], '0', '0', '0', '0', '0', '0', '0', '0', '0', ['Salvatore Vitale'], '0', '0', '0', '0', ['Christopher P. L. Berry'], '0', '0', '0', '0', ['R. Mandow'], '0', '0', '0', '0', ['Christopher P. L. Berry'], '0', [""Tim O'Brien""], '0', ['Fiona H. Panther'], '0', '0', ['Christopher P. L. Berry'], ['Stéphanie Alenda'], ['Christopher P. L. Berry'], '0', ['Matthew Pitkin'], ['Olivier Minazzoli'], ['Christopher P. L. Berry'], '0']",0.4,0.46153846153846156,0.5714285714285714,Xue-Mei Su,Frederick Davies,freddavies,tw_handle_self_score,0.5714285714285714,freddavies,23225413
248,10.1000/anon29,Frei,Zsolt,Zsolt,3,3,"['1421482838835306499', '1321395182487642116', '963813837664391173']","['1219693297201008640', '3164241610', '3354846525']","['ADS citation bot', 'ORBi-Publis-ULiège', 'StrathclydeOA']","['AdsCitations', 'ORBiPubsULiege', 'StrathclydeOA']",0,"['0', '0', '0']",0.0,0.35714285714285715,0.2727272727272727,NULL,ORBi-Publis-ULiège,StrathclydeOA,tw_name_self_score,0.35714285714285715,ORBi-Publis-ULiège,3164241610
248,10.1000/anon458,Frei,Zsolt,Zsolt,91,91,"['919943493971259392', '919938554054275072', '926330375990796289', '926330375990796289', '920389492544098304', '919991105944522752', '919959432104202240', '919942055983423489', '919947160791207936', '920411652452782080', '920571948291231744', '925927982207664133', '919944304386179072', '947572698867257344', '921020870579113984', '986208707968151552', '1179527133577842689', '919987532858785792', '920020429305204736', '920293257111834624', '920652772353089536', '920199716641570818', '1058059096052654085', '919981475226882048', '925962013343236097', '938991901432201216', '921368378203308032', '919988933806747650', '926109614575366149', '926602101282738176', '1470824980199862272', '926388564967018496', '959463497821114368', '920787787082878976', '920327083628392448', '920960649362051072', '950762285462638594', '928626098904104960', '955801795187556354', '926600285060861952', '925980602922254336', '920229180763238400', '919932356764499969', '920261932627759104', '926221006204784640', '920613366963539968', '919931088331509762', '928194159600472065', '919976643552309253', '920786575201619968', '1250639436964073472', '919947432737173504', '919936995173982208', '926253806739959811', '926253806739959811', '930169515672969217', '1186691084421926912', '919936800365391876', '928281458837544960', '925926486263070720', '925787632780632070', '935941987626291201', '919947341737623552', '919936962420764673', '919938314160848901', '919934830107938816', '943412283346124801', '919954732470423552', '1239784877542772737', '926600140802080768', '1321410269982150656', '921639524517761024', '925892257454190593', '926008779040100352', '925807561693114368', '919947214977486848', '919953333099663361', '919956515112538113', '959444608488038401', '925827116352069633', '968041631055302657', '920019535301894145', '920053980734087169', '923240555492118528', '926863853874503681', '931096064345690112', '921356414781743107', '919998627782807552', '925930097478995968', '927947004365475840', '919935543164702720']","['15127834', '4418271387', '163039979', '163039979', '248194983', '392357015', '14457832', '33773592', nan, '22148802', '94812908', '491350517', '131012004', '276597679', '1534726470', '207581304', '337395272', '4788876749', '58656647', '778228628601602048', '838353185118941186', '43301934', '15000857', '15874552', '144654008', '73596195', '1246397209', '16468874', '191922651', '260461882', '3277127149', '238569918', '527534075', '15593520', '163660569', '718406048', '1243324854', '28310471', '3354846525', '36992985', '316954887', '6330492', '20058831', '337395272', '103576758', '47125300', '144938323', '726164688845807616', '1357422229', '15000857', '337395272', '195143286', '91739142', '1009333225', '1009333225', '96339963', '118723389', '15000857', '45817618', '64353992', '2924563369', '825442988579024897', '15000857', '25979812', '512773064', nan, '1923063997', '379818529', '1561399742', '36992985', '3164241610', '2548163912', '39798200', '108920781', '1252827122', '206025368', '487990723', '15000857', '48368284', '47125300', '71015550', '1581542185', '170080903', '15327263', '2593411957', '1547469086', '709519020035182592', '908249560627208192', '8271792', '2659774190', '21832095']","['Robert McNees (@mcnees@mastodon.social)', 'StreetPhoto24', 'k-dual(-27) Ph.D.🦍あなたの愉快な隣人', 'k-dual(-27) Ph.D.🦍あなたの愉快な隣人', 'Bernard Thienpont', 'Francis Villatoro', 'Dr. Heidi White', 'Katie Mack', nan, 'Leo C. Stein is @duetosymmetry@mastodon.social', 'Claudio Mendoza', '岡本典明', 'Dr. John Barentine FRAS 🐀', 'Markus Pössel', 'Juan Ulloa', 'UCL Discovery', 'Will M Farr', 'Daniel Hoak', 'Mariana R', 'BIGWaves', 'David H. Brooks', 'Christian B', 'LIGO', 'Nolan 🚀👉❤ :/ ⛄!', 'しぶちん⏳🌏🧭🔨', 'Roberto Takata🇨🇲', 'ScienceOpen', 'Ginger Pinholster', 'F. Barradas-Solas', 'Terry Rathman', 'George Jones', 'Masha Hosseini', 'Petrography Subunit ✹', 'steve crandall', 'Fran el Humano 🍮', 'Mucking muckster', 'Evgeny Chernyavskiy', 'Kevin Morgan', 'StrathclydeOA', 'Hugh Ross', 'うろ', 'Andrew Steele', 'Matthew Pitkin', 'Will M Farr', '林司@るーしゃんず', 'Jorge Zuluaga', 'Aymeric Spiga @aymeric_spiga@astrodon.social', 'Bob McIntyre', 'Space Initiatives', 'LIGO', 'Will M Farr', 'Song Huang', 'Soumyaranjan Dash', 'DTHSTR', 'DTHSTR', 'tk3k', 'Ian E. Consterdine 💙😷', 'LIGO', 'distracted_alien', 'Nature Japan', 'Prashant Kurup', '@doctorbowring@mastodon.social', 'LIGO', 'Prof Stephen Serjeant 🇪🇺 @stephenserjeant@mas.to', 'not ""Rio"" but ""Riou""', nan, 'Salvatore Petrone', 'Enrico Rinaldi', 'Eoin Lanier', 'Hugh Ross', 'ORBi-Publis-ULiège', 'Gaelaxy.com', 'Rama Rao', '木下英昭', 'Dr. Ed Rivera-Valentín', 'Dr. Amber L. Stuver', 'Gianfranco Bertone', 'LIGO', 'Qaos', 'Jorge Zuluaga', 'syed faisal', 'Claudia Mignone', 'Lucas Buzek', 'Carl-Johan Haster', 'Lucas Tonussi', 'RhodesResearch', 'Simons Observatory', 'Valencia Virgo Group', 'Yoshihisa Nagata', 'Sergii Tukaiev', 'Grant Tremblay']","['mcnees', 'SPhoto24', 'haruhikomegane', 'haruhikomegane', 'bernthie', 'emulenews', 'heidiwhite', 'AstroKatie', nan, 'duetosymmetry', 'claudiom07', 'BookBrightJp', 'JohnBarentine', 'mpoessel', 'julloa_juan', 'ucl_discovery', 'farrwill', 'DanHoak', 'fuckingphysics', 'UoBIGWaves', 'realDavidBrooks', 'petimiti', 'LIGO', 'sneakin', 'pmagshib', 'rmtakata', 'Science_Open', 'gingerpin', 'fbarradass', 'tapoloman', 'GeorgeJonesCDM', 'mashahosseini', 'RosasXOso', 'tingilinde', 'FranJ91', 'anika_m_', 'Evgenychern', 'mistuk', 'StrathclydeOA', 'RTB_HRoss', 'uro9000', 'statto', 'matt_pitkin', 'farrwill', 'Archangel_HT', 'zuluagajorge', 'aymeric_spiga', 'BobMcIntyre13', 'AsteroidEnergy', 'LIGO', 'farrwill', 'dr_guangtou', 'soumyatheory', 'CDADeathStar', 'CDADeathStar', 'tk3k', 'newolder', 'LIGO', 'distractedalien', 'NatureJapan', 'resident_nerds', 'doctorbowring', 'LIGO', 'StephenSerjeant', 'nakamrro', nan, 'petrone_sa', 'enricesena', 'serenechaos1', 'RTB_HRoss', 'ORBiPubsULiege', 'Gaelaxydotcom', 'rama4321', 'yu0010', 'PlanetTreky', 'livingligo', 'gfbertone', 'LIGO', 'qaos_xword', 'zuluagajorge', 'faisalrahman36', 'claudiascosmos', 'lucasbuzek', 'CJHaster', 'lpton', 'RhodesResearch', 'SimonsObs', 'VirgoValencia', 'hikyaku', 'byzant69', 'astrogrant']",0,"[['Robert McNees', 'R. A. McNees'], '0', '0', '0', ['Bernard Thienpont'], ['Francisco R. Villatoro'], '0', ['Katie Mack', 'Katherine J. Mack'], '0', ['Leo C. Stein'], '0', '0', '0', ['Markus Pössel'], '0', '0', ['W. M. Farr', 'Will M. Farr'], '0', '0', '0', '0', '0', '0', '0', '0', '0', '0', '0', '0', '0', '0', '0', '0', '0', '0', '0', '0', '0', '0', ['Null'], '0', ['Andrew J. Steele'], ['Matthew Pitkin'], ['W. M. Farr', 'Will M. Farr'], '0', ['Null'], ['Aymeric Spiga'], '0', '0', '0', ['W. M. Farr', 'Will M. Farr'], '0', ['Soumyaranjan Dash'], '0', '0', '0', '0', '0', '0', '0', '0', '0', '0', ['Stephen Serjeant'], '0', '0', '0', ['Null'], '0', ['Null'], '0', '0', '0', '0', ['Edgard G. Rivera-Valentín', 'Edgard G. Rivera-Valentin'], '0', ['Gianfranco Bertone'], '0', '0', ['Null'], '0', ['C. Mignone'], '0', ['Carl-Johan Haster'], '0', '0', '0', '0', '0', ['Sergii Tukaiev'], ['Grant R. Tremblay']]",0.38461538461538464,0.4444444444444444,0.5,Andrew J. Steele,F. Barradas-Solas,farrwill,tw_handle_self_score,0.5,farrwill,337395272
248,10.1000/anon414,Frei,Zsolt,Zsolt,5,5,"['1326423324323438593', '963813837664391173', '920177924917121025', '920324098244390912', '1421618797933367297']","['3164241610', '3354846525', '422672164', '392357015', '1219693297201008640']","['ORBi-Publis-ULiège', 'StrathclydeOA', 'Dr Michael Reidinger', 'Francis Villatoro', 'ADS citation bot']","['ORBiPubsULiege', 'StrathclydeOA', 'scimichael', 'emulenews', 'AdsCitations']",0,"['0', '0', '0', ['Francisco R. Villatoro'], '0']",0.3125,0.37037037037037035,0.2727272727272727,Francisco R. Villatoro,Dr Michael Reidinger,StrathclydeOA,tw_name_self_score,0.37037037037037035,Dr Michael Reidinger,422672164
248,10.1000/anon608,Frei,Zsolt,Zsolt,13,13,"['874659365659303936', '874697727564754945', '874786821787578371', '897978942577135616', '874865375925731329', '874691105903661056', '920236460405641216', '920261712573616129', '881672887257747456', '874521750876409857', '874521750876409857', '874588245719470080', '874630249010655233']","['2411906239', '259401680', '1950945236', '1950945236', '46854930', '2584309339', '3354846525', '3354846525', '1950945236', '422672164', '422672164', '14105953', '778228628601602048']","['Duncan Galloway', 'Davide Castelvecchi', 'arXiv gr-qc', 'arXiv gr-qc', 'BlackPhysicists', 'APS Gravity—DGRAV', 'StrathclydeOA', 'StrathclydeOA', 'arXiv gr-qc', 'Dr Michael Reidinger', 'Dr Michael Reidinger', 'Blobrana', 'BIGWaves']","['DuncanKGalloway', 'dcastelvecchi', 'arXiv_grqc', 'arXiv_grqc', 'BlackPhysicists', 'APSgravity', 'StrathclydeOA', 'StrathclydeOA', 'arXiv_grqc', 'scimichael', 'scimichael', 'blobrana', 'UoBIGWaves']",0,"[['Duncan K. Galloway'], ['Davide Castelvecchi'], '0', '0', ['Xue-Mei Su', 'Ruidong Xia', 'Xue Mei Su', 'Hongbo Zhang', 'Abdallah Ali', 'Zhipeng Zhou', 'Lyudmyla Adamska', 'Olivier Namur'], '0', '0', '0', '0', '0', '0', '0', '0']",0.4,0.37037037037037035,0.36363636363636365,Xue-Mei Su,Dr Michael Reidinger,dcastelvecchi,author_name_self_score,0.4,Xue-Mei Su,46854930
248,10.1000/anon1164,Frei,Zsolt,Zsolt,32,32,"['1427145330496348160', '1225337138365030401', '991085614337576961', '1041835653640675328', '1421603619489603584', '920178299875352576', '1235477941611565056', '1100725342153723905', '988415706596290565', '1001816036243632128', '979736063647371264', '1039480188529266689', '964479473822216192', '1007158078117236736', '921909417217421312', '1321395181573279744', '977112790115803136', '1007157795307876354', '957986788995420160', '1272432195194490885', '1051956330574094338', '1430738928164802565', '981490666927804422', '991086444381921280', '964498039527395328', '950684933168746496', '986000305077792768', '1219897093453746177', '1414507989269204993', '1095594729394323458', '920324885976702978', '1110464949132906496']","['750684963566080000', '750684963566080000', '750684963566080000', '750684963566080000', '1219693297201008640', '422672164', '750684963566080000', '750684963566080000', '750684963566080000', '2427184074', '976649868298072064', '750684963566080000', '3354846525', '750684963566080000', '152783156', '3164241610', '976649868298072064', '750684963566080000', '750684963566080000', '750684963566080000', '45320364', '750684963566080000', '976649868298072064', '750684963566080000', '103405892', '750684963566080000', '750684963566080000', '750684963566080000', '750684963566080000', '750684963566080000', '392357015', '750684963566080000']","['Hal Toulon', 'Hal Toulon', 'Hal Toulon', 'Hal Toulon', 'ADS citation bot', 'Dr Michael Reidinger', 'Hal Toulon', 'Hal Toulon', 'Hal Toulon', 'Christopher Berry', 'OSU Pythéas', 'Hal Toulon', 'StrathclydeOA', 'Hal Toulon', 'kikiki39', 'ORBi-Publis-ULiège', 'OSU Pythéas', 'Hal Toulon', 'Hal Toulon', 'Hal Toulon', 'UGent Bibliography', 'Hal Toulon', 'OSU Pythéas', 'Hal Toulon', 'Andrew', 'Hal Toulon', 'Hal Toulon', 'Hal Toulon', 'Hal Toulon', 'Hal Toulon', 'Francis Villatoro', 'Hal Toulon']","['HAL_Toulon', 'HAL_Toulon', 'HAL_Toulon', 'HAL_Toulon', 'AdsCitations', 'scimichael', 'HAL_Toulon', 'HAL_Toulon', 'HAL_Toulon', 'cplberry', 'OSUIP_Papers', 'HAL_Toulon', 'StrathclydeOA', 'HAL_Toulon', 'kikiki39', 'ORBiPubsULiege', 'OSUIP_Papers', 'HAL_Toulon', 'HAL_Toulon', 'HAL_Toulon', 'ugentbiblio', 'HAL_Toulon', 'OSUIP_Papers', 'HAL_Toulon', 'esif22', 'HAL_Toulon', 'HAL_Toulon', 'HAL_Toulon', 'HAL_Toulon', 'HAL_Toulon', 'emulenews', 'HAL_Toulon']",0,"['0', '0', '0', '0', '0', '0', '0', '0', '0', ['Christopher P. L. Berry'], '0', '0', '0', '0', '0', '0', '0', '0', '0', '0', '0', '0', '0', '0', '0', '0', '0', '0', '0', '0', ['Francisco R. Villatoro'], '0']",0.3125,0.4,0.3,Francisco R. Villatoro,Andrew,ugentbiblio,tw_name_self_score,0.4,Andrew,103405892
248,10.1000/anon833,Frei,Zsolt,Zsolt,184,184,"['931214740969308161', '931297114562355202', '930999934106718208', '931290737844604928', '931486138572951553', '931097390408278016', '931237346825121792', '930968809208459264', '931028865316659202', '959366785677123585', '931076285513830402', '930994122873294849', '931155195723157504', '931056544782970880', '931172483075584000', '931057723969540097', '931057723969540097', '931187119586004999', '931100954396643328', '930982643922911232', '930999593319485440', '931208140456120320', '931144732457291776', '930999309037907969', '931051305753300992', '931414369807814656', '931179946793254912', '931060624632762368', '931022071336910848', '931088458734501888', '931084012491280384', '931544090721771521', '931086443719651328', '931327073267970048', '931017434969939968', '931202908183580673', '930986415285878785', '930987078447501313', '931135617739587586', '931151125079785472', '931246298245742592', '930988673759186944', '931226951909482496', '931002310796414978', '931030466202914816', '930990907448365057', '931059392291618816', '930969882149249024', '931117373737914368', '931031413805248513', '930996144208875520', '930975076710797317', '1321410271148199936', '931472340608831488', '930971221792923648', '931019593216389120', '931046861141626886', '931363964868612096', '931177133376004098', '1068969127749009409', '930980960006475776', '931067321413550080', '930990793774346241', '931122266510970881', '930996434492522496', '930985227664744449', '931075999722242048', '931075999722242048', '931120633773162496', '931191443934167040', '947528613137649664', '931006926032338945', '931058894289362944', '931048570853167104', '930991295669178368', '930992434296877056', '931006505058365441', '930972817046343680', '931102153099358208', '931083194153259008', '930975895174635520', '930975253395902464', '931043783235506177', '931152850650005505', '931098658816385024', '931267019965698048', '930980760852598785', '930981596282355718', '931177074177425408', '930988447333982208', '931042816825970688', '931090062485458944', '931010466251452416', '931158625061498881', '931220715432378368', '931099352839401472', '930983171956641793', '931020387240071168', '931249351921422336', '931224545859702784', '931059461313134592', '931218203988152320', '931112802185564160', '931201576634634241', '931081068962287617', '930983894328979456', '945838623840026624', '931025408832684032', '930977285842374656', '931108003583025152', '933767453062127616', '930982102132125696', '931078281687961600', '1080164008601288707', '944334092518199296', '930998968141664256', '931029560694575104', '931440247124189184', '931440247124189184', '931080340000706560', '930983920086278144', '931221515193987072', '1212389361515409410', '930996107831848960', '931068573379948544', '930993571901132800', '931031020618567680', '930978834400157696', '931397778646773760', '931090678007857153', '930978779832422400', '930978944773324800', '930998629602430977', '930969076565909504', '931279635350020097', '931060752441524225', '931143247182946310', '942799869101699073', '931061936732753920', '931055210234966016', '931096958378192896', '930978105514115074', '931237449325408256', '931447145961574400', '931256912213086208', '931069559875944448', '930992357171855360', '930984835652440065', '931182380659945474', '930983566586056704', '931353399374774272', '931009188095934469', '931123785364799488', '931204237358501888', '934116296416952322', '931066996044849152', '931044864355074048', '931183584328679424', '930971701394968580', '930975034801344512', '930978708059574273', '931122697945387008', '931189433818402817', '931144747485401088', '931070935490355200', '930976642926706688', '931023219871666176', '930974583888535552', '931008528818626560', '931008528818626560', '931005301603549185', '931058083689791488', '931101327119273985', '931154443227279360', '931168155568951296', '930999661124452354', '931253169010696192', '931152510529753088', '931276386534293515', '930981950273224704', '930983686383853568', '931123952184897537', '931000131473653760', '931094738320678912']","['26763525', '791608741837832192', '14307281', '110730767', '2427184074', '14175873', '887485980386746368', '15000857', '765100031686828036', '3354846525', '37628229', '24404349', '786733599915544576', '2997478476', '198963019', '435565004', '435565004', '70982896', '99519576', '2707961760', '381566497', '1095753338', '200345322', '16677622', '136241524', '2219952013', '123179445', '2986241129', '261324356', '124127153', '68496043', '229437982', '15534919', '1731136087', '398875154', '21724904', '826588167700574208', '2696935303', '26207736', '246980471', '1385585184', '26128759', '101171811', '4788876749', '1418817421', '17916617', '33773592', '1474021', '16032614', '94167230', '14771446', '202227691', '3164241610', '175380085', '29941998', '713000343945084928', '19435213', '757017481580077057', '89400985', '2427184074', nan, '506392979', '4018882938', '422672164', '60724221', '844686639691677696', '2945760676', '2945760676', '16032614', '2927266003', '2427184074', '16677622', '4567960334', '93167281', '4149568765', '293861868', '1913173724', '1879710572', '40767208', '22360576', '718170485087817729', '904552466590650369', '4360845316', '568161091', '3119292832', '3001901542', '223611943', '257165250', '836831572586348544', '130698193', '2813168019', '83421296', '2877336713', '21147300', '280811825', '317034862', '34406770', '762745454685663233', '3869827637', '3714901817', '2722594232', '755480363326210049', '2427184074', '50148017', '395179481', '787461596763258880', '36992985', '42481040', '834594490967023621', nan, '2179673459', '2298123391', '930543616883388416', '2427184074', '16032614', '117396730', '319122275', '626395120', '626395120', '449923192', '2892407471', '3417945833', '2427184074', '3054866471', '27786488', '589297737', '3714901817', '825540952601219072', '99114451', '2427184074', '38245723', '848540707077865472', '15370387', '266875456', '206025368', '20121575', '482025072', '778228628601602048', '1833278893', '265169401', '3043445304', '14488515', '28414859', '47390932', '149526852', '40410019', '60724221', '461216071', '253576607', '21832095', '94381018', '4446479003', '89544203', '737637373', '575793790', '47378896', '90636410', '444562280', '928597848', '1070695968', '299269267', '281166506', '16576882', '281656294', '1067761640', '44562973', '1149118862', '1950945236', '460272173', '460272173', '2212212968', '19454507', '15156570', '40054423', '3480217697', '65528880', '1153325708', '809554391284011018', '337395272', '15127834', '2270376266', '931846045', '88145416', '18360789']","['Char', 'The Rogue Astronaut', 'Dan Chibnall', 'Umberto Genovese', 'Christopher Berry', 'Amit Paranjape', 'Vikram Paralkar Lab', 'LIGO', 'Neel Vadodaria / નીલ વડોદરીયા', 'StrathclydeOA', 'C⍺rmen \uf8ff', 'Henry Alwyn Wootten', 'Ed Sanabria-Valentín', 'Dr Vaishali Adya', 'Jorge Abreu 🧡🦄🇦🇷🇨🇦', 'mmanu @mmanu@mathstodon.xyz', 'mmanu @mmanu@mathstodon.xyz', 'Daniel Marín', 'Dominique Boutigny @AlvindeDiaspar@mathstodon.xyz', 'Shannon Stirone💀', 'Miguel Alcubierre', 'Diego Silva', 'tqft @tqft@octodon.social', 'Daniel Fischer @cosmos4u@scicomm.xyz', '𝙼𝚊𝚛𝚢', 'ESA Integral', '小谷太郎', 'Pierre Spagnou', 'Ray Jayawardhana', 'Jordi Busqué', 'Bob Nichol', '山田陽志郎 Yoshiro Yamada', 'Daniel Williams', 'Física Geral', 'ゴトー', 'Catherine Q.', 'UCSC Transients', 'Voyager Three', 'Qraal', 'Sarah Kaplan', 'Arun', 'Rami Mandow 🏳️\u200d🌈🏳️\u200d⚧️', 'LIGO Hanford', 'Daniel Hoak', 'Joseph Ness 🚀✨', 'Charles Franklin', 'Katie Mack', 'Víctor R. Ruiz', 'TomD_HD', '✨ László Molnár ✨🛰️🎓', 'Masaaki Hiramatsu / 平松正顕', 'Steinn Sigurðsson', 'ORBi-Publis-ULiège', 'Jos Engelen', 'honor harger', 'Scoop Squid', 'Dan Satterfield', 'Cosmos y Astronomía', 'A B', 'Christopher Berry', nan, 'Philip Oldfield', 'Marcus Lower', 'Dr Michael Reidinger', 'Maximiliano Isi', 'Only Astro Photo 🔭', 'Tom Kimpson', 'Tom Kimpson', 'TomD_HD', 'Prof. Erika Hamden', 'Christopher Berry', 'Daniel Fischer @cosmos4u@scicomm.xyz', 'Skylias', 'Dorine Schenk', 'physicsIMC', 'Gfrubi @gfrubi@mastodon.social', 'Carey Louise', 'Ira', 'h̒̓̾̕r͒͐̀ö̤n̲i̥r̔̕͘ 🎗️🇭🇰', 'Michael Banks', 'Kristen Cote', 'Generic white dude who programs', 'Anton Pannekoek Institute', 'Tim McKay', 'Cosmic Carol', 'Adrien Coffinet', 'João Marcos “Jamal”', 'Jay Strader', 'Erdinc Saygin', 'Relativity/Cosmology', 'EGO & the Virgo Collaboration', 'Antonio Martin-Carrillo', 'Tim Hamilton', 'Dr Karl', 'Ethan Siegel', 'CPAN', 'Tad Thurston', 'Erika Benitez', 'Francesca Vidotto', 'Ja Field', 'Neil Robinson', 'Wulkany świata', 'Christopher Berry', 'j james ∞/21M', 'UIB GRG', 'Supernova Style Science News', 'Hugh Ross', 'Pranay Khatri', 'Astrofísicos en Acción', nan, 'Michele Scattola', 'Weknowdis 🇨🇦 🇺🇸', 'Jose María Ezquiaga Bravo', 'Christopher Berry', 'TomD_HD', 'Martín Monteiro', 'Richard Panek', 'NWO Nieuws', 'NWO Nieuws', 'Ça Se Passe Là-Haut', '🇦🇷 David Ibañez', 'Curioseantes', 'Christopher Berry', 'Jairo Alexis López', 'Paolo Actis', 'Jonathan Aguilar', 'Ja Field', 'Jake Robins', 'Faisal I Hadiputra', 'Christopher Berry', 'Lee Billings', 'Hiroyuki Nakano', 'jmctee', 'seabird', 'Dr. Amber L. Stuver', 'Travis Souza🌻', 'Forskning & Framsteg', 'BIGWaves', 'Tom McLeish', 'Dr. Kevin Peter Hickerson', 'izt, self parody', 'nrt@ブルベ冬', 'Marco Salvi - @marcosalvi@sigmoid.social', 'Dimitri Chuard', 'Miguel Zumalacarregui', 'Andrew Klekociuk', 'Maximiliano Isi', 'Dark Energy 🏳️\u200d🌈💚🤍💚', 'Özgür Baştürk', 'Grant Tremblay', 'Stef @wikisteff@mastodon.social Christensen', 'David Gozzard', '〈 Matteo | Cavalleri 〉', 'Dr. Jillian Scudder', 'AAW Darmstadt e. V.', 'Danna Linn Barnett', 'martijn van calmthout', 'Masm', 'Dr Pete Murray', 'Starship Engineers', 'Ian Holly', 'Ignacio Mártil', 'Marco Delmastro', 'Bettina Roselt', 'Selçuk Topal, PhD', 'Mika McKinnon', 'Sloan Digital Sky Surveys', 'arXiv gr-qc', 'Peter Edmonds', 'Peter Edmonds', 'Kouji Ohnishi 大西浩次', 'Deepak', 'Speakster', 'Liz Landau', ""Luke Winch (Luke's Book Nook)"", 'Toshinori Mori', 'Fokitis   Emmanuel', 'Dr Jackie Bell, FIMA, FHEA (she/her)', 'Will M Farr', 'Robert McNees (@mcnees@mastodon.social)', 'Dani 🏳️\u200d🌈 @warkittens@infosec.exchange', 'Club Newton', 'AKIMOTO Yuki／秋本祐希🌟HiggsTan（ひっぐすたん）', 'Diego Carvalho, D.Sc.']","['CharPrincessa', 'therogue_astro', 'bookowl', 'UmbyWanKenobi', 'cplberry', 'aparanjape', 'ParalkarLab', 'LIGO', 'Neelv1998', 'StrathclydeOA', 'pild0rilla', 'awootten', 'Edgardo_PhD', 'icecreambond', 'ar_jorge1987', 'mmanuF', 'mmanuF', 'Eurekablog', 'AlvindeDiaspar', 'shannonmstirone', 'malcubierre', 'Diego_5ilva', 'tqft9999', 'cosmos4u', 'MsMarySophie', 'ESA_Integral', 'tarokotani', 'PSpagnou', 'DrRayJay', 'jordibusque', 'robertcnichol', 'sinus_iridium', 'daniel_williams', 'Fisica_Geral', 'Hiromitsu510', 'CatherineQ', 'ucsctransients', 'voyagerthreebot', 'qraal', 'sarahkaplan48', 'click_arun', 'CosmicRami', 'LIGOWA', 'DanHoak', 'NessJoseph', 'PollsAndVotes', 'AstroKatie', 'vrruiz', 'TomD_Santiago', 'lacalaca85', 'parsonii', 'steinly0', 'ORBiPubsULiege', 'asymptoticfrdm', 'honorharger', 'ScoopSquid', 'wildweatherdan', 'Astronomia_ve', 'arupneo', 'cplberry', nan, 'SustainableTall', 'astromelow', 'scimichael', 'maxisi', 'onlyastrophoto', 'KimpsonTom', 'KimpsonTom', 'TomD_Santiago', 'ErikaHamden', 'cplberry', 'cosmos4u', 'SkyliasCares', 'dorineschenk', 'physicsIMC', 'gfrubi', 'careylooweez', 'IraThorpe', 'hronir', 'Mike_Banks', 'astrokristen', 'westbynoreaster', 'uva_api', 'TimMcKayMI', 'Cosmic_Carol', 'AdrienCoffinet', 'dejamalapior', 'caprastro', 'saygin_erdinc', 'RelativityPaper', 'ego_virgo', 'antmarcarr', 'TSHamiltonAstro', 'DoctorKarl', 'StartsWithABang', 'CPAN_spain', 'TadThurston', 'erika77620617', 'FrancesVidotto', 'jafield15', 'NeilJoeRobinson', 'Wulkany1', 'cplberry', 'therealhaxwell', 'UIBGRG', 'Supernova_Style', 'RTB_HRoss', 'pranay_k', 'AstrofisicosA', nan, 'miky_box', 'rappolee', 'jmezquiagabravo', 'cplberry', 'TomD_Santiago', 'fisicamartin', 'TheRichardPanek', 'NWONieuws', 'NWONieuws', 'astroparticule', 'd_m_iz', 'Curioseantes', 'cplberry', 'JAlexRoL', 'paoloactis', 'AggleDetector', 'jafield15', 'JakeOnOrbit', 'faisal_putra', 'cplberry', 'LeeBillings', 'Onihei114', 'jmctee', 'burdettchris', 'livingligo', 'travestynv', 'FoFramsteg', 'UoBIGWaves', 'mcleish_t', 'KPHickerson', 'izatooo', 'norita113', 'marcosalvi', 'dimitri_ch', 'miguelzuma', 'Klekociuk', 'maxisi', 'Alejandro_DebH', 'ozbasturk', 'astrogrant', 'Wikisteff', 'DRG_physics', 'physicsteo', 'Jillian_Scudder', 'AAW_Darmstadt', 'Golans_mom', 'vancalmthout', 'elefenor', 'spacetimewaster', 'StarshipBuilder', 'ianholly', 'IgnacioMartil', 'marcodelmastro', 'PltBRos', 'astronomTurk', 'mikamckinnon', 'sdssurveys', 'arXiv_grqc', 'PeterDEdmonds', 'PeterDEdmonds', 'koujiohnishi', 'deepakmahtani', 'Speakster', 'lizlandau', 'Luke_Winch', 'muegamma', 'fokitis', 'sciencesummedup', 'farrwill', 'mcnees', 'War_Kittens', 'ClubNewton', 'yukiRPM', 'd_carvalho']",0,"['0', '0', '0', '0', ['Christopher P. L. Berry'], '0', '0', '0', '0', '0', '0', ['A. Wootten'], '0', '0', '0', '0', '0', '0', '0', '0', ['Null'], '0', '0', ['Debra A. Fischer'], '0', '0', '0', '0', '0', '0', '0', '0', ['David A. Williams'], '0', '0', '0', '0', '0', '0', '0', '0', ['R. Mandow'], '0', '0', '0', ['Charles Franklin'], ['Katie Mack', 'Katherine J. Mack'], '0', '0', ['Lawrence A. Molnar', 'Null'], '0', ['Steinn Sigurdsson'], '0', '0', '0', '0', '0', '0', '0', ['Christopher P. L. Berry'], '0', ['Philip Oldfield'], ['Null'], '0', ['Maximiliano Isi'], '0', '0', '0', '0', ['Erika T. Hamden'], ['Christopher P. L. Berry'], ['Debra A. Fischer'], '0', '0', '0', '0', '0', '0', '0', '0', '0', '0', '0', ['Timothy A. McKay'], '0', ['A. Coffinet'], '0', ['Jay Strader'], ['Erdinc Saygin'], '0', '0', '0', ['Timothy S. Hamilton'], '0', ['Ethan Siegel', 'E. R. Siegel'], '0', '0', '0', ['Null'], '0', ['Neil J. Robinson'], '0', ['Christopher P. L. Berry'], '0', '0', '0', ['Null'], '0', '0', '0', '0', '0', ['Jose María Ezquiaga'], ['Christopher P. L. Berry'], '0', ['Arturo C. Marti'], ['Richard Panek'], '0', '0', '0', '0', '0', ['Christopher P. L. Berry'], '0', ['Paolo Actis'], '0', '0', '0', '0', ['Christopher P. L. Berry'], '0', ['Hiroyuki Nakano'], '0', '0', '0', '0', '0', '0', ['Tom McLeish'], ['Kevin Hickerson'], '0', '0', '0', '0', ['Miguel Zumalacárregui'], ['Null'], ['Maximiliano Isi'], '0', ['Özgür Baştürk'], ['Grant R. Tremblay'], '0', ['Null'], ['Matteo Cavalleri'], ['Jillian M. Scudder'], '0', '0', '0', '0', ['P. G. Murray'], '0', '0', '0', '0', '0', ['Selçuk Topal'], ['Null'], '0', '0', '0', '0', ['K. Ohnishi'], '0', '0', '0', '0', '0', '0', '0', ['W. M. Farr', 'Will M. Farr'], ['Robert McNees', 'R. A. McNees'], '0', '0', '0', ['Diego Carvalho']]",0.38461538461538464,0.45454545454545453,0.6,Charles Franklin,Kristen Cote,gfrubi,tw_handle_self_score,0.6,gfrubi,293861868
248,10.1000/anon358,Frei,Zsolt,Zsolt,4,4,"['917202566273843201', '1326423325246099458', '917308534471217153', '917186418224529408']","['130698193', '3164241610', '422672164', '1950945236']","['Relativity/Cosmology', 'ORBi-Publis-ULiège', 'Dr Michael Reidinger', 'arXiv gr-qc']","['RelativityPaper', 'ORBiPubsULiege', 'scimichael', 'arXiv_grqc']",0,"['0', '0', '0', '0']",0.0,0.41379310344827586,0.3333333333333333,NULL,Relativity/Cosmology,RelativityPaper,tw_name_self_score,0.41379310344827586,Relativity/Cosmology,130698193
230,10.1000/anon644,Sizemore,Nicholas,Nicholas,1,1,['433261685131182080'],['1098954650'],['J Org Chem/Org Lett'],['JOC_OL'],0,['0'],0.0,0.3888888888888889,0.42857142857142855,NULL,J Org Chem/Org Lett,JOC_OL,tw_handle_self_score,0.42857142857142855,JOC_OL,1098954650
97,10.1000/anon1140,Feit,Peter W.,Peter,2,2,"['722374758432550912', '722364885863038976']","['715562779231522817', '715562779231522817']","['Xenpapers', 'Xenpapers']","['Xenpaper', 'Xenpaper']",0,"['0', '0']",0.0,0.4444444444444444,0.47058823529411764,NULL,Xenpapers,Xenpaper,tw_handle_self_score,0.47058823529411764,Xenpaper,715562779231522817
284,10.1000/anon1005,Feinberg,Stan,Stan,1,1,['563355822512934912'],['2691029395'],['Emergency Medicine and Surgery @BMC'],['EMSurgeryBMC'],0,['0'],0.0,0.25,0.3,NULL,Emergency Medicine and Surgery @BMC,EMSurgeryBMC,tw_handle_self_score,0.3,EMSurgeryBMC,2691029395
284,10.1000/anon257,Feinberg,Stan,Stan,1,1,['922080108155846657'],['365248788'],['Yardie Barnes'],['dohbeedoo'],0,['0'],0.0,0.3076923076923077,0.23529411764705882,NULL,Yardie Barnes,dohbeedoo,tw_name_self_score,0.3076923076923077,Yardie Barnes,365248788
28,10.1000/anon374,Castle,James R.,James,6,6,"['1151612694795042816', '701946646821625857', '701951134177456128', '701986751355740160', '701946376007974912', '939268550207864832']","['45320364', '606414709', '132430810', '2692022451', '3071571954', '45320364']","['UGent Bibliography', 'arXiv hep-ex', 'HEP - Experiment', 'Holli Lancaster', 'arXiv hep-ex', 'UGent Bibliography']","['ugentbiblio', 'hep_ex', 'HEPExperPapers', 'GunnQuznetsov', '_arXiv_hep_ex', 'ugentbiblio']",0,"['0', '0', '0', '0', '0', '0']",0.0,0.4444444444444444,0.3157894736842105,NULL,Holli Lancaster,HEPExperPapers,tw_name_self_score,0.4444444444444444,Holli Lancaster,2692022451
28,10.1000/anon928,Castle,James R.,James,2,2,"['1058494207839649792', '862471083462500353']","['45320364', '1296726444']","['UGent Bibliography', 'nuclexp']","['ugentbiblio', 'nuclexp']",0,"['0', '0']",0.0,0.46153846153846156,0.46153846153846156,NULL,nuclexp,nuclexp,tw_name_self_score,0.46153846153846156,nuclexp,1296726444
28,10.1000/anon1103,Castle,James R.,James,4,4,"['770063802146627584', '1058856553955110915', '770052964933304321', '770486145327177728']","['3071571954', '45320364', '606414709', '751734284092792832']","['arXiv hep-ex', 'UGent Bibliography', 'arXiv hep-ex', 'arxiv']","['_arXiv_hep_ex', 'ugentbiblio', 'hep_ex', 'arxiv_org']",0,"['0', '0', '0', '0']",0.0,0.3333333333333333,0.2727272727272727,NULL,arXiv hep-ex,ugentbiblio,tw_name_self_score,0.3333333333333333,arXiv hep-ex,3071571954
28,10.1000/anon367,Castle,James R.,James,6,6,"['778031937264816129', '1150163098180997120', '1089297148561293314', '778593998726242309', '778110221013094400', '778036450906415104']","['606414709', '45320364', '45320364', '751734284092792832', '2692022451', '3071571954']","['arXiv hep-ex', 'UGent Bibliography', 'UGent Bibliography', 'arxiv', 'Holli Lancaster', 'arXiv hep-ex']","['hep_ex', 'ugentbiblio', 'ugentbiblio', 'arxiv_org', 'GunnQuznetsov', '_arXiv_hep_ex']",0,"['0', '0', '0', '0', '0', '0']",0.0,0.4444444444444444,0.2727272727272727,NULL,Holli Lancaster,ugentbiblio,tw_name_self_score,0.4444444444444444,Holli Lancaster,2692022451
28,10.1000/anon275,Castle,James R.,James,4,4,"['884931690384183296', '884943322762137603', '1113199820284538880', '1149438350119583744']","['606414709', '132430810', '45320364', '45320364']","['arXiv hep-ex', 'HEP - Experiment', 'UGent Bibliography', 'UGent Bibliography']","['hep_ex', 'HEPExperPapers', 'ugentbiblio', 'ugentbiblio']",0,"['0', '0', '0', '0']",0.0,0.3333333333333333,0.3157894736842105,NULL,arXiv hep-ex,HEPExperPapers,tw_name_self_score,0.3333333333333333,arXiv hep-ex,606414709
28,10.1000/anon1130,Castle,James R.,James,5,5,"['1058494190097756165', '824078754561462273', '824184176261955585', '914902801603612675', '824067639962058753']","['45320364', '132430810', '2692022451', '3249810404', '606414709']","['UGent Bibliography', 'HEP - Experiment', 'Holli Lancaster', 'Nebraska Physics', 'arXiv hep-ex']","['ugentbiblio', 'HEPExperPapers', 'GunnQuznetsov', 'UNLPhysics', 'hep_ex']",0,"['0', '0', '0', '0', '0']",0.0,0.4444444444444444,0.3157894736842105,NULL,Holli Lancaster,HEPExperPapers,tw_name_self_score,0.4444444444444444,Holli Lancaster,2692022451
28,10.1000/anon558,Castle,James R.,James,4,4,"['791101190570332160', '790710581695098880', '1150163116157747200', '1112474946394095618']","['751734284092792832', '606414709', '45320364', '45320364']","['arxiv', 'arXiv hep-ex', 'UGent Bibliography', 'UGent Bibliography']","['arxiv_org', 'hep_ex', 'ugentbiblio', 'ugentbiblio']",0,"['0', '0', '0', '0']",0.0,0.3333333333333333,0.2727272727272727,NULL,arXiv hep-ex,ugentbiblio,tw_name_self_score,0.3333333333333333,arXiv hep-ex,606414709
28,10.1000/anon1169,Castle,James R.,James,5,5,"['808608466671583234', '1058494204953927680', '808485328663113728', '866469714729381888', '912624706561368064']","['3326958650', '45320364', '606414709', '3326958650', '896108681225535489']","['Hogwarts Science', 'UGent Bibliography', 'arXiv hep-ex', 'Hogwarts Science', 'UVA Science Pubs']","['HogwartsScience', 'ugentbiblio', 'hep_ex', 'HogwartsScience', 'UvaScience_Pubs']",0,"['0', '0', '0', '0', '0']",0.0,0.35714285714285715,0.38461538461538464,NULL,Hogwarts Science,UvaScience_Pubs,tw_handle_self_score,0.38461538461538464,UvaScience_Pubs,896108681225535489
28,10.1000/anon547,Castle,James R.,James,3,3,"['814650726282502144', '1113199840010305536', '1149438379513253888']","['1296726444', '45320364', '45320364']","['nuclexp', 'UGent Bibliography', 'UGent Bibliography']","['nuclexp', 'ugentbiblio', 'ugentbiblio']",0,"['0', '0', '0']",0.0,0.46153846153846156,0.46153846153846156,NULL,nuclexp,nuclexp,tw_name_self_score,0.46153846153846156,nuclexp,1296726444
28,10.1000/anon898,Castle,James R.,James,7,7,"['882770627462963201', '883284118364016641', '883102429163683841', '883102429163683841', '1058494191494410241', '882757351866081281', '1006087700779356161']","['132430810', '751734284092792832', '46854930', '46854930', '45320364', '606414709', '750684963566080000']","['HEP - Experiment', 'arxiv', 'BlackPhysicists', 'BlackPhysicists', 'UGent Bibliography', 'arXiv hep-ex', 'Hal Toulon']","['HEPExperPapers', 'arxiv_org', 'BlackPhysicists', 'BlackPhysicists', 'ugentbiblio', 'hep_ex', 'HAL_Toulon']",0,"['0', '0', ['Xue-Mei Su', 'Ruidong Xia', 'Xue Mei Su', 'Hongbo Zhang', 'Abdallah Ali', 'Zhipeng Zhou', 'Lyudmyla Adamska', 'Olivier Namur'], ['Xue-Mei Su', 'Ruidong Xia', 'Xue Mei Su', 'Hongbo Zhang', 'Abdallah Ali', 'Zhipeng Zhou', 'Lyudmyla Adamska', 'Olivier Namur'], '0', '0', '0']",0.45454545454545453,0.38461538461538464,0.38461538461538464,Xue-Mei Su,BlackPhysicists,BlackPhysicists,author_name_self_score,0.45454545454545453,Xue-Mei Su,46854930
28,10.1000/anon489,Castle,James R.,James,14,14,"['876359906110062592', '876335835792027652', '964010192978497536', '1058494182623449089', '964771571058475009', '875635141208489986', '875621335136821248', '875513029789601792', '875655459192971264', '875769359188340736', '875997520475832320', '875670437014904833', '876312252692938752', '1149438353403764736']","['3326958650', '132430810', '4908885163', '45320364', '1677764882', '3326958650', '3153541647', '1296726444', '26788424', '46854930', '3326958650', '337116968', '751734284092792832', '45320364']","['Hogwarts Science', 'HEP - Experiment', 'DeepSingularity LLC', 'UGent Bibliography', 'Nishant Shastry', 'Hogwarts Science', 'Rebeca Gonzalez Suarez', 'nuclexp', 'Freya Blekman @freyablekman@sciencemastodon.com', 'BlackPhysicists', 'Hogwarts Science', 'Paul Jackson', 'arxiv', 'UGent Bibliography']","['HogwartsScience', 'HEPExperPapers', 'DeepSingularity', 'ugentbiblio', 'nishant_shastry', 'HogwartsScience', '1cRebeca', 'nuclexp', 'freyablekman', 'BlackPhysicists', 'HogwartsScience', 'HEPAdelaide', 'arxiv_org', 'ugentbiblio']",0,"['0', '0', '0', '0', '0', '0', ['Rebeca Gonzalez Suarez'], '0', ['Freya Blekman'], ['Xue-Mei Su', 'Ruidong Xia', 'Xue Mei Su', 'Hongbo Zhang', 'Abdallah Ali', 'Zhipeng Zhou', 'Lyudmyla Adamska', 'Olivier Namur'], '0', ['Paul Jackson'], '0', '0']",0.5,0.5,0.46153846153846156,Paul Jackson,Paul Jackson,nuclexp,author_name_self_score,0.5,Paul Jackson,337116968
28,10.1000/anon480,Castle,James R.,James,6,6,"['1150525519059963906', '1091109178213625857', '745059314352586752', '1108656683813928961', '745058436333723648', '745063236697985025']","['45320364', '45320364', '3154349845', '207581304', '1296726444', '137530074']","['UGent Bibliography', 'UGent Bibliography', 'arXiv nucl-ex', 'UCL Discovery', 'nuclexp', 'Nuclear Experiments']","['ugentbiblio', 'ugentbiblio', '_arXiv_nucl_ex', 'ucl_discovery', 'nuclexp', 'NuclearPapers']",0,"['0', '0', '0', '0', '0', '0']",0.0,0.46153846153846156,0.5,NULL,nuclexp,NuclearPapers,tw_handle_self_score,0.5,NuclearPapers,137530074
28,10.1000/anon550,Castle,James R.,James,4,4,"['1150887903435923457', '785636744565706752', '1095820285096411139', '785735030102380544']","['45320364', '606414709', '45320364', '2692022451']","['UGent Bibliography', 'arXiv hep-ex', 'UGent Bibliography', 'Holli Lancaster']","['ugentbiblio', 'hep_ex', 'ugentbiblio', 'GunnQuznetsov']",0,"['0', '0', '0', '0']",0.0,0.4444444444444444,0.2727272727272727,NULL,Holli Lancaster,ugentbiblio,tw_name_self_score,0.4444444444444444,Holli Lancaster,2692022451
28,10.1000/anon523,Castle,James R.,James,7,7,"['774105342036717570', '774903518670925824', '1150525504635777024', '774039458395983872', '774050119096279040', '1091109179383779329', '774105263959781377']","['2692022451', '751734284092792832', '45320364', '606414709', '3071571954', '45320364', '2692022451']","['Holli Lancaster', 'arxiv', 'UGent Bibliography', 'arXiv hep-ex', 'arXiv hep-ex', 'UGent Bibliography', 'Holli Lancaster']","['GunnQuznetsov', 'arxiv_org', 'ugentbiblio', 'hep_ex', '_arXiv_hep_ex', 'ugentbiblio', 'GunnQuznetsov']",0,"['0', '0', '0', '0', '0', '0', '0']",0.0,0.4444444444444444,0.2727272727272727,NULL,Holli Lancaster,ugentbiblio,tw_name_self_score,0.4444444444444444,Holli Lancaster,2692022451
28,10.1000/anon347,Castle,James R.,James,2,2,"['800874726105051137', '1058494178630516736']","['606414709', '45320364']","['arXiv hep-ex', 'UGent Bibliography']","['hep_ex', 'ugentbiblio']",0,"['0', '0']",0.0,0.3333333333333333,0.2727272727272727,NULL,arXiv hep-ex,ugentbiblio,tw_name_self_score,0.3333333333333333,arXiv hep-ex,606414709
28,10.1000/anon371,Castle,James R.,James,4,4,"['1095820283733336064', '786361330353659904', '1150525521085812741', '786677183280472064']","['45320364', '606414709', '45320364', '751734284092792832']","['UGent Bibliography', 'arXiv hep-ex', 'UGent Bibliography', 'arxiv']","['ugentbiblio', 'hep_ex', 'ugentbiblio', 'arxiv_org']",0,"['0', '0', '0', '0']",0.0,0.3333333333333333,0.2727272727272727,NULL,arXiv hep-ex,ugentbiblio,tw_name_self_score,0.3333333333333333,arXiv hep-ex,606414709
28,10.1000/anon490,Castle,James R.,James,2,2,"['800874823937200128', '800936234558308352']","['606414709', '2692022451']","['arXiv hep-ex', 'Holli Lancaster']","['hep_ex', 'GunnQuznetsov']",0,"['0', '0']",0.0,0.4444444444444444,0.23529411764705882,NULL,Holli Lancaster,hep_ex,tw_name_self_score,0.4444444444444444,Holli Lancaster,2692022451
28,10.1000/anon606,Castle,James R.,James,4,4,"['737448984499748865', '1150525507479449600', '1089297147332345856', '737443218829123584']","['3071571954', '45320364', '45320364', '606414709']","['arXiv hep-ex', 'UGent Bibliography', 'UGent Bibliography', 'arXiv hep-ex']","['_arXiv_hep_ex', 'ugentbiblio', 'ugentbiblio', 'hep_ex']",0,"['0', '0', '0', '0']",0.0,0.3333333333333333,0.2727272727272727,NULL,arXiv hep-ex,ugentbiblio,tw_name_self_score,0.3333333333333333,arXiv hep-ex,3071571954
28,10.1000/anon656,Castle,James R.,James,10,10,"['1097994629843247106', '1150887890588786688', '752667643874799616', '752663555934003200', '752663555934003200', '1281692594511249410', '753059019535769603', '820362119606661121', '752673232369561600', '809435365220253696']","['45320364', '45320364', '132430810', '606414709', '606414709', '898265938650439680', '751734284092792832', '2386434618', '3071571954', '3672234445']","['UGent Bibliography', 'UGent Bibliography', 'HEP - Experiment', 'arXiv hep-ex', 'arXiv hep-ex', 'Nichole Renee', 'arxiv', 'Ciencia a Tiempo', 'arXiv hep-ex', 'DGDI - BUAP']","['ugentbiblio', 'ugentbiblio', 'HEPExperPapers', 'hep_ex', 'hep_ex', 'Peaceful1979', 'arxiv_org', 'CienciaTiempo', '_arXiv_hep_ex', 'dgdibuap']",0,"['0', '0', '0', '0', '0', '0', '0', '0', '0', '0']",0.0,0.4,0.42105263157894735,NULL,Nichole Renee,CienciaTiempo,tw_handle_self_score,0.42105263157894735,CienciaTiempo,2386434618
28,10.1000/anon384,Castle,James R.,James,3,3,"['1080962256320544768', '1149800740061421569', '857027674924924929']","['45320364', '45320364', '606414709']","['UGent Bibliography', 'UGent Bibliography', 'arXiv hep-ex']","['ugentbiblio', 'ugentbiblio', 'hep_ex']",0,"['0', '0', '0']",0.0,0.3333333333333333,0.2727272727272727,NULL,arXiv hep-ex,ugentbiblio,tw_name_self_score,0.3333333333333333,arXiv hep-ex,606414709
28,10.1000/anon748,Castle,James R.,James,7,7,"['757740330431160320', '758061197493100544', '757742748883570689', '757967266554126336', '824644338474897408', '1089297150935212034', '757737440295522304']","['132430810', '751734284092792832', '3071571954', '46854930', '3326958650', '45320364', '606414709']","['HEP - Experiment', 'arxiv', 'arXiv hep-ex', 'BlackPhysicists', 'Hogwarts Science', 'UGent Bibliography', 'arXiv hep-ex']","['HEPExperPapers', 'arxiv_org', '_arXiv_hep_ex', 'BlackPhysicists', 'HogwartsScience', 'ugentbiblio', 'hep_ex']",0,"['0', '0', '0', ['Xue-Mei Su', 'Ruidong Xia', 'Xue Mei Su', 'Hongbo Zhang', 'Abdallah Ali', 'Zhipeng Zhou', 'Lyudmyla Adamska', 'Olivier Namur'], '0', '0', '0']",0.45454545454545453,0.38461538461538464,0.38461538461538464,Xue-Mei Su,BlackPhysicists,BlackPhysicists,author_name_self_score,0.45454545454545453,Xue-Mei Su,46854930
28,10.1000/anon247,Castle,James R.,James,5,5,"['737443315709181953', '1150887907055624193', '737448997300797440', '1109228705946189826', '820409359079505920']","['606414709', '45320364', '3071571954', '45320364', '418638129']","['arXiv hep-ex', 'UGent Bibliography', 'arXiv hep-ex', 'UGent Bibliography', 'Roberto A. Lineros']","['hep_ex', 'ugentbiblio', '_arXiv_hep_ex', 'ugentbiblio', 'Roberto_Lineros']",0,"['0', '0', '0', '0', ['Null']]",0.2,0.3333333333333333,0.2727272727272727,Null,arXiv hep-ex,ugentbiblio,tw_name_self_score,0.3333333333333333,arXiv hep-ex,606414709
28,10.1000/anon742,Castle,James R.,James,5,5,"['1112474948860297219', '745053392658042881', '745059166624964610', '745160859761008645', '1150887888047026177']","['45320364', '606414709', '3071571954', '26788424', '45320364']","['UGent Bibliography', 'arXiv hep-ex', 'arXiv hep-ex', 'Freya Blekman @freyablekman@sciencemastodon.com', 'UGent Bibliography']","['ugentbiblio', 'hep_ex', '_arXiv_hep_ex', 'freyablekman', 'ugentbiblio']",0,"['0', '0', '0', ['Freya Blekman'], '0']",0.32,0.3333333333333333,0.34782608695652173,Freya Blekman,arXiv hep-ex,freyablekman,tw_handle_self_score,0.34782608695652173,freyablekman,26788424
28,10.1000/anon14,Castle,James R.,James,2,2,"['1097994591461130240', '788172827211948032']","['45320364', '606414709']","['UGent Bibliography', 'arXiv hep-ex']","['ugentbiblio', 'hep_ex']",0,"['0', '0']",0.0,0.3333333333333333,0.2727272727272727,NULL,arXiv hep-ex,ugentbiblio,tw_name_self_score,0.3333333333333333,arXiv hep-ex,606414709
28,10.1000/anon1062,Castle,James R.,James,4,4,"['1097994598138429440', '1150525500378558465', '803411764754792449', '803432506536132608']","['45320364', '45320364', '606414709', '428032842']","['UGent Bibliography', 'UGent Bibliography', 'arXiv hep-ex', 'Oleg Sablin']","['ugentbiblio', 'ugentbiblio', 'hep_ex', 'OSablin']",0,"['0', '0', '0', '0']",0.0,0.34782608695652173,0.3076923076923077,NULL,Oleg Sablin,OSablin,tw_name_self_score,0.34782608695652173,Oleg Sablin,428032842
28,10.1000/anon940,Castle,James R.,James,4,4,"['788238121905324032', '1150887910578827265', '788172919763378176', '1084586107549949952']","['2692022451', '45320364', '606414709', '45320364']","['Holli Lancaster', 'UGent Bibliography', 'arXiv hep-ex', 'UGent Bibliography']","['GunnQuznetsov', 'ugentbiblio', 'hep_ex', 'ugentbiblio']",0,"['0', '0', '0', '0']",0.0,0.4444444444444444,0.2727272727272727,NULL,Holli Lancaster,ugentbiblio,tw_name_self_score,0.4444444444444444,Holli Lancaster,2692022451
28,10.1000/anon200,Castle,James R.,James,3,3,"['1096182583447162880', '1150163120503107587', '824429858495221760']","['45320364', '45320364', '606414709']","['UGent Bibliography', 'UGent Bibliography', 'arXiv hep-ex']","['ugentbiblio', 'ugentbiblio', 'hep_ex']",0,"['0', '0', '0']",0.0,0.3333333333333333,0.2727272727272727,NULL,arXiv hep-ex,ugentbiblio,tw_name_self_score,0.3333333333333333,arXiv hep-ex,606414709
28,10.1000/anon1096,Castle,James R.,James,4,4,"['843981555852701696', '912624720780050432', '843998181981487104', '1058494194522710017']","['606414709', '896108681225535489', '132430810', '45320364']","['arXiv hep-ex', 'UVA Science Pubs', 'HEP - Experiment', 'UGent Bibliography']","['hep_ex', 'UvaScience_Pubs', 'HEPExperPapers', 'ugentbiblio']",0,"['0', '0', '0', '0']",0.0,0.3333333333333333,0.38461538461538464,NULL,arXiv hep-ex,UvaScience_Pubs,tw_handle_self_score,0.38461538461538464,UvaScience_Pubs,896108681225535489
28,10.1000/anon924,Castle,James R.,James,5,5,"['826242012512858113', '1096544894615719936', '1149438364862599168', '890441568141926400', '826503175846834176']","['606414709', '45320364', '45320364', '46854930', '751734284092792832']","['arXiv hep-ex', 'UGent Bibliography', 'UGent Bibliography', 'BlackPhysicists', 'arxiv']","['hep_ex', 'ugentbiblio', 'ugentbiblio', 'BlackPhysicists', 'arxiv_org']",0,"['0', '0', '0', ['Xue-Mei Su', 'Ruidong Xia', 'Xue Mei Su', 'Hongbo Zhang', 'Abdallah Ali', 'Zhipeng Zhou', 'Lyudmyla Adamska', 'Olivier Namur'], '0']",0.45454545454545453,0.38461538461538464,0.38461538461538464,Xue-Mei Su,BlackPhysicists,BlackPhysicists,author_name_self_score,0.45454545454545453,Xue-Mei Su,46854930
28,10.1000/anon167,Castle,James R.,James,4,4,"['1087847672537628673', '828778765442375680', '1150163096457158662', '1150163096457158662']","['45320364', '606414709', '45320364', '45320364']","['UGent Bibliography', 'arXiv hep-ex', 'UGent Bibliography', 'UGent Bibliography']","['ugentbiblio', 'hep_ex', 'ugentbiblio', 'ugentbiblio']",0,"['0', '0', '0', '0']",0.0,0.3333333333333333,0.2727272727272727,NULL,arXiv hep-ex,ugentbiblio,tw_name_self_score,0.3333333333333333,arXiv hep-ex,606414709
28,10.1000/anon847,Castle,James R.,James,3,3,"['1150163102056497152', '851954186795196416', '1097994593847730177']","['45320364', '606414709', '45320364']","['UGent Bibliography', 'arXiv hep-ex', 'UGent Bibliography']","['ugentbiblio', 'hep_ex', 'ugentbiblio']",0,"['0', '0', '0']",0.0,0.3333333333333333,0.2727272727272727,NULL,arXiv hep-ex,ugentbiblio,tw_name_self_score,0.3333333333333333,arXiv hep-ex,606414709
28,10.1000/anon225,Castle,James R.,James,4,4,"['847243041253412865', '1097994592681627648', '847250812292157440', '1150163114408710144']","['606414709', '45320364', '132430810', '45320364']","['arXiv hep-ex', 'UGent Bibliography', 'HEP - Experiment', 'UGent Bibliography']","['hep_ex', 'ugentbiblio', 'HEPExperPapers', 'ugentbiblio']",0,"['0', '0', '0', '0']",0.0,0.3333333333333333,0.3157894736842105,NULL,arXiv hep-ex,HEPExperPapers,tw_name_self_score,0.3333333333333333,arXiv hep-ex,606414709
28,10.1000/anon209,Castle,James R.,James,8,8,"['778036838598447105', '778036618749816832', '1149800757996249088', '778031230080077824', '778084176067198977', '917777802371383297', '778563702337392641', '1083499004485341184']","['137530074', '3154349845', '45320364', '1296726444', '46854930', '3326958650', '751734284092792832', '45320364']","['Nuclear Experiments', 'arXiv nucl-ex', 'UGent Bibliography', 'nuclexp', 'BlackPhysicists', 'Hogwarts Science', 'arxiv', 'UGent Bibliography']","['NuclearPapers', '_arXiv_nucl_ex', 'ugentbiblio', 'nuclexp', 'BlackPhysicists', 'HogwartsScience', 'arxiv_org', 'ugentbiblio']",0,"['0', '0', '0', '0', ['Xue-Mei Su', 'Ruidong Xia', 'Xue Mei Su', 'Hongbo Zhang', 'Abdallah Ali', 'Zhipeng Zhou', 'Lyudmyla Adamska', 'Olivier Namur'], '0', '0', '0']",0.45454545454545453,0.46153846153846156,0.5,Xue-Mei Su,nuclexp,NuclearPapers,tw_handle_self_score,0.5,NuclearPapers,137530074
28,10.1000/anon1154,Castle,James R.,James,6,6,"['870437376526393345', '943804211682213889', '800936619029184512', '1092196295157170176', '800874843797221378', '1150163105093160962']","['96527485', '207581304', '2692022451', '45320364', '606414709', '45320364']","['w a t w a', 'UCL Discovery', 'Holli Lancaster', 'UGent Bibliography', 'arXiv hep-ex', 'UGent Bibliography']","['w_a_t_w_a', 'ucl_discovery', 'GunnQuznetsov', 'ugentbiblio', 'hep_ex', 'ugentbiblio']",0,"['0', '0', '0', '0', '0', '0']",0.0,0.4444444444444444,0.3157894736842105,NULL,Holli Lancaster,ucl_discovery,tw_name_self_score,0.4444444444444444,Holli Lancaster,2692022451
28,10.1000/anon881,Castle,James R.,James,3,3,"['783098824533303296', '1149438368662597632', '1113562184854929411']","['606414709', '45320364', '45320364']","['arXiv hep-ex', 'UGent Bibliography', 'UGent Bibliography']","['hep_ex', 'ugentbiblio', 'ugentbiblio']",0,"['0', '0', '0']",0.0,0.3333333333333333,0.2727272727272727,NULL,arXiv hep-ex,ugentbiblio,tw_name_self_score,0.3333333333333333,arXiv hep-ex,606414709
28,10.1000/anon1129,Castle,James R.,James,2,2,"['1095820281812258825', '841444517295267840']","['45320364', '606414709']","['UGent Bibliography', 'arXiv hep-ex']","['ugentbiblio', 'hep_ex']",0,"['0', '0']",0.0,0.3333333333333333,0.2727272727272727,NULL,arXiv hep-ex,ugentbiblio,tw_name_self_score,0.3333333333333333,arXiv hep-ex,606414709
28,10.1000/anon277,Castle,James R.,James,3,3,"['1149800754401730566', '1109228661805338624', '818631732211564544']","['45320364', '45320364', '606414709']","['UGent Bibliography', 'UGent Bibliography', 'arXiv hep-ex']","['ugentbiblio', 'ugentbiblio', 'hep_ex']",0,"['0', '0', '0']",0.0,0.3333333333333333,0.2727272727272727,NULL,arXiv hep-ex,ugentbiblio,tw_name_self_score,0.3333333333333333,arXiv hep-ex,606414709
28,10.1000/anon1158,Castle,James R.,James,6,6,"['1096544893412036608', '1150163124022063106', '791502853235847168', '791435015145922560', '791482971890987009', '791518390934380544']","['45320364', '45320364', '46854930', '606414709', '2647053541', '751734284092792832']","['UGent Bibliography', 'UGent Bibliography', 'BlackPhysicists', 'arXiv hep-ex', 'Mike Hance', 'arxiv']","['ugentbiblio', 'ugentbiblio', 'BlackPhysicists', 'hep_ex', 'hance_mike', 'arxiv_org']",0,"['0', '0', ['Xue-Mei Su', 'Ruidong Xia', 'Xue Mei Su', 'Hongbo Zhang', 'Abdallah Ali', 'Zhipeng Zhou', 'Lyudmyla Adamska', 'Olivier Namur'], '0', '0', '0']",0.45454545454545453,0.38461538461538464,0.4,Xue-Mei Su,BlackPhysicists,hance_mike,author_name_self_score,0.45454545454545453,Xue-Mei Su,46854930
28,10.1000/anon1146,Castle,James R.,James,6,6,"['1092196290518306816', '734911824919855105', '734912570310557696', '838564675029651457', '1150163106540265472', '737842792492191745']","['45320364', '1296726444', '3154349845', '1296726444', '45320364', '243274304']","['UGent Bibliography', 'nuclexp', 'arXiv nucl-ex', 'nuclexp', 'UGent Bibliography', 'Nuclear @ Rice Univ']","['ugentbiblio', 'nuclexp', '_arXiv_nucl_ex', 'nuclexp', 'ugentbiblio', 'NuclearRiceU']",0,"['0', '0', '0', '0', '0', '0']",0.0,0.46153846153846156,0.46153846153846156,NULL,nuclexp,nuclexp,tw_name_self_score,0.46153846153846156,nuclexp,1296726444
28,10.1000/anon968,Castle,James R.,James,7,7,"['1080962261005623296', '782953345459687424', '782495448304988161', '782363015756648448', '1150887886579019776', '826471355885383680', '781707535761932293']","['45320364', '606414709', '751734284092792832', '2647053541', '45320364', '3249810404', '2692022451']","['UGent Bibliography', 'arXiv hep-ex', 'arxiv', 'Mike Hance', 'UGent Bibliography', 'Nebraska Physics', 'Holli Lancaster']","['ugentbiblio', 'hep_ex', 'arxiv_org', 'hance_mike', 'ugentbiblio', 'UNLPhysics', 'GunnQuznetsov']",0,"['0', '0', '0', '0', '0', '0', '0']",0.0,0.4444444444444444,0.4,NULL,Holli Lancaster,hance_mike,tw_name_self_score,0.4444444444444444,Holli Lancaster,2692022451
28,10.1000/anon975,Castle,James R.,James,6,6,"['830952788087566337', '1096544892053000197', '1096544892053000197', '831061401695236096', '1149800756159139840', '943787053233340417']","['606414709', '45320364', '45320364', '751734284092792832', '45320364', '207581304']","['arXiv hep-ex', 'UGent Bibliography', 'UGent Bibliography', 'arxiv', 'UGent Bibliography', 'UCL Discovery']","['hep_ex', 'ugentbiblio', 'ugentbiblio', 'arxiv_org', 'ugentbiblio', 'ucl_discovery']",0,"['0', '0', '0', '0', '0', '0']",0.0,0.3333333333333333,0.3157894736842105,NULL,arXiv hep-ex,ucl_discovery,tw_name_self_score,0.3333333333333333,arXiv hep-ex,606414709
28,10.1000/anon289,Castle,James R.,James,3,3,"['863920628264337408', '1150163127570436096', '1058856549999894530']","['1296726444', '45320364', '45320364']","['nuclexp', 'UGent Bibliography', 'UGent Bibliography']","['nuclexp', 'ugentbiblio', 'ugentbiblio']",0,"['0', '0', '0']",0.0,0.46153846153846156,0.46153846153846156,NULL,nuclexp,nuclexp,tw_name_self_score,0.46153846153846156,nuclexp,1296726444
28,10.1000/anon1018,Castle,James R.,James,4,4,"['1087847671455453189', '814685800172437504', '814646043073597440', '1150525498969272321']","['45320364', '2647053541', '606414709', '45320364']","['UGent Bibliography', 'Mike Hance', 'arXiv hep-ex', 'UGent Bibliography']","['ugentbiblio', 'hance_mike', 'hep_ex', 'ugentbiblio']",0,"['0', '0', '0', '0']",0.0,0.36363636363636365,0.4,NULL,Mike Hance,hance_mike,tw_handle_self_score,0.4,hance_mike,2647053541
28,10.1000/anon339,Castle,James R.,James,5,5,"['1089659576826384385', '778036453481689088', '778457468376485888', '778031917853659136', '1150525501838102530']","['45320364', '3071571954', '751734284092792832', '606414709', '45320364']","['UGent Bibliography', 'arXiv hep-ex', 'arxiv', 'arXiv hep-ex', 'UGent Bibliography']","['ugentbiblio', '_arXiv_hep_ex', 'arxiv_org', 'hep_ex', 'ugentbiblio']",0,"['0', '0', '0', '0', '0']",0.0,0.3333333333333333,0.2727272727272727,NULL,arXiv hep-ex,ugentbiblio,tw_name_self_score,0.3333333333333333,arXiv hep-ex,3071571954
28,10.1000/anon133,Castle,James R.,James,8,8,"['792884424404717568', '1095820287617261568', '839753982352494592', '793237168466440192', '1150525562752032768', '793218633677799424', '792975569356984320', '840281101285318656']","['606414709', '45320364', '1163712553', '3326958650', '45320364', '1514365212', '1163712553', '3249810404']","['arXiv hep-ex', 'UGent Bibliography', 'Tristan du Pree', 'Hogwarts Science', 'UGent Bibliography', 'Steven Lowette', 'Tristan du Pree', 'Nebraska Physics']","['hep_ex', 'ugentbiblio', 'Tristan_duPree', 'HogwartsScience', 'ugentbiblio', 'StevenLowette', 'Tristan_duPree', 'UNLPhysics']",0,"['0', '0', '0', '0', '0', ['S. Lowette', 'Steven Lowette'], '0', '0']",0.38461538461538464,0.38461538461538464,0.42105263157894735,Steven Lowette,Steven Lowette,StevenLowette,tw_handle_self_score,0.42105263157894735,StevenLowette,1514365212
28,10.1000/anon481,Castle,James R.,James,3,3,"['1108385053640404993', '1058856540868960258', '793609321951014912']","['207581304', '45320364', '606414709']","['UCL Discovery', 'UGent Bibliography', 'arXiv hep-ex']","['ucl_discovery', 'ugentbiblio', 'hep_ex']",0,"['0', '0', '0']",0.0,0.3333333333333333,0.3157894736842105,NULL,arXiv hep-ex,ucl_discovery,tw_name_self_score,0.3333333333333333,arXiv hep-ex,606414709
28,10.1000/anon670,Castle,James R.,James,5,5,"['1149800750417158144', '882399399250345984', '1092196293961752579', '795442157439979520', '886966657641357313']","['45320364', '1296726444', '45320364', '1296726444', '96527485']","['UGent Bibliography', 'nuclexp', 'UGent Bibliography', 'nuclexp', 'w a t w a']","['ugentbiblio', 'nuclexp', 'ugentbiblio', 'nuclexp', 'w_a_t_w_a']",0,"['0', '0', '0', '0', '0']",0.0,0.46153846153846156,0.46153846153846156,NULL,nuclexp,nuclexp,tw_name_self_score,0.46153846153846156,nuclexp,1296726444
28,10.1000/anon15,Castle,James R.,James,3,3,"['740453228517675008', '739985726838693889', '739980091120181249']","['3153541647', '3071571954', '606414709']","['Rebeca Gonzalez Suarez', 'arXiv hep-ex', 'arXiv hep-ex']","['1cRebeca', '_arXiv_hep_ex', 'hep_ex']",0,"[['Rebeca Gonzalez Suarez'], '0', '0']",0.4117647058823529,0.4117647058823529,0.3157894736842105,Rebeca Gonzalez Suarez,Rebeca Gonzalez Suarez,1cRebeca,author_name_self_score,0.4117647058823529,Rebeca Gonzalez Suarez,3153541647
28,10.1000/anon1147,Castle,James R.,James,4,4,"['1150525508972683264', '798679955898933248', '1095820286375723013', '797975711910793216']","['45320364', '751734284092792832', '45320364', '606414709']","['UGent Bibliography', 'arxiv', 'UGent Bibliography', 'arXiv hep-ex']","['ugentbiblio', 'arxiv_org', 'ugentbiblio', 'hep_ex']",0,"['0', '0', '0', '0']",0.0,0.3333333333333333,0.2727272727272727,NULL,arXiv hep-ex,ugentbiblio,tw_name_self_score,0.3333333333333333,arXiv hep-ex,606414709
28,10.1000/anon1153,Castle,James R.,James,4,4,"['786723667241607169', '1095095387550113792', '787644387786313728', '1150525514878267392']","['606414709', '45320364', '751734284092792832', '45320364']","['arXiv hep-ex', 'UGent Bibliography', 'arxiv', 'UGent Bibliography']","['hep_ex', 'ugentbiblio', 'arxiv_org', 'ugentbiblio']",0,"['0', '0', '0', '0']",0.0,0.3333333333333333,0.2727272727272727,NULL,arXiv hep-ex,ugentbiblio,tw_name_self_score,0.3333333333333333,arXiv hep-ex,606414709
28,10.1000/anon877,Castle,James R.,James,7,7,"['1090746855020003335', '955873828051197952', '818902135719002113', '818783741749370880', '1150525523405221888', '818631768815214592', '818863227236917248']","['45320364', '3326958650', '392357015', '422672164', '45320364', '606414709', '545537097']","['UGent Bibliography', 'Hogwarts Science', 'Francis Villatoro', 'Dr Michael Reidinger', 'UGent Bibliography', 'arXiv hep-ex', 'Dark Matter Hunters']","['ugentbiblio', 'HogwartsScience', 'emulenews', 'scimichael', 'ugentbiblio', 'hep_ex', 'DMHunters']",0,"['0', '0', ['Francisco R. Villatoro'], '0', '0', '0', '0']",0.29411764705882354,0.35714285714285715,0.42857142857142855,Francisco R. Villatoro,Hogwarts Science,emulenews,tw_handle_self_score,0.42857142857142855,emulenews,392357015
28,10.1000/anon861,Castle,James R.,James,4,4,"['805948176570073088', '805948176570073088', '1150525560919089152', '1112474947513974785']","['606414709', '606414709', '45320364', '45320364']","['arXiv hep-ex', 'arXiv hep-ex', 'UGent Bibliography', 'UGent Bibliography']","['hep_ex', 'hep_ex', 'ugentbiblio', 'ugentbiblio']",0,"['0', '0', '0', '0']",0.0,0.3333333333333333,0.2727272727272727,NULL,arXiv hep-ex,ugentbiblio,tw_name_self_score,0.3333333333333333,arXiv hep-ex,606414709
28,10.1000/anon132,Castle,James R.,James,3,3,"['778032013026611200', '778036440940679168', '1058494211178278912']","['606414709', '3071571954', '45320364']","['arXiv hep-ex', 'arXiv hep-ex', 'UGent Bibliography']","['hep_ex', '_arXiv_hep_ex', 'ugentbiblio']",0,"['0', '0', '0']",0.0,0.3333333333333333,0.2727272727272727,NULL,arXiv hep-ex,ugentbiblio,tw_name_self_score,0.3333333333333333,arXiv hep-ex,606414709
28,10.1000/anon26,Castle,James R.,James,3,3,"['1090746851068989440', '1150525512554618880', '795807076815491072']","['45320364', '45320364', '1296726444']","['UGent Bibliography', 'UGent Bibliography', 'nuclexp']","['ugentbiblio', 'ugentbiblio', 'nuclexp']",0,"['0', '0', '0']",0.0,0.46153846153846156,0.46153846153846156,NULL,nuclexp,nuclexp,tw_name_self_score,0.46153846153846156,nuclexp,1296726444
28,10.1000/anon1067,Castle,James R.,James,9,9,"['780927902644707328', '1150887894367834115', '780572454129250304', '780562025210531841', '780620291714191360', '1094733008647712770', '819483268177362944', '780608797056245760', '780573145539289090']","['751734284092792832', '45320364', '132430810', '606414709', '2692022451', '45320364', '1283150444', '2647053541', '3071571954']","['arxiv', 'UGent Bibliography', 'HEP - Experiment', 'arXiv hep-ex', 'Holli Lancaster', 'UGent Bibliography', 'Maurizio Pierini', 'Mike Hance', 'arXiv hep-ex']","['arxiv_org', 'ugentbiblio', 'HEPExperPapers', 'hep_ex', 'GunnQuznetsov', 'ugentbiblio', 'xmpierinix', 'hance_mike', '_arXiv_hep_ex']",0,"['0', '0', '0', '0', '0', '0', ['Maurizio Pierini'], '0', '0']",0.14285714285714285,0.4444444444444444,0.4,Maurizio Pierini,Holli Lancaster,hance_mike,tw_name_self_score,0.4444444444444444,Holli Lancaster,2692022451
28,10.1000/anon578,Castle,James R.,James,4,4,"['1058494206401003521', '839432133995298819', '839287898444705792', '912624711347007488']","['45320364', '304479085', '606414709', '896108681225535489']","['UGent Bibliography', 'Navadni Nimda', 'arXiv hep-ex', 'UVA Science Pubs']","['ugentbiblio', 'NavadniNimda', 'hep_ex', 'UvaScience_Pubs']",0,"['0', '0', '0', '0']",0.0,0.3333333333333333,0.38461538461538464,NULL,arXiv hep-ex,UvaScience_Pubs,tw_handle_self_score,0.38461538461538464,UvaScience_Pubs,896108681225535489
28,10.1000/anon1028,Castle,James R.,James,6,6,"['1109045132073070592', '795442160292151296', '855098007695622145', '1150163125720797185', '1109228698945888256', '862471082078384128']","['207581304', '1296726444', '15936294', '45320364', '45320364', '1296726444']","['UCL Discovery', 'nuclexp', 'ani', 'UGent Bibliography', 'UGent Bibliography', 'nuclexp']","['ucl_discovery', 'nuclexp', 'animesh1977', 'ugentbiblio', 'ugentbiblio', 'nuclexp']",0,"['0', '0', ['Aurel Bulgac'], '0', '0', '0']",0.3333333333333333,0.46153846153846156,0.5,Aurel Bulgac,nuclexp,animesh1977,tw_handle_self_score,0.5,animesh1977,15936294
28,10.1000/anon827,Castle,James R.,James,10,10,"['798027067228983300', '1150163110612930561', '1096544903021187072', '798129840477990912', '798042200147771392', '870437929113473024', '798027155213090816', '797975674103267328', '798108047327404032', '798241703232729088']","['2692022451', '45320364', '45320364', '751734284092792832', '1163712553', '96527485', '2692022451', '606414709', '19262013', '1428037075']","['Holli Lancaster', 'UGent Bibliography', 'UGent Bibliography', 'arxiv', 'Tristan du Pree', 'w a t w a', 'Holli Lancaster', 'arXiv hep-ex', 'Patrick Tunney', 'Daz Azoth']","['GunnQuznetsov', 'ugentbiblio', 'ugentbiblio', 'arxiv_org', 'Tristan_duPree', 'w_a_t_w_a', 'GunnQuznetsov', 'hep_ex', 'pjtunney', 'Dazoth77']",0,"['0', '0', '0', '0', '0', '0', '0', '0', '0', '0']",0.0,0.4444444444444444,0.32,NULL,Holli Lancaster,Tristan_duPree,tw_name_self_score,0.4444444444444444,Holli Lancaster,2692022451
28,10.1000/anon840,Castle,James R.,James,4,4,"['787550073768947712', '1080962255028740096', '786723629757149184', '1150163122147274752']","['751734284092792832', '45320364', '606414709', '45320364']","['arxiv', 'UGent Bibliography', 'arXiv hep-ex', 'UGent Bibliography']","['arxiv_org', 'ugentbiblio', 'hep_ex', 'ugentbiblio']",0,"['0', '0', '0', '0']",0.0,0.3333333333333333,0.2727272727272727,NULL,arXiv hep-ex,ugentbiblio,tw_name_self_score,0.3333333333333333,arXiv hep-ex,606414709
28,10.1000/anon663,Castle,James R.,James,4,4,"['810659150522818560', '810843251905163265', '810741364816277504', '1096182593190539269']","['606414709', '751734284092792832', '2692022451', '45320364']","['arXiv hep-ex', 'arxiv', 'Holli Lancaster', 'UGent Bibliography']","['hep_ex', 'arxiv_org', 'GunnQuznetsov', 'ugentbiblio']",0,"['0', '0', '0', '0']",0.0,0.4444444444444444,0.2727272727272727,NULL,Holli Lancaster,ugentbiblio,tw_name_self_score,0.4444444444444444,Holli Lancaster,2692022451
28,10.1000/anon779,Castle,James R.,James,12,12,"['783106681576169472', '783346660101337088', '845394844839112704', '845505611517349889', '845396083207368704', '845396083207368704', '1090022103691284480', '1150525506024038401', '855225217156763648', '845410547197759488', '845318632926318592', '845397143573745665']","['1296726444', '46854930', '426341869', '46854930', '1296726444', '1296726444', '45320364', '45320364', '96527485', '46854930', '423109364', '15936294']","['nuclexp', 'BlackPhysicists', 'Takeshi Osada', 'BlackPhysicists', 'nuclexp', 'nuclexp', 'UGent Bibliography', 'UGent Bibliography', 'w a t w a', 'BlackPhysicists', 'Robert Garisto', 'ani']","['nuclexp', 'BlackPhysicists', 'osada1967', 'BlackPhysicists', 'nuclexp', 'nuclexp', 'ugentbiblio', 'ugentbiblio', 'w_a_t_w_a', 'BlackPhysicists', 'RobertGaristo', 'animesh1977']",0,"['0', ['Xue-Mei Su', 'Ruidong Xia', 'Xue Mei Su', 'Hongbo Zhang', 'Abdallah Ali', 'Zhipeng Zhou', 'Lyudmyla Adamska', 'Olivier Namur'], ['Null'], ['Xue-Mei Su', 'Ruidong Xia', 'Xue Mei Su', 'Hongbo Zhang', 'Abdallah Ali', 'Zhipeng Zhou', 'Lyudmyla Adamska', 'Olivier Namur'], '0', '0', '0', '0', '0', ['Xue-Mei Su', 'Ruidong Xia', 'Xue Mei Su', 'Hongbo Zhang', 'Abdallah Ali', 'Zhipeng Zhou', 'Lyudmyla Adamska', 'Olivier Namur'], ['Null'], ['Aurel Bulgac']]",0.45454545454545453,0.46153846153846156,0.5,Xue-Mei Su,nuclexp,animesh1977,tw_handle_self_score,0.5,animesh1977,15936294
28,10.1000/anon136,Castle,James R.,James,7,7,"['943830273950699520', '772952246258536448', '773086489156517888', '773259950118187008', '1113199831017820160', '1149800732071223296', '772962978823929856']","['207581304', '606414709', '46854930', '751734284092792832', '45320364', '45320364', '3071571954']","['UCL Discovery', 'arXiv hep-ex', 'BlackPhysicists', 'arxiv', 'UGent Bibliography', 'UGent Bibliography', 'arXiv hep-ex']","['ucl_discovery', 'hep_ex', 'BlackPhysicists', 'arxiv_org', 'ugentbiblio', 'ugentbiblio', '_arXiv_hep_ex']",0,"['0', '0', ['Xue-Mei Su', 'Ruidong Xia', 'Xue Mei Su', 'Hongbo Zhang', 'Abdallah Ali', 'Zhipeng Zhou', 'Lyudmyla Adamska', 'Olivier Namur'], '0', '0', '0', '0']",0.45454545454545453,0.38461538461538464,0.38461538461538464,Xue-Mei Su,BlackPhysicists,BlackPhysicists,author_name_self_score,0.45454545454545453,Xue-Mei Su,46854930
28,10.1000/anon876,Castle,James R.,James,2,2,"['876938946432958468', '843619109040357376']","['46854930', '606414709']","['BlackPhysicists', 'arXiv hep-ex']","['BlackPhysicists', 'hep_ex']",0,"[['Xue-Mei Su', 'Ruidong Xia', 'Xue Mei Su', 'Hongbo Zhang', 'Abdallah Ali', 'Zhipeng Zhou', 'Lyudmyla Adamska', 'Olivier Namur'], '0']",0.45454545454545453,0.38461538461538464,0.38461538461538464,Xue-Mei Su,BlackPhysicists,BlackPhysicists,author_name_self_score,0.45454545454545453,Xue-Mei Su,46854930
28,10.1000/anon621,Castle,James R.,James,3,3,"['1150163103562305536', '814646061222346752', '1087485240497635328']","['45320364', '606414709', '45320364']","['UGent Bibliography', 'arXiv hep-ex', 'UGent Bibliography']","['ugentbiblio', 'hep_ex', 'ugentbiblio']",0,"['0', '0', '0']",0.0,0.3333333333333333,0.2727272727272727,NULL,arXiv hep-ex,ugentbiblio,tw_name_self_score,0.3333333333333333,arXiv hep-ex,606414709
28,10.1000/anon424,Castle,James R.,James,7,7,"['889938307450249216', '1112474943831400454', '839113838947680258', '839058033451876352', '1150163112626139137', '838925793430417409', '841114329478905856']","['3249810404', '45320364', '1514365212', '422672164', '45320364', '606414709', '107057705']","['Nebraska Physics', 'UGent Bibliography', 'Steven Lowette', 'Dr Michael Reidinger', 'UGent Bibliography', 'arXiv hep-ex', 'Takashi Iida']","['UNLPhysics', 'ugentbiblio', 'StevenLowette', 'scimichael', 'ugentbiblio', 'hep_ex', 'takashy57']",0,"['0', '0', ['S. Lowette', 'Steven Lowette'], '0', '0', '0', ['Takashi Iida']]",0.38461538461538464,0.38461538461538464,0.42105263157894735,Steven Lowette,Steven Lowette,StevenLowette,tw_handle_self_score,0.42105263157894735,StevenLowette,1514365212
28,10.1000/anon335,Castle,James R.,James,6,6,"['1215630286421143553', '838925757258686464', '886365756266565632', '889515530423418880', '1058494195978133505', '912624716220735488']","['1052956804500647937', '606414709', '46854930', '3249810404', '45320364', '896108681225535489']","['hep-ploughshare', 'arXiv hep-ex', 'BlackPhysicists', 'Nebraska Physics', 'UGent Bibliography', 'UVA Science Pubs']","['HPloughshare', 'hep_ex', 'BlackPhysicists', 'UNLPhysics', 'ugentbiblio', 'UvaScience_Pubs']",0,"['0', '0', ['Xue-Mei Su', 'Ruidong Xia', 'Xue Mei Su', 'Hongbo Zhang', 'Abdallah Ali', 'Zhipeng Zhou', 'Lyudmyla Adamska', 'Olivier Namur'], '0', '0', '0']",0.45454545454545453,0.38461538461538464,0.38461538461538464,Xue-Mei Su,BlackPhysicists,BlackPhysicists,author_name_self_score,0.45454545454545453,Xue-Mei Su,46854930
28,10.1000/anon7,Castle,James R.,James,3,3,"['1149800734562639872', '1095820290368651266', '826242085246234626']","['45320364', '45320364', '606414709']","['UGent Bibliography', 'UGent Bibliography', 'arXiv hep-ex']","['ugentbiblio', 'ugentbiblio', 'hep_ex']",0,"['0', '0', '0']",0.0,0.3333333333333333,0.2727272727272727,NULL,arXiv hep-ex,ugentbiblio,tw_name_self_score,0.3333333333333333,arXiv hep-ex,606414709
28,10.1000/anon522,Castle,James R.,James,6,6,"['875285972463779840', '875420062378622976', '875407959043518468', '1149800741839736833', '875147095304355840', '1087847673644961792']","['422672164', '751734284092792832', '46854930', '45320364', '606414709', '45320364']","['Dr Michael Reidinger', 'arxiv', 'BlackPhysicists', 'UGent Bibliography', 'arXiv hep-ex', 'UGent Bibliography']","['scimichael', 'arxiv_org', 'BlackPhysicists', 'ugentbiblio', 'hep_ex', 'ugentbiblio']",0,"['0', '0', ['Xue-Mei Su', 'Ruidong Xia', 'Xue Mei Su', 'Hongbo Zhang', 'Abdallah Ali', 'Zhipeng Zhou', 'Lyudmyla Adamska', 'Olivier Namur'], '0', '0', '0']",0.45454545454545453,0.38461538461538464,0.38461538461538464,Xue-Mei Su,BlackPhysicists,BlackPhysicists,author_name_self_score,0.45454545454545453,Xue-Mei Su,46854930
28,10.1000/anon659,Castle,James R.,James,4,4,"['1095095390091792384', '882037846655156224', '882032919539089408', '1149076002620022785']","['45320364', '132430810', '606414709', '45320364']","['UGent Bibliography', 'HEP - Experiment', 'arXiv hep-ex', 'UGent Bibliography']","['ugentbiblio', 'HEPExperPapers', 'hep_ex', 'ugentbiblio']",0,"['0', '0', '0', '0']",0.0,0.3333333333333333,0.3157894736842105,NULL,arXiv hep-ex,HEPExperPapers,tw_name_self_score,0.3333333333333333,arXiv hep-ex,606414709
28,10.1000/anon987,Castle,James R.,James,3,3,"['1058494180064935944', '932659808905306112', '861738931682852864']","['45320364', '3249810404', '606414709']","['UGent Bibliography', 'Nebraska Physics', 'arXiv hep-ex']","['ugentbiblio', 'UNLPhysics', 'hep_ex']",0,"['0', '0', '0']",0.0,0.3333333333333333,0.2857142857142857,NULL,arXiv hep-ex,UNLPhysics,tw_name_self_score,0.3333333333333333,arXiv hep-ex,606414709
28,10.1000/anon705,Castle,James R.,James,6,6,"['889643099319816192', '890050775837138944', '1087485237968494593', '1087485237968494593', '1149075984613879808', '889751335213694976']","['606414709', '2647053541', '45320364', '45320364', '45320364', '132430810']","['arXiv hep-ex', 'Mike Hance', 'UGent Bibliography', 'UGent Bibliography', 'UGent Bibliography', 'HEP - Experiment']","['hep_ex', 'hance_mike', 'ugentbiblio', 'ugentbiblio', 'ugentbiblio', 'HEPExperPapers']",0,"['0', '0', '0', '0', '0', '0']",0.0,0.36363636363636365,0.4,NULL,Mike Hance,hance_mike,tw_handle_self_score,0.4,hance_mike,2647053541
28,10.1000/anon1077,Castle,James R.,James,3,3,"['1112474940144607233', '849054349732880384', '1149075993497415683']","['45320364', '606414709', '45320364']","['UGent Bibliography', 'arXiv hep-ex', 'UGent Bibliography']","['ugentbiblio', 'hep_ex', 'ugentbiblio']",0,"['0', '0', '0']",0.0,0.3333333333333333,0.2727272727272727,NULL,arXiv hep-ex,ugentbiblio,tw_name_self_score,0.3333333333333333,arXiv hep-ex,606414709
28,10.1000/anon997,Castle,James R.,James,5,5,"['1148713581715886082', '887843311741960192', '1112474941390315520', '888030566695575553', '887830836300570624']","['45320364', '132430810', '45320364', '2647053541', '606414709']","['UGent Bibliography', 'HEP - Experiment', 'UGent Bibliography', 'Mike Hance', 'arXiv hep-ex']","['ugentbiblio', 'HEPExperPapers', 'ugentbiblio', 'hance_mike', 'hep_ex']",0,"['0', '0', '0', '0', '0']",0.0,0.36363636363636365,0.4,NULL,Mike Hance,hance_mike,tw_handle_self_score,0.4,hance_mike,2647053541
28,10.1000/anon1095,Castle,James R.,James,6,6,"['860064901968121859', '1089297157033807872', '860134735217119234', '859926735759867906', '859940982351056896', '1156051389325479936']","['3808730194', '45320364', '435565004', '606414709', '132430810', '951532406414151680']","['Dr Jost Migenda', 'UGent Bibliography', 'mmanu @mmanu@mathstodon.xyz', 'arXiv hep-ex', 'HEP - Experiment', 'Oz Amram']","['JostMigenda', 'ugentbiblio', 'mmanuF', 'hep_ex', 'HEPExperPapers', 'OzAmram']",0,"[['J. Migenda'], '0', '0', '0', '0', '0']",0.18181818181818182,0.3333333333333333,0.36363636363636365,J. Migenda,Dr Jost Migenda,JostMigenda,tw_handle_self_score,0.36363636363636365,JostMigenda,3808730194
28,10.1000/anon123,Castle,James R.,James,4,4,"['1149800767190196224', '814646079249465346', '1089297164029825029', '886963765975015424']","['45320364', '606414709', '45320364', '96527485']","['UGent Bibliography', 'arXiv hep-ex', 'UGent Bibliography', 'w a t w a']","['ugentbiblio', 'hep_ex', 'ugentbiblio', 'w_a_t_w_a']",0,"['0', '0', '0', '0']",0.0,0.38095238095238093,0.3,NULL,w a t w a,w_a_t_w_a,tw_name_self_score,0.38095238095238093,w a t w a,96527485
28,10.1000/anon254,Castle,James R.,James,7,7,"['1149438363335872512', '889988634794901504', '1108686081216659457', '897260823499886592', '734912575285039105', '737844623586951169', '1091109181556436993']","['45320364', '46854930', '207581304', '1296726444', '3154349845', '243274304', '45320364']","['UGent Bibliography', 'BlackPhysicists', 'UCL Discovery', 'nuclexp', 'arXiv nucl-ex', 'Nuclear @ Rice Univ', 'UGent Bibliography']","['ugentbiblio', 'BlackPhysicists', 'ucl_discovery', 'nuclexp', '_arXiv_nucl_ex', 'NuclearRiceU', 'ugentbiblio']",0,"['0', ['Xue-Mei Su', 'Ruidong Xia', 'Xue Mei Su', 'Hongbo Zhang', 'Abdallah Ali', 'Zhipeng Zhou', 'Lyudmyla Adamska', 'Olivier Namur'], '0', '0', '0', '0', '0']",0.45454545454545453,0.46153846153846156,0.46153846153846156,Xue-Mei Su,nuclexp,nuclexp,tw_name_self_score,0.46153846153846156,nuclexp,1296726444
28,10.1000/anon62,Castle,James R.,James,6,6,"['1090746849840062464', '1149800729881788416', '870079465593778176', '870428354784178176', '870073583845859328', '1006087698237612033']","['45320364', '45320364', '132430810', '46854930', '606414709', '750684963566080000']","['UGent Bibliography', 'UGent Bibliography', 'HEP - Experiment', 'BlackPhysicists', 'arXiv hep-ex', 'Hal Toulon']","['ugentbiblio', 'ugentbiblio', 'HEPExperPapers', 'BlackPhysicists', 'hep_ex', 'HAL_Toulon']",0,"['0', '0', '0', ['Xue-Mei Su', 'Ruidong Xia', 'Xue Mei Su', 'Hongbo Zhang', 'Abdallah Ali', 'Zhipeng Zhou', 'Lyudmyla Adamska', 'Olivier Namur'], '0', '0']",0.45454545454545453,0.38461538461538464,0.38461538461538464,Xue-Mei Su,BlackPhysicists,BlackPhysicists,author_name_self_score,0.45454545454545453,Xue-Mei Su,46854930
28,10.1000/anon559,Castle,James R.,James,6,6,"['1149438341848412160', '879496235043782656', '920227516543094789', '1096182611523850240', '879507999122796544', '919961131455672320']","['45320364', '606414709', '1731136087', '45320364', '132430810', '3249810404']","['UGent Bibliography', 'arXiv hep-ex', 'Física Geral', 'UGent Bibliography', 'HEP - Experiment', 'Nebraska Physics']","['ugentbiblio', 'hep_ex', 'Fisica_Geral', 'ugentbiblio', 'HEPExperPapers', 'UNLPhysics']",0,"['0', '0', '0', '0', '0', '0']",0.0,0.3333333333333333,0.34782608695652173,NULL,arXiv hep-ex,Fisica_Geral,tw_handle_self_score,0.34782608695652173,Fisica_Geral,1731136087
28,10.1000/anon587,Castle,James R.,James,5,5,"['1082049459440230405', '862024023894499328', '1149076016918384641', '861739041607131137', '921685545721348096']","['45320364', '2647053541', '45320364', '606414709', '896108681225535489']","['UGent Bibliography', 'Mike Hance', 'UGent Bibliography', 'arXiv hep-ex', 'UVA Science Pubs']","['ugentbiblio', 'hance_mike', 'ugentbiblio', 'hep_ex', 'UvaScience_Pubs']",0,"['0', '0', '0', '0', '0']",0.0,0.36363636363636365,0.4,NULL,Mike Hance,hance_mike,tw_handle_self_score,0.4,hance_mike,2647053541
28,10.1000/anon1157,Castle,James R.,James,3,3,"['1089659541648785408', '1149438346470539265', '875147150019018752']","['45320364', '45320364', '606414709']","['UGent Bibliography', 'UGent Bibliography', 'arXiv hep-ex']","['ugentbiblio', 'ugentbiblio', 'hep_ex']",0,"['0', '0', '0']",0.0,0.3333333333333333,0.2727272727272727,NULL,arXiv hep-ex,ugentbiblio,tw_name_self_score,0.3333333333333333,arXiv hep-ex,606414709
28,10.1000/anon1101,Castle,James R.,James,9,9,"['880040330007003136', '931573567262810112', '880045469644316672', '880045469644316672', '1149075947125190658', '879858513756831744', '1091109184534384640', '880032675750440961', '879871400663687168']","['751734284092792832', '46854930', '2647053541', '2647053541', '45320364', '606414709', '45320364', '46854930', '132430810']","['arxiv', 'BlackPhysicists', 'Mike Hance', 'Mike Hance', 'UGent Bibliography', 'arXiv hep-ex', 'UGent Bibliography', 'BlackPhysicists', 'HEP - Experiment']","['arxiv_org', 'BlackPhysicists', 'hance_mike', 'hance_mike', 'ugentbiblio', 'hep_ex', 'ugentbiblio', 'BlackPhysicists', 'HEPExperPapers']",0,"['0', ['Xue-Mei Su', 'Ruidong Xia', 'Xue Mei Su', 'Hongbo Zhang', 'Abdallah Ali', 'Zhipeng Zhou', 'Lyudmyla Adamska', 'Olivier Namur'], '0', '0', '0', '0', '0', ['Xue-Mei Su', 'Ruidong Xia', 'Xue Mei Su', 'Hongbo Zhang', 'Abdallah Ali', 'Zhipeng Zhou', 'Lyudmyla Adamska', 'Olivier Namur'], '0']",0.45454545454545453,0.38461538461538464,0.4,Xue-Mei Su,BlackPhysicists,hance_mike,author_name_self_score,0.45454545454545453,Xue-Mei Su,46854930
28,10.1000/anon684,Castle,James R.,James,4,4,"['1149076000220864512', '933036040582971392', '842170073846431744', '1095820277894791175']","['45320364', '3249810404', '606414709', '45320364']","['UGent Bibliography', 'Nebraska Physics', 'arXiv hep-ex', 'UGent Bibliography']","['ugentbiblio', 'UNLPhysics', 'hep_ex', 'ugentbiblio']",0,"['0', '0', '0', '0']",0.0,0.3333333333333333,0.2857142857142857,NULL,arXiv hep-ex,UNLPhysics,tw_name_self_score,0.3333333333333333,arXiv hep-ex,606414709
28,10.1000/anon1126,Castle,James R.,James,3,3,"['1150525510872686593', '788558871669256193', '788172845343920128']","['45320364', '751734284092792832', '606414709']","['UGent Bibliography', 'arxiv', 'arXiv hep-ex']","['ugentbiblio', 'arxiv_org', 'hep_ex']",0,"['0', '0', '0']",0.0,0.3333333333333333,0.2727272727272727,NULL,arXiv hep-ex,ugentbiblio,tw_name_self_score,0.3333333333333333,arXiv hep-ex,606414709
28,10.1000/anon884,Castle,James R.,James,7,7,"['924342157195993088', '865711815291830272', '863912889756794880', '864529485491716096', '1091109205610774530', '863927448999571456', '1149075986182549504']","['896108681225535489', '2647053541', '606414709', '751734284092792832', '45320364', '132430810', '45320364']","['UVA Science Pubs', 'Mike Hance', 'arXiv hep-ex', 'arxiv', 'UGent Bibliography', 'HEP - Experiment', 'UGent Bibliography']","['UvaScience_Pubs', 'hance_mike', 'hep_ex', 'arxiv_org', 'ugentbiblio', 'HEPExperPapers', 'ugentbiblio']",0,"['0', '0', '0', '0', '0', '0', '0']",0.0,0.36363636363636365,0.4,NULL,Mike Hance,hance_mike,tw_handle_self_score,0.4,hance_mike,2647053541
28,10.1000/anon931,Castle,James R.,James,10,10,"['928111674808262658', '864287285956624384', '864358399923830784', '924342162270994432', '864289312216457218', '1083499015495434250', '1149076014838013954', '923222628810162176', '864623859667881984', '864275735392821248']","['48861950', '132430810', '46854930', '896108681225535489', '1296726444', '45320364', '45320364', '3249810404', '751734284092792832', '606414709']","['Vorasuang D. Chinda', 'HEP - Experiment', 'BlackPhysicists', 'UVA Science Pubs', 'nuclexp', 'UGent Bibliography', 'UGent Bibliography', 'Nebraska Physics', 'arxiv', 'arXiv hep-ex']","['Vorasuang', 'HEPExperPapers', 'BlackPhysicists', 'UvaScience_Pubs', 'nuclexp', 'ugentbiblio', 'ugentbiblio', 'UNLPhysics', 'arxiv_org', 'hep_ex']",0,"['0', '0', ['Xue-Mei Su', 'Ruidong Xia', 'Xue Mei Su', 'Hongbo Zhang', 'Abdallah Ali', 'Zhipeng Zhou', 'Lyudmyla Adamska', 'Olivier Namur'], '0', '0', '0', '0', '0', '0', '0']",0.45454545454545453,0.46153846153846156,0.46153846153846156,Xue-Mei Su,nuclexp,nuclexp,tw_name_self_score,0.46153846153846156,nuclexp,1296726444
28,10.1000/anon561,Castle,James R.,James,7,7,"['1089659533432102913', '927773988381777920', '986596198286053376', '882040145481842689', '882032955975127040', '1238587889551921154', '928694770251153408']","['45320364', '46854930', '858525389345476609', '132430810', '606414709', '858525389345476609', '3326958650']","['UGent Bibliography', 'BlackPhysicists', '$legislat', 'HEP - Experiment', 'arXiv hep-ex', '$legislat', 'Hogwarts Science']","['ugentbiblio', 'BlackPhysicists', 'GenoLegislat', 'HEPExperPapers', 'hep_ex', 'GenoLegislat', 'HogwartsScience']",0,"['0', ['Xue-Mei Su', 'Ruidong Xia', 'Xue Mei Su', 'Hongbo Zhang', 'Abdallah Ali', 'Zhipeng Zhou', 'Lyudmyla Adamska', 'Olivier Namur'], '0', '0', '0', '0', '0']",0.45454545454545453,0.38461538461538464,0.38461538461538464,Xue-Mei Su,BlackPhysicists,BlackPhysicists,author_name_self_score,0.45454545454545453,Xue-Mei Su,46854930
28,10.1000/anon33,Castle,James R.,James,5,5,"['881720153389514753', '881680917168742400', '881834054827610112', '881670218761682944', '1112474938638811137']","['751734284092792832', '132430810', '46854930', '606414709', '45320364']","['arxiv', 'HEP - Experiment', 'BlackPhysicists', 'arXiv hep-ex', 'UGent Bibliography']","['arxiv_org', 'HEPExperPapers', 'BlackPhysicists', 'hep_ex', 'ugentbiblio']",0,"['0', '0', ['Xue-Mei Su', 'Ruidong Xia', 'Xue Mei Su', 'Hongbo Zhang', 'Abdallah Ali', 'Zhipeng Zhou', 'Lyudmyla Adamska', 'Olivier Namur'], '0', '0']",0.45454545454545453,0.38461538461538464,0.38461538461538464,Xue-Mei Su,BlackPhysicists,BlackPhysicists,author_name_self_score,0.45454545454545453,Xue-Mei Su,46854930
28,10.1000/anon973,Castle,James R.,James,2,2,"['856665369846480896', '1058494192949829634']","['606414709', '45320364']","['arXiv hep-ex', 'UGent Bibliography']","['hep_ex', 'ugentbiblio']",0,"['0', '0']",0.0,0.3333333333333333,0.2727272727272727,NULL,arXiv hep-ex,ugentbiblio,tw_name_self_score,0.3333333333333333,arXiv hep-ex,606414709
28,10.1000/anon182,Castle,James R.,James,4,4,"['818631750377029632', '818675776430030848', '1149075995145703425', '1097632215490613255']","['606414709', '2647053541', '45320364', '45320364']","['arXiv hep-ex', 'Mike Hance', 'UGent Bibliography', 'UGent Bibliography']","['hep_ex', 'hance_mike', 'ugentbiblio', 'ugentbiblio']",0,"['0', '0', '0', '0']",0.0,0.36363636363636365,0.4,NULL,Mike Hance,hance_mike,tw_handle_self_score,0.4,hance_mike,2647053541
28,10.1000/anon271,Castle,James R.,James,6,6,"['874784698722951168', '1112474942707257344', '874839722832654336', '874839722832654336', '874867892562558976', '1149438357652606976']","['606414709', '45320364', '751734284092792832', '751734284092792832', '46854930', '45320364']","['arXiv hep-ex', 'UGent Bibliography', 'arxiv', 'arxiv', 'BlackPhysicists', 'UGent Bibliography']","['hep_ex', 'ugentbiblio', 'arxiv_org', 'arxiv_org', 'BlackPhysicists', 'ugentbiblio']",0,"['0', '0', '0', '0', ['Xue-Mei Su', 'Ruidong Xia', 'Xue Mei Su', 'Hongbo Zhang', 'Abdallah Ali', 'Zhipeng Zhou', 'Lyudmyla Adamska', 'Olivier Namur'], '0']",0.45454545454545453,0.38461538461538464,0.38461538461538464,Xue-Mei Su,BlackPhysicists,BlackPhysicists,author_name_self_score,0.45454545454545453,Xue-Mei Su,46854930
28,10.1000/anon168,Castle,James R.,James,2,2,"['798338126494109696', '1058856551266615296']","['606414709', '45320364']","['arXiv hep-ex', 'UGent Bibliography']","['hep_ex', 'ugentbiblio']",0,"['0', '0']",0.0,0.3333333333333333,0.2727272727272727,NULL,arXiv hep-ex,ugentbiblio,tw_name_self_score,0.3333333333333333,arXiv hep-ex,606414709
28,10.1000/anon292,Castle,James R.,James,7,7,"['882125495185227777', '881680162437201920', '1149075944075927554', '881743440446459906', '881704993622859776', '1097632214114807808', '881670200629657600']","['2647053541', '132430810', '45320364', '46854930', '751734284092792832', '45320364', '606414709']","['Mike Hance', 'HEP - Experiment', 'UGent Bibliography', 'BlackPhysicists', 'arxiv', 'UGent Bibliography', 'arXiv hep-ex']","['hance_mike', 'HEPExperPapers', 'ugentbiblio', 'BlackPhysicists', 'arxiv_org', 'ugentbiblio', 'hep_ex']",0,"['0', '0', '0', ['Xue-Mei Su', 'Ruidong Xia', 'Xue Mei Su', 'Hongbo Zhang', 'Abdallah Ali', 'Zhipeng Zhou', 'Lyudmyla Adamska', 'Olivier Namur'], '0', '0', '0']",0.45454545454545453,0.38461538461538464,0.4,Xue-Mei Su,BlackPhysicists,hance_mike,author_name_self_score,0.45454545454545453,Xue-Mei Su,46854930
28,10.1000/anon596,Castle,James R.,James,3,3,"['1058856539015073803', '828780086312656896', '828784877747130370']","['45320364', '1296726444', '137530074']","['UGent Bibliography', 'nuclexp', 'Nuclear Experiments']","['ugentbiblio', 'nuclexp', 'NuclearPapers']",0,"['0', '0', '0']",0.0,0.46153846153846156,0.5,NULL,nuclexp,NuclearPapers,tw_handle_self_score,0.5,NuclearPapers,137530074
28,10.1000/anon612,Castle,James R.,James,4,4,"['1087485239063130113', '876975940399529986', '1149076009939013633', '876959253428191232']","['45320364', '132430810', '45320364', '606414709']","['UGent Bibliography', 'HEP - Experiment', 'UGent Bibliography', 'arXiv hep-ex']","['ugentbiblio', 'HEPExperPapers', 'ugentbiblio', 'hep_ex']",0,"['0', '0', '0', '0']",0.0,0.3333333333333333,0.3157894736842105,NULL,arXiv hep-ex,HEPExperPapers,tw_name_self_score,0.3333333333333333,arXiv hep-ex,606414709
28,10.1000/anon864,Castle,James R.,James,5,5,"['874422484379942916', '935550108220792832', '874432088652496896', '1097632218598567936', '874777268824014849']","['606414709', '3249810404', '132430810', '45320364', '46854930']","['arXiv hep-ex', 'Nebraska Physics', 'HEP - Experiment', 'UGent Bibliography', 'BlackPhysicists']","['hep_ex', 'UNLPhysics', 'HEPExperPapers', 'ugentbiblio', 'BlackPhysicists']",0,"['0', '0', '0', '0', ['Xue-Mei Su', 'Ruidong Xia', 'Xue Mei Su', 'Hongbo Zhang', 'Abdallah Ali', 'Zhipeng Zhou', 'Lyudmyla Adamska', 'Olivier Namur']]",0.45454545454545453,0.38461538461538464,0.38461538461538464,Xue-Mei Su,BlackPhysicists,BlackPhysicists,author_name_self_score,0.45454545454545453,Xue-Mei Su,46854930
28,10.1000/anon518,Castle,James R.,James,4,4,"['895448664629403649', '1148713595137679360', '1096544890899648515', '895440913190670336']","['132430810', '45320364', '45320364', '606414709']","['HEP - Experiment', 'UGent Bibliography', 'UGent Bibliography', 'arXiv hep-ex']","['HEPExperPapers', 'ugentbiblio', 'ugentbiblio', 'hep_ex']",0,"['0', '0', '0', '0']",0.0,0.3333333333333333,0.3157894736842105,NULL,arXiv hep-ex,HEPExperPapers,tw_name_self_score,0.3333333333333333,arXiv hep-ex,606414709
28,10.1000/anon796,Castle,James R.,James,11,11,"['900521551191089152', '913350859135651840', '900428267844448258', '904677858139889666', '1095095418248196097', '900453429339987968', '900848386248761345', '828891264900755457', '828420366091431936', '900507349714182144', '900437322214367234']","['1296726444', '896108681225535489', '3039504459', '571045017', '45320364', '15936294', '2163712706', '751734284092792832', '132430810', '46854930', '423109364']","['nuclexp', 'UVA Science Pubs', 'Physical Review Letters', 'Alberto Aparici', 'UGent Bibliography', 'ani', 'Física USFQ', 'arxiv', 'HEP - Experiment', 'BlackPhysicists', 'Robert Garisto']","['nuclexp', 'UvaScience_Pubs', 'PhysRevLett', 'cienciabrujula', 'ugentbiblio', 'animesh1977', 'FisicaUSFQ', 'arxiv_org', 'HEPExperPapers', 'BlackPhysicists', 'RobertGaristo']",0,"['0', '0', '0', '0', '0', ['Aurel Bulgac'], '0', '0', '0', ['Xue-Mei Su', 'Ruidong Xia', 'Xue Mei Su', 'Hongbo Zhang', 'Abdallah Ali', 'Zhipeng Zhou', 'Lyudmyla Adamska', 'Olivier Namur'], ['Null']]",0.45454545454545453,0.46153846153846156,0.5,Xue-Mei Su,nuclexp,animesh1977,tw_handle_self_score,0.5,animesh1977,15936294
28,10.1000/anon345,Castle,James R.,James,6,6,"['1058494181356851201', '863912871486341120', '863925943672250368', '864499125445730306', '928256854886465536', '865711939749412864']","['45320364', '606414709', '132430810', '751734284092792832', '3326958650', '2647053541']","['UGent Bibliography', 'arXiv hep-ex', 'HEP - Experiment', 'arxiv', 'Hogwarts Science', 'Mike Hance']","['ugentbiblio', 'hep_ex', 'HEPExperPapers', 'arxiv_org', 'HogwartsScience', 'hance_mike']",0,"['0', '0', '0', '0', '0', '0']",0.0,0.36363636363636365,0.4,NULL,Mike Hance,hance_mike,tw_handle_self_score,0.4,hance_mike,2647053541
28,10.1000/anon745,Castle,James R.,James,8,8,"['815739687574839297', '815773716009230336', '1089297162847031296', '815732606729736192', '815799085458452480', '1149800716330053633', '1149800716330053633', '935731110033723393']","['428032842', '2647053541', '45320364', '606414709', '2692022451', '45320364', '45320364', '3326958650']","['Oleg Sablin', 'Mike Hance', 'UGent Bibliography', 'arXiv hep-ex', 'Holli Lancaster', 'UGent Bibliography', 'UGent Bibliography', 'Hogwarts Science']","['OSablin', 'hance_mike', 'ugentbiblio', 'hep_ex', 'GunnQuznetsov', 'ugentbiblio', 'ugentbiblio', 'HogwartsScience']",0,"['0', '0', '0', '0', '0', '0', '0', '0']",0.0,0.4444444444444444,0.4,NULL,Holli Lancaster,hance_mike,tw_name_self_score,0.4444444444444444,Holli Lancaster,2692022451
28,10.1000/anon296,Castle,James R.,James,7,7,"['1149438360810917889', '817224506137722881', '817860508183236608', '817182130157432835', '1097994635509669895', '911738825512275971', '817242208810258432']","['45320364', '2647053541', '751734284092792832', '606414709', '45320364', '46854930', '2692022451']","['UGent Bibliography', 'Mike Hance', 'arxiv', 'arXiv hep-ex', 'UGent Bibliography', 'BlackPhysicists', 'Holli Lancaster']","['ugentbiblio', 'hance_mike', 'arxiv_org', 'hep_ex', 'ugentbiblio', 'BlackPhysicists', 'GunnQuznetsov']",0,"['0', '0', '0', '0', '0', ['Xue-Mei Su', 'Ruidong Xia', 'Xue Mei Su', 'Hongbo Zhang', 'Abdallah Ali', 'Zhipeng Zhou', 'Lyudmyla Adamska', 'Olivier Namur'], '0']",0.45454545454545453,0.4444444444444444,0.4,Xue-Mei Su,Holli Lancaster,hance_mike,author_name_self_score,0.45454545454545453,Xue-Mei Su,46854930
28,10.1000/anon1025,Castle,James R.,James,5,5,"['1149800738329112576', '806304850946314240', '1097994632200421376', '805948157242667010', '875852860625432576']","['45320364', '751734284092792832', '45320364', '606414709', '46854930']","['UGent Bibliography', 'arxiv', 'UGent Bibliography', 'arXiv hep-ex', 'BlackPhysicists']","['ugentbiblio', 'arxiv_org', 'ugentbiblio', 'hep_ex', 'BlackPhysicists']",0,"['0', '0', '0', '0', ['Xue-Mei Su', 'Ruidong Xia', 'Xue Mei Su', 'Hongbo Zhang', 'Abdallah Ali', 'Zhipeng Zhou', 'Lyudmyla Adamska', 'Olivier Namur']]",0.45454545454545453,0.38461538461538464,0.38461538461538464,Xue-Mei Su,BlackPhysicists,BlackPhysicists,author_name_self_score,0.45454545454545453,Xue-Mei Su,46854930
28,10.1000/anon885,Castle,James R.,James,4,4,"['1095820289018081282', '824189582866599936', '823705203601879041', '1149438372039012353']","['45320364', '751734284092792832', '606414709', '45320364']","['UGent Bibliography', 'arxiv', 'arXiv hep-ex', 'UGent Bibliography']","['ugentbiblio', 'arxiv_org', 'hep_ex', 'ugentbiblio']",0,"['0', '0', '0', '0']",0.0,0.3333333333333333,0.2727272727272727,NULL,arXiv hep-ex,ugentbiblio,tw_name_self_score,0.3333333333333333,arXiv hep-ex,606414709
28,10.1000/anon1081,Castle,James R.,James,6,6,"['872972936117800960', '873405512485924864', '1058494175723827202', '873134280528068608', '872978103953309696', '874009404516950016']","['606414709', '46854930', '45320364', '422672164', '132430810', '751734284092792832']","['arXiv hep-ex', 'BlackPhysicists', 'UGent Bibliography', 'Dr Michael Reidinger', 'HEP - Experiment', 'arxiv']","['hep_ex', 'BlackPhysicists', 'ugentbiblio', 'scimichael', 'HEPExperPapers', 'arxiv_org']",0,"['0', ['Xue-Mei Su', 'Ruidong Xia', 'Xue Mei Su', 'Hongbo Zhang', 'Abdallah Ali', 'Zhipeng Zhou', 'Lyudmyla Adamska', 'Olivier Namur'], '0', '0', '0', '0']",0.45454545454545453,0.38461538461538464,0.38461538461538464,Xue-Mei Su,BlackPhysicists,BlackPhysicists,author_name_self_score,0.45454545454545453,Xue-Mei Su,46854930
28,10.1000/anon101,Castle,James R.,James,16,16,"['834346959586676737', '883833935465254912', '834220082003800064', '834361324410957828', '885851712828964864', '1098356952462184449', '834214381181218816', '834309563478376448', '834356573774426116', '834349142432423937', '834347771159310336', '835127978879299584', '1149438376245891074', '834322642660421632', '835020028189769733', '834351332895105024']","['26788424', '46854930', '132430810', '17619863', '26788424', '45320364', '606414709', '1514365212', '26788424', '26788424', '26788424', '26788424', '45320364', '706760536868982785', '79024978', '26788424']","['Freya Blekman @freyablekman@sciencemastodon.com', 'BlackPhysicists', 'HEP - Experiment', 'Alejandro Gomez Espinosa', 'Freya Blekman @freyablekman@sciencemastodon.com', 'UGent Bibliography', 'arXiv hep-ex', 'Steven Lowette', 'Freya Blekman @freyablekman@sciencemastodon.com', 'Freya Blekman @freyablekman@sciencemastodon.com', 'Freya Blekman @freyablekman@sciencemastodon.com', 'Freya Blekman @freyablekman@sciencemastodon.com', 'UGent Bibliography', 'Romain Madar', 'Jon Butterworth', 'Freya Blekman @freyablekman@sciencemastodon.com']","['freyablekman', 'BlackPhysicists', 'HEPExperPapers', 'alefisico', 'freyablekman', 'ugentbiblio', 'hep_ex', 'StevenLowette', 'freyablekman', 'freyablekman', 'freyablekman', 'freyablekman', 'ugentbiblio', 'RomainMadar', 'jonmbutterworth', 'freyablekman']",0,"[['Freya Blekman'], ['Xue-Mei Su', 'Ruidong Xia', 'Xue Mei Su', 'Hongbo Zhang', 'Abdallah Ali', 'Zhipeng Zhou', 'Lyudmyla Adamska', 'Olivier Namur'], '0', '0', ['Freya Blekman'], '0', '0', ['S. Lowette', 'Steven Lowette'], ['Freya Blekman'], ['Freya Blekman'], ['Freya Blekman'], ['Freya Blekman'], '0', '0', ['Jonathan Butterworth'], ['Freya Blekman']]",0.45454545454545453,0.4444444444444444,0.42857142857142855,Xue-Mei Su,Alejandro Gomez Espinosa,alefisico,author_name_self_score,0.45454545454545453,Xue-Mei Su,46854930
28,10.1000/anon941,Castle,James R.,James,5,5,"['887838802970128384', '1084586098075099137', '1149075990511071232', '888087750397898757', '887830799478870016']","['132430810', '45320364', '45320364', '46854930', '606414709']","['HEP - Experiment', 'UGent Bibliography', 'UGent Bibliography', 'BlackPhysicists', 'arXiv hep-ex']","['HEPExperPapers', 'ugentbiblio', 'ugentbiblio', 'BlackPhysicists', 'hep_ex']",0,"['0', '0', '0', ['Xue-Mei Su', 'Ruidong Xia', 'Xue Mei Su', 'Hongbo Zhang', 'Abdallah Ali', 'Zhipeng Zhou', 'Lyudmyla Adamska', 'Olivier Namur'], '0']",0.45454545454545453,0.38461538461538464,0.38461538461538464,Xue-Mei Su,BlackPhysicists,BlackPhysicists,author_name_self_score,0.45454545454545453,Xue-Mei Su,46854930
28,10.1000/anon508,Castle,James R.,James,5,5,"['869711360136851456', '1091471493870034944', '869754397454217216', '959365045787545606', '1149438351872802819']","['606414709', '45320364', '132430810', '1163712553', '45320364']","['arXiv hep-ex', 'UGent Bibliography', 'HEP - Experiment', 'Tristan du Pree', 'UGent Bibliography']","['hep_ex', 'ugentbiblio', 'HEPExperPapers', 'Tristan_duPree', 'ugentbiblio']",0,"['0', '0', '0', '0', '0']",0.0,0.3333333333333333,0.32,NULL,arXiv hep-ex,Tristan_duPree,tw_name_self_score,0.3333333333333333,arXiv hep-ex,606414709
28,10.1000/anon9,Castle,James R.,James,8,8,"['917423965332746242', '917423965332746242', '1090746837898797056', '843981573917614080', '912704568206663681', '1149438366611628032', '915286582768287744', '843998927091195904']","['1731136087', '1731136087', '45320364', '606414709', '3249810404', '45320364', '3249810404', '132430810']","['Física Geral', 'Física Geral', 'UGent Bibliography', 'arXiv hep-ex', 'Nebraska Physics', 'UGent Bibliography', 'Nebraska Physics', 'HEP - Experiment']","['Fisica_Geral', 'Fisica_Geral', 'ugentbiblio', 'hep_ex', 'UNLPhysics', 'ugentbiblio', 'UNLPhysics', 'HEPExperPapers']",0,"['0', '0', '0', '0', '0', '0', '0', '0']",0.0,0.3333333333333333,0.34782608695652173,NULL,Física Geral,Fisica_Geral,tw_handle_self_score,0.34782608695652173,Fisica_Geral,1731136087
28,10.1000/anon453,Castle,James R.,James,8,8,"['948873466027106305', '902326600884031488', '902343226312593411', '902947432304058369', '913026315082698753', '1148713587692789760', '1109228662946181120', '940729046719021057']","['331603112', '606414709', '132430810', '751734284092792832', '2209421359', '45320364', '45320364', '3326958650']","['H Stiles', 'arXiv hep-ex', 'HEP - Experiment', 'arxiv', 'Matti Niemisto', 'UGent Bibliography', 'UGent Bibliography', 'Hogwarts Science']","['HStiles1', 'hep_ex', 'HEPExperPapers', 'arxiv_org', 'Matti_Niemisto', 'ugentbiblio', 'ugentbiblio', 'HogwartsScience']",0,"['0', '0', '0', '0', '0', '0', '0', '0']",0.0,0.5,0.5714285714285714,NULL,H Stiles,HStiles1,tw_handle_self_score,0.5714285714285714,HStiles1,331603112
28,10.1000/anon477,Castle,James R.,James,8,8,"['1108681274414301184', '867970725210017792', '868242033907036160', '868700561079648257', '1091109183410311168', '867899293490831360', '1149075982902542336', '867907677522808832']","['207581304', '2647053541', '46854930', '751734284092792832', '45320364', '606414709', '45320364', '132430810']","['UCL Discovery', 'Mike Hance', 'BlackPhysicists', 'arxiv', 'UGent Bibliography', 'arXiv hep-ex', 'UGent Bibliography', 'HEP - Experiment']","['ucl_discovery', 'hance_mike', 'BlackPhysicists', 'arxiv_org', 'ugentbiblio', 'hep_ex', 'ugentbiblio', 'HEPExperPapers']",0,"['0', '0', ['Xue-Mei Su', 'Ruidong Xia', 'Xue Mei Su', 'Hongbo Zhang', 'Abdallah Ali', 'Zhipeng Zhou', 'Lyudmyla Adamska', 'Olivier Namur'], '0', '0', '0', '0', '0']",0.45454545454545453,0.38461538461538464,0.4,Xue-Mei Su,BlackPhysicists,hance_mike,author_name_self_score,0.45454545454545453,Xue-Mei Su,46854930
28,10.1000/anon737,Castle,James R.,James,18,18,"['941348731873579009', '911033621154115584', '912060797232152576', '1148713600330153985', '1095095388795736065', '941379196886114304', '1171075546358456321', '941340525897981952', '941409953448955904', '941380130626260992', '911511524618903557', '942752376649166848', '943485088502820865', '941354834149683202', '911149130004676613', '941355869555609607', '941359726499172354', '911873911536574465']","['15936294', '137530074', '751734284092792832', '45320364', '45320364', '2268132517', '3039504459', '1296726444', '279183202', '26788424', '3326958650', '3326958650', '2163712706', '46854930', '3326958650', '3039504459', '907232486735958018', '3326958650']","['ani', 'Nuclear Experiments', 'arxiv', 'UGent Bibliography', 'UGent Bibliography', 'Alexander Morton', 'Physical Review Letters', 'nuclexp', 'Geoffrey', 'Freya Blekman @freyablekman@sciencemastodon.com', 'Hogwarts Science', 'Hogwarts Science', 'Física USFQ', 'BlackPhysicists', 'Hogwarts Science', 'Physical Review Letters', 'Jaki Noronha-Hostler', 'Hogwarts Science']","['animesh1977', 'NuclearPapers', 'arxiv_org', 'ugentbiblio', 'ugentbiblio', 'DocMorts', 'PhysRevLett', 'nuclexp', 'Gil21christ', 'freyablekman', 'HogwartsScience', 'HogwartsScience', 'FisicaUSFQ', 'BlackPhysicists', 'HogwartsScience', 'PhysRevLett', 'jnoronhahostler', 'HogwartsScience']",0,"[['Aurel Bulgac'], '0', '0', '0', '0', ['Alexander Morton'], '0', '0', '0', ['Freya Blekman'], '0', '0', '0', ['Xue-Mei Su', 'Ruidong Xia', 'Xue Mei Su', 'Hongbo Zhang', 'Abdallah Ali', 'Zhipeng Zhou', 'Lyudmyla Adamska', 'Olivier Namur'], '0', '0', '0', '0']",0.45454545454545453,0.5,0.5,Xue-Mei Su,Jaki Noronha-Hostler,animesh1977,tw_name_self_score,0.5,Jaki Noronha-Hostler,907232486735958018
28,10.1000/anon958,Castle,James R.,James,4,4,"['1108866271637049344', '1149075954460954624', '900521655767904257', '900521555284774913']","['45320364', '45320364', '137530074', '1296726444']","['UGent Bibliography', 'UGent Bibliography', 'Nuclear Experiments', 'nuclexp']","['ugentbiblio', 'ugentbiblio', 'NuclearPapers', 'nuclexp']",0,"['0', '0', '0', '0']",0.0,0.46153846153846156,0.5,NULL,nuclexp,NuclearPapers,tw_handle_self_score,0.5,NuclearPapers,137530074
28,10.1000/anon98,Castle,James R.,James,9,9,"['882133832517828609', '881686955443998720', '1199320116975947778', '940478821173563392', '939109772413906944', '1091109187181047808', '1091109187181047808', '1149075957388627971', '881670236985991168']","['751734284092792832', '132430810', '426341869', '426341869', '426341869', '45320364', '45320364', '45320364', '606414709']","['arxiv', 'HEP - Experiment', 'Takeshi Osada', 'Takeshi Osada', 'Takeshi Osada', 'UGent Bibliography', 'UGent Bibliography', 'UGent Bibliography', 'arXiv hep-ex']","['arxiv_org', 'HEPExperPapers', 'osada1967', 'osada1967', 'osada1967', 'ugentbiblio', 'ugentbiblio', 'ugentbiblio', 'hep_ex']",0,"['0', '0', ['Null'], ['Null'], ['Null'], '0', '0', '0', '0']",0.2,0.4,0.3157894736842105,Null,Takeshi Osada,HEPExperPapers,tw_name_self_score,0.4,Takeshi Osada,426341869
28,10.1000/anon1172,Castle,James R.,James,6,6,"['855989284607741952', '900964094299185154', '1080962257402630146', '1149800724517330944', '900859333180878849', '855215547285348353']","['751734284092792832', '161973640', '45320364', '45320364', '897312131242221568', '606414709']","['arxiv', 'Yangyang Cheng', 'UGent Bibliography', 'UGent Bibliography', 'Nathan Mirman', 'arXiv hep-ex']","['arxiv_org', 'yangyang_cheng', 'ugentbiblio', 'ugentbiblio', 'nathanmirman', 'hep_ex']",0,"['0', '0', '0', '0', '0', '0']",0.0,0.3333333333333333,0.34782608695652173,NULL,arXiv hep-ex,nathanmirman,tw_handle_self_score,0.34782608695652173,nathanmirman,897312131242221568
28,10.1000/anon399,Castle,James R.,James,7,7,"['935456538059087872', '949755078977695746', '977235999192506368', '935360371661070336', '935333567822835712', '1147988773415858177', '935321780217978880']","['751734284092792832', '896407693753282560', '46854930', '2647053541', '132430810', '45320364', '606414709']","['arxiv', 'CMS results', 'BlackPhysicists', 'Mike Hance', 'HEP - Experiment', 'UGent Bibliography', 'arXiv hep-ex']","['arxiv_org', 'CMS_results', 'BlackPhysicists', 'hance_mike', 'HEPExperPapers', 'ugentbiblio', 'hep_ex']",0,"['0', '0', ['Xue-Mei Su', 'Ruidong Xia', 'Xue Mei Su', 'Hongbo Zhang', 'Abdallah Ali', 'Zhipeng Zhou', 'Lyudmyla Adamska', 'Olivier Namur'], '0', '0', '0', '0']",0.45454545454545453,0.42857142857142855,0.4,Xue-Mei Su,CMS results,hance_mike,author_name_self_score,0.45454545454545453,Xue-Mei Su,46854930
28,10.1000/anon31,Castle,James R.,James,9,9,"['912185904545988608', '912114646831656960', '912193921127669761', '1147988775718596611', '912110827993309184', '912489354722811904', '977598404892200961', '912271895860580352', '1044212852863709184']","['751734284092792832', '132430810', '2647053541', '45320364', '606414709', '96527485', '46854930', '246420945', '207581304']","['arxiv', 'HEP - Experiment', 'Mike Hance', 'UGent Bibliography', 'arXiv hep-ex', 'w a t w a', 'BlackPhysicists', 'Frasco', 'UCL Discovery']","['arxiv_org', 'HEPExperPapers', 'hance_mike', 'ugentbiblio', 'hep_ex', 'w_a_t_w_a', 'BlackPhysicists', 'SerotoninPsy', 'ucl_discovery']",0,"['0', '0', '0', '0', '0', '0', ['Xue-Mei Su', 'Ruidong Xia', 'Xue Mei Su', 'Hongbo Zhang', 'Abdallah Ali', 'Zhipeng Zhou', 'Lyudmyla Adamska', 'Olivier Namur'], '0', '0']",0.45454545454545453,0.38461538461538464,0.4,Xue-Mei Su,BlackPhysicists,hance_mike,author_name_self_score,0.45454545454545453,Xue-Mei Su,46854930
28,10.1000/anon704,Castle,James R.,James,3,3,"['917552789923835904', '921946059638575105', '1147264072309727237']","['606414709', '96527485', '45320364']","['arXiv hep-ex', 'w a t w a', 'UGent Bibliography']","['hep_ex', 'w_a_t_w_a', 'ugentbiblio']",0,"['0', '0', '0']",0.0,0.38095238095238093,0.3,NULL,w a t w a,w_a_t_w_a,tw_name_self_score,0.38095238095238093,w a t w a,96527485
28,10.1000/anon721,Castle,James R.,James,6,6,"['898340075028729857', '898371611987816448', '1147988797700935681', '898692737238577152', '898344289406668800', '899403152478183424']","['606414709', '2647053541', '45320364', '46854930', '132430810', '751734284092792832']","['arXiv hep-ex', 'Mike Hance', 'UGent Bibliography', 'BlackPhysicists', 'HEP - Experiment', 'arxiv']","['hep_ex', 'hance_mike', 'ugentbiblio', 'BlackPhysicists', 'HEPExperPapers', 'arxiv_org']",0,"['0', '0', '0', ['Xue-Mei Su', 'Ruidong Xia', 'Xue Mei Su', 'Hongbo Zhang', 'Abdallah Ali', 'Zhipeng Zhou', 'Lyudmyla Adamska', 'Olivier Namur'], '0', '0']",0.45454545454545453,0.38461538461538464,0.4,Xue-Mei Su,BlackPhysicists,hance_mike,author_name_self_score,0.45454545454545453,Xue-Mei Su,46854930
28,10.1000/anon368,Castle,James R.,James,4,4,"['961775521787920385', '1146901638818467840', '1027490741994438656', '961780314753269763']","['606414709', '45320364', '3326958650', '132430810']","['arXiv hep-ex', 'UGent Bibliography', 'Hogwarts Science', 'HEP - Experiment']","['hep_ex', 'ugentbiblio', 'HogwartsScience', 'HEPExperPapers']",0,"['0', '0', '0', '0']",0.0,0.35714285714285715,0.3157894736842105,NULL,Hogwarts Science,HEPExperPapers,tw_name_self_score,0.35714285714285715,Hogwarts Science,3326958650
28,10.1000/anon95,Castle,James R.,James,7,7,"['953093438014017536', '1148351166033682432', '952715618817515520', '952721327844044801', '952736040208551937', '952746924930576385', '953207929313857536']","['2647053541', '45320364', '606414709', '132430810', '428032842', '751734284092792832', '896407693753282560']","['Mike Hance', 'UGent Bibliography', 'arXiv hep-ex', 'HEP - Experiment', 'Oleg Sablin', 'arxiv', 'CMS results']","['hance_mike', 'ugentbiblio', 'hep_ex', 'HEPExperPapers', 'OSablin', 'arxiv_org', 'CMS_results']",0,"['0', '0', '0', '0', '0', '0', '0']",0.0,0.42857142857142855,0.4,NULL,CMS results,hance_mike,tw_name_self_score,0.42857142857142855,CMS results,896407693753282560
28,10.1000/anon493,Castle,James R.,James,9,9,"['916239677543387136', '962028323428753408', '1148713567975350272', '915016193450242048', '915025360575651845', '915783851619708930', '915783851619708930', '916005112262270976', '915466983960756224']","['2704699340', '3249810404', '45320364', '606414709', '132430810', '2647053541', '2647053541', '2279227387', '751734284092792832']","['Sophia Borowka, PhD', 'Nebraska Physics', 'UGent Bibliography', 'arXiv hep-ex', 'HEP - Experiment', 'Mike Hance', 'Mike Hance', 'Dr. Jessie Christiansen', 'arxiv']","['SCBorowka', 'UNLPhysics', 'ugentbiblio', 'hep_ex', 'HEPExperPapers', 'hance_mike', 'hance_mike', 'aussiastronomer', 'arxiv_org']",0,"['0', '0', '0', '0', '0', '0', '0', ['Jessie L. Christiansen', 'Jessie Christiansen'], '0']",0.5161290322580645,0.5161290322580645,0.46153846153846156,Jessie Christiansen,Dr. Jessie Christiansen,aussiastronomer,author_name_self_score,0.5161290322580645,Jessie Christiansen,2279227387
28,10.1000/anon251,Castle,James R.,James,9,9,"['925709783956520960', '930189623862554624', '930551995907182592', '925666681300627456', '1148713562833063936', '925519317638119424', '932432024672935938', '925557131268333568', '925527617687601152']","['751734284092792832', '3326958650', '3326958650', '912319702403129344', '45320364', '606414709', '96527485', '2647053541', '132430810']","['arxiv', 'Hogwarts Science', 'Hogwarts Science', 'arXiv 論文メモ', 'UGent Bibliography', 'arXiv hep-ex', 'w a t w a', 'Mike Hance', 'HEP - Experiment']","['arxiv_org', 'HogwartsScience', 'HogwartsScience', 'kavvase', 'ugentbiblio', 'hep_ex', 'w_a_t_w_a', 'hance_mike', 'HEPExperPapers']",0,"['0', '0', '0', '0', '0', '0', '0', '0', '0']",0.0,0.38095238095238093,0.46153846153846156,NULL,w a t w a,kavvase,tw_handle_self_score,0.46153846153846156,kavvase,912319702403129344
28,10.1000/anon338,Castle,James R.,James,5,5,"['925162905300901888', '925173418655232000', '1061174482616967168', '929210833141297153', '969608269290528769']","['606414709', '132430810', '244881610', '96527485', '3249810404']","['arXiv hep-ex', 'HEP - Experiment', 'André David', 'w a t w a', 'Nebraska Physics']","['hep_ex', 'HEPExperPapers', 'DrAndreDavid', 'w_a_t_w_a', 'UNLPhysics']",0,"['0', '0', ['Andre David', 'A. David'], '0', '0']",0.34782608695652173,0.38095238095238093,0.3157894736842105,Andre David,w a t w a,HEPExperPapers,tw_name_self_score,0.38095238095238093,w a t w a,96527485
28,10.1000/anon766,Castle,James R.,James,5,5,"['941093052013301760', '902698873902256130', '903193469543358464', '902689062850510848', '1148351196022870016']","['46854930', '132430810', '751734284092792832', '606414709', '45320364']","['BlackPhysicists', 'HEP - Experiment', 'arxiv', 'arXiv hep-ex', 'UGent Bibliography']","['BlackPhysicists', 'HEPExperPapers', 'arxiv_org', 'hep_ex', 'ugentbiblio']",0,"[['Xue-Mei Su', 'Ruidong Xia', 'Xue Mei Su', 'Hongbo Zhang', 'Abdallah Ali', 'Zhipeng Zhou', 'Lyudmyla Adamska', 'Olivier Namur'], '0', '0', '0', '0']",0.45454545454545453,0.38461538461538464,0.38461538461538464,Xue-Mei Su,BlackPhysicists,BlackPhysicists,author_name_self_score,0.45454545454545453,Xue-Mei Su,46854930
28,10.1000/anon1155,Castle,James R.,James,7,7,"['1147988795809304578', '940081723051667462', '951008902438641669', '969277731262353408', '940043732023361536', '940032185590939648', '940311656885731328']","['45320364', '2647053541', '896407693753282560', '46854930', '132430810', '606414709', '751734284092792832']","['UGent Bibliography', 'Mike Hance', 'CMS results', 'BlackPhysicists', 'HEP - Experiment', 'arXiv hep-ex', 'arxiv']","['ugentbiblio', 'hance_mike', 'CMS_results', 'BlackPhysicists', 'HEPExperPapers', 'hep_ex', 'arxiv_org']",0,"['0', '0', '0', ['Xue-Mei Su', 'Ruidong Xia', 'Xue Mei Su', 'Hongbo Zhang', 'Abdallah Ali', 'Zhipeng Zhou', 'Lyudmyla Adamska', 'Olivier Namur'], '0', '0', '0']",0.45454545454545453,0.42857142857142855,0.4,Xue-Mei Su,CMS results,hance_mike,author_name_self_score,0.45454545454545453,Xue-Mei Su,46854930
28,10.1000/anon13,Castle,James R.,James,4,4,"['922632498391138305', '1050187489925689344', '922637493500911618', '1146176859173982208']","['1296726444', '1296726444', '137530074', '45320364']","['nuclexp', 'nuclexp', 'Nuclear Experiments', 'UGent Bibliography']","['nuclexp', 'nuclexp', 'NuclearPapers', 'ugentbiblio']",0,"['0', '0', '0', '0']",0.0,0.46153846153846156,0.5,NULL,nuclexp,NuclearPapers,tw_handle_self_score,0.5,NuclearPapers,137530074
28,10.1000/anon1050,Castle,James R.,James,5,5,"['1108378850310975488', '1146539226965696513', '1039311967431745538', '1039319912416591874', '1039455628232671234']","['207581304', '45320364', '606414709', '132430810', '422672164']","['UCL Discovery', 'UGent Bibliography', 'arXiv hep-ex', 'HEP - Experiment', 'Dr Michael Reidinger']","['ucl_discovery', 'ugentbiblio', 'hep_ex', 'HEPExperPapers', 'scimichael']",0,"['0', '0', '0', '0', '0']",0.0,0.3448275862068966,0.38095238095238093,NULL,Dr Michael Reidinger,scimichael,tw_handle_self_score,0.38095238095238093,scimichael,422672164
28,10.1000/anon838,Castle,James R.,James,8,8,"['980501127048253440', '980694636200013826', '979515117887897601', '1147264055603814402', '980138737215594496', '1014988353979146241', '981808206233006085', '979776350738251776']","['3326958650', '751734284092792832', '606414709', '45320364', '3326958650', '3326958650', '132430810', '3326958650']","['Hogwarts Science', 'arxiv', 'arXiv hep-ex', 'UGent Bibliography', 'Hogwarts Science', 'Hogwarts Science', 'HEP - Experiment', 'Hogwarts Science']","['HogwartsScience', 'arxiv_org', 'hep_ex', 'ugentbiblio', 'HogwartsScience', 'HogwartsScience', 'HEPExperPapers', 'HogwartsScience']",0,"['0', '0', '0', '0', '0', '0', '0', '0']",0.0,0.35714285714285715,0.3157894736842105,NULL,Hogwarts Science,HEPExperPapers,tw_name_self_score,0.35714285714285715,Hogwarts Science,3326958650
28,10.1000/anon396,Castle,James R.,James,9,9,"['943783925133991936', '943663038216802304', '951397114520768512', '1008922440192282624', '943664000356642817', '943664000356642817', '1147264073995866112', '943656698417266688', '943933563476385792']","['426341869', '137530074', '896407693753282560', '426341869', '1296726444', '1296726444', '45320364', '606414709', '751734284092792832']","['Takeshi Osada', 'Nuclear Experiments', 'CMS results', 'Takeshi Osada', 'nuclexp', 'nuclexp', 'UGent Bibliography', 'arXiv hep-ex', 'arxiv']","['osada1967', 'NuclearPapers', 'CMS_results', 'osada1967', 'nuclexp', 'nuclexp', 'ugentbiblio', 'hep_ex', 'arxiv_org']",0,"[['Null'], '0', '0', ['Null'], '0', '0', '0', '0', '0']",0.2,0.46153846153846156,0.5,Null,nuclexp,NuclearPapers,tw_handle_self_score,0.5,NuclearPapers,137530074
28,10.1000/anon1148,Castle,James R.,James,7,7,"['1130936749524496384', '1146901631814000641', '988215422074863616', '988265866868342784', '988273014088192000', '988293209754423297', '988218419089625088']","['2384327556', '45320364', '606414709', '2647053541', '751734284092792832', '46854930', '132430810']","['James Beacham', 'UGent Bibliography', 'arXiv hep-ex', 'Mike Hance', 'arxiv', 'BlackPhysicists', 'HEP - Experiment']","['jbbeacham', 'ugentbiblio', 'hep_ex', 'hance_mike', 'arxiv_org', 'BlackPhysicists', 'HEPExperPapers']",0,"[['James Baker Beacham', 'James Beacham'], '0', '0', '0', '0', ['Xue-Mei Su', 'Ruidong Xia', 'Xue Mei Su', 'Hongbo Zhang', 'Abdallah Ali', 'Zhipeng Zhou', 'Lyudmyla Adamska', 'Olivier Namur'], '0']",0.64,0.64,0.42857142857142855,James Beacham,James Beacham,jbbeacham,author_name_self_score,0.64,James Beacham,2384327556
28,10.1000/anon45,Castle,James R.,James,13,13,"['944140910060756992', '994387507839090688', '943931823633195008', '951951325859926023', '955073347460718593', '1006087715899797504', '943763869792645120', '943903037038489600', '951942560980787200', '944146223342202880', '1147626405816967169', '1000443611652280320', '943857350317707270']","['571100400', '1296726444', '20444488', '174312391', '896407693753282560', '750684963566080000', '2669189144', '3153541647', '112717746', '1163712553', '45320364', '1163712553', '751734284092792832']","['animatedphysics', 'nuclexp', 'Seth Moortgat', 'Matthew Feickert', 'CMS results', 'Hal Toulon', 'Petra Van Mulders', 'Rebeca Gonzalez Suarez', 'Michela Paganini', 'Tristan du Pree', 'UGent Bibliography', 'Tristan du Pree', 'arxiv']","['animatedphysics', 'nuclexp', 'SethMoortgat', 'HEPfeickert', 'CMS_results', 'HAL_Toulon', 'PetraVanMulders', '1cRebeca', 'WonderMicky', 'Tristan_duPree', 'ugentbiblio', 'Tristan_duPree', 'arxiv_org']",0,"['0', '0', ['Seth Moortgat'], ['Matthew Feickert'], '0', '0', ['Petra Van Mulders'], ['Rebeca Gonzalez Suarez'], '0', '0', '0', '0', '0']",0.4117647058823529,0.46153846153846156,0.46153846153846156,Rebeca Gonzalez Suarez,animatedphysics,animatedphysics,tw_name_self_score,0.46153846153846156,animatedphysics,571100400
28,10.1000/anon1000,Castle,James R.,James,5,5,"['1148351175714136064', '960325737029844992', '1108420575108702208', '960329361097281536', '960552667981516800']","['45320364', '606414709', '207581304', '137530074', '896407693753282560']","['UGent Bibliography', 'arXiv hep-ex', 'UCL Discovery', 'Nuclear Experiments', 'CMS results']","['ugentbiblio', 'hep_ex', 'ucl_discovery', 'NuclearPapers', 'CMS_results']",0,"['0', '0', '0', '0', '0']",0.0,0.45161290322580644,0.5,NULL,Nuclear Experiments,NuclearPapers,tw_handle_self_score,0.5,NuclearPapers,137530074
28,10.1000/anon422,Castle,James R.,James,5,5,"['909942570679025664', '911090407882113024', '909943720048345090', '910421002072424449', '1148351164699873282']","['606414709', '2647053541', '132430810', '751734284092792832', '45320364']","['arXiv hep-ex', 'Mike Hance', 'HEP - Experiment', 'arxiv', 'UGent Bibliography']","['hep_ex', 'hance_mike', 'HEPExperPapers', 'arxiv_org', 'ugentbiblio']",0,"['0', '0', '0', '0', '0']",0.0,0.36363636363636365,0.4,NULL,Mike Hance,hance_mike,tw_handle_self_score,0.4,hance_mike,2647053541
28,10.1000/anon83,Castle,James R.,James,5,5,"['949755153518874624', '1034247838568394752', '1146539222381334528', '1029870609549979650', '935337369816809472']","['896407693753282560', '1296726444', '45320364', '46854930', '137530074']","['CMS results', 'nuclexp', 'UGent Bibliography', 'BlackPhysicists', 'Nuclear Experiments']","['CMS_results', 'nuclexp', 'ugentbiblio', 'BlackPhysicists', 'NuclearPapers']",0,"['0', '0', '0', ['Xue-Mei Su', 'Ruidong Xia', 'Xue Mei Su', 'Hongbo Zhang', 'Abdallah Ali', 'Zhipeng Zhou', 'Lyudmyla Adamska', 'Olivier Namur'], '0']",0.45454545454545453,0.46153846153846156,0.5,Xue-Mei Su,nuclexp,NuclearPapers,tw_handle_self_score,0.5,NuclearPapers,137530074
28,10.1000/anon982,Castle,James R.,James,5,5,"['943666030001340416', '1147626393796132867', '943887830027190272', '943656680088154112', '951396492689932288']","['132430810', '45320364', '751734284092792832', '606414709', '896407693753282560']","['HEP - Experiment', 'UGent Bibliography', 'arxiv', 'arXiv hep-ex', 'CMS results']","['HEPExperPapers', 'ugentbiblio', 'arxiv_org', 'hep_ex', 'CMS_results']",0,"['0', '0', '0', '0', '0']",0.0,0.42857142857142855,0.375,NULL,CMS results,CMS_results,tw_name_self_score,0.42857142857142855,CMS results,896407693753282560
28,10.1000/anon294,Castle,James R.,James,6,6,"['912835753624797184', '913237521588293632', '913004367153737729', '1148351181292548097', '912852694477422593', '913213342986072064']","['606414709', '2647053541', '912319702403129344', '45320364', '132430810', '96527485']","['arXiv hep-ex', 'Mike Hance', 'arXiv 論文メモ', 'UGent Bibliography', 'HEP - Experiment', 'w a t w a']","['hep_ex', 'hance_mike', 'kavvase', 'ugentbiblio', 'HEPExperPapers', 'w_a_t_w_a']",0,"['0', '0', '0', '0', '0', '0']",0.0,0.38095238095238093,0.46153846153846156,NULL,w a t w a,kavvase,tw_handle_self_score,0.46153846153846156,kavvase,912319702403129344
28,10.1000/anon224,Castle,James R.,James,5,5,"['973360461251936262', '973360461251936262', '973379257056415744', '1147626399001382912', '1003950692904529921']","['606414709', '606414709', '132430810', '45320364', '3326958650']","['arXiv hep-ex', 'arXiv hep-ex', 'HEP - Experiment', 'UGent Bibliography', 'Hogwarts Science']","['hep_ex', 'hep_ex', 'HEPExperPapers', 'ugentbiblio', 'HogwartsScience']",0,"['0', '0', '0', '0', '0']",0.0,0.35714285714285715,0.3157894736842105,NULL,Hogwarts Science,HEPExperPapers,tw_name_self_score,0.35714285714285715,Hogwarts Science,3326958650
28,10.1000/anon557,Castle,James R.,James,7,7,"['956850097723248640', '1006244965331099648', '957782580170018816', '957722932540727296', '956712889871622144', '1147264077506449408', '956702000216817664']","['422672164', '46854930', '896407693753282560', '751734284092792832', '132430810', '45320364', '606414709']","['Dr Michael Reidinger', 'BlackPhysicists', 'CMS results', 'arxiv', 'HEP - Experiment', 'UGent Bibliography', 'arXiv hep-ex']","['scimichael', 'BlackPhysicists', 'CMS_results', 'arxiv_org', 'HEPExperPapers', 'ugentbiblio', 'hep_ex']",0,"['0', ['Xue-Mei Su', 'Ruidong Xia', 'Xue Mei Su', 'Hongbo Zhang', 'Abdallah Ali', 'Zhipeng Zhou', 'Lyudmyla Adamska', 'Olivier Namur'], '0', '0', '0', '0', '0']",0.45454545454545453,0.42857142857142855,0.38461538461538464,Xue-Mei Su,CMS results,BlackPhysicists,author_name_self_score,0.45454545454545453,Xue-Mei Su,46854930
28,10.1000/anon47,Castle,James R.,James,7,7,"['1003844957524844546', '933160018660093952', '1115956048391598081', '1007160048416673794', '923344803898671105', '923732359756709888', '923358279345979392']","['3326958650', '96527485', '19020218', '750684963566080000', '606414709', '751734284092792832', '132430810']","['Hogwarts Science', 'w a t w a', 'David Braue', 'Hal Toulon', 'arXiv hep-ex', 'arxiv', 'HEP - Experiment']","['HogwartsScience', 'w_a_t_w_a', 'zyzzyvamedia', 'HAL_Toulon', 'hep_ex', 'arxiv_org', 'HEPExperPapers']",0,"['0', '0', '0', '0', '0', '0', '0']",0.0,0.38095238095238093,0.375,NULL,w a t w a,HAL_Toulon,tw_name_self_score,0.38095238095238093,w a t w a,96527485
28,10.1000/anon348,Castle,James R.,James,7,7,"['1147264066622115841', '960688461068947456', '960705394812178435', '960962364483944448', '961197470553427970', '976048406329110530', '968711732456771586']","['45320364', '606414709', '132430810', '3326958650', '896407693753282560', '96527485', '26788424']","['UGent Bibliography', 'arXiv hep-ex', 'HEP - Experiment', 'Hogwarts Science', 'CMS results', 'w a t w a', 'Freya Blekman @freyablekman@sciencemastodon.com']","['ugentbiblio', 'hep_ex', 'HEPExperPapers', 'HogwartsScience', 'CMS_results', 'w_a_t_w_a', 'freyablekman']",0,"['0', '0', '0', '0', '0', '0', ['Freya Blekman']]",0.32,0.42857142857142855,0.375,Freya Blekman,CMS results,CMS_results,tw_name_self_score,0.42857142857142855,CMS results,896407693753282560
28,10.1000/anon959,Castle,James R.,James,6,6,"['1228148560224452608', '1003812701309579265', '1037248027319255041', '1003878073861836801', '1146539241054330880', '1003798196965871616']","['951532406414151680', '132430810', '422672164', '1283150444', '45320364', '606414709']","['Oz Amram', 'HEP - Experiment', 'Dr Michael Reidinger', 'Maurizio Pierini', 'UGent Bibliography', 'arXiv hep-ex']","['OzAmram', 'HEPExperPapers', 'scimichael', 'xmpierinix', 'ugentbiblio', 'hep_ex']",0,"['0', '0', '0', ['Maurizio Pierini'], '0', '0']",0.14285714285714285,0.3448275862068966,0.38095238095238093,Maurizio Pierini,Dr Michael Reidinger,scimichael,tw_handle_self_score,0.38095238095238093,scimichael,422672164
28,10.1000/anon213,Castle,James R.,James,4,4,"['976413361091969029', '975897089644281856', '981797626491191297', '1146539233928241152']","['751734284092792832', '606414709', '132430810', '45320364']","['arxiv', 'arXiv hep-ex', 'HEP - Experiment', 'UGent Bibliography']","['arxiv_org', 'hep_ex', 'HEPExperPapers', 'ugentbiblio']",0,"['0', '0', '0', '0']",0.0,0.3333333333333333,0.3157894736842105,NULL,arXiv hep-ex,HEPExperPapers,tw_name_self_score,0.3333333333333333,arXiv hep-ex,606414709
28,10.1000/anon586,Castle,James R.,James,3,3,"['986041365799710721', '986056919134580736', '986174828284661760']","['606414709', '132430810', '422672164']","['arXiv hep-ex', 'HEP - Experiment', 'Dr Michael Reidinger']","['hep_ex', 'HEPExperPapers', 'scimichael']",0,"['0', '0', '0']",0.0,0.3448275862068966,0.38095238095238093,NULL,Dr Michael Reidinger,scimichael,tw_handle_self_score,0.38095238095238093,scimichael,422672164
28,10.1000/anon693,Castle,James R.,James,7,7,"['1082121137440600064', '983515403841241089', '983664976455000064', '983504499535822850', '983548218335113216', '983621109693210624', '1146176837229457408']","['801157284541894656', '132430810', '244881610', '606414709', '2647053541', '88918741', '45320364']","['KaellumEridani', 'HEP - Experiment', 'André David', 'arXiv hep-ex', 'Mike Hance', 'Seth Zenz @sethzenz@sciencemastodon.com', 'UGent Bibliography']","['KaellumEridani', 'HEPExperPapers', 'DrAndreDavid', 'hep_ex', 'hance_mike', 'sethzenz', 'ugentbiblio']",0,"['0', '0', ['Andre David', 'A. David'], '0', '0', '0', '0']",0.34782608695652173,0.36363636363636365,0.42857142857142855,Andre David,Mike Hance,sethzenz,tw_handle_self_score,0.42857142857142855,sethzenz,88918741
28,10.1000/anon1071,Castle,James R.,James,8,8,"['1016339245437337600', '1015032083926867969', '1015043944546267137', '1015115935802277889', '1146176838735204352', '1015043043005640705', '1015043043005640705', '1016013685050011649']","['751734284092792832', '606414709', '422672164', '2647053541', '45320364', '132430810', '132430810', '46854930']","['arxiv', 'arXiv hep-ex', 'Dr Michael Reidinger', 'Mike Hance', 'UGent Bibliography', 'HEP - Experiment', 'HEP - Experiment', 'BlackPhysicists']","['arxiv_org', 'hep_ex', 'scimichael', 'hance_mike', 'ugentbiblio', 'HEPExperPapers', 'HEPExperPapers', 'BlackPhysicists']",0,"['0', '0', '0', '0', '0', '0', '0', ['Xue-Mei Su', 'Ruidong Xia', 'Xue Mei Su', 'Hongbo Zhang', 'Abdallah Ali', 'Zhipeng Zhou', 'Lyudmyla Adamska', 'Olivier Namur']]",0.45454545454545453,0.38461538461538464,0.4,Xue-Mei Su,BlackPhysicists,hance_mike,author_name_self_score,0.45454545454545453,Xue-Mei Su,46854930
28,10.1000/anon646,Castle,James R.,James,6,6,"['1032434686168055808', '1032771007097069568', '1032426467223789568', '1032572238564913152', '1068378959577038848', '1146176841683746817']","['132430810', '46854930', '606414709', '422672164', '46854930', '45320364']","['HEP - Experiment', 'BlackPhysicists', 'arXiv hep-ex', 'Dr Michael Reidinger', 'BlackPhysicists', 'UGent Bibliography']","['HEPExperPapers', 'BlackPhysicists', 'hep_ex', 'scimichael', 'BlackPhysicists', 'ugentbiblio']",0,"['0', ['Xue-Mei Su', 'Ruidong Xia', 'Xue Mei Su', 'Hongbo Zhang', 'Abdallah Ali', 'Zhipeng Zhou', 'Lyudmyla Adamska', 'Olivier Namur'], '0', '0', ['Xue-Mei Su', 'Ruidong Xia', 'Xue Mei Su', 'Hongbo Zhang', 'Abdallah Ali', 'Zhipeng Zhou', 'Lyudmyla Adamska', 'Olivier Namur'], '0']",0.45454545454545453,0.38461538461538464,0.38461538461538464,Xue-Mei Su,BlackPhysicists,BlackPhysicists,author_name_self_score,0.45454545454545453,Xue-Mei Su,46854930
28,10.1000/anon377,Castle,James R.,James,3,3,"['923344895070281728', '1148713569829249026', '923365073535492096']","['606414709', '45320364', '132430810']","['arXiv hep-ex', 'UGent Bibliography', 'HEP - Experiment']","['hep_ex', 'ugentbiblio', 'HEPExperPapers']",0,"['0', '0', '0']",0.0,0.3333333333333333,0.3157894736842105,NULL,arXiv hep-ex,HEPExperPapers,tw_name_self_score,0.3333333333333333,arXiv hep-ex,606414709
28,10.1000/anon839,Castle,James R.,James,7,7,"['1108394548437372929', '950659234303266816', '938616560201089026', '938595459970449408', '938582921991950336', '1148713584081428480', '938796308076273664']","['207581304', '896407693753282560', '2647053541', '132430810', '606414709', '45320364', '3326958650']","['UCL Discovery', 'CMS results', 'Mike Hance', 'HEP - Experiment', 'arXiv hep-ex', 'UGent Bibliography', 'Hogwarts Science']","['ucl_discovery', 'CMS_results', 'hance_mike', 'HEPExperPapers', 'hep_ex', 'ugentbiblio', 'HogwartsScience']",0,"['0', '0', '0', '0', '0', '0', '0']",0.0,0.42857142857142855,0.4,NULL,CMS results,hance_mike,tw_name_self_score,0.42857142857142855,CMS results,896407693753282560
28,10.1000/anon244,Castle,James R.,James,10,10,"['1148713578125496321', '953985472849641472', '897423192121278464', '954784530459602944', '907322952747806720', '954508720133861376', '956924693977751553', '954773385992523777', '897270279336062976', '897252980696600576']","['45320364', '2980964794', '244881610', '2377407248', '1556664198', '244881610', '3249810404', '112717746', '132430810', '606414709']","['UGent Bibliography', 'Christophe Delaere', 'André David', 'Daniel Whiteson', 'Kyle Cranmer', 'André David', 'Nebraska Physics', 'Michela Paganini', 'HEP - Experiment', 'arXiv hep-ex']","['ugentbiblio', 'ChrisDel1490', 'DrAndreDavid', 'DanielWhiteson', 'KyleCranmer', 'DrAndreDavid', 'UNLPhysics', 'WonderMicky', 'HEPExperPapers', 'hep_ex']",0,"['0', ['Christophe Delaere'], ['Andre David', 'A. David'], ['Daniel Whiteson'], ['Kyle Cranmer'], ['Andre David', 'A. David'], '0', '0', '0', '0']",0.5,0.5,0.45454545454545453,Kyle Cranmer,Kyle Cranmer,KyleCranmer,author_name_self_score,0.5,Kyle Cranmer,1556664198
28,10.1000/anon836,Castle,James R.,James,5,5,"['1148351190360633346', '911090261316341760', '909945230048161792', '909942589167624193', '974589264339001344']","['45320364', '2647053541', '132430810', '606414709', '896108681225535489']","['UGent Bibliography', 'Mike Hance', 'HEP - Experiment', 'arXiv hep-ex', 'UVA Science Pubs']","['ugentbiblio', 'hance_mike', 'HEPExperPapers', 'hep_ex', 'UvaScience_Pubs']",0,"['0', '0', '0', '0', '0']",0.0,0.36363636363636365,0.4,NULL,Mike Hance,hance_mike,tw_handle_self_score,0.4,hance_mike,2647053541
28,10.1000/anon361,Castle,James R.,James,4,4,"['923360544043626496', '924469331122982913', '1148351192172548097', '923344858546257920']","['132430810', '2647053541', '45320364', '606414709']","['HEP - Experiment', 'Mike Hance', 'UGent Bibliography', 'arXiv hep-ex']","['HEPExperPapers', 'hance_mike', 'ugentbiblio', 'hep_ex']",0,"['0', '0', '0', '0']",0.0,0.36363636363636365,0.4,NULL,Mike Hance,hance_mike,tw_handle_self_score,0.4,hance_mike,2647053541
28,10.1000/anon243,Castle,James R.,James,3,3,"['912479556371570688', '912873684192305152', '912502362102677504']","['606414709', '96527485', '132430810']","['arXiv hep-ex', 'w a t w a', 'HEP - Experiment']","['hep_ex', 'w_a_t_w_a', 'HEPExperPapers']",0,"['0', '0', '0']",0.0,0.38095238095238093,0.3157894736842105,NULL,w a t w a,HEPExperPapers,tw_name_self_score,0.38095238095238093,w a t w a,96527485
28,10.1000/anon1115,Castle,James R.,James,1,1,['937496440552677376'],['1296726444'],['nuclexp'],['nuclexp'],0,['0'],0.0,0.46153846153846156,0.46153846153846156,NULL,nuclexp,nuclexp,tw_name_self_score,0.46153846153846156,nuclexp,1296726444
28,10.1000/anon524,Castle,James R.,James,7,7,"['947156742080794624', '1148713579987820546', '949396159981764608', '950120933901008896', '949033770841137152', '869349017607589889', '949758551458656256']","['46854930', '45320364', '3326958650', '3326958650', '3326958650', '606414709', '3326958650']","['BlackPhysicists', 'UGent Bibliography', 'Hogwarts Science', 'Hogwarts Science', 'Hogwarts Science', 'arXiv hep-ex', 'Hogwarts Science']","['BlackPhysicists', 'ugentbiblio', 'HogwartsScience', 'HogwartsScience', 'HogwartsScience', 'hep_ex', 'HogwartsScience']",0,"[['Xue-Mei Su', 'Ruidong Xia', 'Xue Mei Su', 'Hongbo Zhang', 'Abdallah Ali', 'Zhipeng Zhou', 'Lyudmyla Adamska', 'Olivier Namur'], '0', '0', '0', '0', '0', '0']",0.45454545454545453,0.38461538461538464,0.38461538461538464,Xue-Mei Su,BlackPhysicists,BlackPhysicists,author_name_self_score,0.45454545454545453,Xue-Mei Su,46854930
28,10.1000/anon1117,Castle,James R.,James,6,6,"['827328920542261249', '937890361900273664', '1148713573474013186', '1148713573474013186', '937018047491080192', '828130480100773888']","['606414709', '3326958650', '45320364', '45320364', '46854930', '751734284092792832']","['arXiv hep-ex', 'Hogwarts Science', 'UGent Bibliography', 'UGent Bibliography', 'BlackPhysicists', 'arxiv']","['hep_ex', 'HogwartsScience', 'ugentbiblio', 'ugentbiblio', 'BlackPhysicists', 'arxiv_org']",0,"['0', '0', '0', '0', ['Xue-Mei Su', 'Ruidong Xia', 'Xue Mei Su', 'Hongbo Zhang', 'Abdallah Ali', 'Zhipeng Zhou', 'Lyudmyla Adamska', 'Olivier Namur'], '0']",0.45454545454545453,0.38461538461538464,0.38461538461538464,Xue-Mei Su,BlackPhysicists,BlackPhysicists,author_name_self_score,0.45454545454545453,Xue-Mei Su,46854930
28,10.1000/anon886,Castle,James R.,James,6,6,"['1147988783629053953', '964565527455764481', '904517704781930496', '904500669532405760', '904635100759023616', '904538724914012161']","['45320364', '46854930', '132430810', '606414709', '422672164', '2647053541']","['UGent Bibliography', 'BlackPhysicists', 'HEP - Experiment', 'arXiv hep-ex', 'Dr Michael Reidinger', 'Mike Hance']","['ugentbiblio', 'BlackPhysicists', 'HEPExperPapers', 'hep_ex', 'scimichael', 'hance_mike']",0,"['0', ['Xue-Mei Su', 'Ruidong Xia', 'Xue Mei Su', 'Hongbo Zhang', 'Abdallah Ali', 'Zhipeng Zhou', 'Lyudmyla Adamska', 'Olivier Namur'], '0', '0', '0', '0']",0.45454545454545453,0.38461538461538464,0.4,Xue-Mei Su,BlackPhysicists,hance_mike,author_name_self_score,0.45454545454545453,Xue-Mei Su,46854930
28,10.1000/anon436,Castle,James R.,James,6,6,"['984615145132429313', '1147264068362878976', '919720950836248576', '919883666293014533', '919738866088665088', '920124480793411586']","['46854930', '45320364', '606414709', '912319702403129344', '132430810', '2647053541']","['BlackPhysicists', 'UGent Bibliography', 'arXiv hep-ex', 'arXiv 論文メモ', 'HEP - Experiment', 'Mike Hance']","['BlackPhysicists', 'ugentbiblio', 'hep_ex', 'kavvase', 'HEPExperPapers', 'hance_mike']",0,"[['Xue-Mei Su', 'Ruidong Xia', 'Xue Mei Su', 'Hongbo Zhang', 'Abdallah Ali', 'Zhipeng Zhou', 'Lyudmyla Adamska', 'Olivier Namur'], '0', '0', '0', '0', '0']",0.45454545454545453,0.38461538461538464,0.46153846153846156,Xue-Mei Su,BlackPhysicists,kavvase,tw_handle_self_score,0.46153846153846156,kavvase,912319702403129344
28,10.1000/anon118,Castle,James R.,James,3,3,"['922626407754227712', '989177214016028672', '1148351185168064518']","['606414709', '3249810404', '45320364']","['arXiv hep-ex', 'Nebraska Physics', 'UGent Bibliography']","['hep_ex', 'UNLPhysics', 'ugentbiblio']",0,"['0', '0', '0']",0.0,0.3333333333333333,0.2857142857142857,NULL,arXiv hep-ex,UNLPhysics,tw_name_self_score,0.3333333333333333,arXiv hep-ex,606414709
28,10.1000/anon999,Castle,James R.,James,4,4,"['928085486081515521', '928073725538217984', '1006087721398538245', '928272319109152768']","['132430810', '606414709', '750684963566080000', '751734284092792832']","['HEP - Experiment', 'arXiv hep-ex', 'Hal Toulon', 'arxiv']","['HEPExperPapers', 'hep_ex', 'HAL_Toulon', 'arxiv_org']",0,"['0', '0', '0', '0']",0.0,0.36363636363636365,0.375,NULL,Hal Toulon,HAL_Toulon,tw_handle_self_score,0.375,HAL_Toulon,750684963566080000
28,10.1000/anon185,Castle,James R.,James,4,4,"['1147988770417008641', '894361333298151424', '894387514450038784', '1108403243087003648']","['45320364', '1296726444', '132430810', '207581304']","['UGent Bibliography', 'nuclexp', 'HEP - Experiment', 'UCL Discovery']","['ugentbiblio', 'nuclexp', 'HEPExperPapers', 'ucl_discovery']",0,"['0', '0', '0', '0']",0.0,0.46153846153846156,0.46153846153846156,NULL,nuclexp,nuclexp,tw_name_self_score,0.46153846153846156,nuclexp,1296726444
28,10.1000/anon1114,Castle,James R.,James,2,2,"['1014061718794850304', '1147988799538049025']","['207581304', '45320364']","['UCL Discovery', 'UGent Bibliography']","['ucl_discovery', 'ugentbiblio']",0,"['0', '0']",0.0,0.24,0.3157894736842105,NULL,UCL Discovery,ucl_discovery,tw_handle_self_score,0.3157894736842105,ucl_discovery,207581304
28,10.1000/anon346,Castle,James R.,James,36,36,"['1003682853505454080', '1004470167173287936', '983657449482833920', '1004454433579773953', '1342938357937156100', '1004466545848913922', '983601679408009218', '1003524044866641920', '1003614225091186688', '983621107017244672', '1151976198676914176', '1015914170368180224', '983513892881022976', '983548422555758592', '984594770667409408', '1003611797776039938', '1003618125827461121', '1003641711149699072', '1006174894168649728', '1010469695089098752', '1003746829559894017', '983504481252818944', '1004628284519284736', '1004628284519284736', '1147626379376246784', '983605487315890176', '1004567816597487616', '1003638598992883712', '1003614986667745280', '1015124567579340800', '1004119978948296707', '1009904604539043840', '1003892608240902149', '1003991265745219584', '1003790803964186625', '1003641657483452416']","['164636987', '26788424', '19262013', '162779142', '800412894819061761', '26788424', '26788424', '26788424', '23609848', '88918741', '26788424', '1323525804', '132430810', '2647053541', '979819404614619138', '1296726444', '635641288', '2163712706', '19307085', '896108681225535489', '127822776', '606414709', '3177919586', '3177919586', '45320364', '512563003', '2163827552', '46854930', '423109364', '300167669', '110730767', '36992985', '1283150444', '22913828', '715440461205389312', '775519878']","['IN2P3 Les 2 infinis', 'Freya Blekman @freyablekman@sciencemastodon.com', 'Patrick Tunney', 'tonynetone', 'LPGS Physics Dept', 'Freya Blekman @freyablekman@sciencemastodon.com', 'Freya Blekman @freyablekman@sciencemastodon.com', 'Freya Blekman @freyablekman@sciencemastodon.com', 'Sinéad Griffin', 'Seth Zenz @sethzenz@sciencemastodon.com', 'Freya Blekman @freyablekman@sciencemastodon.com', 'franca ronchese', 'HEP - Experiment', 'Mike Hance', 'Rogerio Rosenfeld', 'nuclexp', 'CHIPP_news', 'Física USFQ', 'Lydalyn', 'UVA Science Pubs', 'HEP-ex @ UniOvi-ICTEA', 'arXiv hep-ex', '田口 健太', '田口 健太', 'UGent Bibliography', 'Greig Cowan', '俺のソース (論文紹介)', 'BlackPhysicists', 'Robert Garisto', 'ᴀsᴛʀᴏᴄᴏʀᴜs', 'Umberto Genovese', 'Hugh Ross', 'Maurizio Pierini', 'AlvaroS', 'Sung Lee', 'itsuki(Suekichi)']","['IN2P3_CNRS', 'freyablekman', 'pjtunney', 'tonylean', 'LPGS_Physics', 'freyablekman', 'freyablekman', 'freyablekman', 'sineatrix', 'sethzenz', 'freyablekman', 'francaronchese', 'HEPExperPapers', 'hance_mike', 'RogRosenfeld', 'nuclexp', 'CHIPP_news', 'FisicaUSFQ', 'Lydalyn', 'UvaScience_Pubs', 'UniOvi_HEPex', 'hep_ex', 'kentagch', 'kentagch', 'ugentbiblio', 'GreigCowan', 'OrenoSource', 'BlackPhysicists', 'RobertGaristo', 'Corrado_Ruscica', 'UmbyWanKenobi', 'RTB_HRoss', 'xmpierinix', 'AlvaroAlvaro', 'geomphys', 'holographic_mh']",0,"['0', ['Freya Blekman'], '0', '0', '0', ['Freya Blekman'], ['Freya Blekman'], ['Freya Blekman'], ['Sinéad M. Griffin'], '0', ['Freya Blekman'], ['Franca Ronchese'], '0', '0', '0', '0', '0', '0', '0', '0', '0', '0', '0', '0', '0', '0', '0', ['Xue-Mei Su', 'Ruidong Xia', 'Xue Mei Su', 'Hongbo Zhang', 'Abdallah Ali', 'Zhipeng Zhou', 'Lyudmyla Adamska', 'Olivier Namur'], ['Null'], '0', '0', ['Null'], ['Maurizio Pierini'], '0', '0', '0']",0.45454545454545453,0.46153846153846156,0.46153846153846156,Xue-Mei Su,nuclexp,nuclexp,tw_name_self_score,0.46153846153846156,nuclexp,1296726444
28,10.1000/anon917,Castle,James R.,James,5,5,"['985095894688137216', '973453684989448192', '973360442864058368', '1146901635530203137', '973377747383808000']","['96527485', '422672164', '606414709', '45320364', '132430810']","['w a t w a', 'Dr Michael Reidinger', 'arXiv hep-ex', 'UGent Bibliography', 'HEP - Experiment']","['w_a_t_w_a', 'scimichael', 'hep_ex', 'ugentbiblio', 'HEPExperPapers']",0,"['0', '0', '0', '0', '0']",0.0,0.38095238095238093,0.38095238095238093,NULL,w a t w a,scimichael,tw_name_self_score,0.38095238095238093,w a t w a,96527485
28,10.1000/anon752,Castle,James R.,James,4,4,"['976167562768654336', '1147264059781341184', '975897107952418817', '981797809878851584']","['3326958650', '45320364', '606414709', '132430810']","['Hogwarts Science', 'UGent Bibliography', 'arXiv hep-ex', 'HEP - Experiment']","['HogwartsScience', 'ugentbiblio', 'hep_ex', 'HEPExperPapers']",0,"['0', '0', '0', '0']",0.0,0.35714285714285715,0.3157894736842105,NULL,Hogwarts Science,HEPExperPapers,tw_name_self_score,0.35714285714285715,Hogwarts Science,3326958650
28,10.1000/anon170,Castle,James R.,James,4,4,"['945833750696402944', '951525752524197890', '945840329525039104', '1009824340198608898']","['1296726444', '896407693753282560', '137530074', '3326958650']","['nuclexp', 'CMS results', 'Nuclear Experiments', 'Hogwarts Science']","['nuclexp', 'CMS_results', 'NuclearPapers', 'HogwartsScience']",0,"['0', '0', '0', '0']",0.0,0.46153846153846156,0.5,NULL,nuclexp,NuclearPapers,tw_handle_self_score,0.5,NuclearPapers,137530074
28,10.1000/anon332,Castle,James R.,James,11,11,"['1022022184208883712', '1022738498137325568', '1146901630161477634', '1026727731629838336', '1026711168449167362', '1006444394294272000', '1006334730889879553', '1006343362151047168', '1007020728678412290', '1006360607233314821', '1006477896758808576']","['973730216', '26788424', '45320364', '839104540985151490', '798148064930394112', '20097304', '606414709', '132430810', '751734284092792832', '428032842', '2326770757']","['CMS Publications', 'Freya Blekman @freyablekman@sciencemastodon.com', 'UGent Bibliography', 'IPPP Durham', 'Niels Tuning', 'Mick Mulder', 'arXiv hep-ex', 'HEP - Experiment', 'arxiv', 'Oleg Sablin', 'Patrick Koppenburg 🐧']","['CMSpapers', 'freyablekman', 'ugentbiblio', 'IPPP_Durham', 'Niels_Tuning', 'mmulderphysics', 'hep_ex', 'HEPExperPapers', 'arxiv_org', 'OSablin', 'PKoppenburg']",0,"['0', ['Freya Blekman'], '0', '0', ['Niels Tuning'], '0', '0', '0', '0', '0', ['Patrick Koppenburg']]",0.3333333333333333,0.34782608695652173,0.42857142857142855,Niels Tuning,Oleg Sablin,CMSpapers,tw_handle_self_score,0.42857142857142855,CMSpapers,973730216
28,10.1000/anon389,Castle,James R.,James,7,7,"['981802989835894784', '1147264058380435456', '978311695041875973', '978065539514822656', '978110922978869248', '978095115112652801', '978674080646746112']","['132430810', '45320364', '3326958650', '606414709', '1271916638', '3153541647', '3326958650']","['HEP - Experiment', 'UGent Bibliography', 'Hogwarts Science', 'arXiv hep-ex', 'Gordon Watts', 'Rebeca Gonzalez Suarez', 'Hogwarts Science']","['HEPExperPapers', 'ugentbiblio', 'HogwartsScience', 'hep_ex', 'SeattleGordon', '1cRebeca', 'HogwartsScience']",0,"['0', '0', '0', '0', ['Gordon Watts'], ['Rebeca Gonzalez Suarez'], '0']",0.4117647058823529,0.4117647058823529,0.42105263157894735,Rebeca Gonzalez Suarez,Rebeca Gonzalez Suarez,SeattleGordon,tw_handle_self_score,0.42105263157894735,SeattleGordon,1271916638
28,10.1000/anon126,Castle,James R.,James,6,6,"['1013469329898328064', '1021631343799631872', '1021624625833435137', '951525568775950336', '945842568499052549', '945830886875938817']","['46854930', '768218268897206272', '46854930', '896407693753282560', '132430810', '606414709']","['BlackPhysicists', 'R. Scott Love', 'BlackPhysicists', 'CMS results', 'HEP - Experiment', 'arXiv hep-ex']","['BlackPhysicists', 'TheScottLove', 'BlackPhysicists', 'CMS_results', 'HEPExperPapers', 'hep_ex']",0,"[['Xue-Mei Su', 'Ruidong Xia', 'Xue Mei Su', 'Hongbo Zhang', 'Abdallah Ali', 'Zhipeng Zhou', 'Lyudmyla Adamska', 'Olivier Namur'], '0', ['Xue-Mei Su', 'Ruidong Xia', 'Xue Mei Su', 'Hongbo Zhang', 'Abdallah Ali', 'Zhipeng Zhou', 'Lyudmyla Adamska', 'Olivier Namur'], '0', '0', '0']",0.45454545454545453,0.42857142857142855,0.5217391304347826,Xue-Mei Su,CMS results,TheScottLove,tw_handle_self_score,0.5217391304347826,TheScottLove,768218268897206272
28,10.1000/anon971,Castle,James R.,James,12,12,"['1014882781283807232', '1014882781283807232', '983043396087332869', '982207355826847745', '982051792857874432', '982204661607247873', '1147264057063481344', '982569732783026176', '982059736936796162', '982092479951286273', '1003665747933974528', '982932118941519877']","['3326958650', '3326958650', '751734284092792832', '3326958650', '606414709', '422672164', '45320364', '3326958650', '132430810', '2647053541', '96527485', '3326958650']","['Hogwarts Science', 'Hogwarts Science', 'arxiv', 'Hogwarts Science', 'arXiv hep-ex', 'Dr Michael Reidinger', 'UGent Bibliography', 'Hogwarts Science', 'HEP - Experiment', 'Mike Hance', 'w a t w a', 'Hogwarts Science']","['HogwartsScience', 'HogwartsScience', 'arxiv_org', 'HogwartsScience', 'hep_ex', 'scimichael', 'ugentbiblio', 'HogwartsScience', 'HEPExperPapers', 'hance_mike', 'w_a_t_w_a', 'HogwartsScience']",0,"['0', '0', '0', '0', '0', '0', '0', '0', '0', '0', '0', '0']",0.0,0.38095238095238093,0.4,NULL,w a t w a,hance_mike,tw_handle_self_score,0.4,hance_mike,2647053541
28,10.1000/anon439,Castle,James R.,James,1,1,['1147626385550336000'],['45320364'],['UGent Bibliography'],['ugentbiblio'],0,['0'],0.0,0.06666666666666667,0.2727272727272727,NULL,UGent Bibliography,ugentbiblio,tw_handle_self_score,0.2727272727272727,ugentbiblio,45320364
28,10.1000/anon469,Castle,James R.,James,7,7,"['1148351197658718208', '913251899624660992', '974984735775535104', '913202830445494272', '913206768561352704', '913336178098634752', '913525083703984128']","['45320364', '426341869', '896108681225535489', '132430810', '1296726444', '751734284092792832', '96527485']","['UGent Bibliography', 'Takeshi Osada', 'UVA Science Pubs', 'HEP - Experiment', 'nuclexp', 'arxiv', 'w a t w a']","['ugentbiblio', 'osada1967', 'UvaScience_Pubs', 'HEPExperPapers', 'nuclexp', 'arxiv_org', 'w_a_t_w_a']",0,"['0', ['Null'], '0', '0', '0', '0', '0']",0.2,0.46153846153846156,0.46153846153846156,Null,nuclexp,nuclexp,tw_name_self_score,0.46153846153846156,nuclexp,1296726444
28,10.1000/anon184,Castle,James R.,James,4,4,"['932789896867016704', '925897180178554880', '925881635073007616', '926292382772903936']","['96527485', '132430810', '606414709', '2647053541']","['w a t w a', 'HEP - Experiment', 'arXiv hep-ex', 'Mike Hance']","['w_a_t_w_a', 'HEPExperPapers', 'hep_ex', 'hance_mike']",0,"['0', '0', '0', '0']",0.0,0.38095238095238093,0.4,NULL,w a t w a,hance_mike,tw_handle_self_score,0.4,hance_mike,2647053541
28,10.1000/anon41,Castle,James R.,James,8,8,"['926243963589115904', '926254320726679552', '964221917157822464', '926393608273580032', '926287946189172736', '1148713559326646272', '927026604672409601', '930201438247993344']","['606414709', '132430810', '1514365212', '1514365212', '2647053541', '45320364', '751734284092792832', '96527485']","['arXiv hep-ex', 'HEP - Experiment', 'Steven Lowette', 'Steven Lowette', 'Mike Hance', 'UGent Bibliography', 'arxiv', 'w a t w a']","['hep_ex', 'HEPExperPapers', 'StevenLowette', 'StevenLowette', 'hance_mike', 'ugentbiblio', 'arxiv_org', 'w_a_t_w_a']",0,"['0', '0', ['S. Lowette', 'Steven Lowette'], ['S. Lowette', 'Steven Lowette'], '0', '0', '0', '0']",0.38461538461538464,0.38461538461538464,0.42105263157894735,Steven Lowette,Steven Lowette,StevenLowette,tw_handle_self_score,0.42105263157894735,StevenLowette,1514365212
28,10.1000/anon551,Castle,James R.,James,7,7,"['908613731898273792', '1148713575889940491', '909775279395971078', '968158717433675776', '908486951153442816', '908505870912258048', '908532262366363648']","['422672164', '45320364', '751734284092792832', '3249810404', '606414709', '132430810', '2647053541']","['Dr Michael Reidinger', 'UGent Bibliography', 'arxiv', 'Nebraska Physics', 'arXiv hep-ex', 'HEP - Experiment', 'Mike Hance']","['scimichael', 'ugentbiblio', 'arxiv_org', 'UNLPhysics', 'hep_ex', 'HEPExperPapers', 'hance_mike']",0,"['0', '0', '0', '0', '0', '0', '0']",0.0,0.36363636363636365,0.4,NULL,Mike Hance,hance_mike,tw_handle_self_score,0.4,hance_mike,2647053541
28,10.1000/anon276,Castle,James R.,James,5,5,"['909948249829552128', '974589268872937472', '911090222489677824', '1148351199428710403', '909942607765135360']","['132430810', '896108681225535489', '2647053541', '45320364', '606414709']","['HEP - Experiment', 'UVA Science Pubs', 'Mike Hance', 'UGent Bibliography', 'arXiv hep-ex']","['HEPExperPapers', 'UvaScience_Pubs', 'hance_mike', 'ugentbiblio', 'hep_ex']",0,"['0', '0', '0', '0', '0']",0.0,0.36363636363636365,0.4,NULL,Mike Hance,hance_mike,tw_handle_self_score,0.4,hance_mike,2647053541
28,10.1000/anon679,Castle,James R.,James,4,4,"['902241274815586304', '901963873170817025', '901975710486720513', '1147988793942843392']","['751734284092792832', '606414709', '132430810', '45320364']","['arxiv', 'arXiv hep-ex', 'HEP - Experiment', 'UGent Bibliography']","['arxiv_org', 'hep_ex', 'HEPExperPapers', 'ugentbiblio']",0,"['0', '0', '0', '0']",0.0,0.3333333333333333,0.3157894736842105,NULL,arXiv hep-ex,HEPExperPapers,tw_name_self_score,0.3333333333333333,arXiv hep-ex,606414709
28,10.1000/anon989,Castle,James R.,James,5,5,"['925179454179172352', '925163015414063104', '975900037619310592', '1147626402344243200', '925478541130526720']","['132430810', '606414709', '46854930', '45320364', '3326958650']","['HEP - Experiment', 'arXiv hep-ex', 'BlackPhysicists', 'UGent Bibliography', 'Hogwarts Science']","['HEPExperPapers', 'hep_ex', 'BlackPhysicists', 'ugentbiblio', 'HogwartsScience']",0,"['0', '0', ['Xue-Mei Su', 'Ruidong Xia', 'Xue Mei Su', 'Hongbo Zhang', 'Abdallah Ali', 'Zhipeng Zhou', 'Lyudmyla Adamska', 'Olivier Namur'], '0', '0']",0.45454545454545453,0.38461538461538464,0.38461538461538464,Xue-Mei Su,BlackPhysicists,BlackPhysicists,author_name_self_score,0.45454545454545453,Xue-Mei Su,46854930
28,10.1000/anon605,Castle,James R.,James,3,3,"['1147988768995139585', '964009227038605312', '963949807386615810']","['45320364', '132430810', '606414709']","['UGent Bibliography', 'HEP - Experiment', 'arXiv hep-ex']","['ugentbiblio', 'HEPExperPapers', 'hep_ex']",0,"['0', '0', '0']",0.0,0.3333333333333333,0.3157894736842105,NULL,arXiv hep-ex,HEPExperPapers,tw_name_self_score,0.3333333333333333,arXiv hep-ex,606414709
28,10.1000/anon1167,Castle,James R.,James,3,3,"['895339982641954816', '895095471026434051', '895078561807085568']","['3326958650', '132430810', '606414709']","['Hogwarts Science', 'HEP - Experiment', 'arXiv hep-ex']","['HogwartsScience', 'HEPExperPapers', 'hep_ex']",0,"['0', '0', '0']",0.0,0.35714285714285715,0.3157894736842105,NULL,Hogwarts Science,HEPExperPapers,tw_name_self_score,0.35714285714285715,Hogwarts Science,3326958650
28,10.1000/anon681,Castle,James R.,James,7,7,"['931012188503863296', '949426027033489410', '1148351194026446856', '930629090356338688', '930629090356338688', '938940989908987904', '930654409381441536']","['2647053541', '896407693753282560', '45320364', '606414709', '606414709', '96527485', '132430810']","['Mike Hance', 'CMS results', 'UGent Bibliography', 'arXiv hep-ex', 'arXiv hep-ex', 'w a t w a', 'HEP - Experiment']","['hance_mike', 'CMS_results', 'ugentbiblio', 'hep_ex', 'hep_ex', 'w_a_t_w_a', 'HEPExperPapers']",0,"['0', '0', '0', '0', '0', '0', '0']",0.0,0.42857142857142855,0.4,NULL,CMS results,hance_mike,tw_name_self_score,0.42857142857142855,CMS results,896407693753282560
28,10.1000/anon208,Castle,James R.,James,7,7,"['933523841778778112', '933795671550738432', '933937708023529472', '949754940075008001', '972255522446626816', '933509362080915458', '1147626395679559681']","['132430810', '2647053541', '751734284092792832', '896407693753282560', '46854930', '606414709', '45320364']","['HEP - Experiment', 'Mike Hance', 'arxiv', 'CMS results', 'BlackPhysicists', 'arXiv hep-ex', 'UGent Bibliography']","['HEPExperPapers', 'hance_mike', 'arxiv_org', 'CMS_results', 'BlackPhysicists', 'hep_ex', 'ugentbiblio']",0,"['0', '0', '0', '0', ['Xue-Mei Su', 'Ruidong Xia', 'Xue Mei Su', 'Hongbo Zhang', 'Abdallah Ali', 'Zhipeng Zhou', 'Lyudmyla Adamska', 'Olivier Namur'], '0', '0']",0.45454545454545453,0.42857142857142855,0.4,Xue-Mei Su,CMS results,hance_mike,author_name_self_score,0.45454545454545453,Xue-Mei Su,46854930
28,10.1000/anon930,Castle,James R.,James,7,7,"['913962682797064192', '913743609211449345', '976600126578978816', '1147626403984224258', '913572627339370496', '913560920978100225', '914042763271741440']","['96527485', '912319702403129344', '46854930', '45320364', '132430810', '606414709', '751734284092792832']","['w a t w a', 'arXiv 論文メモ', 'BlackPhysicists', 'UGent Bibliography', 'HEP - Experiment', 'arXiv hep-ex', 'arxiv']","['w_a_t_w_a', 'kavvase', 'BlackPhysicists', 'ugentbiblio', 'HEPExperPapers', 'hep_ex', 'arxiv_org']",0,"['0', '0', ['Xue-Mei Su', 'Ruidong Xia', 'Xue Mei Su', 'Hongbo Zhang', 'Abdallah Ali', 'Zhipeng Zhou', 'Lyudmyla Adamska', 'Olivier Namur'], '0', '0', '0', '0']",0.45454545454545453,0.38461538461538464,0.46153846153846156,Xue-Mei Su,BlackPhysicists,kavvase,tw_handle_self_score,0.46153846153846156,kavvase,912319702403129344
28,10.1000/anon954,Castle,James R.,James,5,5,"['961196095819931648', '960688424301731840', '960700120416231424', '1147988772019167233', '972667525132468224']","['896407693753282560', '606414709', '132430810', '45320364', '96527485']","['CMS results', 'arXiv hep-ex', 'HEP - Experiment', 'UGent Bibliography', 'w a t w a']","['CMS_results', 'hep_ex', 'HEPExperPapers', 'ugentbiblio', 'w_a_t_w_a']",0,"['0', '0', '0', '0', '0']",0.0,0.42857142857142855,0.375,NULL,CMS results,CMS_results,tw_name_self_score,0.42857142857142855,CMS results,896407693753282560
28,10.1000/anon1131,Castle,James R.,James,4,4,"['969540031680425987', '969447762482769920', '1147988781519265792', '1006087695284801537']","['751734284092792832', '137530074', '45320364', '750684963566080000']","['arxiv', 'Nuclear Experiments', 'UGent Bibliography', 'Hal Toulon']","['arxiv_org', 'NuclearPapers', 'ugentbiblio', 'HAL_Toulon']",0,"['0', '0', '0', '0']",0.0,0.45161290322580644,0.5,NULL,Nuclear Experiments,NuclearPapers,tw_handle_self_score,0.5,NuclearPapers,137530074
28,10.1000/anon517,Castle,James R.,James,7,7,"['987385291253125122', '1147264070606872577', '933468927090290688', '949426082566017024', '930658175937859585', '938234764682653697', '930629127006183424']","['46854930', '45320364', '96527485', '896407693753282560', '132430810', '96527485', '606414709']","['BlackPhysicists', 'UGent Bibliography', 'w a t w a', 'CMS results', 'HEP - Experiment', 'w a t w a', 'arXiv hep-ex']","['BlackPhysicists', 'ugentbiblio', 'w_a_t_w_a', 'CMS_results', 'HEPExperPapers', 'w_a_t_w_a', 'hep_ex']",0,"[['Xue-Mei Su', 'Ruidong Xia', 'Xue Mei Su', 'Hongbo Zhang', 'Abdallah Ali', 'Zhipeng Zhou', 'Lyudmyla Adamska', 'Olivier Namur'], '0', '0', '0', '0', '0', '0']",0.45454545454545453,0.42857142857142855,0.38461538461538464,Xue-Mei Su,CMS results,BlackPhysicists,author_name_self_score,0.45454545454545453,Xue-Mei Su,46854930
28,10.1000/anon485,Castle,James R.,James,6,6,"['928798406587301888', '949408571455868928', '1148351174191570945', '929069009957351424', '928914208405835776', '928805993466564610']","['606414709', '896407693753282560', '45320364', '751734284092792832', '3153541647', '132430810']","['arXiv hep-ex', 'CMS results', 'UGent Bibliography', 'arxiv', 'Rebeca Gonzalez Suarez', 'HEP - Experiment']","['hep_ex', 'CMS_results', 'ugentbiblio', 'arxiv_org', '1cRebeca', 'HEPExperPapers']",0,"['0', '0', '0', '0', ['Rebeca Gonzalez Suarez'], '0']",0.4117647058823529,0.42857142857142855,0.375,Rebeca Gonzalez Suarez,CMS results,CMS_results,tw_name_self_score,0.42857142857142855,CMS results,896407693753282560
28,10.1000/anon868,Castle,James R.,James,7,7,"['949794156133613568', '936289819050745856', '940436331494227968', '1148351188397678595', '936061905768038401', '960300208268726272', '936046426630397953']","['896407693753282560', '3326958650', '96527485', '45320364', '132430810', '46854930', '606414709']","['CMS results', 'Hogwarts Science', 'w a t w a', 'UGent Bibliography', 'HEP - Experiment', 'BlackPhysicists', 'arXiv hep-ex']","['CMS_results', 'HogwartsScience', 'w_a_t_w_a', 'ugentbiblio', 'HEPExperPapers', 'BlackPhysicists', 'hep_ex']",0,"['0', '0', '0', '0', '0', ['Xue-Mei Su', 'Ruidong Xia', 'Xue Mei Su', 'Hongbo Zhang', 'Abdallah Ali', 'Zhipeng Zhou', 'Lyudmyla Adamska', 'Olivier Namur'], '0']",0.45454545454545453,0.42857142857142855,0.38461538461538464,Xue-Mei Su,CMS results,BlackPhysicists,author_name_self_score,0.45454545454545453,Xue-Mei Su,46854930
28,10.1000/anon626,Castle,James R.,James,7,7,"['998238228791611392', '968298666380345344', '968333040383660032', '968319966389985285', '1147626397327876099', '1147626397327876099', '983161345787936768']","['1283150444', '606414709', '2647053541', '132430810', '45320364', '45320364', '96527485']","['Maurizio Pierini', 'arXiv hep-ex', 'Mike Hance', 'HEP - Experiment', 'UGent Bibliography', 'UGent Bibliography', 'w a t w a']","['xmpierinix', 'hep_ex', 'hance_mike', 'HEPExperPapers', 'ugentbiblio', 'ugentbiblio', 'w_a_t_w_a']",0,"[['Maurizio Pierini'], '0', '0', '0', '0', '0', '0']",0.14285714285714285,0.38095238095238093,0.4,Maurizio Pierini,w a t w a,hance_mike,tw_handle_self_score,0.4,hance_mike,2647053541
28,10.1000/anon983,Castle,James R.,James,3,3,"['917552735116865536', '917712361636503552', '917565356440350720']","['606414709', '751734284092792832', '132430810']","['arXiv hep-ex', 'arxiv', 'HEP - Experiment']","['hep_ex', 'arxiv_org', 'HEPExperPapers']",0,"['0', '0', '0']",0.0,0.3333333333333333,0.3157894736842105,NULL,arXiv hep-ex,HEPExperPapers,tw_name_self_score,0.3333333333333333,arXiv hep-ex,606414709
28,10.1000/anon295,Castle,James R.,James,6,6,"['965806529671647232', '966025740255862784', '965771470684045313', '1147626391502053378', '1003953073679577090', '965761758584451072']","['2647053541', '751734284092792832', '132430810', '45320364', '896108681225535489', '606414709']","['Mike Hance', 'arxiv', 'HEP - Experiment', 'UGent Bibliography', 'UVA Science Pubs', 'arXiv hep-ex']","['hance_mike', 'arxiv_org', 'HEPExperPapers', 'ugentbiblio', 'UvaScience_Pubs', 'hep_ex']",0,"['0', '0', '0', '0', '0', '0']",0.0,0.36363636363636365,0.4,NULL,Mike Hance,hance_mike,tw_handle_self_score,0.4,hance_mike,2647053541
28,10.1000/anon331,Castle,James R.,James,7,7,"['1027979983686393856', '961070107052064768', '961087620301299712', '968678959100575744', '961098249078804480', '1147988779682189312', '961050729606660096']","['223144852', '132430810', '2647053541', '96527485', '3326958650', '45320364', '606414709']","['Suchita Kulkarni', 'HEP - Experiment', 'Mike Hance', 'w a t w a', 'Hogwarts Science', 'UGent Bibliography', 'arXiv hep-ex']","['suchi_kulkarni', 'HEPExperPapers', 'hance_mike', 'w_a_t_w_a', 'HogwartsScience', 'ugentbiblio', 'hep_ex']",0,"['0', '0', '0', '0', '0', '0', '0']",0.0,0.38095238095238093,0.4,NULL,w a t w a,hance_mike,tw_handle_self_score,0.4,hance_mike,2647053541
28,10.1000/anon418,Castle,James R.,James,5,5,"['915744468854218752', '1147988801974755328', '966367492758228994', '917049556294098949', '915734569936023552']","['132430810', '45320364', '46854930', '96527485', '606414709']","['HEP - Experiment', 'UGent Bibliography', 'BlackPhysicists', 'w a t w a', 'arXiv hep-ex']","['HEPExperPapers', 'ugentbiblio', 'BlackPhysicists', 'w_a_t_w_a', 'hep_ex']",0,"['0', '0', ['Xue-Mei Su', 'Ruidong Xia', 'Xue Mei Su', 'Hongbo Zhang', 'Abdallah Ali', 'Zhipeng Zhou', 'Lyudmyla Adamska', 'Olivier Namur'], '0', '0']",0.45454545454545453,0.38461538461538464,0.38461538461538464,Xue-Mei Su,BlackPhysicists,BlackPhysicists,author_name_self_score,0.45454545454545453,Xue-Mei Su,46854930
28,10.1000/anon635,Castle,James R.,James,7,7,"['1577955895547514885', '1168558692658118656', '969087229304897536', '892553150699368452', '1147988788741849093', '892541751948328960', '897011111312187392']","['1037996823435194368', '53237735', '46854930', '132430810', '45320364', '606414709', '244881610']","['James Kerwin', 'だい⊿', 'BlackPhysicists', 'HEP - Experiment', 'UGent Bibliography', 'arXiv hep-ex', 'André David']","['JamesKerwin9', 'daisuzu', 'BlackPhysicists', 'HEPExperPapers', 'ugentbiblio', 'hep_ex', 'DrAndreDavid']",0,"['0', '0', ['Xue-Mei Su', 'Ruidong Xia', 'Xue Mei Su', 'Hongbo Zhang', 'Abdallah Ali', 'Zhipeng Zhou', 'Lyudmyla Adamska', 'Olivier Namur'], '0', '0', '0', ['Andre David', 'A. David']]",0.45454545454545453,0.5833333333333334,0.5882352941176471,Xue-Mei Su,James Kerwin,JamesKerwin9,tw_handle_self_score,0.5882352941176471,JamesKerwin9,1037996823435194368
28,10.1000/anon177,Castle,James R.,James,9,9,"['968401060137123840', '961814044121300993', '962896639034716160', '961775594663890944', '961989122607861761', '961787098335358976', '962713894555762689', '961945250607648768', '962351507092860928']","['96527485', '2647053541', '751734284092792832', '606414709', '3326958650', '132430810', '3326958650', '17588349', '3326958650']","['w a t w a', 'Mike Hance', 'arxiv', 'arXiv hep-ex', 'Hogwarts Science', 'HEP - Experiment', 'Hogwarts Science', 'Richard Ruiz 🦖, PhD', 'Hogwarts Science']","['w_a_t_w_a', 'hance_mike', 'arxiv_org', 'hep_ex', 'HogwartsScience', 'HEPExperPapers', 'HogwartsScience', 'bravelittlemuon', 'HogwartsScience']",0,"['0', '0', '0', '0', '0', '0', '0', ['Richard Ruiz'], '0']",0.25,0.38095238095238093,0.4,Richard Ruiz,w a t w a,hance_mike,tw_handle_self_score,0.4,hance_mike,2647053541
28,10.1000/anon1134,Castle,James R.,James,6,6,"['884744677634834432', '1148351183335149570', '960554671940120576', '958490122382643200', '884749164093075457', '884569578696622080']","['48391651', '45320364', '3326958650', '46854930', '132430810', '606414709']","['Stephen Sekula', 'UGent Bibliography', 'Hogwarts Science', 'BlackPhysicists', 'HEP - Experiment', 'arXiv hep-ex']","['drsekula', 'ugentbiblio', 'HogwartsScience', 'BlackPhysicists', 'HEPExperPapers', 'hep_ex']",0,"['0', '0', '0', ['Xue-Mei Su', 'Ruidong Xia', 'Xue Mei Su', 'Hongbo Zhang', 'Abdallah Ali', 'Zhipeng Zhou', 'Lyudmyla Adamska', 'Olivier Namur'], '0', '0']",0.45454545454545453,0.38461538461538464,0.38461538461538464,Xue-Mei Su,BlackPhysicists,BlackPhysicists,author_name_self_score,0.45454545454545453,Xue-Mei Su,46854930
28,10.1000/anon718,Castle,James R.,James,5,5,"['948414024693116928', '948373549630177280', '951748487653330944', '948367343352074240', '1006087719263629312']","['2647053541', '132430810', '896407693753282560', '606414709', '750684963566080000']","['Mike Hance', 'HEP - Experiment', 'CMS results', 'arXiv hep-ex', 'Hal Toulon']","['hance_mike', 'HEPExperPapers', 'CMS_results', 'hep_ex', 'HAL_Toulon']",0,"['0', '0', '0', '0', '0']",0.0,0.42857142857142855,0.4,NULL,CMS results,hance_mike,tw_name_self_score,0.42857142857142855,CMS results,896407693753282560
28,10.1000/anon710,Castle,James R.,James,7,7,"['1147264075673612289', '1147264075673612289', '893611106081665024', '1006087703446859777', '893266726774726656', '894074016662568960', '893270814987960321']","['45320364', '45320364', '46854930', '750684963566080000', '606414709', '751734284092792832', '132430810']","['UGent Bibliography', 'UGent Bibliography', 'BlackPhysicists', 'Hal Toulon', 'arXiv hep-ex', 'arxiv', 'HEP - Experiment']","['ugentbiblio', 'ugentbiblio', 'BlackPhysicists', 'HAL_Toulon', 'hep_ex', 'arxiv_org', 'HEPExperPapers']",0,"['0', '0', ['Xue-Mei Su', 'Ruidong Xia', 'Xue Mei Su', 'Hongbo Zhang', 'Abdallah Ali', 'Zhipeng Zhou', 'Lyudmyla Adamska', 'Olivier Namur'], '0', '0', '0', '0']",0.45454545454545453,0.38461538461538464,0.38461538461538464,Xue-Mei Su,BlackPhysicists,BlackPhysicists,author_name_self_score,0.45454545454545453,Xue-Mei Su,46854930
28,10.1000/anon678,Castle,James R.,James,11,11,"['981230171259891714', '903854019260563456', '986994083334778881', '989569931187388416', '1147988792042754050', '903418356409163776', '981187187134746624', '981255696514801664', '981256049469591553', '981185764926124032', '903424938882752512']","['3039504459', '751734284092792832', '3249810404', '896108681225535489', '45320364', '137530074', '1296726444', '377362560', '1163712553', '46854930', '1296726444']","['Physical Review Letters', 'arxiv', 'Nebraska Physics', 'UVA Science Pubs', 'UGent Bibliography', 'Nuclear Experiments', 'nuclexp', 'Carlos A. Salgado', 'Tristan du Pree', 'BlackPhysicists', 'nuclexp']","['PhysRevLett', 'arxiv_org', 'UNLPhysics', 'UvaScience_Pubs', 'ugentbiblio', 'NuclearPapers', 'nuclexp', 'CASsalgado', 'Tristan_duPree', 'BlackPhysicists', 'nuclexp']",0,"['0', '0', '0', '0', '0', '0', '0', ['Null'], '0', ['Xue-Mei Su', 'Ruidong Xia', 'Xue Mei Su', 'Hongbo Zhang', 'Abdallah Ali', 'Zhipeng Zhou', 'Lyudmyla Adamska', 'Olivier Namur'], '0']",0.45454545454545453,0.46153846153846156,0.5,Xue-Mei Su,nuclexp,NuclearPapers,tw_handle_self_score,0.5,NuclearPapers,137530074
28,10.1000/anon470,Castle,James R.,James,4,4,"['1003953069359370240', '896897671549431808', '896900481074647041', '1147626390042415106']","['896108681225535489', '1296726444', '137530074', '45320364']","['UVA Science Pubs', 'nuclexp', 'Nuclear Experiments', 'UGent Bibliography']","['UvaScience_Pubs', 'nuclexp', 'NuclearPapers', 'ugentbiblio']",0,"['0', '0', '0', '0']",0.0,0.46153846153846156,0.5,NULL,nuclexp,NuclearPapers,tw_handle_self_score,0.5,NuclearPapers,137530074
28,10.1000/anon69,Castle,James R.,James,7,7,"['1003953065207087104', '942947514398814208', '1147626388414980103', '1003917464646897664', '942932044673191936', '1006087712393322496', '951163384912850944']","['896108681225535489', '132430810', '45320364', '331603112', '606414709', '750684963566080000', '896407693753282560']","['UVA Science Pubs', 'HEP - Experiment', 'UGent Bibliography', 'H Stiles', 'arXiv hep-ex', 'Hal Toulon', 'CMS results']","['UvaScience_Pubs', 'HEPExperPapers', 'ugentbiblio', 'HStiles1', 'hep_ex', 'HAL_Toulon', 'CMS_results']",0,"['0', '0', '0', '0', '0', '0', '0']",0.0,0.5,0.5714285714285714,NULL,H Stiles,HStiles1,tw_handle_self_score,0.5714285714285714,HStiles1,331603112
28,10.1000/anon507,Castle,James R.,James,9,9,"['979554473801428994', '979515099256795136', '980633993509969920', '980184039452680192', '981808188633657344', '1147626400649744384', '980546567596724224', '979821647992516608', '979626489581920256']","['2647053541', '606414709', '751734284092792832', '3326958650', '132430810', '45320364', '3326958650', '3326958650', '422672164']","['Mike Hance', 'arXiv hep-ex', 'arxiv', 'Hogwarts Science', 'HEP - Experiment', 'UGent Bibliography', 'Hogwarts Science', 'Hogwarts Science', 'Dr Michael Reidinger']","['hance_mike', 'hep_ex', 'arxiv_org', 'HogwartsScience', 'HEPExperPapers', 'ugentbiblio', 'HogwartsScience', 'HogwartsScience', 'scimichael']",0,"['0', '0', '0', '0', '0', '0', '0', '0', '0']",0.0,0.36363636363636365,0.4,NULL,Mike Hance,hance_mike,tw_handle_self_score,0.4,hance_mike,2647053541
28,10.1000/anon306,Castle,James R.,James,6,6,"['876968057658195968', '1129417658414305286', '876959272050933760', '1475959260995624960', '989569935079702530', '876973726885007360']","['1296726444', '207581304', '606414709', '966084221826748416', '896108681225535489', '137530074']","['nuclexp', 'UCL Discovery', 'arXiv hep-ex', 'Prof. dr Odliveni Mozak - Genius 🥇✈️', 'UVA Science Pubs', 'Nuclear Experiments']","['nuclexp', 'ucl_discovery', 'hep_ex', 'BogOtac18', 'UvaScience_Pubs', 'NuclearPapers']",0,"['0', '0', '0', '0', '0', '0']",0.0,0.46153846153846156,0.5,NULL,nuclexp,NuclearPapers,tw_handle_self_score,0.5,NuclearPapers,137530074
28,10.1000/anon1039,Castle,James R.,James,7,7,"['951748565537259520', '1146901637157597190', '950190216161079296', '950226631741722625', '950271781431996418', '1009962798510755840', '950179242846777344']","['896407693753282560', '45320364', '132430810', '3326958650', '2647053541', '46854930', '606414709']","['CMS results', 'UGent Bibliography', 'HEP - Experiment', 'Hogwarts Science', 'Mike Hance', 'BlackPhysicists', 'arXiv hep-ex']","['CMS_results', 'ugentbiblio', 'HEPExperPapers', 'HogwartsScience', 'hance_mike', 'BlackPhysicists', 'hep_ex']",0,"['0', '0', '0', '0', '0', ['Xue-Mei Su', 'Ruidong Xia', 'Xue Mei Su', 'Hongbo Zhang', 'Abdallah Ali', 'Zhipeng Zhou', 'Lyudmyla Adamska', 'Olivier Namur'], '0']",0.45454545454545453,0.42857142857142855,0.4,Xue-Mei Su,CMS results,hance_mike,author_name_self_score,0.45454545454545453,Xue-Mei Su,46854930
28,10.1000/anon810,Castle,James R.,James,8,8,"['945455187568635904', '945455187568635904', '945817576784871424', '1147626380764618754', '951397136725356544', '945597718251966464', '945117988558008320', '1018072654430040064']","['3326958650', '3326958650', '3326958650', '45320364', '896407693753282560', '606414709', '132430810', '1084088820']","['Hogwarts Science', 'Hogwarts Science', 'Hogwarts Science', 'UGent Bibliography', 'CMS results', 'arXiv hep-ex', 'HEP - Experiment', 'Remi Gau @RemiGau@kolektiva.social']","['HogwartsScience', 'HogwartsScience', 'HogwartsScience', 'ugentbiblio', 'CMS_results', 'hep_ex', 'HEPExperPapers', 'RemiGau']",0,"['0', '0', '0', '0', '0', '0', '0', ['Remi Gau']]",0.1,0.42857142857142855,0.375,Remi Gau,CMS results,CMS_results,tw_name_self_score,0.42857142857142855,CMS results,896407693753282560
28,10.1000/anon791,Castle,James R.,James,7,7,"['898148482447425536', '1147264053879984129', '1010150068194873345', '897987102570303489', '897990203356459010', '1014675493386194944', '1014928079666405376']","['3326958650', '45320364', '46854930', '1296726444', '132430810', '1296726444', '3326958650']","['Hogwarts Science', 'UGent Bibliography', 'BlackPhysicists', 'nuclexp', 'HEP - Experiment', 'nuclexp', 'Hogwarts Science']","['HogwartsScience', 'ugentbiblio', 'BlackPhysicists', 'nuclexp', 'HEPExperPapers', 'nuclexp', 'HogwartsScience']",0,"['0', '0', ['Xue-Mei Su', 'Ruidong Xia', 'Xue Mei Su', 'Hongbo Zhang', 'Abdallah Ali', 'Zhipeng Zhou', 'Lyudmyla Adamska', 'Olivier Namur'], '0', '0', '0', '0']",0.45454545454545453,0.46153846153846156,0.46153846153846156,Xue-Mei Su,nuclexp,nuclexp,tw_name_self_score,0.46153846153846156,nuclexp,1296726444
28,10.1000/anon699,Castle,James R.,James,10,10,"['939058794021171200', '939094254470795264', '938981241105276929', '962554560572084225', '1006087709138485248', '938953213352361984', '939221954501865472', '979306431470972928', '938945283718750208', '1147626384199737349']","['422672164', '1514365212', '2647053541', '96527485', '750684963566080000', '132430810', '751734284092792832', '96527485', '606414709', '45320364']","['Dr Michael Reidinger', 'Steven Lowette', 'Mike Hance', 'w a t w a', 'Hal Toulon', 'HEP - Experiment', 'arxiv', 'w a t w a', 'arXiv hep-ex', 'UGent Bibliography']","['scimichael', 'StevenLowette', 'hance_mike', 'w_a_t_w_a', 'HAL_Toulon', 'HEPExperPapers', 'arxiv_org', 'w_a_t_w_a', 'hep_ex', 'ugentbiblio']",0,"['0', ['S. Lowette', 'Steven Lowette'], '0', '0', '0', '0', '0', '0', '0', '0']",0.38461538461538464,0.38461538461538464,0.42105263157894735,Steven Lowette,Steven Lowette,StevenLowette,tw_handle_self_score,0.42105263157894735,StevenLowette,1514365212
28,10.1000/anon637,Castle,James R.,James,5,5,"['931012203896958976', '949408721976938497', '1147264063161995265', '930652144977321984', '930629071989391360']","['2647053541', '896407693753282560', '45320364', '132430810', '606414709']","['Mike Hance', 'CMS results', 'UGent Bibliography', 'HEP - Experiment', 'arXiv hep-ex']","['hance_mike', 'CMS_results', 'ugentbiblio', 'HEPExperPapers', 'hep_ex']",0,"['0', '0', '0', '0', '0']",0.0,0.42857142857142855,0.4,NULL,CMS results,hance_mike,tw_name_self_score,0.42857142857142855,CMS results,896407693753282560
28,10.1000/anon569,Castle,James R.,James,4,4,"['942568901996560384', '942706013966286848', '951163341036191744', '942574173074866176']","['606414709', '751734284092792832', '896407693753282560', '132430810']","['arXiv hep-ex', 'arxiv', 'CMS results', 'HEP - Experiment']","['hep_ex', 'arxiv_org', 'CMS_results', 'HEPExperPapers']",0,"['0', '0', '0', '0']",0.0,0.42857142857142855,0.375,NULL,CMS results,CMS_results,tw_name_self_score,0.42857142857142855,CMS results,896407693753282560
28,10.1000/anon269,Castle,James R.,James,4,4,"['884995152716210177', '884931708570578944', '1148351186678046721', '884944076495347714']","['2647053541', '606414709', '45320364', '132430810']","['Mike Hance', 'arXiv hep-ex', 'UGent Bibliography', 'HEP - Experiment']","['hance_mike', 'hep_ex', 'ugentbiblio', 'HEPExperPapers']",0,"['0', '0', '0', '0']",0.0,0.36363636363636365,0.4,NULL,Mike Hance,hance_mike,tw_handle_self_score,0.4,hance_mike,2647053541
28,10.1000/anon1030,Castle,James R.,James,8,8,"['989838870144569344', '1146901617561804802', '989670948570726400', '1038370773642010624', '989673946466275328', '1109073104616255489', '989884565232672768', '989665027509469184']","['46854930', '45320364', '1296726444', '896108681225535489', '132430810', '207581304', '751734284092792832', '606414709']","['BlackPhysicists', 'UGent Bibliography', 'nuclexp', 'UVA Science Pubs', 'HEP - Experiment', 'UCL Discovery', 'arxiv', 'arXiv hep-ex']","['BlackPhysicists', 'ugentbiblio', 'nuclexp', 'UvaScience_Pubs', 'HEPExperPapers', 'ucl_discovery', 'arxiv_org', 'hep_ex']",0,"[['Xue-Mei Su', 'Ruidong Xia', 'Xue Mei Su', 'Hongbo Zhang', 'Abdallah Ali', 'Zhipeng Zhou', 'Lyudmyla Adamska', 'Olivier Namur'], '0', '0', '0', '0', '0', '0', '0']",0.45454545454545453,0.46153846153846156,0.46153846153846156,Xue-Mei Su,nuclexp,nuclexp,tw_name_self_score,0.46153846153846156,nuclexp,1296726444
28,10.1000/anon28,Castle,James R.,James,3,3,"['1146901621747720192', '996188347088322560', '996199906103644160']","['45320364', '606414709', '132430810']","['UGent Bibliography', 'arXiv hep-ex', 'HEP - Experiment']","['ugentbiblio', 'hep_ex', 'HEPExperPapers']",0,"['0', '0', '0']",0.0,0.3333333333333333,0.3157894736842105,NULL,arXiv hep-ex,HEPExperPapers,tw_name_self_score,0.3333333333333333,arXiv hep-ex,606414709
28,10.1000/anon1136,Castle,James R.,James,7,7,"['1306875444151676930', '997384584537956352', '996912867981983744', '996912867981983744', '1146176857521475584', '997257574498975744', '996916838616317952']","['128910876', '751734284092792832', '606414709', '606414709', '45320364', '46854930', '132430810']","['Shion\u3000Chen', 'arxiv', 'arXiv hep-ex', 'arXiv hep-ex', 'UGent Bibliography', 'BlackPhysicists', 'HEP - Experiment']","['ributsuman', 'arxiv_org', 'hep_ex', 'hep_ex', 'ugentbiblio', 'BlackPhysicists', 'HEPExperPapers']",0,"['0', '0', '0', '0', '0', ['Xue-Mei Su', 'Ruidong Xia', 'Xue Mei Su', 'Hongbo Zhang', 'Abdallah Ali', 'Zhipeng Zhou', 'Lyudmyla Adamska', 'Olivier Namur'], '0']",0.45454545454545453,0.38461538461538464,0.38461538461538464,Xue-Mei Su,BlackPhysicists,BlackPhysicists,author_name_self_score,0.45454545454545453,Xue-Mei Su,46854930
28,10.1000/anon59,Castle,James R.,James,3,3,"['1039674519500152833', '1113423955245850627', '1040179311339220992']","['606414709', '207581304', '751734284092792832']","['arXiv hep-ex', 'UCL Discovery', 'arxiv']","['hep_ex', 'ucl_discovery', 'arxiv_org']",0,"['0', '0', '0']",0.0,0.3333333333333333,0.3157894736842105,NULL,arXiv hep-ex,ucl_discovery,tw_name_self_score,0.3333333333333333,arXiv hep-ex,606414709
28,10.1000/anon1084,Castle,James R.,James,23,23,"['1060575825517535237', '1059472804616265728', '1027420070878670848', '1027983783398699009', '1273509484900614144', '1057591651747749888', '1281122501993607168', '1193639867755962368', '1059455924576886786', '1027178782417936384', '1057584894665211904', '1026628863869116416', '1057702405394104320', '1057925650282135552', '1057937941954146304', '1057603325867278337', '1057951651175092224', '1060600450003755010', '1059778345251074048', '1027819351083237376', '1057702543248293888', '1026739536808660992', '1145814487737536512']","['70641396', '1419003552', '2647053541', '392357015', '2326770757', '19533817', '2326770757', '73847521', '1025496103632941056', '932556932585541632', '79024978', '606414709', '1419003552', '227023310', '150935939', '26788424', '58201183', '70641396', '297815029', '128910876', '1419003552', '132430810', '45320364']","['Devdatta Majumder', 'Cristian Baldenegro', 'Mike Hance', 'Francis Villatoro', 'Patrick Koppenburg 🐧', 'Tom Chivers', 'Patrick Koppenburg 🐧', '@claufresearch', 'orion77', 'Florian', 'Jon Butterworth', 'arXiv hep-ex', 'Cristian Baldenegro', 'nmℏm（任期なし）', 'SRF_Accelerator', 'Freya Blekman @freyablekman@sciencemastodon.com', 'Rina Smallhours 🍰', 'Devdatta Majumder', 'Jon Rocker', 'Shion\u3000Chen', 'Cristian Baldenegro', 'HEP - Experiment', 'UGent Bibliography']","['dmajumder', 'CrisBaldenegro', 'hance_mike', 'emulenews', 'PKoppenburg', 'TomChivers', 'PKoppenburg', 'claufresearch', 'orion7710', 'quarkomania', 'jonmbutterworth', 'hep_ex', 'CrisBaldenegro', 'NH_M_', 'SRF_Accelerator', 'freyablekman', 'rinatie_ceo', 'dmajumder', 'JonRocker1971', 'ributsuman', 'CrisBaldenegro', 'HEPExperPapers', 'ugentbiblio']",0,"['0', '0', '0', ['Francisco R. Villatoro'], ['Patrick Koppenburg'], ['Tom Chivers'], ['Patrick Koppenburg'], '0', '0', '0', ['Jonathan Butterworth'], '0', '0', '0', '0', ['Freya Blekman'], '0', '0', '0', '0', '0', '0', '0']",0.34782608695652173,0.4,0.42857142857142855,Tom Chivers,@claufresearch,dmajumder,tw_handle_self_score,0.42857142857142855,dmajumder,70641396
28,10.1000/anon502,Castle,James R.,James,7,7,"['1019018685137149952', '1216375389490204672', '1272989078921908224', '1280264137793253377', '1019125713704644608', '1019039366620971008', '1146176844774948864']","['606414709', '3153831526', '3153831526', '3153831526', '3326958650', '132430810', '45320364']","['arXiv hep-ex', 'Salvatore Rappoccio', 'Salvatore Rappoccio', 'Salvatore Rappoccio', 'Hogwarts Science', 'HEP - Experiment', 'UGent Bibliography']","['hep_ex', 'srrappoccio', 'srrappoccio', 'srrappoccio', 'HogwartsScience', 'HEPExperPapers', 'ugentbiblio']",0,"['0', ['Salvatore Rappoccio'], ['Salvatore Rappoccio'], ['Salvatore Rappoccio'], '0', '0', '0']",0.3225806451612903,0.35714285714285715,0.3157894736842105,Salvatore Rappoccio,Hogwarts Science,HEPExperPapers,tw_name_self_score,0.35714285714285715,Hogwarts Science,3326958650
28,10.1000/anon1138,Castle,James R.,James,4,4,"['1021192655189860353', '1146176853989875714', '1021537128717721600', '1021197972652998656']","['606414709', '45320364', '46854930', '132430810']","['arXiv hep-ex', 'UGent Bibliography', 'BlackPhysicists', 'HEP - Experiment']","['hep_ex', 'ugentbiblio', 'BlackPhysicists', 'HEPExperPapers']",0,"['0', '0', ['Xue-Mei Su', 'Ruidong Xia', 'Xue Mei Su', 'Hongbo Zhang', 'Abdallah Ali', 'Zhipeng Zhou', 'Lyudmyla Adamska', 'Olivier Namur'], '0']",0.45454545454545453,0.38461538461538464,0.38461538461538464,Xue-Mei Su,BlackPhysicists,BlackPhysicists,author_name_self_score,0.45454545454545453,Xue-Mei Su,46854930
28,10.1000/anon242,Castle,James R.,James,4,4,"['1031763895835185152', '1031768793477857280', '1031701788766818304', '1146176840190570498']","['3326958650', '2647053541', '606414709', '45320364']","['Hogwarts Science', 'Mike Hance', 'arXiv hep-ex', 'UGent Bibliography']","['HogwartsScience', 'hance_mike', 'hep_ex', 'ugentbiblio']",0,"['0', '0', '0', '0']",0.0,0.36363636363636365,0.4,NULL,Mike Hance,hance_mike,tw_handle_self_score,0.4,hance_mike,2647053541
28,10.1000/anon816,Castle,James R.,James,5,5,"['1081507136926961664', '1041848831497752576', '1042199293438832640', '1041923138483904512', '1041860614346301440']","['896108681225535489', '606414709', '751734284092792832', '46854930', '132430810']","['UVA Science Pubs', 'arXiv hep-ex', 'arxiv', 'BlackPhysicists', 'HEP - Experiment']","['UvaScience_Pubs', 'hep_ex', 'arxiv_org', 'BlackPhysicists', 'HEPExperPapers']",0,"['0', '0', '0', ['Xue-Mei Su', 'Ruidong Xia', 'Xue Mei Su', 'Hongbo Zhang', 'Abdallah Ali', 'Zhipeng Zhou', 'Lyudmyla Adamska', 'Olivier Namur'], '0']",0.45454545454545453,0.38461538461538464,0.38461538461538464,Xue-Mei Su,BlackPhysicists,UvaScience_Pubs,author_name_self_score,0.45454545454545453,Xue-Mei Su,46854930
28,10.1000/anon349,Castle,James R.,James,7,7,"['1059260683294932992', '1059260683294932992', '1059357449562406913', '1059321426350628864', '1108654755415576583', '1145814479869005824', '1059262934025551872']","['606414709', '606414709', '751734284092792832', '46854930', '207581304', '45320364', '132430810']","['arXiv hep-ex', 'arXiv hep-ex', 'arxiv', 'BlackPhysicists', 'UCL Discovery', 'UGent Bibliography', 'HEP - Experiment']","['hep_ex', 'hep_ex', 'arxiv_org', 'BlackPhysicists', 'ucl_discovery', 'ugentbiblio', 'HEPExperPapers']",0,"['0', '0', '0', ['Xue-Mei Su', 'Ruidong Xia', 'Xue Mei Su', 'Hongbo Zhang', 'Abdallah Ali', 'Zhipeng Zhou', 'Lyudmyla Adamska', 'Olivier Namur'], '0', '0', '0']",0.45454545454545453,0.38461538461538464,0.38461538461538464,Xue-Mei Su,BlackPhysicists,BlackPhysicists,author_name_self_score,0.45454545454545453,Xue-Mei Su,46854930
28,10.1000/anon867,Castle,James R.,James,6,6,"['953078263605166080', '953289625920970752', '1081507141335175168', '953125726428971009', '1145814482800848898', '955077102830841857']","['606414709', '137530074', '896108681225535489', '3326958650', '45320364', '896407693753282560']","['arXiv hep-ex', 'Nuclear Experiments', 'UVA Science Pubs', 'Hogwarts Science', 'UGent Bibliography', 'CMS results']","['hep_ex', 'NuclearPapers', 'UvaScience_Pubs', 'HogwartsScience', 'ugentbiblio', 'CMS_results']",0,"['0', '0', '0', '0', '0', '0']",0.0,0.45161290322580644,0.5,NULL,Nuclear Experiments,NuclearPapers,tw_handle_self_score,0.5,NuclearPapers,137530074
28,10.1000/anon936,Castle,James R.,James,4,4,"['1008509096138403841', '1435894785668173828', '1146176843030175744', '1008646414304411649']","['606414709', '2326770757', '45320364', '422672164']","['arXiv hep-ex', 'Patrick Koppenburg 🐧', 'UGent Bibliography', 'Dr Michael Reidinger']","['hep_ex', 'PKoppenburg', 'ugentbiblio', 'scimichael']",0,"['0', ['Patrick Koppenburg'], '0', '0']",0.13333333333333333,0.3448275862068966,0.38095238095238093,Patrick Koppenburg,Dr Michael Reidinger,scimichael,tw_handle_self_score,0.38095238095238093,scimichael,422672164
28,10.1000/anon171,Castle,James R.,James,6,6,"['1075982055891193857', '1004058613042876417', '1003809681926524929', '1145814481341231109', '1003798178779430912', '1108662724362407936']","['46854930', '46854930', '132430810', '45320364', '606414709', '207581304']","['BlackPhysicists', 'BlackPhysicists', 'HEP - Experiment', 'UGent Bibliography', 'arXiv hep-ex', 'UCL Discovery']","['BlackPhysicists', 'BlackPhysicists', 'HEPExperPapers', 'ugentbiblio', 'hep_ex', 'ucl_discovery']",0,"[['Xue-Mei Su', 'Ruidong Xia', 'Xue Mei Su', 'Hongbo Zhang', 'Abdallah Ali', 'Zhipeng Zhou', 'Lyudmyla Adamska', 'Olivier Namur'], ['Xue-Mei Su', 'Ruidong Xia', 'Xue Mei Su', 'Hongbo Zhang', 'Abdallah Ali', 'Zhipeng Zhou', 'Lyudmyla Adamska', 'Olivier Namur'], '0', '0', '0', '0']",0.45454545454545453,0.38461538461538464,0.38461538461538464,Xue-Mei Su,BlackPhysicists,BlackPhysicists,author_name_self_score,0.45454545454545453,Xue-Mei Su,46854930
28,10.1000/anon1141,Castle,James R.,James,8,8,"['1027774403675750401', '1145814478363222017', '1027820229320208384', '1027730789084028928', '1078700009351192579', '1028512915509456897', '1027715670253817856', '1028420826683650049']","['2647053541', '45320364', '17619863', '132430810', '46854930', '46854930', '606414709', '751734284092792832']","['Mike Hance', 'UGent Bibliography', 'Alejandro Gomez Espinosa', 'HEP - Experiment', 'BlackPhysicists', 'BlackPhysicists', 'arXiv hep-ex', 'arxiv']","['hance_mike', 'ugentbiblio', 'alefisico', 'HEPExperPapers', 'BlackPhysicists', 'BlackPhysicists', 'hep_ex', 'arxiv_org']",0,"['0', '0', '0', '0', ['Xue-Mei Su', 'Ruidong Xia', 'Xue Mei Su', 'Hongbo Zhang', 'Abdallah Ali', 'Zhipeng Zhou', 'Lyudmyla Adamska', 'Olivier Namur'], ['Xue-Mei Su', 'Ruidong Xia', 'Xue Mei Su', 'Hongbo Zhang', 'Abdallah Ali', 'Zhipeng Zhou', 'Lyudmyla Adamska', 'Olivier Namur'], '0', '0']",0.45454545454545453,0.4444444444444444,0.42857142857142855,Xue-Mei Su,Alejandro Gomez Espinosa,alefisico,author_name_self_score,0.45454545454545453,Xue-Mei Su,46854930
28,10.1000/anon317,Castle,James R.,James,6,6,"['1000906828442583040', '1108360221448130560', '1146901626701197314', '1029363262406578176', '1001051528369553410', '1000898832891179009']","['132430810', '207581304', '45320364', '3326958650', '3326958650', '606414709']","['HEP - Experiment', 'UCL Discovery', 'UGent Bibliography', 'Hogwarts Science', 'Hogwarts Science', 'arXiv hep-ex']","['HEPExperPapers', 'ucl_discovery', 'ugentbiblio', 'HogwartsScience', 'HogwartsScience', 'hep_ex']",0,"['0', '0', '0', '0', '0', '0']",0.0,0.35714285714285715,0.3157894736842105,NULL,Hogwarts Science,HEPExperPapers,tw_name_self_score,0.35714285714285715,Hogwarts Science,3326958650
28,10.1000/anon696,Castle,James R.,James,8,8,"['1006799048689553408', '1146539220925915137', '1007222689063268352', '1006739713829421056', '1053766862343827456', '1006697107485483008', '1006845631254749184', '1006709256567918592']","['46854930', '45320364', '751734284092792832', '2647053541', '896108681225535489', '606414709', '422672164', '132430810']","['BlackPhysicists', 'UGent Bibliography', 'arxiv', 'Mike Hance', 'UVA Science Pubs', 'arXiv hep-ex', 'Dr Michael Reidinger', 'HEP - Experiment']","['BlackPhysicists', 'ugentbiblio', 'arxiv_org', 'hance_mike', 'UvaScience_Pubs', 'hep_ex', 'scimichael', 'HEPExperPapers']",0,"[['Xue-Mei Su', 'Ruidong Xia', 'Xue Mei Su', 'Hongbo Zhang', 'Abdallah Ali', 'Zhipeng Zhou', 'Lyudmyla Adamska', 'Olivier Namur'], '0', '0', '0', '0', '0', '0', '0']",0.45454545454545453,0.38461538461538464,0.4,Xue-Mei Su,BlackPhysicists,hance_mike,author_name_self_score,0.45454545454545453,Xue-Mei Su,46854930
28,10.1000/anon1012,Castle,James R.,James,4,4,"['947582183576780800', '946567087912128513', '951526126186360833', '946555985291706368']","['751734284092792832', '132430810', '896407693753282560', '606414709']","['arxiv', 'HEP - Experiment', 'CMS results', 'arXiv hep-ex']","['arxiv_org', 'HEPExperPapers', 'CMS_results', 'hep_ex']",0,"['0', '0', '0', '0']",0.0,0.42857142857142855,0.375,NULL,CMS results,CMS_results,tw_name_self_score,0.42857142857142855,CMS results,896407693753282560
28,10.1000/anon900,Castle,James R.,James,8,8,"['1001637858690519040', '1001800635589656576', '1035128980423303169', '1035128980423303169', '1001975071387406338', '1042721232603344896', '1001623736716439552', '1146901619075932169']","['132430810', '751734284092792832', '765713548227948544', '765713548227948544', '46854930', '896108681225535489', '606414709', '45320364']","['HEP - Experiment', 'arxiv', 'Daniel Navarro', 'Daniel Navarro', 'BlackPhysicists', 'UVA Science Pubs', 'arXiv hep-ex', 'UGent Bibliography']","['HEPExperPapers', 'arxiv_org', 'Draquarkula', 'Draquarkula', 'BlackPhysicists', 'UvaScience_Pubs', 'hep_ex', 'ugentbiblio']",0,"['0', '0', '0', '0', ['Xue-Mei Su', 'Ruidong Xia', 'Xue Mei Su', 'Hongbo Zhang', 'Abdallah Ali', 'Zhipeng Zhou', 'Lyudmyla Adamska', 'Olivier Namur'], '0', '0', '0']",0.45454545454545453,0.38461538461538464,0.38461538461538464,Xue-Mei Su,BlackPhysicists,BlackPhysicists,author_name_self_score,0.45454545454545453,Xue-Mei Su,46854930
28,10.1000/anon1132,Castle,James R.,James,5,5,"['1146539239162691585', '1007150332336623621', '1007227197558534144', '1007059601240363008', '1007063314365440000']","['45320364', '46854930', '422672164', '606414709', '132430810']","['UGent Bibliography', 'BlackPhysicists', 'Dr Michael Reidinger', 'arXiv hep-ex', 'HEP - Experiment']","['ugentbiblio', 'BlackPhysicists', 'scimichael', 'hep_ex', 'HEPExperPapers']",0,"['0', ['Xue-Mei Su', 'Ruidong Xia', 'Xue Mei Su', 'Hongbo Zhang', 'Abdallah Ali', 'Zhipeng Zhou', 'Lyudmyla Adamska', 'Olivier Namur'], '0', '0', '0']",0.45454545454545453,0.38461538461538464,0.38461538461538464,Xue-Mei Su,BlackPhysicists,BlackPhysicists,author_name_self_score,0.45454545454545453,Xue-Mei Su,46854930
28,10.1000/anon392,Castle,James R.,James,4,4,"['978796452016107520', '981804436744892417', '1146539228488249344', '978914527512354816']","['606414709', '132430810', '45320364', '422672164']","['arXiv hep-ex', 'HEP - Experiment', 'UGent Bibliography', 'Dr Michael Reidinger']","['hep_ex', 'HEPExperPapers', 'ugentbiblio', 'scimichael']",0,"['0', '0', '0', '0']",0.0,0.3448275862068966,0.38095238095238093,NULL,Dr Michael Reidinger,scimichael,tw_handle_self_score,0.38095238095238093,scimichael,422672164
28,10.1000/anon496,Castle,James R.,James,4,4,"['996188365631340544', '996201416355033088', '996227250122117120', '1146176846612115456']","['606414709', '132430810', '428032842', '45320364']","['arXiv hep-ex', 'HEP - Experiment', 'Oleg Sablin', 'UGent Bibliography']","['hep_ex', 'HEPExperPapers', 'OSablin', 'ugentbiblio']",0,"['0', '0', '0', '0']",0.0,0.34782608695652173,0.3157894736842105,NULL,Oleg Sablin,HEPExperPapers,tw_name_self_score,0.34782608695652173,Oleg Sablin,428032842
28,10.1000/anon354,Castle,James R.,James,3,3,"['1146539237308817408', '996566559844810752', '996550419454115840']","['45320364', '132430810', '606414709']","['UGent Bibliography', 'HEP - Experiment', 'arXiv hep-ex']","['ugentbiblio', 'HEPExperPapers', 'hep_ex']",0,"['0', '0', '0']",0.0,0.3333333333333333,0.3157894736842105,NULL,arXiv hep-ex,HEPExperPapers,tw_name_self_score,0.3333333333333333,arXiv hep-ex,606414709
28,10.1000/anon220,Castle,James R.,James,4,4,"['1000904563656818689', '1146539225417994240', '1000898796232953856', '1046818738690035713']","['132430810', '45320364', '606414709', '46854930']","['HEP - Experiment', 'UGent Bibliography', 'arXiv hep-ex', 'BlackPhysicists']","['HEPExperPapers', 'ugentbiblio', 'hep_ex', 'BlackPhysicists']",0,"['0', '0', '0', ['Xue-Mei Su', 'Ruidong Xia', 'Xue Mei Su', 'Hongbo Zhang', 'Abdallah Ali', 'Zhipeng Zhou', 'Lyudmyla Adamska', 'Olivier Namur']]",0.45454545454545453,0.38461538461538464,0.38461538461538464,Xue-Mei Su,BlackPhysicists,BlackPhysicists,author_name_self_score,0.45454545454545453,Xue-Mei Su,46854930
28,10.1000/anon402,Castle,James R.,James,6,6,"['1316587597418950656', '1003814965965230080', '1146176860906303490', '1049595506278748160', '1003798233573777408', '1053766865833476096']","['1419003552', '132430810', '45320364', '422672164', '606414709', '896108681225535489']","['Cristian Baldenegro', 'HEP - Experiment', 'UGent Bibliography', 'Dr Michael Reidinger', 'arXiv hep-ex', 'UVA Science Pubs']","['CrisBaldenegro', 'HEPExperPapers', 'ugentbiblio', 'scimichael', 'hep_ex', 'UvaScience_Pubs']",0,"['0', '0', '0', '0', '0', '0']",0.0,0.3870967741935484,0.4,NULL,Cristian Baldenegro,CrisBaldenegro,tw_handle_self_score,0.4,CrisBaldenegro,1419003552
28,10.1000/anon625,Castle,James R.,James,5,5,"['996188328729821184', '996197664009027584', '1108380212448976898', '1146539242828587009', '1033298876101357569']","['606414709', '137530074', '207581304', '45320364', '896108681225535489']","['arXiv hep-ex', 'Nuclear Experiments', 'UCL Discovery', 'UGent Bibliography', 'UVA Science Pubs']","['hep_ex', 'NuclearPapers', 'ucl_discovery', 'ugentbiblio', 'UvaScience_Pubs']",0,"['0', '0', '0', '0', '0']",0.0,0.45161290322580644,0.5,NULL,Nuclear Experiments,NuclearPapers,tw_handle_self_score,0.5,NuclearPapers,137530074
28,10.1000/anon801,Castle,James R.,James,6,6,"['973716858586071040', '1146901642756939782', '974013380074790912', '975124007086260224', '973728780874235904', '986069119513473024']","['606414709', '45320364', '751734284092792832', '2647053541', '132430810', '96527485']","['arXiv hep-ex', 'UGent Bibliography', 'arxiv', 'Mike Hance', 'HEP - Experiment', 'w a t w a']","['hep_ex', 'ugentbiblio', 'arxiv_org', 'hance_mike', 'HEPExperPapers', 'w_a_t_w_a']",0,"['0', '0', '0', '0', '0', '0']",0.0,0.38095238095238093,0.4,NULL,w a t w a,hance_mike,tw_handle_self_score,0.4,hance_mike,2647053541
28,10.1000/anon363,Castle,James R.,James,6,6,"['1146901620430704640', '1002609279042555905', '1002471110011768832', '1002359308686802946', '1002725284246794242', '1002348424543387648']","['45320364', '46854930', '422672164', '132430810', '751734284092792832', '606414709']","['UGent Bibliography', 'BlackPhysicists', 'Dr Michael Reidinger', 'HEP - Experiment', 'arxiv', 'arXiv hep-ex']","['ugentbiblio', 'BlackPhysicists', 'scimichael', 'HEPExperPapers', 'arxiv_org', 'hep_ex']",0,"['0', ['Xue-Mei Su', 'Ruidong Xia', 'Xue Mei Su', 'Hongbo Zhang', 'Abdallah Ali', 'Zhipeng Zhou', 'Lyudmyla Adamska', 'Olivier Namur'], '0', '0', '0', '0']",0.45454545454545453,0.38461538461538464,0.38461538461538464,Xue-Mei Su,BlackPhysicists,BlackPhysicists,author_name_self_score,0.45454545454545453,Xue-Mei Su,46854930
28,10.1000/anon411,Castle,James R.,James,6,6,"['928091525782708225', '928377654260072448', '1146901628383125505', '1146901628383125505', '949331294026194945', '928073853292617728']","['132430810', '3326958650', '45320364', '45320364', '896407693753282560', '606414709']","['HEP - Experiment', 'Hogwarts Science', 'UGent Bibliography', 'UGent Bibliography', 'CMS results', 'arXiv hep-ex']","['HEPExperPapers', 'HogwartsScience', 'ugentbiblio', 'ugentbiblio', 'CMS_results', 'hep_ex']",0,"['0', '0', '0', '0', '0', '0']",0.0,0.42857142857142855,0.375,NULL,CMS results,CMS_results,tw_name_self_score,0.42857142857142855,CMS results,896407693753282560
28,10.1000/anon763,Castle,James R.,James,6,6,"['974450985417424897', '974441667141935104', '1146901623295369217', '974568088673726464', '1032359918039445504', '988593375736549376']","['132430810', '606414709', '45320364', '751734284092792832', '2723413797', '96527485']","['HEP - Experiment', 'arXiv hep-ex', 'UGent Bibliography', 'arxiv', 'Ameleio🔻', 'w a t w a']","['HEPExperPapers', 'hep_ex', 'ugentbiblio', 'arxiv_org', 'emrocar', 'w_a_t_w_a']",0,"['0', '0', '0', '0', '0', '0']",0.0,0.5263157894736842,0.3333333333333333,NULL,Ameleio🔻,emrocar,tw_name_self_score,0.5263157894736842,Ameleio🔻,2723413797
28,10.1000/anon419,Castle,James R.,James,5,5,"['889643080906702848', '889750583372132353', '890051000039489537', '1148713557917339649', '960210958974177282']","['606414709', '132430810', '2647053541', '45320364', '46854930']","['arXiv hep-ex', 'HEP - Experiment', 'Mike Hance', 'UGent Bibliography', 'BlackPhysicists']","['hep_ex', 'HEPExperPapers', 'hance_mike', 'ugentbiblio', 'BlackPhysicists']",0,"['0', '0', '0', '0', ['Xue-Mei Su', 'Ruidong Xia', 'Xue Mei Su', 'Hongbo Zhang', 'Abdallah Ali', 'Zhipeng Zhou', 'Lyudmyla Adamska', 'Olivier Namur']]",0.45454545454545453,0.38461538461538464,0.4,Xue-Mei Su,BlackPhysicists,hance_mike,author_name_self_score,0.45454545454545453,Xue-Mei Su,46854930
28,10.1000/anon555,Castle,James R.,James,5,5,"['998736858438750208', '998904459076911105', '1146539219487268867', '998724862645387264', '998888428736524288']","['132430810', '751734284092792832', '45320364', '606414709', '46854930']","['HEP - Experiment', 'arxiv', 'UGent Bibliography', 'arXiv hep-ex', 'BlackPhysicists']","['HEPExperPapers', 'arxiv_org', 'ugentbiblio', 'hep_ex', 'BlackPhysicists']",0,"['0', '0', '0', '0', ['Xue-Mei Su', 'Ruidong Xia', 'Xue Mei Su', 'Hongbo Zhang', 'Abdallah Ali', 'Zhipeng Zhou', 'Lyudmyla Adamska', 'Olivier Namur']]",0.45454545454545453,0.38461538461538464,0.38461538461538464,Xue-Mei Su,BlackPhysicists,BlackPhysicists,author_name_self_score,0.45454545454545453,Xue-Mei Su,46854930
28,10.1000/anon393,Castle,James R.,James,5,5,"['1006334749189726208', '1006375152378994688', '1006344872607903746', '1006396979935612929', '1146901625321267201']","['606414709', '2647053541', '132430810', '422672164', '45320364']","['arXiv hep-ex', 'Mike Hance', 'HEP - Experiment', 'Dr Michael Reidinger', 'UGent Bibliography']","['hep_ex', 'hance_mike', 'HEPExperPapers', 'scimichael', 'ugentbiblio']",0,"['0', '0', '0', '0', '0']",0.0,0.36363636363636365,0.4,NULL,Mike Hance,hance_mike,tw_handle_self_score,0.4,hance_mike,2647053541
28,10.1000/anon961,Castle,James R.,James,19,19,"['1037125977157976064', '1041792415642918912', '1034403939737845761', '1034688830828425216', '1034517648971714560', '1041995762203156480', '1034469239640530944', '1034503428376952832', '1041740997607284736', '1034238686521479168', '1043188975568138245', '1041725479332585473', '1034254580819873793', '1034293740108570630', '1146539232019779584', '1041740175775354880', '1041877664523407360', '1099370077403693057', '1044375091449073664']","['26128759', '3039504459', '46854930', '775951706030911490', '3224440544', '142344292', '182227772', '751734284092792832', '519313067', '606414709', '243625728', '1296726444', '132430810', '2647053541', '45320364', '46854930', '39740454', '281445764', '3016643513']","['Rami Mandow 🏳️\u200d🌈🏳️\u200d⚧️', 'Physical Review Letters', 'BlackPhysicists', 'Vanessa E. Ugalde', 'Maurizio Iβλἄ', 'Norihiro Yoshida', 'Chris Quigg', 'arxiv', 'John Huth', 'arXiv hep-ex', 'The Long Way', 'nuclexp', 'HEP - Experiment', 'Mike Hance', 'UGent Bibliography', 'BlackPhysicists', 'Anthony Ellis', 'Purificació Barceló', 'Unlikely Buddha']","['CosmicRami', 'PhysRevLett', 'BlackPhysicists', 'VanUgalde', 'Dragonmaurizio', 'NorihiroYoshida', 'chrisquigg', 'arxiv_org', 'JohnHuth1', 'hep_ex', 'mvpetev', 'nuclexp', 'HEPExperPapers', 'hance_mike', 'ugentbiblio', 'BlackPhysicists', 'skydog811', 'pjbarc', 'Unlikely_Buddha']",0,"[['R. Mandow'], '0', ['Xue-Mei Su', 'Ruidong Xia', 'Xue Mei Su', 'Hongbo Zhang', 'Abdallah Ali', 'Zhipeng Zhou', 'Lyudmyla Adamska', 'Olivier Namur'], '0', '0', '0', ['Chris Quigg'], '0', '0', '0', '0', '0', '0', '0', '0', ['Xue-Mei Su', 'Ruidong Xia', 'Xue Mei Su', 'Hongbo Zhang', 'Abdallah Ali', 'Zhipeng Zhou', 'Lyudmyla Adamska', 'Olivier Namur'], '0', '0', '0']",0.45454545454545453,0.4827586206896552,0.46153846153846156,Xue-Mei Su,Vanessa E. Ugalde,nuclexp,tw_name_self_score,0.4827586206896552,Vanessa E. Ugalde,775951706030911490
28,10.1000/anon343,Castle,James R.,James,5,5,"['981801103409860608', '976761986116718593', '976615949141815300', '976665841943982082', '1047210652639551488']","['132430810', '422672164', '606414709', '3326958650', '3326958650']","['HEP - Experiment', 'Dr Michael Reidinger', 'arXiv hep-ex', 'Hogwarts Science', 'Hogwarts Science']","['HEPExperPapers', 'scimichael', 'hep_ex', 'HogwartsScience', 'HogwartsScience']",0,"['0', '0', '0', '0', '0']",0.0,0.35714285714285715,0.38095238095238093,NULL,Hogwarts Science,scimichael,tw_handle_self_score,0.38095238095238093,scimichael,422672164
28,10.1000/anon352,Castle,James R.,James,6,6,"['1146176855671758850', '1059230912947335171', '1037143963549892608', '1037143963549892608', '1108666414221676544', '1037154298176651264']","['45320364', '46854930', '606414709', '606414709', '207581304', '132430810']","['UGent Bibliography', 'BlackPhysicists', 'arXiv hep-ex', 'arXiv hep-ex', 'UCL Discovery', 'HEP - Experiment']","['ugentbiblio', 'BlackPhysicists', 'hep_ex', 'hep_ex', 'ucl_discovery', 'HEPExperPapers']",0,"['0', ['Xue-Mei Su', 'Ruidong Xia', 'Xue Mei Su', 'Hongbo Zhang', 'Abdallah Ali', 'Zhipeng Zhou', 'Lyudmyla Adamska', 'Olivier Namur'], '0', '0', '0', '0']",0.45454545454545453,0.38461538461538464,0.38461538461538464,Xue-Mei Su,BlackPhysicists,BlackPhysicists,author_name_self_score,0.45454545454545453,Xue-Mei Su,46854930
28,10.1000/anon365,Castle,James R.,James,3,3,"['1013831595768320000', '1013591842942681088', '1013582370618789888']","['46854930', '132430810', '606414709']","['BlackPhysicists', 'HEP - Experiment', 'arXiv hep-ex']","['BlackPhysicists', 'HEPExperPapers', 'hep_ex']",0,"[['Xue-Mei Su', 'Ruidong Xia', 'Xue Mei Su', 'Hongbo Zhang', 'Abdallah Ali', 'Zhipeng Zhou', 'Lyudmyla Adamska', 'Olivier Namur'], '0', '0']",0.45454545454545453,0.38461538461538464,0.38461538461538464,Xue-Mei Su,BlackPhysicists,BlackPhysicists,author_name_self_score,0.45454545454545453,Xue-Mei Su,46854930
28,10.1000/anon54,Castle,James R.,James,2,2,"['1003798215282397189', '1003814213184204800']","['606414709', '132430810']","['arXiv hep-ex', 'HEP - Experiment']","['hep_ex', 'HEPExperPapers']",0,"['0', '0']",0.0,0.3333333333333333,0.3157894736842105,NULL,arXiv hep-ex,HEPExperPapers,tw_name_self_score,0.3333333333333333,arXiv hep-ex,606414709
28,10.1000/anon647,Castle,James R.,James,5,5,"['972261923893858304', '971969225450401792', '984209684352516096', '971930678030827520', '971922309287067648']","['751734284092792832', '428032842', '96527485', '132430810', '606414709']","['arxiv', 'Oleg Sablin', 'w a t w a', 'HEP - Experiment', 'arXiv hep-ex']","['arxiv_org', 'OSablin', 'w_a_t_w_a', 'HEPExperPapers', 'hep_ex']",0,"['0', '0', '0', '0', '0']",0.0,0.38095238095238093,0.3157894736842105,NULL,w a t w a,HEPExperPapers,tw_name_self_score,0.38095238095238093,w a t w a,96527485
28,10.1000/anon423,Castle,James R.,James,3,3,"['951668579660791808', '953207760988057600', '951628643855298560']","['751734284092792832', '896407693753282560', '606414709']","['arxiv', 'CMS results', 'arXiv hep-ex']","['arxiv_org', 'CMS_results', 'hep_ex']",0,"['0', '0', '0']",0.0,0.42857142857142855,0.375,NULL,CMS results,CMS_results,tw_name_self_score,0.42857142857142855,CMS results,896407693753282560
28,10.1000/anon597,Castle,James R.,James,5,5,"['940046752773582848', '940081564771160070', '1146539230384074752', '940032241480040449', '951009033867137024']","['132430810', '2647053541', '45320364', '606414709', '896407693753282560']","['HEP - Experiment', 'Mike Hance', 'UGent Bibliography', 'arXiv hep-ex', 'CMS results']","['HEPExperPapers', 'hance_mike', 'ugentbiblio', 'hep_ex', 'CMS_results']",0,"['0', '0', '0', '0', '0']",0.0,0.42857142857142855,0.4,NULL,CMS results,hance_mike,tw_name_self_score,0.42857142857142855,CMS results,896407693753282560
28,10.1000/anon957,Castle,James R.,James,9,9,"['1146539223719325698', '1020366915947122694', '1019598842302476289', '1019973793492750337', '1016500226717151233', '1016485066350850048', '1020201559957917696', '1057804593634074625', '1016528694653870080']","['45320364', '798148064930394112', '1514365212', '20444488', '132430810', '1296726444', '1163712553', '1296726444', '3326958650']","['UGent Bibliography', 'Niels Tuning', 'Steven Lowette', 'Seth Moortgat', 'HEP - Experiment', 'nuclexp', 'Tristan du Pree', 'nuclexp', 'Hogwarts Science']","['ugentbiblio', 'Niels_Tuning', 'StevenLowette', 'SethMoortgat', 'HEPExperPapers', 'nuclexp', 'Tristan_duPree', 'nuclexp', 'HogwartsScience']",0,"['0', ['Niels Tuning'], ['S. Lowette', 'Steven Lowette'], ['Seth Moortgat'], '0', '0', '0', '0', '0']",0.38461538461538464,0.46153846153846156,0.46153846153846156,Steven Lowette,nuclexp,nuclexp,tw_name_self_score,0.46153846153846156,nuclexp,1296726444
28,10.1000/anon218,Castle,James R.,James,3,3,"['1146176852014391298', '996188420580917248', '996199173794840577']","['45320364', '606414709', '137530074']","['UGent Bibliography', 'arXiv hep-ex', 'Nuclear Experiments']","['ugentbiblio', 'hep_ex', 'NuclearPapers']",0,"['0', '0', '0']",0.0,0.45161290322580644,0.5,NULL,Nuclear Experiments,NuclearPapers,tw_handle_self_score,0.5,NuclearPapers,137530074
28,10.1000/anon427,Castle,James R.,James,6,6,"['992339115193462784', '992207395660054528', '993063881273569280', '992701503839158273', '993165221999984641', '992201460505952256']","['3326958650', '132430810', '3326958650', '3326958650', '751734284092792832', '606414709']","['Hogwarts Science', 'HEP - Experiment', 'Hogwarts Science', 'Hogwarts Science', 'arxiv', 'arXiv hep-ex']","['HogwartsScience', 'HEPExperPapers', 'HogwartsScience', 'HogwartsScience', 'arxiv_org', 'hep_ex']",0,"['0', '0', '0', '0', '0', '0']",0.0,0.35714285714285715,0.3157894736842105,NULL,Hogwarts Science,HEPExperPapers,tw_name_self_score,0.35714285714285715,Hogwarts Science,3326958650
28,10.1000/anon433,Castle,James R.,James,5,5,"['1027729314005929984', '1028333972512821248', '1028299375091437569', '1027715651643760640', '1146176850273742849']","['132430810', '46854930', '751734284092792832', '606414709', '45320364']","['HEP - Experiment', 'BlackPhysicists', 'arxiv', 'arXiv hep-ex', 'UGent Bibliography']","['HEPExperPapers', 'BlackPhysicists', 'arxiv_org', 'hep_ex', 'ugentbiblio']",0,"['0', ['Xue-Mei Su', 'Ruidong Xia', 'Xue Mei Su', 'Hongbo Zhang', 'Abdallah Ali', 'Zhipeng Zhou', 'Lyudmyla Adamska', 'Olivier Namur'], '0', '0', '0']",0.45454545454545453,0.38461538461538464,0.38461538461538464,Xue-Mei Su,BlackPhysicists,BlackPhysicists,author_name_self_score,0.45454545454545453,Xue-Mei Su,46854930
28,10.1000/anon223,Castle,James R.,James,9,9,"['1027792861213990918', '1027824421140983809', '1079461094639452162', '1027724548454604801', '1108661395044872192', '1074062564667973632', '1145814484411441158', '1145814484411441158', '1027715614960304129']","['46854930', '751734284092792832', '84063737', '132430810', '207581304', '896108681225535489', '45320364', '45320364', '606414709']","['BlackPhysicists', 'arxiv', 'Michael Makris', 'HEP - Experiment', 'UCL Discovery', 'UVA Science Pubs', 'UGent Bibliography', 'UGent Bibliography', 'arXiv hep-ex']","['BlackPhysicists', 'arxiv_org', 'ProfMakris', 'HEPExperPapers', 'ucl_discovery', 'UvaScience_Pubs', 'ugentbiblio', 'ugentbiblio', 'hep_ex']",0,"[['Xue-Mei Su', 'Ruidong Xia', 'Xue Mei Su', 'Hongbo Zhang', 'Abdallah Ali', 'Zhipeng Zhou', 'Lyudmyla Adamska', 'Olivier Namur'], '0', ['Michael Makris'], '0', '0', '0', '0', '0', '0']",0.45454545454545453,0.38461538461538464,0.38461538461538464,Xue-Mei Su,BlackPhysicists,BlackPhysicists,author_name_self_score,0.45454545454545453,Xue-Mei Su,46854930
28,10.1000/anon985,Castle,James R.,James,7,7,"['1058461498492760071', '1037143981828628480', '1309908994526531585', '1146176848394686465', '1037157318276927493', '1037180922389520386', '1070195806903394304']","['912587592666898432', '606414709', '212563275', '45320364', '132430810', '912587592666898432', '699343619870822404']","['Andrew Buccilli', 'arXiv hep-ex', 'bjpafa', 'UGent Bibliography', 'HEP - Experiment', 'Andrew Buccilli', 'Inon Sharony']","['andrewbuccilli', 'hep_ex', 'bjpafa', 'ugentbiblio', 'HEPExperPapers', 'andrewbuccilli', 'InonSharony']",0,"['0', '0', '0', '0', '0', '0', '0']",0.0,0.37037037037037035,0.36363636363636365,NULL,Andrew Buccilli,bjpafa,tw_name_self_score,0.37037037037037035,Andrew Buccilli,912587592666898432
28,10.1000/anon238,Castle,James R.,James,4,4,"['1019000260050350080', '1016493432582225921', '1145814486038790144', '1016481699360722944']","['2647053541', '132430810', '45320364', '606414709']","['Mike Hance', 'HEP - Experiment', 'UGent Bibliography', 'arXiv hep-ex']","['hance_mike', 'HEPExperPapers', 'ugentbiblio', 'hep_ex']",0,"['0', '0', '0', '0']",0.0,0.36363636363636365,0.4,NULL,Mike Hance,hance_mike,tw_handle_self_score,0.4,hance_mike,2647053541
28,10.1000/anon1002,Castle,James R.,James,7,7,"['938945428304699392', '939328188185960448', '939218594147323905', '1147264064785125379', '950765653530742785', '938953967274356736', '1013795625505210368']","['606414709', '751734284092792832', '910967271245348864', '45320364', '896407693753282560', '132430810', '3326958650']","['arXiv hep-ex', 'arxiv', 'Kirill Skovpen', 'UGent Bibliography', 'CMS results', 'HEP - Experiment', 'Hogwarts Science']","['hep_ex', 'arxiv_org', 'KirillSkovpen', 'ugentbiblio', 'CMS_results', 'HEPExperPapers', 'HogwartsScience']",0,"['0', '0', '0', '0', '0', '0', '0']",0.0,0.42857142857142855,0.375,NULL,CMS results,CMS_results,tw_name_self_score,0.42857142857142855,CMS results,896407693753282560
28,10.1000/anon316,Castle,James R.,James,10,10,"['975540131028377600', '1388359838606905344', '1202631040621305857', '988981572551364608', '1388360032111190016', '976868922162139139', '975528636441772032', '1015162109124988930', '975714582126780416', '1147264061480079366']","['132430810', '227023310', '1037996823435194368', '96527485', '1356305127641149443', '2647053541', '606414709', '128996151', '3326958650', '45320364']","['HEP - Experiment', 'nmℏm（任期なし）', 'James Kerwin', 'w a t w a', 'arXiv abstract', 'Mike Hance', 'arXiv hep-ex', 'Benjamin Radburn-Smith', 'Hogwarts Science', 'UGent Bibliography']","['HEPExperPapers', 'NH_M_', 'JamesKerwin9', 'w_a_t_w_a', 'arxivabs', 'hance_mike', 'hep_ex', 'BRadburnSmith', 'HogwartsScience', 'ugentbiblio']",0,"['0', '0', '0', '0', '0', '0', '0', '0', '0', '0']",0.0,0.5833333333333334,0.5882352941176471,NULL,James Kerwin,JamesKerwin9,tw_handle_self_score,0.5882352941176471,JamesKerwin9,1037996823435194368
248,10.1000/anon1171,Frei,Zsolt,Zsolt,36,36,"['1326438385955770373', '990892302280396800', '1393136607922991104', '989875334366580737', '989795096106291200', '991256060018286592', '989953639388270592', '991743001574760451', '1063519810716340225', '990541236795822080', '990761446328987648', '990314779800633345', '1170245371034947584', '994026733752942592', '990569479284318209', '990501687612723201', '1170608912917127168', '989521724965376000', '1149217822402387968', '1548742441288622080', '989736161433214976', '991617065449611264', '990690979857469440', '991057133486706688', '1514126266479349760', '990178876990152709', '991766815431905281', '990069383635619840', '990873413211344896', '991420770948730880', '991128883830325248', '991128883830325248', '991881315908644864', '999196986275520512', '990431810621460480', '991495024343908358']","['3164241610', '2595389839', '2427184074', '312448486', '2595389839', '2595389839', '2595389839', '2595389839', '253340878', '2595389839', '2595389839', '2595389839', '931751862356754432', '2595389839', '62229279', '361188144', '931751862356754432', '888948284', '888948284', '340982766', '38110860', '2595389839', '2595389839', '2595389839', '49435191', '2595389839', '2595389839', '2595389839', '778228628601602048', '2595389839', '2595389839', '2595389839', '2595389839', '3354846525', '2595389839', '2595389839']","['ORBi-Publis-ULiège', 'Massimiliano Razzano', 'Christopher Berry', 'Dr. Karan Jani', 'Massimiliano Razzano', 'Massimiliano Razzano', 'Massimiliano Razzano', 'Massimiliano Razzano', 'Andreas Freise (@gwoptics@mastodon.nl)', 'Massimiliano Razzano', 'Massimiliano Razzano', 'Massimiliano Razzano', 'Physics & Mathematics Trending', 'Massimiliano Razzano', 'ilham', 'さかい', 'Physics & Mathematics Trending', 'Living Reviews | Relativity', 'Living Reviews | Relativity', 'Kaiming Tao', 'Yutaka Shikano / Mameo (P.N.)', 'Massimiliano Razzano', 'Massimiliano Razzano', 'Massimiliano Razzano', 'Ken', 'Massimiliano Razzano', 'Massimiliano Razzano', 'Massimiliano Razzano', 'BIGWaves', 'Massimiliano Razzano', 'Massimiliano Razzano', 'Massimiliano Razzano', 'Massimiliano Razzano', 'StrathclydeOA', 'Massimiliano Razzano', 'Massimiliano Razzano']","['ORBiPubsULiege', 'maxrazzano', 'cplberry', 'AstroKPJ', 'maxrazzano', 'maxrazzano', 'maxrazzano', 'maxrazzano', 'gwoptics', 'maxrazzano', 'maxrazzano', 'maxrazzano', 'poqaa_phys_math', 'maxrazzano', 'trickymindful', 'skykz28', 'poqaa_phys_math', 'livrev_lrr', 'livrev_lrr', 'Kaiming_Tao', 'yshikano', 'maxrazzano', 'maxrazzano', 'maxrazzano', 'Ken_n7', 'maxrazzano', 'maxrazzano', 'maxrazzano', 'UoBIGWaves', 'maxrazzano', 'maxrazzano', 'maxrazzano', 'maxrazzano', 'StrathclydeOA', 'maxrazzano', 'maxrazzano']",0,"['0', ['M. Razzano'], ['Christopher P. L. Berry'], ['Karan Jani'], ['M. Razzano'], ['M. Razzano'], ['M. Razzano'], ['M. Razzano'], ['Andreas Freise'], ['M. Razzano'], ['M. Razzano'], ['M. Razzano'], '0', ['M. Razzano'], '0', '0', '0', '0', '0', '0', ['Null'], ['M. Razzano'], ['M. Razzano'], ['M. Razzano'], '0', ['M. Razzano'], ['M. Razzano'], ['M. Razzano'], '0', ['M. Razzano'], ['M. Razzano'], ['M. Razzano'], ['M. Razzano'], '0', ['M. Razzano'], ['M. Razzano']]",0.5,0.35714285714285715,0.3157894736842105,Andreas Freise,ORBi-Publis-ULiège,maxrazzano,author_name_self_score,0.5,Andreas Freise,253340878
248,10.1000/anon1017,Frei,Zsolt,Zsolt,9,9,"['969233619708530688', '968946318449180672', '969229776501211136', '968964159999156224', '1326438382155821056', '920091945535406080', '968946516525289473', '920118540383825920', '989051887516139520']","['423109364', '46854930', '901034113582473216', '1296726444', '3164241610', '1950945236', '3039504459', '130698193', '3354846525']","['Robert Garisto', 'BlackPhysicists', 'Nature Reviews Physics', 'nuclexp', 'ORBi-Publis-ULiège', 'arXiv gr-qc', 'Physical Review Letters', 'Relativity/Cosmology', 'StrathclydeOA']","['RobertGaristo', 'BlackPhysicists', 'NatRevPhys', 'nuclexp', 'ORBiPubsULiege', 'arXiv_grqc', 'PhysRevLett', 'RelativityPaper', 'StrathclydeOA']",0,"[['Null'], ['Xue-Mei Su', 'Ruidong Xia', 'Xue Mei Su', 'Hongbo Zhang', 'Abdallah Ali', 'Zhipeng Zhou', 'Lyudmyla Adamska', 'Olivier Namur'], '0', '0', '0', '0', '0', '0', '0']",0.4,0.4166666666666667,0.45454545454545453,Xue-Mei Su,Robert Garisto,RobertGaristo,tw_handle_self_score,0.45454545454545453,RobertGaristo,423109364
248,10.1000/anon50,Frei,Zsolt,Zsolt,6,6,"['963949833731170305', '964016772453081089', '964052760881696768', '964445379038208000', '964103056747933696', '1025015360557330432']","['1950945236', '130698193', '422672164', '392357015', '3326958650', '3354846525']","['arXiv gr-qc', 'Relativity/Cosmology', 'Dr Michael Reidinger', 'Francis Villatoro', 'Hogwarts Science', 'StrathclydeOA']","['arXiv_grqc', 'RelativityPaper', 'scimichael', 'emulenews', 'HogwartsScience', 'StrathclydeOA']",0,"['0', '0', '0', ['Francisco R. Villatoro'], '0', '0']",0.3125,0.41379310344827586,0.3333333333333333,Francisco R. Villatoro,Relativity/Cosmology,RelativityPaper,tw_name_self_score,0.41379310344827586,Relativity/Cosmology,130698193
248,10.1000/anon802,Frei,Zsolt,Zsolt,12,12,"['913202019183325184', '913206602534068224', '913350640671313920', '913412173107412992', '913205110888697856', '913268322426224640', '913397560139644933', '913333810556792832', '973829000735940608', '1326438378146029568', '913383892844990464', '913331366573543424']","['1070695968', '130698193', '395179481', '60724221', '1950945236', '742149925', '751734284092792832', '2427184074', '3468565703', '3164241610', '180667856', '20058831']","['Starship Engineers', 'Relativity/Cosmology', 'UIB GRG', 'Maximiliano Isi', 'arXiv gr-qc', 'David Meyer', 'arxiv', 'Christopher Berry', 'Dr. Mathieu E. Rebeaud 🐱', 'ORBi-Publis-ULiège', 'james correia j☈, PhD', 'Matthew Pitkin']","['StarshipBuilder', 'RelativityPaper', 'UIBGRG', 'maxisi', 'arXiv_grqc', 'dajmeyer', 'arxiv_org', 'cplberry', 'Damkyan_Omega', 'ORBiPubsULiege', 'jimmyc42', 'matt_pitkin']",0,"['0', '0', '0', ['Maximiliano Isi'], '0', ['David A. Meyer'], '0', ['Christopher P. L. Berry'], ['Mathieu E. Rebeaud'], '0', '0', ['Matthew Pitkin']]",0.30303030303030304,0.4444444444444444,0.3333333333333333,Christopher P. L. Berry,arxiv,RelativityPaper,tw_name_self_score,0.4444444444444444,arxiv,751734284092792832
248,10.1000/anon36,Frei,Zsolt,Zsolt,5,5,"['932919544561262592', '1326438384060030976', '932958997300248576', '932809138182152192', '932793280156393475']","['778228628601602048', '3164241610', '2986241129', '130698193', '1950945236']","['BIGWaves', 'ORBi-Publis-ULiège', 'Pierre Spagnou', 'Relativity/Cosmology', 'arXiv gr-qc']","['UoBIGWaves', 'ORBiPubsULiege', 'PSpagnou', 'RelativityPaper', 'arXiv_grqc']",0,"['0', '0', '0', '0', '0']",0.0,0.4166666666666667,0.3333333333333333,NULL,Pierre Spagnou,RelativityPaper,tw_name_self_score,0.4166666666666667,Pierre Spagnou,2986241129
248,10.1000/anon724,Frei,Zsolt,Zsolt,9,9,"['969025022697332737', '970541952558039040', '1064997281760460803', '1058808564926558208', '1326438381241425920', '969039309474091010', '1006191963983392768', '997549578693079040', '969292521921642496']","['1950945236', '46854930', '60724221', '2427184074', '3164241610', '428032842', '855470553116712961', '3784712434', '751734284092792832']","['arXiv gr-qc', 'BlackPhysicists', 'Maximiliano Isi', 'Christopher Berry', 'ORBi-Publis-ULiège', 'Oleg Sablin', '松浦周二', 'É o Arthur', 'arxiv']","['arXiv_grqc', 'BlackPhysicists', 'maxisi', 'cplberry', 'ORBiPubsULiege', 'OSablin', 'KGUmatsuura', 'isphus1973', 'arxiv_org']",0,"['0', ['Xue-Mei Su', 'Ruidong Xia', 'Xue Mei Su', 'Hongbo Zhang', 'Abdallah Ali', 'Zhipeng Zhou', 'Lyudmyla Adamska', 'Olivier Namur'], ['Maximiliano Isi'], ['Christopher P. L. Berry'], '0', '0', '0', '0', '0']",0.4,0.4444444444444444,0.375,Xue-Mei Su,arxiv,OSablin,tw_name_self_score,0.4444444444444444,arxiv,751734284092792832
248,10.1000/anon911,Frei,Zsolt,Zsolt,12,12,"['937993569645756416', '938860427148132352', '991839092689264640', '1025016618219319296', '1025016618219319296', '937978005208621056', '938333499328815104', '1326438379337158656', '938168705447374848', '938502841282498563', '938001447416819712', '937890536530128896']","['422672164', '2964584867', '1950945236', '3354846525', '3354846525', '778228628601602048', '10666172', '3164241610', '177959929', '1731136087', '398875154', '130698193']","['Dr Michael Reidinger', 'George Shiber', 'arXiv gr-qc', 'StrathclydeOA', 'StrathclydeOA', 'BIGWaves', 'Sabine Hossenfelder', 'ORBi-Publis-ULiège', 'Eric Copenhaver', 'Física Geral', 'ゴトー', 'Relativity/Cosmology']","['scimichael', 'GeorgeShiber', 'arXiv_grqc', 'StrathclydeOA', 'StrathclydeOA', 'UoBIGWaves', 'skdh', 'ORBiPubsULiege', 'ecopenhaver', 'Fisica_Geral', 'Hiromitsu510', 'RelativityPaper']",0,"['0', '0', '0', '0', '0', '0', ['Null'], '0', ['Eric Copenhaver'], '0', '0', '0']",0.2222222222222222,0.41379310344827586,0.375,Null,Relativity/Cosmology,GeorgeShiber,tw_name_self_score,0.41379310344827586,Relativity/Cosmology,130698193
248,10.1000/anon1007,Frei,Zsolt,Zsolt,56,56,"['1001728998538465280', '1002031613771837440', '1001723266862583809', '1002004890296684544', '1004077039828242433', '1004219213832220672', '1063466084936925189', '1478779533813813262', '1001791298142076928', '1052248557422616576', '1052161643981942784', '1001749455748653056', '1050824523837333504', '1001755101541826560', '1001782819226517504', '1002003684312657920', '1002098078545993728', '1046176628655697920', '1052242775461322757', '1058678938380062721', '1005093029181644800', '1038358926054641665', '1001788997608398849', '1001843201848754176', '1001926839298768897', '1001742151431180289', '1001794923388063744', '1002352001206779905', '1001806567858204672', '1001808072103415809', '1003522325772488704', '1056623258731245568', '1051852719873437697', '1001652929672155136', '1001624522762735616', '1058674250406481925', '1004069827672190976', '1051970717443649537', '1295302933211418624', '1389361463718866945', '1001650267081887745', '1004057454643011585', '1038850243020955648', '1038850243020955648', '1326438383120506880', '1046804029085556736', '1038393701549174784', '1004132590524227584', '1051890569256022016', '1002632142604685315', '1001649932887982081', '1002292964423585792', '1001734036270796802', '1052033224447160320', '1002203444365611008', '1038373850143223808']","['2427184074', '155232673', '15000857', '312448486', '28210273', '997344666298306560', '3354846525', '700547391187873792', '33018582', '180667856', '26128759', '99519576', '2427184074', '422672164', '137724771', '181806377', '29939028', '1360389115', '15000857', '2464150868', '2427184074', '15000857', '995791838', '801157284541894656', '398875154', '2427184074', '123179445', '268249192', '442808926', '92484159', '997344666298306560', '716385522697052160', '1296726444', '15327263', '1950945236', '2464150868', '422672164', '15000857', '778228628601602048', '1170823572991836160', '14786588', '15000857', '2800342562', '2800342562', '3164241610', '2427184074', '586341525', '256256851', '46854930', '2427184074', '130698193', '245287878', '2427184074', '1026527789803950080', '63066274', '626671522']","['Christopher Berry', 'Kazuhiro Oyamatsu', 'LIGO', 'Dr. Karan Jani', 'John Boguta', 'Arxiv Trends 💎', 'StrathclydeOA', 'Frank ⌁', 'Anna G', 'james correia j☈, PhD', 'Rami Mandow 🏳️\u200d🌈🏳️\u200d⚧️', 'Dominique Boutigny @AlvindeDiaspar@mathstodon.xyz', 'Christopher Berry', 'Dr Michael Reidinger', 'Tony Jebson', 'TadaAki Isobe', '𝖧𝗂𝗋𝗈𝗒𝗎𝗄𝗂 𝖥𝖴𝖩𝖨𝖮𝖪𝖠', 'Matt Carney', 'LIGO', 'Prof(Dr). Anand Kar', 'Christopher Berry', 'LIGO', 'Astropierre', 'KaellumEridani', 'ゴトー', 'Christopher Berry', '小谷太郎', 'TeraKen', 'Taoufik Nadji', 'Teruaki Enoto | 榎戸輝揚 🧲⭐️🛰⚡️', 'Arxiv Trends 💎', 'Maël Voyer', 'nuclexp', 'Carl-Johan Haster', 'arXiv gr-qc', 'Prof(Dr). Anand Kar', 'Dr Michael Reidinger', 'LIGO', 'BIGWaves', 'Greg Mendell 🙂🖖✨🔭📖', 'Jocelyn Read', 'LIGO', 'T. Marshall Eubanks', 'T. Marshall Eubanks', 'ORBi-Publis-ULiège', 'Christopher Berry', 'Steven Dorsher;MS✨🏳️\u200d⚧️🏳️\u200d🌈👨\u200d🏫👨\u200d💻', 'Seth Thatcher', 'BlackPhysicists', 'Christopher Berry', 'Relativity/Cosmology', 'Gry M. Tveten', 'Christopher Berry', 'UO Div Dean of Natural Sciences', '星が好きな人のための新着情報🔭', 'Salvatore Vitale']","['cplberry', 'oyak1961', 'LIGO', 'AstroKPJ', 'boguta', 'arxivtrends', 'StrathclydeOA', 'FrankElavsky', 'annacgreen', 'jimmyc42', 'CosmicRami', 'AlvindeDiaspar', 'cplberry', 'scimichael', 'ajebson', 'isobephys', 'fujioka', 'MattCarney106', 'LIGO', 'DrAnandKar', 'cplberry', 'LIGO', 'astropierre', 'KaellumEridani', 'Hiromitsu510', 'cplberry', 'tarokotani', 'TeraKen0510', 'MrLeNadj', 'teru_enoto', 'arxivtrends', 'MaelVoyer', 'nuclexp', 'CJHaster', 'arXiv_grqc', 'DrAnandKar', 'scimichael', 'LIGO', 'UoBIGWaves', 'mendell_greg', 'drjocelynread', 'LIGO', 'TM_Eubanks', 'TM_Eubanks', 'ORBiPubsULiege', 'cplberry', 'StevenDorsher', 'SethThatcher', 'BlackPhysicists', 'cplberry', 'RelativityPaper', 'grymtv', 'cplberry', 'UOSciDivDean', 'localgroupjp', 'sasomao']",0,"[['Christopher P. L. Berry'], '0', '0', ['Karan Jani'], '0', '0', '0', '0', '0', '0', ['R. Mandow'], '0', ['Christopher P. L. Berry'], '0', ['Tony Jebson'], '0', ['Hiroyuki Fujioka'], ['M. F. Carney'], '0', ['Anand Kar'], ['Christopher P. L. Berry'], '0', '0', '0', '0', ['Christopher P. L. Berry'], '0', '0', ['Null'], '0', '0', '0', '0', ['Carl-Johan Haster'], '0', ['Anand Kar'], '0', '0', '0', '0', '0', '0', ['T. M. Eubanks'], ['T. M. Eubanks'], '0', ['Christopher P. L. Berry'], '0', '0', ['Xue-Mei Su', 'Ruidong Xia', 'Xue Mei Su', 'Hongbo Zhang', 'Abdallah Ali', 'Zhipeng Zhou', 'Lyudmyla Adamska', 'Olivier Namur'], ['Christopher P. L. Berry'], '0', ['Gry Merete Tveten'], ['Christopher P. L. Berry'], '0', '0', ['Salvatore Vitale']]",0.4,0.45454545454545453,0.42105263157894735,Xue-Mei Su,Jocelyn Read,teru_enoto,tw_name_self_score,0.45454545454545453,Jocelyn Read,14786588
248,10.1000/anon387,Frei,Zsolt,Zsolt,6,6,"['1030528369841119232', '1029634690305679360', '1326438384961720321', '1029887472132534272', '1029628504256774144', '1087664672205983744']","['392357015', '4309903347', '3164241610', '2831909575', '422672164', '3354846525']","['Francis Villatoro', 'MPI GravPhys', 'ORBi-Publis-ULiège', 'Exotic star papers', 'Dr Michael Reidinger', 'StrathclydeOA']","['emulenews', 'mpi_grav', 'ORBiPubsULiege', 'xoticStarPapers', 'scimichael', 'StrathclydeOA']",0,"[['Francisco R. Villatoro'], '0', '0', '0', '0', '0']",0.3125,0.37037037037037035,0.3333333333333333,Francisco R. Villatoro,Francis Villatoro,xoticStarPapers,tw_name_self_score,0.37037037037037035,Francis Villatoro,392357015
274,10.1000/anon927,Ceesay,Nuha,Nuha,1,1,['448112574576742400'],['98663069'],['HIV Insight'],['HIV_Insight'],0,['0'],0.0,0.18181818181818182,0.26666666666666666,NULL,HIV Insight,HIV_Insight,tw_handle_self_score,0.26666666666666666,HIV_Insight,98663069
274,10.1000/anon181,Ceesay,Nuha,Nuha,2,2,"['634679401599205377', '629248903473446913']","['2590220720', '402875257']","['HIV Epidemiology at JHSPH', 'PeerJ Publishing']","['HopkinsHIVEpi', 'thePeerJ']",0,"['0', ['Julio Parapar']]",0.25,0.2962962962962963,0.3333333333333333,Julio Parapar,PeerJ Publishing,thePeerJ,tw_handle_self_score,0.3333333333333333,thePeerJ,402875257
102,10.1000/anon76,Bose,Namrata,Namrata,1,1,['885918340962594816'],['4802914581'],['Brain tumor ULisboa'],['braintumor_UL'],0,['0'],0.0,0.3870967741935484,0.3333333333333333,NULL,Brain tumor ULisboa,braintumor_UL,tw_name_self_score,0.3870967741935484,Brain tumor ULisboa,4802914581
199,10.1000/anon746,Andrici,Juliana,Juliana,1,1,['722368920892481536'],['4802914581'],['Brain tumor ULisboa'],['braintumor_UL'],0,['0'],0.0,0.47058823529411764,0.37037037037037035,NULL,Brain tumor ULisboa,braintumor_UL,tw_name_self_score,0.47058823529411764,Brain tumor ULisboa,4802914581
167,10.1000/anon38,Kendrew,Jon,Jon,5,5,"['383454388380905472', '917675320123179008', '383455129036283904', '383744238480928770', '383449959833423872']","['354372847', '354372847', '354372847', '35991485', '354372847']","['andy johnston', 'andy johnston', 'andy johnston', 'Ruben Roa', 'andy johnston']","['armycritcare', 'armycritcare', 'armycritcare', 'rubenroa', 'armycritcare']",0,"[['Null', 'Andrew McD Johnston'], ['Null', 'Andrew McD Johnston'], ['Null', 'Andrew McD Johnston'], '0', ['Null', 'Andrew McD Johnston']]",0.6,0.5,0.4444444444444444,Andrew McD Johnston,andy johnston,rubenroa,author_name_self_score,0.6,Andrew McD Johnston,354372847
167,10.1000/anon993,Kendrew,Jon,Jon,3,3,"['1024730026795778053', '288222893568032768', '294457941044645888']","['4061002821', '20989739', '20989739']","['Jowan Penn-Barwell', 'The Bone & Joint Journal', 'The Bone & Joint Journal']","['MilOrthoTrauma', 'BoneJointJ', 'BoneJointJ']",0,"[['J.G. Penn-Barwell', 'J. G. Penn-Barwell'], '0', '0']",0.2857142857142857,0.5517241379310345,0.46153846153846156,J.G. Penn-Barwell,Jowan Penn-Barwell,BoneJointJ,tw_name_self_score,0.5517241379310345,Jowan Penn-Barwell,4061002821
2,10.1000/anon1150,Juma,Pamela A.,Pamela,3,3,"['660494123888189440', '659798337391091712', '662604957179207682']","['3428446343', '3344168860', '3632073868']","['Malaria Papers', 'Daniela Rodriguez', 'Culture of Health Eq']","['MalariaPapers', 'dcrodriguez79', 'CofHEQ']",0,"['0', ['Daniela C. Rodríguez'], '0']",0.3870967741935484,0.48,0.43478260869565216,Daniela C. Rodríguez,Malaria Papers,MalariaPapers,tw_name_self_score,0.48,Malaria Papers,3428446343
2,10.1000/anon744,Juma,Pamela A.,Pamela,1,1,['745532631480049665'],['1376837311'],['Archives of Public Health'],['Archpubhealth'],0,['0'],0.0,0.2777777777777778,0.3157894736842105,NULL,Archives of Public Health,Archpubhealth,tw_handle_self_score,0.3157894736842105,Archpubhealth,1376837311
136,10.1000/anon639,Carmo,Antônio Márcio Resende Do,Antônio,1,1,['521723416060387328'],['39299326'],['ACHS'],['CAMResearch'],0,['0'],0.0,0.25,0.375,NULL,ACHS,CAMResearch,tw_handle_self_score,0.375,CAMResearch,39299326
20,10.1000/anon795,Wu,Yufeng,Yufeng,3,3,"['693391983323119616', '557150864268603393', '814491782218072064']","['2777026289', '880338901', '804900484897067009']","['Pastel BioScience', 'Mitochondria & Aging', 'Immun Therapy J']","['PastelBio_prot', 'MitoAging', 'Immunthrpy_IMT']",0,"['0', '0', '0']",0.0,0.25,0.26666666666666666,NULL,Immun Therapy J,MitoAging,tw_handle_self_score,0.26666666666666666,MitoAging,880338901
136,10.1000/anon965,Carmo,Antônio Márcio Resende Do,Antônio,3,3,"['575969606692683776', '575965282381889536', '575956446401191936']","['193638635', '2527490466', '361896869']","['Russell Fleming', 'Symbiosis papers', 'Paul Whiteley']","['Firestormmer', 'Symbiosispapers', 'PaulWhiteleyPhD']",0,"['0', '0', ['Null']]",0.18181818181818182,0.3448275862068966,0.3333333333333333,Null,Symbiosis papers,Firestormmer,tw_name_self_score,0.3448275862068966,Symbiosis papers,2527490466
236,10.1000/anon4,Koopman,Anitra D. M.,Anitra,1,1,['466549631015747585'],['2230212806'],['DIRECT project'],['DIRECTdiabetes'],0,['0'],0.0,0.2857142857142857,0.2,NULL,DIRECT project,DIRECTdiabetes,tw_name_self_score,0.2857142857142857,DIRECT project,2230212806
30,10.1000/anon426,Reitenga,Krista,Krista,3,3,"['444585929890492416', '434033556814188545', '434338812760555521']","['36953014', '1421096077', '26748889']","['Susie Theroux', 'Jonathan Klassen', 'Nature Protocols']","['susie_theroux', 'KlassenLab', 'NatureProtocols']",0,"['0', ['Jonathan L. Klassen'], '0']",0.23529411764705882,0.25806451612903225,0.4166666666666667,Jonathan L. Klassen,Jonathan Klassen,KlassenLab,tw_handle_self_score,0.4166666666666667,KlassenLab,1421096077
57,10.1000/anon694,Karia,Nidhi,Nidhi,1,1,['196606061703217153'],['64524440'],['Cardiac'],['cardiacimaging'],0,['0'],0.0,0.6666666666666666,0.42105263157894735,NULL,Cardiac,cardiacimaging,tw_name_self_score,0.6666666666666666,Cardiac,64524440
59,10.1000/anon882,Kassenboehmer,Sonja C.,Sonja,1,1,['702585265861345280'],['167518379'],['Sage Business'],['SageBusiness_'],0,[['Eloisio Moulin de Souza']],0.2857142857142857,0.25,0.25806451612903225,Eloisio Moulin de Souza,Sage Business,SageBusiness_,author_name_self_score,0.2857142857142857,Eloisio Moulin de Souza,167518379
59,10.1000/anon1135,Kassenboehmer,Sonja C.,Sonja,2,2,"['411511798056357888', '411511802884022272']","['28528165', '725669916']","['elsevierbiz', 'SocialSciences']","['elsevierbiz', 'Els_SocialScien']",0,"['0', '0']",0.0,0.4375,0.36363636363636365,NULL,SocialSciences,Els_SocialScien,tw_name_self_score,0.4375,SocialSciences,725669916
13,10.1000/anon84,Geiselmann,Michael,Michael,2,2,"['449712667301654528', '387622281163591680']","['46854930', nan]","['BlackPhysicists', nan]","['BlackPhysicists', nan]",0,"[['Xue-Mei Su', 'Ruidong Xia', 'Xue Mei Su', 'Hongbo Zhang', 'Abdallah Ali', 'Zhipeng Zhou', 'Lyudmyla Adamska', 'Olivier Namur'], '0']",0.29411764705882354,0.25,0.25,Lyudmyla Adamska,BlackPhysicists,BlackPhysicists,author_name_self_score,0.29411764705882354,Lyudmyla Adamska,46854930
13,10.1000/anon913,Geiselmann,Michael,Michael,1,1,['440750381119700992'],['15168678'],['@Sanli@scholar.social'],['sanli'],0,['0'],0.0,0.42105263157894735,0.4,NULL,@Sanli@scholar.social,sanli,tw_name_self_score,0.42105263157894735,@Sanli@scholar.social,15168678
13,10.1000/anon17,Geiselmann,Michael,Michael,1,1,['614852164792418309'],['46854930'],['BlackPhysicists'],['BlackPhysicists'],0,"[['Xue-Mei Su', 'Ruidong Xia', 'Xue Mei Su', 'Hongbo Zhang', 'Abdallah Ali', 'Zhipeng Zhou', 'Lyudmyla Adamska', 'Olivier Namur']]",0.29411764705882354,0.25,0.25,Lyudmyla Adamska,BlackPhysicists,BlackPhysicists,author_name_self_score,0.29411764705882354,Lyudmyla Adamska,46854930
69,10.1000/anon265,Schoemaker,Ana A.,Ana,3,3,"['461857025493053440', '458913200478486528', '458914127030018049']","['96727525', '1323728234', '19068794']","['IFSBH', 'food_allergy_feed', 'Adrian Rogers FIFST 👨\u200d🔬']","['ifsbh', 'FoodAllergyNCBI', 'ad_rogers']",0,"['0', '0', ['Adrian Rogers']]",0.4444444444444444,0.32432432432432434,0.36363636363636365,Adrian Rogers,Adrian Rogers FIFST 👨‍🔬,ad_rogers,author_name_self_score,0.4444444444444444,Adrian Rogers,19068794
157,10.1000/anon1100,Cairnduff,Victoria,Victoria,5,5,"['894579303022608384', '810038372815294464', '818217386037874694', '807216825482280960', '807208172662456321']","['207581304', '333495548', '17500885', '93629061', '177891462']","['UCL Discovery', 'Ollie Minton', 'Rachael Brannan', 'Katrina Hall 🏴\U000e0067\U000e0062\U000e0073\U000e0063\U000e0074\U000e007f 💙 she/her', 'BMJ_Open']","['ucl_discovery', 'drol007', 'RachaelBrannan', 'trinahall101', 'BMJ_Open']",0,"['0', ['O. Minton', 'Ollie Minton'], ['R. Brannan'], '0', '0']",0.2962962962962963,0.30303030303030304,0.4,O. Minton,Rachael Brannan,trinahall101,tw_handle_self_score,0.4,trinahall101,93629061
72,10.1000/anon461,Murthy,Gvs,Gvs,5,5,"['761179733572800512', '761864370963886080', '762362977731444736', '761298043379458048', '761194834149330945']","['2834785745', '2734131600', '2224366675', '49007297', '334746498']","['DMSystems', 'LSHTM Open Research', 'TAMORISH KOLE', 'Sequence Health', 'A@$!¥A']","['DMSystemsIndia', 'LSHTMopen', 'Tamorishprof', 'WeAreSeqHealth', 'SimplyAasiya']",0,"['0', '0', '0', '0', '0']",0.0,0.34782608695652173,0.3333333333333333,NULL,TAMORISH KOLE,Tamorishprof,tw_name_self_score,0.34782608695652173,TAMORISH KOLE,2224366675
72,10.1000/anon1149,Murthy,Gvs,Gvs,1,1,['1329764489709854723'],['907910807723356161'],"['Prof. Dr. Somashekhar Nimbalkar, MD, PGDPH, FNNF']",['ProfSomashekhar'],0,['0'],0.0,0.16666666666666666,0.25,NULL,"Prof. Dr. Somashekhar Nimbalkar, MD, PGDPH, FNNF",ProfSomashekhar,tw_handle_self_score,0.25,ProfSomashekhar,907910807723356161
23,10.1000/anon388,Morrison,Chris,Chris,3,3,"['511704821817430017', '423931086733713408', '435151854045900800']","['767534396', '222593636', '1058766716']","['Monash Public Health', 'Gary Holden', 'International Journal of Drug Policy']","['Monash_SPHPM', 'Info4Practice', 'ijdrugpolicy']",0,"['0', ['Gary Holden'], '0']",0.24,0.29411764705882354,0.4,Gary Holden,Monash Public Health,Monash_SPHPM,tw_handle_self_score,0.4,Monash_SPHPM,767534396
23,10.1000/anon333,Morrison,Chris,Chris,3,3,"['590111058293063681', '626922618147504128', '1390089327183495170']","['2231780650', '420042587', '1610389002']","['Caroline Leech', 'Brian Burns', 'PHEMC']","['LeechCaroline', 'HawkmoonHEMS', 'PHEMCandSSEM']",0,"[['Caroline Leech', 'C. Leech'], ['Null'], '0']",0.42857142857142855,0.48,0.48,Caroline Leech,Brian Burns,HawkmoonHEMS,tw_name_self_score,0.48,Brian Burns,420042587
90,10.1000/anon1052,Alsop,Melissa,Melissa,1,1,['202328877220114432'],['74478819'],['Nick Murphy'],['NicholasMMurphy'],0,[['Nicholas M. Murphy']],0.25806451612903225,0.16666666666666666,0.3,Nicholas M. Murphy,Nick Murphy,NicholasMMurphy,tw_handle_self_score,0.3,NicholasMMurphy,74478819
246,10.1000/anon487,Gunapala,Ranga,Ranga,1,1,['333856334275559424'],['145749926'],['Carebot'],['TelehealthHull'],0,['0'],0.0,0.2,0.18181818181818182,NULL,Carebot,TelehealthHull,tw_name_self_score,0.2,Carebot,145749926
280,10.1000/anon529,Diricx,Marjan,Marjan,1,1,['197484502598168577'],['353863292'],['SpeedGel'],['SpeedGel1'],0,['0'],0.0,0.14285714285714285,0.13333333333333333,NULL,SpeedGel,SpeedGel1,tw_name_self_score,0.14285714285714285,SpeedGel,353863292
91,10.1000/anon872,Lopez-Acevedo,Micael,Micael,2,2,"['375715809928040448', '360340998490030081']","['1420848950', '1288296943']","['Barbara Gomes', 'Cancer Library VCC']","['B_Gomes_', 'VCCLibrary']",0,"[['Barbara Gomes'], '0']",0.12121212121212122,0.3684210526315789,0.2857142857142857,Barbara Gomes,Cancer Library VCC,B_Gomes_,tw_name_self_score,0.3684210526315789,Cancer Library VCC,1288296943
91,10.1000/anon344,Lopez-Acevedo,Micael,Micael,1,1,['326421603397300224'],['902522749'],"['Arif Kamal MD, MBA, MHS']",['arifkamalmd'],0,[['Arif H. Kamal']],0.18181818181818182,0.23255813953488372,0.35294117647058826,Arif H. Kamal,"Arif Kamal MD, MBA, MHS",arifkamalmd,tw_handle_self_score,0.35294117647058826,arifkamalmd,902522749
192,10.1000/anon334,Höllig,Anke,Anke,1,1,['1141314024245792768'],['879250144625127424'],['🌻Lars Mølgaard Saxhaug'],['load_dependent'],0,['0'],0.0,0.24242424242424243,0.3333333333333333,NULL,🌻Lars Mølgaard Saxhaug,load_dependent,tw_handle_self_score,0.3333333333333333,load_dependent,879250144625127424
220,10.1000/anon735,Niedziela,Agnieszka,Agnieszka,2,2,"['589499476017971200', '589499476017971200']","['3062846807', '3062846807']","['wheatpapers', 'wheatpapers']","['wheat_papers', 'wheat_papers']",0,"['0', '0']",0.0,0.3,0.2857142857142857,NULL,wheatpapers,wheat_papers,tw_name_self_score,0.3,wheatpapers,3062846807
126,10.1000/anon115,Tergiman,Chloe,Chloe,1,1,['380994221802397696'],['1724581902'],['Lukas Schürch'],['lukasschuerch'],0,['0'],0.0,0.2962962962962963,0.3333333333333333,NULL,Lukas Schürch,lukasschuerch,tw_handle_self_score,0.3333333333333333,lukasschuerch,1724581902
126,10.1000/anon846,Tergiman,Chloe,Chloe,2,2,"['527752193114648576', '501323263864504320']","['363747144', '363747144']","['SimulPast', 'SimulPast']","['SimulPast', 'SimulPast']",0,"['0', '0']",0.0,0.35294117647058826,0.35294117647058826,NULL,SimulPast,SimulPast,tw_name_self_score,0.35294117647058826,SimulPast,363747144
89,10.1000/anon144,Sampaio,Rute,Rute,1,1,['198945621267316736'],['259572004'],['Christopher Averett'],['badgermedicine'],0,['0'],0.0,0.3225806451612903,0.32,NULL,Christopher Averett,badgermedicine,tw_name_self_score,0.3225806451612903,Christopher Averett,259572004
89,10.1000/anon714,Sampaio,Rute,Rute,1,1,['471765553258848256'],['55548061'],['أحمد عيد (Ahmed Elaghoury)'],['aghoury79'],0,['0'],0.0,0.2631578947368421,0.3,NULL,أحمد عيد (Ahmed Elaghoury),aghoury79,tw_handle_self_score,0.3,aghoury79,55548061
89,10.1000/anon925,Sampaio,Rute,Rute,2,2,"['1433822491579924484', '1433853571552841731']","['27611466', '27663739']","['RepositóriUM', 'Ricardo Saraiva']","['repositorium', 'rsaraiva09']",0,"['0', ['Rui Saraiva']]",0.6086956521739131,0.4444444444444444,0.47619047619047616,Rui Saraiva,Ricardo Saraiva,rsaraiva09,author_name_self_score,0.6086956521739131,Rui Saraiva,27663739
89,10.1000/anon571,Sampaio,Rute,Rute,1,1,['468744383613763584'],['55548061'],['أحمد عيد (Ahmed Elaghoury)'],['aghoury79'],0,['0'],0.0,0.2631578947368421,0.3,NULL,أحمد عيد (Ahmed Elaghoury),aghoury79,tw_handle_self_score,0.3,aghoury79,55548061
272,10.1000/anon151,Pöhls,Jan-Hendrik,Jan,3,3,"['817265751107084288', '426357958880927744', '1455142515749818370']","['1889849336', '1040511901', '16288000']","['I’ am special boy ', 'Ramzy Abdelaziz', '𒃲𒌋𒅗𒆪𒁉']","['Iamspecialboy1', 'Ramzyabdelaziz1', 'ultimape']",0,"['0', '0', '0']",0.0,0.2962962962962963,0.2727272727272727,NULL,I’ am special boy ,Iamspecialboy1,tw_name_self_score,0.2962962962962963,I’ am special boy ,1889849336
263,10.1000/anon929,Mohiuddin,Yaseen,Yaseen,1,1,['909837473676709890'],['819193483248418817'],['Bin Xu'],['BinXu16'],0,['0'],0.0,0.2727272727272727,0.25,NULL,Bin Xu,BinXu16,tw_name_self_score,0.2727272727272727,Bin Xu,819193483248418817
166,10.1000/anon468,Watson,Emma,Emma,3,3,"['213577049321906176', '217181088806735873', '217181088806735873']","['395185591', '222593636', '222593636']","['Emerald Healthier Lives', 'Gary Holden', 'Gary Holden']","['EmeraldHSC', 'Info4Practice', 'Info4Practice']",0,"['0', ['Gary Holden'], ['Gary Holden']]",0.2727272727272727,0.4117647058823529,0.42857142857142855,Gary Holden,Emerald Healthier Lives,EmeraldHSC,tw_handle_self_score,0.42857142857142855,EmeraldHSC,395185591
166,10.1000/anon585,Watson,Emma,Emma,1,1,['213577048453677056'],['395185591'],['Emerald Healthier Lives'],['EmeraldHSC'],0,['0'],0.0,0.4117647058823529,0.42857142857142855,NULL,Emerald Healthier Lives,EmeraldHSC,tw_handle_self_score,0.42857142857142855,EmeraldHSC,395185591
199,10.1000/anon576,Andrici,Juliana,Juliana,4,4,"['604141241538723840', '596420071255322627', '602098391515037696', '601734063154573312']","['421078536', '1916738564', '37845266', '1916738564']","['Pathology Journal', 'Anthony J Gill', 'Dyslexior (Jaime A Mejia, MD APCP)', 'Anthony J Gill']","['Pathology_RCPA', 'CaDxPath', 'jaimearturomc', 'CaDxPath']",0,"['0', ['Anthony J. Gill', 'Anthony J Gill'], '0', ['Anthony J. Gill', 'Anthony J Gill']]",0.3448275862068966,0.375,0.3,Anthony J Gill,Pathology Journal,jaimearturomc,tw_name_self_score,0.375,Pathology Journal,421078536
199,10.1000/anon660,Andrici,Juliana,Juliana,4,4,"['756436517933846528', '707956288668348416', '697420911729889280', '697601530220912640']","['2581464331', '1377886994', '1377886994', '1377886994']","['HPB_surgery', 'JACS', 'JACS', 'JACS']","['HPB_surgery', 'acsJACS', 'acsJACS', 'acsJACS']",0,"['0', '0', '0', '0']",0.0,0.36363636363636365,0.38095238095238093,NULL,JACS,acsJACS,tw_handle_self_score,0.38095238095238093,acsJACS,1377886994
199,10.1000/anon1106,Andrici,Juliana,Juliana,3,3,"['724079623449923584', '732672753656942592', '725285151635206144']","['1916738564', '1916738564', '3271095818']","['Anthony J Gill', 'Anthony J Gill', 'Hematopoiesis']","['CaDxPath', 'CaDxPath', 'HSC_papers']",0,"[['Anthony J. Gill', 'Anthony J Gill'], ['Anthony J. Gill', 'Anthony J Gill'], '0']",0.3448275862068966,0.3448275862068966,0.2727272727272727,Anthony J Gill,Anthony J Gill,CaDxPath,author_name_self_score,0.3448275862068966,Anthony J Gill,1916738564
199,10.1000/anon560,Andrici,Juliana,Juliana,2,2,"['743065909351317505', '743065909351317505']","['732666770637492225', '732666770637492225']","['Elsevier Pathology', 'Elsevier Pathology']","['PathologyTweet', 'PathologyTweet']",0,"['0', '0']",0.0,0.18181818181818182,0.14285714285714285,NULL,Elsevier Pathology,PathologyTweet,tw_name_self_score,0.18181818181818182,Elsevier Pathology,732666770637492225
199,10.1000/anon642,Andrici,Juliana,Juliana,15,15,"['1115331641487052801', '720868324276457472', '667614512866988034', '723400875427790849', '977335755931398144', '667653508066357249', '989684541022449664', '908459395956211712', '966815451400556549', '1115336216562556929', '1282444861904433153', '667265865503543296', '966806642233880576', '1101657811224690690', '1282444917047005186']","['1106202793948401664', '56153038', '1916738564', '1916738564', '1916738564', '738527774', '730173940493062144', '4871022420', '2445262000', '4839488367', '1092581768446836737', '1916738564', '192280807', '1916738564', '1092581768446836737']","['Rola Ali, MD', 'histopathology 🔬', 'Anthony J Gill', 'Anthony J Gill', 'Anthony J Gill', 'Sean R Williamson MD', 'Mohammed Alsomali, MD', 'Sam Albadri, M.D., M.Sc.', 'Ahmed Agour, MD, PhD', 'M Adib Houreih, M.D, DipRCPath محمد أديب حورية', 'pathobot', 'Anthony J Gill', 'Gerônimo Jr.', 'Anthony J Gill', 'pathobot']","['DrRolaAli', 'histopathology', 'CaDxPath', 'CaDxPath', 'CaDxPath', 'Williamson_SR', 'MohammedA_PATH', 'sam_albadri', 'AhmedAgour5', 'MAHoureih', 'pathobot', 'CaDxPath', 'GeronimoJrLapac', 'CaDxPath', 'pathobot']",0,"['0', '0', ['Anthony J. Gill', 'Anthony J Gill'], ['Anthony J. Gill', 'Anthony J Gill'], ['Anthony J. Gill', 'Anthony J Gill'], ['Sean R. Williamson'], '0', ['Sam Albadri'], '0', '0', '0', ['Anthony J. Gill', 'Anthony J Gill'], '0', ['Anthony J. Gill', 'Anthony J Gill'], '0']",0.48484848484848486,0.45714285714285713,0.4444444444444444,Sean R. Williamson,Sean R Williamson MD,sam_albadri,author_name_self_score,0.48484848484848486,Sean R. Williamson,738527774
199,10.1000/anon811,Andrici,Juliana,Juliana,5,5,"['689100280781209609', '703163037033717760', '692484178479312897', '692487932612079616', '703915338124099584']","['2507601566', '1444165801', '72305828', '72305828', '72305828']","['The Pathologist', 'Pathology', 'Pedro Aleixo', 'Pedro Aleixo', 'Pedro Aleixo']","['pathologistmag', 'mvmd0908', 'pbaleixo', 'pbaleixo', 'pbaleixo']",0,"['0', '0', '0', '0', '0']",0.0,0.2222222222222222,0.2857142857142857,NULL,Pedro Aleixo,pathologistmag,tw_handle_self_score,0.2857142857142857,pathologistmag,2507601566
199,10.1000/anon719,Andrici,Juliana,Juliana,2,2,"['756098373749313536', '731868205984165888']","['1916738564', '72305828']","['Anthony J Gill', 'Pedro Aleixo']","['CaDxPath', 'pbaleixo']",0,"[['Anthony J. Gill', 'Anthony J Gill'], '0']",0.3448275862068966,0.3448275862068966,0.2727272727272727,Anthony J Gill,Anthony J Gill,CaDxPath,author_name_self_score,0.3448275862068966,Anthony J Gill,1916738564
199,10.1000/anon863,Andrici,Juliana,Juliana,3,3,"['1587246037034586118', '710429756228050944', '711299643544440832']","['1228025404012859393', '4911466401', '166816694']","['pathobotology', 'pancreophil', 'Anirban Maitra']","['pathobotology', 'pancreophil', 'Aiims1742']",0,"['0', '0', ['A. Maitra', 'Anirban Maitra', 'Amarnath Maitra', 'Amrapali Maitra']]",0.41379310344827586,0.4444444444444444,0.4444444444444444,Anirban Maitra,pancreophil,pancreophil,tw_name_self_score,0.4444444444444444,pancreophil,4911466401
199,10.1000/anon471,Andrici,Juliana,Juliana,8,8,"['1570509133757153280', '777678813316706304', '777133607202586624', '1348479196675207169', '809343616078336000', '777131940700753920', '809523780741541888', '809272937031356416']","['1281730314365071360', '72305828', '1916738564', '1916738564', '1916738564', '1916738564', '1916738564', '56153038']","['Tristan Rutland MBBS FRCPA IFCAP', 'Pedro Aleixo', 'Anthony J Gill', 'Anthony J Gill', 'Anthony J Gill', 'Anthony J Gill', 'Anthony J Gill', 'histopathology 🔬']","['TristanRutland7', 'pbaleixo', 'CaDxPath', 'CaDxPath', 'CaDxPath', 'CaDxPath', 'CaDxPath', 'histopathology']",0,"[['Tristan Rutland'], '0', ['Anthony J. Gill', 'Anthony J Gill'], ['Anthony J. Gill', 'Anthony J Gill'], ['Anthony J. Gill', 'Anthony J Gill'], ['Anthony J. Gill', 'Anthony J Gill'], ['Anthony J. Gill', 'Anthony J Gill'], '0']",0.4666666666666667,0.425531914893617,0.41379310344827586,Tristan Rutland,Tristan Rutland MBBS FRCPA IFCAP,TristanRutland7,author_name_self_score,0.4666666666666667,Tristan Rutland,1281730314365071360
199,10.1000/anon457,Andrici,Juliana,Juliana,2,2,"['901496969968967680', '701707390710738944']","['788863133431504897', '1916738564']","['Dpt. Patologia', 'Anthony J Gill']","['UFCSPA_patho', 'CaDxPath']",0,"['0', ['Anthony J. Gill', 'Anthony J Gill']]",0.3448275862068966,0.3448275862068966,0.3157894736842105,Anthony J Gill,Anthony J Gill,UFCSPA_patho,author_name_self_score,0.3448275862068966,Anthony J Gill,1916738564
199,10.1000/anon1180,Andrici,Juliana,Juliana,11,11,"['908981144388911104', '888667119633580033', '889186125193121793', '991948617928687616', '908579547926339585', '970776846768922624', '1017370890676236288', '888853067654889473', '908299089061613568', '908070081606897664', '888782647216025600']","['1916738564', '1916738564', '788082462819774464', '1916738564', '895588113262682113', '1916738564', '320872403', '850054435', '1916738564', '56153038', '99524669']","['Anthony J Gill', 'Anthony J Gill', 'Pathowitter', 'Anthony J Gill', 'Arshad', 'Anthony J Gill', 'Surgical Pathology', 'Suzie Siegel', 'Anthony J Gill', 'histopathology 🔬', 'Fedaa Najdawi MD']","['CaDxPath', 'CaDxPath', 'pathowitter', 'CaDxPath', 'arshad_path', 'CaDxPath', 'AJSPjournal', 'SuzieSiegel', 'CaDxPath', 'histopathology', 'DrFedaa']",0,"[['Anthony J. Gill', 'Anthony J Gill'], ['Anthony J. Gill', 'Anthony J Gill'], '0', ['Anthony J. Gill', 'Anthony J Gill'], '0', ['Anthony J. Gill', 'Anthony J Gill'], '0', '0', ['Anthony J. Gill', 'Anthony J Gill'], '0', ['Null']]",0.36363636363636365,0.3448275862068966,0.4444444444444444,Null,Anthony J Gill,AJSPjournal,tw_handle_self_score,0.4444444444444444,AJSPjournal,320872403
296,10.1000/anon183,McMillan,Elizabeth,Elizabeth,13,13,"['586492840093421569', '597398257233440768', '1295480175178612736', '586164699827314689', '586167925838520322', '783487197269852162', '586504229793112064', '610573765827694593', '596691852008521729', '588242300263858178', '586436137335427072', '717662439320395777', '586162533079199744']","['2526900595', '386682375', '2227598077', '166816694', '166816694', '2181072128', '1191609930', '3031924044', '386682375', '453495437', '2263594152', '2581464331', '166816694']","['epigenetics_papers', 'NCI Genomics', 'Robert K. Bradley', 'Anirban Maitra', 'Anirban Maitra', 'Emil Lou, MD, PhD, FACP', 'Francesco Turturro', 'Shaalan Beg', 'NCI Genomics', 'Eduardo Eyras', 'Genotipia', 'HPB_surgery', 'Anirban Maitra']","['epigen_papers', 'NCIgenomics', 'bradleybio', 'Aiims1742', 'Aiims1742', 'cancerassassin1', 'FrancescoTurtu1', 'ShaalanBeg', 'NCIgenomics', 'EduEyras', 'genotipia', 'HPB_surgery', 'Aiims1742']",0,"['0', '0', ['Robert K. Bradley'], ['A. Maitra', 'Anirban Maitra', 'Amarnath Maitra', 'Amrapali Maitra'], ['A. Maitra', 'Anirban Maitra', 'Amarnath Maitra', 'Amrapali Maitra'], ['Emil Lou'], '0', '0', '0', ['Null'], '0', '0', ['A. Maitra', 'Anirban Maitra', 'Amarnath Maitra', 'Amrapali Maitra']]",0.42424242424242425,0.41379310344827586,0.42105263157894735,Amarnath Maitra,Shaalan Beg,ShaalanBeg,author_name_self_score,0.42424242424242425,Amarnath Maitra,166816694
135,10.1000/anon680,Bach,Claudia,Claudia,1,1,['445660776821702656'],['73221346'],['Dr. Rick Wren'],['drrickwren'],0,['0'],0.0,0.19047619047619047,0.14285714285714285,NULL,Dr. Rick Wren,drrickwren,tw_name_self_score,0.19047619047619047,Dr. Rick Wren,73221346
252,10.1000/anon5,Chen,Kuan Wen,Kuan,1,1,['697610948492668928'],['130343557'],['Condensed Matter'],['CondensedPapers'],0,['0'],0.0,0.4,0.34782608695652173,NULL,Condensed Matter,CondensedPapers,tw_name_self_score,0.4,Condensed Matter,130343557
252,10.1000/anon505,Chen,Kuan Wen,Kuan,1,1,['743633337479270400'],['130343557'],['Condensed Matter'],['CondensedPapers'],0,['0'],0.0,0.4,0.34782608695652173,NULL,Condensed Matter,CondensedPapers,tw_name_self_score,0.4,Condensed Matter,130343557
268,10.1000/anon169,Petermann,Carmen,Carmen,1,1,['673986505577259008'],['384529155'],['Ian Lahart PhD'],['IMLahart'],0,[['Null']],0.2,0.3333333333333333,0.34782608695652173,Null,Ian Lahart PhD,IMLahart,tw_handle_self_score,0.34782608695652173,IMLahart,384529155
82,10.1000/anon567,Heher,Philipp,Philipp,3,3,"['617705375228301313', '736545098003931136', '617663229758586880']","['2788297100', '2788297100', '2789910212']","['Satellite Cell Bot', 'Satellite Cell Bot', 'TC_papers']","['MuscleStemCell', 'MuscleStemCell', 'TC_papers']",0,"['0', '0', '0']",0.0,0.38095238095238093,0.38095238095238093,NULL,TC_papers,TC_papers,tw_name_self_score,0.38095238095238093,TC_papers,2789910212
173,10.1000/anon609,Gupta,Sumeet,Sumeet,1,1,['732297038356983808'],['966880874'],['Cincy Kids Radiology'],['CincyKidsRad'],0,['0'],0.0,0.1875,0.17391304347826086,NULL,Cincy Kids Radiology,CincyKidsRad,tw_name_self_score,0.1875,Cincy Kids Radiology,966880874
160,10.1000/anon234,Holder,Andre L.,Andre,4,4,"['935493485687459841', '899622875740733440', '899418477945126913', '899492679045726209']","['68677974', '14983812', '68677974', '2655682292']","['Greg Martin', 'Twist & Shout', 'Greg Martin', 'Adobe']","['gsmartinmd', 'twistandshoutUK', 'gsmartinmd', 'chowsky2017']",0,"[['Greg S. Martin'], '0', ['Greg S. Martin'], '0']",0.3076923076923077,0.6,0.4,Greg S. Martin,Adobe,gsmartinmd,tw_name_self_score,0.6,Adobe,2655682292
160,10.1000/anon1181,Holder,Andre L.,Andre,10,10,"['967956666326114305', '921472850124574720', '912383753388994560', '908846655398703105', '931745886593519616', '927150139596247040', '912285566061887488', '912285566061887488', '999621034956406784', '931742630366646272']","['14660850', '906554365', '2813855880', '3236232894', '2264133175', '906554365', '68677974', '68677974', '68677974', '1560452209']","['Tamas Szakmany MBE', 'Trip Database', 'robert schmidt', 'ATS BSHSR', 'SECIP', 'Trip Database', 'Greg Martin', 'Greg Martin', 'Greg Martin', 'Continuum AEP']","['iamyourgasman', 'tripdatabase', 'rt99cammie', 'ATS_BSHSR', 'lasecip', 'tripdatabase', 'gsmartinmd', 'gsmartinmd', 'gsmartinmd', 'ContinuumAEP']",0,"[['Tamas Szakmany'], '0', '0', '0', '0', '0', ['Greg S. Martin'], ['Greg S. Martin'], ['Greg S. Martin'], '0']",0.3076923076923077,0.38461538461538464,0.4,Greg S. Martin,robert schmidt,gsmartinmd,tw_handle_self_score,0.4,gsmartinmd,68677974
160,10.1000/anon285,Holder,Andre L.,Andre,43,43,"['1507110871176253460', '974106218074603520', '1054890938894553090', '1507110671489589264', '999320985923997696', '1038002405160312833', '1050209284657692672', '947061463033692160', '999321099748818946', '975017022558896129', '1356288645825765376', '1102608260346114048', '1021517482253864960', '1034372620978929664', '947652158819917824', '950904976729141248', '1039613431597416448', '1091829590979424257', '1094349816421904389', '1091608587900776448', '948581095712415744', '959411092899409921', '973116218218512384', '1100765728679124994', '1507110563364626435', '974122139753336834', '1171161607206047745', '1507110748664872961', '1004030336249024513', '1036947366828535808', '1377833158935216129', '947210494892535814', '947528373751959552', '1039212408219357184', '1507110928936062985', '1407208987142070273', '1063950273075453957', '977511101867929600', '956084765064663040', '1377911356750327811', '1091603692950831104', '1039234857954623488', '1507111096439775236']","['211394709', '2264133175', '558070341', '211394709', '902990061217644545', '128218698', '117010681', '2360784260', '902990061217644545', '498021541', '14660850', '1022545769398710272', '1020947604799131648', '361238217', '630370158', '2601835236', '964924008092323840', '1014836514935726080', '2804643726', '7085762', '240801472', '68677974', '20337224', '240801472', '211394709', '1560452209', '162018067', '211394709', '68677974', '50076632', '1068609499995545600', '121337889', '630713215', '50076632', '211394709', '75958753', '766377786416201729', '1275267457', '801906252989218816', '954433806177484800', '153062909', '944563283478106112', '211394709']","['RAFAEL BRA', 'SECIP', 'Rashan Haniffa', 'RAFAEL BRA', 'Joe McCullagh', '森\u3000勇一', 'Adib Zaman', 'EMR Research papers', 'Joe McCullagh', 'Samir Shah', 'Tamas Szakmany MBE', 'Woodruff Health Sciences Center Library', 'Ross Burton', ""Today's Hospitalist"", 'Gari Clifford', 'Emory BMI', 'Francesco Pazquinelle', 'Data Science Vault', 'Erik Reinertsen', 'Tim Frenzel', 'Quinn Eastman', 'Greg Martin', 'Richmond Davies', 'Quinn Eastman', 'RAFAEL BRA', 'Continuum AEP', 'HJF', 'RAFAEL BRA', 'Greg Martin', 'American Thoracic', 'Ryan P. Dumas MD', 'Mike Spaeder, MD 🌻', 'Naftali Kaminski', 'American Thoracic', 'RAFAEL BRA', 'Karandeep Singh', 'Shamim Nemati', 'Yaseen Arabi', 'Trainee Association of ESCMID', 'Saqib Ali 🇺🇬💪', 'Adrian Wong', 'M Angeles de la Torre', 'RAFAEL BRA']","['rafael52987', 'lasecip', 'rhaniffa', 'rafael52987', 'jm_mc22', 'ymori117', 'adibzaman', 'EMR_research', 'jm_mc22', 'ShahSamirH', 'iamyourgasman', 'EmoryHealthLibr', 'burtondatasci', 'TodaysHospital', 'GariClifford', 'emorybmi', 'FrancescoPazqu1', 'ds_vault', 'erikrtn', 'horstie', 'qeastman', 'gsmartinmd', 'staywithr', 'qeastman', 'rafael52987', 'ContinuumAEP', 'HJFMilMed', 'rafael52987', 'gsmartinmd', 'atscommunity', 'RPDumasMD', 'DespiteTheTimes', 'KaminskiMed', 'atscommunity', 'rafael52987', 'kdpsinghlab', 'ShamimNemati', 'YaseenarabiYa', 'TAEscmid', 'saqibali_ca', 'avkwong', 'mangdelatorre', 'rafael52987']",0,"['0', '0', ['Rashan Haniffa'], '0', '0', '0', '0', '0', '0', '0', ['Tamas Szakmany'], '0', ['Null'], '0', ['Gari D. Clifford'], '0', '0', '0', ['Erik Reinertsen'], ['Tim Frenzel'], '0', ['Greg S. Martin'], '0', '0', '0', '0', '0', '0', ['Greg S. Martin'], '0', '0', ['Michael C. Spaeder'], ['Naftali Kaminski'], '0', '0', ['Karandeep Singh'], '0', ['Yaseen M. Arabi'], '0', ['Sharib Ali'], ['Adrian Wong', 'AdrianVK Wong'], '0', '0']",0.4444444444444444,0.4444444444444444,0.5555555555555556,Karandeep Singh,Karandeep Singh,mangdelatorre,tw_handle_self_score,0.5555555555555556,mangdelatorre,944563283478106112
245,10.1000/anon141,Wang,Li,Li,2,2,"['731706220134834178', '670056710963249157']","['2789766403', '2799935377']","['ImmunologyPapers', 'microRNApapers']","['Immunol_papers', 'microRNA_papers']",0,"['0', '0']",0.0,0.2,0.2,NULL,microRNApapers,Immunol_papers,tw_name_self_score,0.2,microRNApapers,2799935377
5,10.1000/anon852,Shiga,Kazuhiro,Kazuhiro,1,1,[nan],[nan],[nan],[nan],0,[0],0.0,0.0,0.0,NULL,NULL,NULL,author_name_self_score,0.0,NULL,1
279,10.1000/anon369,Setayeshgar,Solmaz,Solmaz,5,5,"['641975914969042944', '637312420315316224', '1270502856311705600', '637312420243968000', '638601329183719424']","['1342031539', '145621020', '64437026', '381686350', '251800979']","['Vitamin D Society', 'TalkingNutrition', 'ぽん🍯', 'Michael I McBurney', 'MDPI']","['VitDSoc', 'DSMNutrition', 'yasu0804', 'MIMcBurney', 'MDPIOpenAccess']",0,"['0', '0', '0', ['Null'], '0']",0.2,0.30303030303030304,0.3225806451612903,Null,TalkingNutrition,MDPIOpenAccess,tw_handle_self_score,0.3225806451612903,MDPIOpenAccess,251800979
203,10.1000/anon380,Sakakini,Nathalie,Nathalie,1,1,['531843383258390528'],['117877743'],['The D.R. Foundation'],['TDRFoundation'],0,['0'],0.0,0.2777777777777778,0.38095238095238093,NULL,The D.R. Foundation,TDRFoundation,tw_handle_self_score,0.38095238095238093,TDRFoundation,117877743
242,10.1000/anon274,Horta e Costa,Bárbara,Bárbara,1,1,['305036627451977728'],['49176287'],['Marine Sciences Feed'],['oceanologia'],0,['0'],0.0,0.2926829268292683,0.3333333333333333,NULL,Marine Sciences Feed,oceanologia,tw_handle_self_score,0.3333333333333333,oceanologia,49176287
242,10.1000/anon720,Horta e Costa,Bárbara,Bárbara,1,1,['552842287286583296'],['94588684'],['Bryce Stewart'],['BD_Stew'],0,"[['B. D. Beukers-Stewart', 'Null']]",0.23809523809523808,0.29411764705882354,0.2222222222222222,B. D. Beukers-Stewart,Bryce Stewart,BD_Stew,tw_name_self_score,0.29411764705882354,Bryce Stewart,94588684
252,10.1000/anon1113,Chen,Kuan Wen,Kuan,9,9,"['908391643325321221', '920034409096589314', '927542924497342465', '920758926202765313', '920758926202765313', '908410671078957056', '915698150383505409', '915950207757639685', '981287728598970368']","['3387597255', '2915263783', '3387597255', '552204871', '552204871', '15416092', '168554331', '176476013', '27577677']","['Thomas Albrecht-Schönzart', 'Thomas', 'Thomas Albrecht-Schönzart', 'Ruben GP', 'Ruben GP', ""Goldsby's Lab"", 'Craig Campbell', 'Jair Amiro Suarez Vanegas', 'Colin Keenan']","['TEAS_Actinides', 'tbfaust', 'TEAS_Actinides', 'RbnGP10', 'RbnGP10', 'Goldsby', 'craigdc1983', 'jairAmiroS', 'colinkeenan']",0,"[['Thomas E. Albrecht-Schmitt'], '0', ['Thomas E. Albrecht-Schmitt'], '0', '0', '0', ['Craig D. Campbell'], '0', '0']",0.3076923076923077,0.5714285714285714,0.5263157894736842,Craig D. Campbell,Colin Keenan,colinkeenan,tw_name_self_score,0.5714285714285714,Colin Keenan,27577677
39,10.1000/anon323,Schatz,Devon J.,Devon,1,1,['617044442923536384'],['16467437'],['Angewandte Chemie'],['angew_chem'],0,['0'],0.0,0.3448275862068966,0.2857142857142857,NULL,Angewandte Chemie,angew_chem,tw_name_self_score,0.3448275862068966,Angewandte Chemie,16467437
114,10.1000/anon950,Witkowski,Leora,Leora,3,3,"['448790100919345152', '447878746922418176', '448789669724299264']","['2263594152', '112643711', '347276297']","['Genotipia', 'Australian Science Media Centre', 'NatureRevClinOncol']","['genotipia', 'AusSMC', 'NatRevClinOncol']",0,"['0', '0', '0']",0.0,0.42857142857142855,0.42857142857142855,NULL,Genotipia,genotipia,tw_name_self_score,0.42857142857142855,Genotipia,2263594152
114,10.1000/anon894,Witkowski,Leora,Leora,1,1,['521689154573180929'],['1560452209'],['Continuum AEP'],['ContinuumAEP'],0,['0'],0.0,0.21428571428571427,0.15384615384615385,NULL,Continuum AEP,ContinuumAEP,tw_name_self_score,0.21428571428571427,Continuum AEP,1560452209
114,10.1000/anon128,Witkowski,Leora,Leora,1,1,['621665657805869056'],['2526900595'],['epigenetics_papers'],['epigen_papers'],0,['0'],0.0,0.3125,0.2222222222222222,NULL,epigenetics_papers,epigen_papers,tw_name_self_score,0.3125,epigenetics_papers,2526900595
114,10.1000/anon1108,Witkowski,Leora,Leora,1,1,['585413860175187968'],['2799935377'],['microRNApapers'],['microRNA_papers'],0,['0'],0.0,0.3157894736842105,0.3,NULL,microRNApapers,microRNA_papers,tw_name_self_score,0.3157894736842105,microRNApapers,2799935377
296,10.1000/anon858,McMillan,Elizabeth,Elizabeth,2,2,"['624395780028170240', '588072988458745857']","['289311242', '25327370']","['Michael Torres, PhD', 'Nature Chemical Biology']","['Mykalt45', 'nchembio']",0,"['0', '0']",0.0,0.3783783783783784,0.25,NULL,"Michael Torres, PhD",Mykalt45,tw_name_self_score,0.3783783783783784,"Michael Torres, PhD",289311242
296,10.1000/anon633,McMillan,Elizabeth,Elizabeth,4,4,"['678878088239951872', '677915321127190528', '703006824992124929', '675278635440332800']","['269825074', '289311242', '2156389052', '20675960']","['Promega AG', 'Michael Torres, PhD', 'PubMed Commons Trawl', 'Mol Syst Biol']","['PromegaAG', 'Mykalt45', 'pmctrawler', 'MolSystBiol']",0,"['0', '0', '0', '0']",0.0,0.3783783783783784,0.3333333333333333,NULL,"Michael Torres, PhD",pmctrawler,tw_name_self_score,0.3783783783783784,"Michael Torres, PhD",289311242
296,10.1000/anon256,McMillan,Elizabeth,Elizabeth,8,8,"['567201778379526146', '587990838526881793', '547442673465192448', '546070028575989760', '545902633496485888', '545902633496485888', '554666075216826369', '571823258124886016']","['317232537', '3058811272', '220780239', '2799935377', '2364212785', '2364212785', '2971776345', '17228282']","['Jerry Lee', 'Freddie Dudbridge', 'Priv.-Doz. Dr. Andreas-Claudius Hoffmann', 'microRNApapers', 'Synthetic Lethality', 'Synthetic Lethality', 'Bruce McKay', 'Flavio Bernardotti 🇮🇹']","['TrueDiagnostics', 'Biofreddie', 'andybreathe', 'microRNA_papers', 'cancerSL', 'cancerSL', 'McKay_Lab', 'Flavio58']",0,"[['Jerry Lee', 'Jeong Hoon Lee', 'Jeeyun Lee', 'Jae Sung Lee', 'Jae Young Lee', 'Ji Hyun Lee', 'Jaetae Lee', 'Jin-A Lee', 'Jehn-Chuan Lee', 'Jung-Min Lee', 'Jai Hyuen Lee', 'Jangsoon Lee', 'J. Jack Lee', 'June Sung Lee', 'Jong Bok Lee', 'Joo Sang Lee', 'Jae Eon Lee', 'John K. Lee', 'Jong Seok Lee', 'Joy L. Lee'], '0', ['Andreas-Claudius Hoffmann'], '0', '0', '0', ['Bruce C. McKay'], '0']",0.4,0.3448275862068966,0.47058823529411764,Jung-Min Lee,Bruce McKay,McKay_Lab,tw_handle_self_score,0.47058823529411764,McKay_Lab,2971776345
139,10.1000/anon1010,Zhan,Jianhua,Jianhua,11,11,"['566114749004644352', '1071522616492601344', '607337472469516289', '607337472469516289', '564016249575727104', '675732009587634176', '564358605927763968', '604862499519787010', '1577090378058305536', '564408182018424832', '841848553010024448']","['220780239', '1616157372', '188832334', '188832334', '2881001471', '102309021', '188832334', '188832334', '1278715156961386499', '1650900547', '815275397252349956']","['Priv.-Doz. Dr. Andreas-Claudius Hoffmann', 'Judith Cave', 'JTO & JTO CRR', 'JTO & JTO CRR', 'TumImmTxpapers', 'Dena Stoneburner', 'JTO & JTO CRR', 'JTO & JTO CRR', 'Johnathan Ebben MD, PhD', 'Andrea Borondy Kitts', 'Immune Advisors']","['andybreathe', 'cave_judith', 'JTOonline', 'JTOonline', 'TumImmTx_papers', 'mariewho2', 'JTOonline', 'JTOonline', 'JohnEbbenMDPhD', 'findlungcancer', 'Immuneadvisors']",0,"[['Andreas-Claudius Hoffmann'], '0', '0', '0', '0', '0', '0', '0', '0', ['Andrea Borondy Kitts'], '0']",0.32432432432432434,0.34285714285714286,0.375,Andreas-Claudius Hoffmann,"Johnathan Ebben MD, PhD",JTOonline,tw_handle_self_score,0.375,JTOonline,188832334
139,10.1000/anon915,Zhan,Jianhua,Jianhua,1,1,['896036045120253953'],['2236259306'],['BiotechSupportGroup'],['bioseparations'],0,['0'],0.0,0.23076923076923078,0.2857142857142857,NULL,BiotechSupportGroup,bioseparations,tw_handle_self_score,0.2857142857142857,bioseparations,2236259306
207,10.1000/anon703,Meng,Lisa,Lisa,1,1,['647005258628079616'],['2827564618'],['VascularMedicine'],['VMJ_SVM'],0,['0'],0.0,0.4166666666666667,0.26666666666666666,NULL,VascularMedicine,VMJ_SVM,tw_name_self_score,0.4166666666666667,VascularMedicine,2827564618
207,10.1000/anon135,Meng,Lisa,Lisa,1,1,['753280526048387072'],['634950902'],['Rebekah'],['RebekahDorr'],0,['0'],0.0,0.26666666666666666,0.21052631578947367,NULL,Rebekah,RebekahDorr,tw_name_self_score,0.26666666666666666,Rebekah,634950902
257,10.1000/anon544,Pineda,Juan Carlos,Juan,2,2,"['562895174976950273', '979790608481972224']","['482085355', '482085355']","['NeuroReport', 'NeuroReport']","['NeuroReport', 'NeuroReport']",0,"['0', '0']",0.0,0.2857142857142857,0.2857142857142857,NULL,NeuroReport,NeuroReport,tw_name_self_score,0.2857142857142857,NeuroReport,482085355
139,10.1000/anon963,Zhan,Jianhua,Jianhua,1,1,['593528537673388032'],['149186179'],['ALCASE Italia'],['ALCASEItalia'],0,['0'],0.0,0.32,0.2608695652173913,NULL,ALCASE Italia,ALCASEItalia,tw_name_self_score,0.32,ALCASE Italia,149186179
183,10.1000/anon590,Lee,Sang Jae,Sang,1,1,['565471120330354688'],['2959295439'],['AntibioticResistance'],['AntibioticResis'],0,['0'],0.0,0.2962962962962963,0.2727272727272727,NULL,AntibioticResistance,AntibioticResis,tw_name_self_score,0.2962962962962963,AntibioticResistance,2959295439
183,10.1000/anon228,Lee,Sang Jae,Sang,1,1,['738674252845441030'],[nan],[nan],[nan],0,[0],0.0,0.0,0.0,NULL,NULL,NULL,author_name_self_score,0.0,NULL,1
105,10.1000/anon519,O'Meara,Connor P.,Connor,1,1,['530641944934764544'],['2789766403'],['ImmunologyPapers'],['Immunol_papers'],0,['0'],0.0,0.27586206896551724,0.3,NULL,ImmunologyPapers,Immunol_papers,tw_handle_self_score,0.3,Immunol_papers,2789766403
105,10.1000/anon1032,O'Meara,Connor P.,Connor,1,1,['616400950413127680'],['145378129'],['American College of Rheumatology'],['ACRheum'],0,['0'],0.0,0.34782608695652173,0.3076923076923077,NULL,American College of Rheumatology,ACRheum,tw_name_self_score,0.34782608695652173,American College of Rheumatology,145378129
105,10.1000/anon764,O'Meara,Connor P.,Connor,4,4,"['584005328859111424', '644158309914705920', '644158309914705920', '584036025690759168']","['2789766403', '2789766403', '2789766403', '2386845055']","['ImmunologyPapers', 'ImmunologyPapers', 'ImmunologyPapers', 'Dendritic cells']","['Immunol_papers', 'Immunol_papers', 'Immunol_papers', 'DCell_papers']",0,"['0', '0', '0', '0']",0.0,0.27586206896551724,0.3157894736842105,NULL,ImmunologyPapers,DCell_papers,tw_handle_self_score,0.3157894736842105,DCell_papers,2386845055
252,10.1000/anon565,Chen,Kuan Wen,Kuan,3,3,"['685307104794525697', '719915017290653696', '719922894348906496']","['130343557', '1296726444', '423109364']","['Condensed Matter', 'nuclexp', 'Robert Garisto']","['CondensedPapers', 'nuclexp', 'RobertGaristo']",0,"['0', '0', ['Null']]",0.3333333333333333,0.4,0.4,Null,Condensed Matter,nuclexp,tw_name_self_score,0.4,Condensed Matter,130343557
248,10.1000/anon677,Frei,Zsolt,Zsolt,10,10,"['917283232399237120', '984335612869316608', '917201811777265664', '917201811777265664', '917303962751131650', '918347132809162752', '917186420590239744', '928437799266725888', '984369078914764800', '1326438380331261953']","['751734284092792832', '3354846525', '130698193', '130698193', '422672164', '46854930', '1950945236', '1950945236', '3354846525', '3164241610']","['arxiv', 'StrathclydeOA', 'Relativity/Cosmology', 'Relativity/Cosmology', 'Dr Michael Reidinger', 'BlackPhysicists', 'arXiv gr-qc', 'arXiv gr-qc', 'StrathclydeOA', 'ORBi-Publis-ULiège']","['arxiv_org', 'StrathclydeOA', 'RelativityPaper', 'RelativityPaper', 'scimichael', 'BlackPhysicists', 'arXiv_grqc', 'arXiv_grqc', 'StrathclydeOA', 'ORBiPubsULiege']",0,"['0', '0', '0', '0', '0', ['Xue-Mei Su', 'Ruidong Xia', 'Xue Mei Su', 'Hongbo Zhang', 'Abdallah Ali', 'Zhipeng Zhou', 'Lyudmyla Adamska', 'Olivier Namur'], '0', '0', '0', '0']",0.4,0.4444444444444444,0.3333333333333333,Xue-Mei Su,arxiv,arxiv_org,tw_name_self_score,0.4444444444444444,arxiv,751734284092792832
217,10.1000/anon1059,Fan,Ling,Ling,1,1,['451340012915666944'],['934545362'],['骨太郎'],['boooooooooone2'],0,['0'],0.0,0.0,0.11764705882352941,NULL,NULL,boooooooooone2,tw_handle_self_score,0.11764705882352941,boooooooooone2,934545362
210,10.1000/anon614,Xian,Wenjing,Wenjing,1,1,['763026087571894272'],['3262004991'],['MS Papers'],['MltplSclppr'],0,['0'],0.0,0.23529411764705882,0.0,NULL,MS Papers,NULL,tw_name_self_score,0.23529411764705882,MS Papers,3262004991
135,10.1000/anon1094,Bach,Claudia,Claudia,2,2,"['730809289082851329', '730809282636206081']","['3662766497', '1270672902']","['SportsScienceMed', 'Elsevier Psychiatry']","['SportsSciMed', 'els_psychiatry']",0,"['0', '0']",0.0,0.25806451612903225,0.32,NULL,Elsevier Psychiatry,els_psychiatry,tw_handle_self_score,0.32,els_psychiatry,1270672902
4,10.1000/anon386,Son,Hye-Young,Hye,1,1,['1309368598972956674'],['469238274'],['HyeJin Tak'],['nDaLLs'],0,['0'],0.0,0.47058823529411764,0.2222222222222222,NULL,HyeJin Tak,nDaLLs,tw_name_self_score,0.47058823529411764,HyeJin Tak,469238274
37,10.1000/anon273,Stepek,Iain A.,Iain,3,3,"['653601511134527490', '786631476792086528', '653807099185643520']","['411132501', '3354846525', '2870437935']","['Inorganic News', 'StrathclydeOA', 'EurJIC']","['InorganicNews', 'StrathclydeOA', 'EurJIC']",0,"['0', '0', '0']",0.0,0.34782608695652173,0.34782608695652173,NULL,StrathclydeOA,StrathclydeOA,tw_name_self_score,0.34782608695652173,StrathclydeOA,3354846525
226,10.1000/anon870,Ivanova,Elitza,Elitza,3,3,"['631155921717211136', '638680530511237122', '1446134389818097665']","['397317974', '2524594183', '1220776813808451596']","['Frontiers in Microbiology', 'yeast_papers', 'Michael Airola']","['FrontMicrobiol', 'yeast_papers', 'airola_lab']",0,"[['Nilce Maria Martinez-Rossi'], '0', '0']",0.35,0.42857142857142855,0.35294117647058826,Nilce Maria Martinez-Rossi,Michael Airola,airola_lab,tw_name_self_score,0.42857142857142855,Michael Airola,1220776813808451596
226,10.1000/anon631,Ivanova,Elitza,Elitza,2,2,"['715848853610749954', '715848853610749954']","['3004214811', '3004214811']","['Immunology News', 'Immunology News']","['ImmunologyNews_', 'ImmunologyNews_']",0,"['0', '0']",0.0,0.3448275862068966,0.2857142857142857,NULL,Immunology News,ImmunologyNews_,tw_name_self_score,0.3448275862068966,Immunology News,3004214811
237,10.1000/anon44,Ye,Chenyang,Chenyang,2,2,"['562389051127627776', '563274665234141184']","['473023348', '243642482']","['First4Training', 'AJMS']","['First4Training', 'AJMSonline']",0,"['0', '0']",0.0,0.2727272727272727,0.2727272727272727,NULL,First4Training,First4Training,tw_name_self_score,0.2727272727272727,First4Training,473023348
162,10.1000/anon122,Davies,Charlotte F,Charlotte,2,2,"['1342048644569190402', '872393551547682816']","['2160675565', '2826469171']","['Simon Capewell', 'palliativewise']","['SimonCapewell99', 'palliativewise']",0,"[['Simon Capewell'], '0']",0.3333333333333333,0.41379310344827586,0.41379310344827586,Simon Capewell,palliativewise,palliativewise,tw_name_self_score,0.41379310344827586,palliativewise,2826469171
286,10.1000/anon302,Stadskleiv,Kristine,Kristine,2,2,"['639088798865981440', '639065328086065152']","['2266321460', '2263594152']","['ACAFARMUR', 'Genotipia']","['acafarmur', 'genotipia']",0,"['0', '0']",0.0,0.23529411764705882,0.23529411764705882,NULL,Genotipia,genotipia,tw_name_self_score,0.23529411764705882,Genotipia,2263594152
44,10.1000/anon842,Woods,Nicholas,Nicholas,1,1,['911266478762192897'],['338240032'],['Wiley Neuro'],['WileyNeuro'],0,['0'],0.0,0.32,0.26666666666666666,NULL,Wiley Neuro,WileyNeuro,tw_name_self_score,0.32,Wiley Neuro,338240032
175,10.1000/anon944,Liu,Jia,Jia,2,2,"['644679499615866880', '543034146818252800']","['2424371810', '2424371810']","['OTOdocs', 'OTOdocs']","['OTO_docs', 'OTO_docs']",0,"['0', '0']",0.0,0.0,0.0,NULL,NULL,NULL,author_name_self_score,0.0,NULL,1
233,10.1000/anon304,Naseem,Mustafa,Mustafa,3,3,"['1216822867037388801', '944027831083843587', '944008826088386560']","['1194035759927451648', '58158790', '118757025']","['Dr.Abdelmounim| د.عبد المنعم', 'danial j', 'whispered din 🇲🇾 💄']","['abdelmounimar1', 'dartilma202', 'skinnyondinie']",0,"['0', '0', '0']",0.0,0.2727272727272727,0.2857142857142857,NULL,danial j,abdelmounimar1,tw_handle_self_score,0.2857142857142857,abdelmounimar1,1194035759927451648
233,10.1000/anon63,Naseem,Mustafa,Mustafa,2,2,"['783026193738108932', '1157030870685032448']","['3224242123', '3065599500']","['TRAstonDrs', 'Valerie, RD, MPH']","['CastlTrAstonDrs', 'RDValerie']",0,"['0', '0']",0.0,0.34782608695652173,0.4,NULL,TRAstonDrs,RDValerie,tw_handle_self_score,0.4,RDValerie,3065599500
233,10.1000/anon655,Naseem,Mustafa,Mustafa,1,1,['942448894289555457'],['901908239285137409'],['Pakhsrg'],['pakhsrg'],0,['0'],0.0,0.3076923076923077,0.3076923076923077,NULL,Pakhsrg,pakhsrg,tw_name_self_score,0.3076923076923077,Pakhsrg,901908239285137409
233,10.1000/anon831,Naseem,Mustafa,Mustafa,7,7,"['894875618508128257', '925779722897903616', '894759243626106880', '897417840499671041', '894923180007194629', '1054627448833359872', '894896811197976577']","['4038106461', '4914079708', '4449546433', '1531137950', '251800979', '1052351936', '122691469']","['Troponin_papers', 'Dr. John Wilson', 'Proteomes MDPI', 'Clinical Biomarkers & World CDx', 'MDPI', 'Stefano Russano', 'Lanzule, Inc.']","['troponinpapers', 'ProtifiLlc', 'Proteomes_MDPI', 'WorldCDx', 'MDPIOpenAccess', 'TheAICube', 'lanzule']",0,"['0', ['James F. Wilson', 'Janet Wilson-McManus', 'Jonathan M. Wilson', 'John P. Wilson'], '0', '0', '0', '0', '0']",0.35294117647058826,0.3448275862068966,0.3076923076923077,Janet Wilson-McManus,Stefano Russano,lanzule,author_name_self_score,0.35294117647058826,Janet Wilson-McManus,4914079708
287,10.1000/anon734,Jiang,Haiyan,Haiyan,2,2,"['701724507451428865', '765964102430658560']","['2813647685', '2959295439']","['Phagepapers', 'AntibioticResistance']","['phagepapers', 'AntibioticResis']",0,"['0', '0']",0.0,0.35294117647058826,0.35294117647058826,NULL,Phagepapers,phagepapers,tw_name_self_score,0.35294117647058826,Phagepapers,2813647685
20,10.1000/anon636,Wu,Yufeng,Yufeng,1,1,['848780430711156737'],['317232537'],['Jerry Lee'],['TrueDiagnostics'],0,"[['Jerry Lee', 'Jeong Hoon Lee', 'Jeeyun Lee', 'Jae Sung Lee', 'Jae Young Lee', 'Ji Hyun Lee', 'Jaetae Lee', 'Jin-A Lee', 'Jehn-Chuan Lee', 'Jung-Min Lee', 'Jai Hyuen Lee', 'Jangsoon Lee', 'J. Jack Lee', 'June Sung Lee', 'Jong Bok Lee', 'Joo Sang Lee', 'Jae Eon Lee', 'John K. Lee', 'Jong Seok Lee', 'Joy L. Lee']]",0.45454545454545453,0.2222222222222222,0.2857142857142857,Jae Young Lee,Jerry Lee,TrueDiagnostics,author_name_self_score,0.45454545454545453,Jae Young Lee,317232537
139,10.1000/anon978,Zhan,Jianhua,Jianhua,1,1,['644815635982106624'],['3326766226'],['Cancer Papers'],['CancerPapers'],0,['0'],0.0,0.32,0.3157894736842105,NULL,Cancer Papers,CancerPapers,tw_name_self_score,0.32,Cancer Papers,3326766226
139,10.1000/anon1021,Zhan,Jianhua,Jianhua,1,1,['717395068538097665'],['88511740'],['VEGF RSS Feeds'],['VEGFRSSfeeds'],0,['0'],0.0,0.07692307692307693,0.0,NULL,VEGF RSS Feeds,NULL,tw_name_self_score,0.07692307692307693,VEGF RSS Feeds,88511740
139,10.1000/anon60,Zhan,Jianhua,Jianhua,1,1,['716122553052479488'],['333906503'],['Prof. Dr. Omprakash Nautiyal'],['professororg'],0,['0'],0.0,0.26666666666666666,0.0,NULL,Prof. Dr. Omprakash Nautiyal,NULL,tw_name_self_score,0.26666666666666666,Prof. Dr. Omprakash Nautiyal,333906503
300,10.1000/anon379,Chen,Cheng,Cheng,1,1,['604612487263051776'],['3029815269'],['SynapsePapers'],['SynapsePapers'],0,['0'],0.0,0.18181818181818182,0.18181818181818182,NULL,SynapsePapers,SynapsePapers,tw_name_self_score,0.18181818181818182,SynapsePapers,3029815269
215,10.1000/anon19,Sacco,Luca,Luca,4,4,"['776002328600064000', '786181536311746560', '786180617734152193', '786264455353028608']","['4659063614', '422028364', '130905290', '2478090732']","['ImmuneTfhPapers', 'Silvia Piconese', 'Fondazione AIRC per la ricerca sul cancro', 'Eleonora Timperi']","['ImmuneTfh_Paper', 'spikons', 'AIRC_it', 'eleonoratimperi']",0,"['0', '0', '0', '0']",0.0,0.4,0.3333333333333333,NULL,Silvia Piconese,spikons,tw_name_self_score,0.4,Silvia Piconese,422028364
42,10.1000/anon907,Hou,Peng,Peng,1,1,['706216018570383360'],['277432585'],['IET Research Solutions'],['IET_Research'],0,['0'],0.0,0.26666666666666666,0.21052631578947367,NULL,IET Research Solutions,IET_Research,tw_name_self_score,0.26666666666666666,IET Research Solutions,277432585
211,10.1000/anon180,Suo,Guangli,Guangli,1,1,['699572806678409217'],['774576242'],['Pulmonary Cell News'],['pulmonary_news'],0,['0'],0.0,0.26666666666666666,0.3333333333333333,NULL,Pulmonary Cell News,pulmonary_news,tw_handle_self_score,0.3333333333333333,pulmonary_news,774576242
19,10.1000/anon509,Fallahnezhad,Somaye,Somaye,2,2,"['883288255260631040', '883283466028146688']","['3777711621', '3283086570']","['The Love Hormone', 'ovaryPCDpapers']","['BlameOxytocin', 'ovPCD_papers']",0,"['0', '0']",0.0,0.34285714285714286,0.24,NULL,The Love Hormone,BlameOxytocin,tw_name_self_score,0.34285714285714286,The Love Hormone,3777711621
21,10.1000/anon397,Apeltauer,Jiří,Jiří,1,1,['1468549587048804352'],['1337300015870599168'],['Digitální knihovna VUT'],['DigiKnihovnaVut'],0,['0'],0.0,0.2777777777777778,0.21428571428571427,NULL,Digitální knihovna VUT,DigiKnihovnaVut,tw_name_self_score,0.2777777777777778,Digitální knihovna VUT,1337300015870599168
146,10.1000/anon665,Rivers,Crystal T.,Crystal,4,4,"['585712269797040128', '1009473903591337987', '1469567734396633090', '1590187803907788800']","['253847599', '316832974', '1458093336280158218', '1589104402236952577']","['マーキュリー２世', 'Kelly A. Hogan Ph.D.', 'Healing & Hope', 'Sam Gasilan']","['uranus_2', 'Loose_Lab_Rat', 'healingkidsinfo', 'GasilanSam']",0,"['0', ['Kelly A. Hogan'], '0', '0']",0.21428571428571427,0.2857142857142857,0.2857142857142857,Kelly A. Hogan,Healing & Hope,uranus_2,tw_name_self_score,0.2857142857142857,Healing & Hope,1458093336280158218
162,10.1000/anon1173,Davies,Charlotte F,Charlotte,2,2,"['560372799341359104', '563286801931313152']","['157972979', '2320901821']","['Mala Mann', 'Bristol University Open Access']","['SysReviews', 'BristolUniOA']",0,"[['Mala Mann'], '0']",0.32,0.32,0.5,Mala Mann,Mala Mann,SysReviews,tw_handle_self_score,0.5,SysReviews,157972979
162,10.1000/anon82,Davies,Charlotte F,Charlotte,13,13,"['747011325017088001', '747175493686943745', '747430686173368320', '748575420224782336', '748620447109963776', '760781292090765313', '760788342732578816', '781922881731039232', '782614929639702529', '782977481523466240', '786457468805066752', '789307892927229952', '1075605251431022592']","['51391835', '41626609', '44004125', '304996763', '4699499352', '104476935', '2502499914', '876394254', '98663069', '127342885', '386496629', '98663069', '2150191540']","['Emilio Monte', 'Greg Folkers 🇺🇦☮️🇺🇸', 'hivguidelines.org', 'Dr Nuke ✴️', '残像', 'Atul Ambekar', 'Ani Shakarishvili,MD', 'Elizabeth Parfitt MD', 'HIV Insight', 'Sex_Worker_Hlth', 'Micheline', 'HIV Insight', 'Omar Sued']","['emiliomonteb', 'greg_folkers', 'hivguidelines', 'TheNewImpostor', 'hanayukitwin', 'atulambekar', 'AniShakari', 'parsnipper', 'HIV_Insight', 'Sex_Worker_Hlth', 'Michajreij', 'HIV_Insight', 'DoctorOmarSued']",0,"['0', ['Gregory K. Folkers'], '0', '0', '0', ['Null'], ['Ani Shakarishvili'], '0', '0', '0', '0', '0', ['Omar Sued']]",0.32,0.4444444444444444,0.5263157894736842,Omar Sued,Micheline,Michajreij,tw_handle_self_score,0.5263157894736842,Michajreij,386496629
243,10.1000/anon756,Oshiro,Mitsuru,Mitsuru,2,2,"['600966736117043200', '1319605047198535680']","['3028812377', '140866177']","['GeneSetPapers', 'しがないポンコツドクター']","['geneset_papers', 'humble_man_']",0,"['0', '0']",0.0,0.23076923076923078,0.2222222222222222,NULL,GeneSetPapers,geneset_papers,tw_name_self_score,0.23076923076923078,GeneSetPapers,3028812377
72,10.1000/anon755,Murthy,Gvs,Gvs,3,3,"['630021071194951681', '630986833028104193', '1311185255882088449']","['2150852972', '3049272526', '2873219556']","['ICED', 'Mikael Cohen', 'The RS Foundation']","['ICED_LSHTM', 'Mikael__Cohen', 'TheRSF2020']",0,"['0', ['Mikael Cohen'], '0']",0.18181818181818182,0.2962962962962963,0.3157894736842105,Mikael Cohen,The RS Foundation,TheRSF2020,tw_handle_self_score,0.3157894736842105,TheRSF2020,2873219556
72,10.1000/anon263,Murthy,Gvs,Gvs,2,2,"['689885486345777153', '710084236074749952']","['2150852972', '3165105915']","['ICED', 'mICF']","['ICED_LSHTM', 'ICFmobile']",0,"['0', '0']",0.0,0.2,0.21052631578947367,NULL,mICF,ICED_LSHTM,tw_handle_self_score,0.21052631578947367,ICED_LSHTM,2150852972
72,10.1000/anon760,Murthy,Gvs,Gvs,6,6,"['679850761866457089', '679954974441365504', '683952493387104256', '684662447551025152', '696444926712623104', '734987828547883008']","['133802939', '552814804', '251916033', '2343406999', '133802939', '2216606828']","['Injury Prevention', 'Cycling Science', 'Rebecca Ivers', 'FIA Foundation', 'Injury Prevention', 'Casgo Care UK']","['IP_BMJ', 'CyclingScience1', 'rebeccaivers', 'FIAFdn', 'IP_BMJ', 'CasgoConnection']",0,"['0', '0', ['Rebecca Ivers'], '0', '0', '0']",0.34782608695652173,0.37037037037037035,0.2857142857142857,Rebecca Ivers,Injury Prevention,rebeccaivers,tw_name_self_score,0.37037037037037035,Injury Prevention,133802939
72,10.1000/anon500,Murthy,Gvs,Gvs,3,3,"['694936838927208448', '695565500978479104', '1331473144008228867']","['719885124', '2150852972', '2833793503']","['The HealthCare IT Experts Blog', 'ICED', 'Sakoda']","['HCITExpert', 'ICED_LSHTM', 'sakoda091']",0,"['0', '0', '0']",0.0,0.2222222222222222,0.25,NULL,Sakoda,HCITExpert,tw_handle_self_score,0.25,HCITExpert,719885124
72,10.1000/anon1079,Murthy,Gvs,Gvs,1,1,['889522385522638848'],['277320871'],['Chris Field'],['chrfield'],0,[['Christopher B. Field']],0.26666666666666666,0.19047619047619047,0.14285714285714285,Christopher B. Field,Chris Field,chrfield,author_name_self_score,0.26666666666666666,Christopher B. Field,277320871
72,10.1000/anon420,Murthy,Gvs,Gvs,3,3,"['852461918144970752', '861500887050715136', '1369683690683588608']","['269889569', '3681341236', '3696343875']","['Oluwatobiloba Ogunleye ❤️💡', 'Sustainability', 'Eva Pilot']","['1212avenue', 'Sus_MDPI', 'pilot_eva']",0,"['0', ['Rituraj Shukla'], ['Null']]",0.25,0.34782608695652173,0.23529411764705882,Rituraj Shukla,Sustainability,Sus_MDPI,tw_name_self_score,0.34782608695652173,Sustainability,3681341236
72,10.1000/anon1024,Murthy,Gvs,Gvs,1,1,['910852245977276416'],['133643146'],['Infolep'],['Infolep'],0,['0'],0.0,0.0,0.0,NULL,NULL,NULL,author_name_self_score,0.0,NULL,1
271,10.1000/anon503,Espinoza,Diego A.,Diego,3,3,"['842745020008620034', '844195766990245892', '1153382305374908422']","['3407436940', '4445253628', '1149706272641433602']","['Blood Journal', 'Alex Jares, MD, PhD', 'Samson Koelle']","['BloodJournal', 'alex_jares', 'SeattleStatSam']",0,"['0', '0', '0']",0.0,0.30303030303030304,0.32,NULL,"Alex Jares, MD, PhD",BloodJournal,tw_handle_self_score,0.32,BloodJournal,3407436940
245,10.1000/anon634,Wang,Li,Li,2,2,"['1023115855381635072', '1155516771002179584']","['819520675018899456', '819520675018899456']","['Clinical & Experimental Immunology', 'Clinical & Experimental Immunology']","['CEIjournal', 'CEIjournal']",0,"['0', '0']",0.0,0.2926829268292683,0.25,NULL,Clinical & Experimental Immunology,CEIjournal,tw_name_self_score,0.2926829268292683,Clinical & Experimental Immunology,819520675018899456
252,10.1000/anon197,Chen,Kuan Wen,Kuan,1,1,['846164118251827200'],['130343557'],['Condensed Matter'],['CondensedPapers'],0,['0'],0.0,0.4,0.34782608695652173,NULL,Condensed Matter,CondensedPapers,tw_name_self_score,0.4,Condensed Matter,130343557
253,10.1000/anon385,Tan,Wenjun,Wenjun,1,1,['888257045299814400'],['1338653473'],['Moulds & Plastics'],['MouldsPlastics'],0,['0'],0.0,0.2222222222222222,0.17391304347826086,NULL,Moulds & Plastics,MouldsPlastics,tw_name_self_score,0.2222222222222222,Moulds & Plastics,1338653473
261,10.1000/anon866,Estrella,Melba,Melba,1,1,['874236160884736000'],['3235119715'],['JAAD Journals'],['JAADjournals'],0,['0'],0.0,0.14814814814814814,0.16,NULL,JAAD Journals,JAADjournals,tw_handle_self_score,0.16,JAADjournals,3235119715
42,10.1000/anon8,Hou,Peng,Peng,2,2,"['869630914438897665', '869654833317298176']","['277320871', '824767342894682116']","['Chris Field', 'Tamara Ferguson']","['chrfield', 'TamJF53']",0,"[['Christopher B. Field'], '0']",0.2857142857142857,0.3157894736842105,0.26666666666666666,Christopher B. Field,Chris Field,chrfield,tw_name_self_score,0.3157894736842105,Chris Field,277320871
218,10.1000/anon105,Qiu,Zhenli,Zhenli,1,1,['768758376943656960'],[nan],[nan],[nan],0,[0],0.0,0.0,0.0,NULL,NULL,NULL,author_name_self_score,0.0,NULL,1
218,10.1000/anon190,Qiu,Zhenli,Zhenli,4,4,"['644660847453667328', '647234516747063296', '647236806686208000', '652081022494863360']","['224077367', '256259899', '119058566', '112055095']","['NANOCOMPOSITES', 'Nanotechnology News', '🄳🄰🅁🅃🄷 🄵🄰🄱🄸🅂', 'Quantum Dots']","['nanocomposites', 'Nanotech_News', 'superfabis', 'Quantum_Dots']",0,"['0', '0', '0', '0']",0.0,0.2727272727272727,0.2857142857142857,NULL,Quantum Dots,Quantum_Dots,tw_handle_self_score,0.2857142857142857,Quantum_Dots,112055095
218,10.1000/anon113,Qiu,Zhenli,Zhenli,1,1,['1044243927627444224'],['488733865'],['Analytical Chemistry'],['an_chem'],0,['0'],0.0,0.3333333333333333,0.3076923076923077,NULL,Analytical Chemistry,an_chem,tw_name_self_score,0.3333333333333333,Analytical Chemistry,488733865
218,10.1000/anon1156,Qiu,Zhenli,Zhenli,1,1,['762839873497669633'],['112055095'],['Quantum Dots'],['Quantum_Dots'],0,['0'],0.0,0.2727272727272727,0.2857142857142857,NULL,Quantum Dots,Quantum_Dots,tw_handle_self_score,0.2857142857142857,Quantum_Dots,112055095
218,10.1000/anon607,Qiu,Zhenli,Zhenli,1,1,['1041739863622643712'],['488733865'],['Analytical Chemistry'],['an_chem'],0,['0'],0.0,0.3333333333333333,0.3076923076923077,NULL,Analytical Chemistry,an_chem,tw_name_self_score,0.3333333333333333,Analytical Chemistry,488733865
157,10.1000/anon995,Cairnduff,Victoria,Victoria,1,1,['910851128123850753'],['41114958'],['Oncology Advance'],['OncologyAdvance'],0,['0'],0.0,0.23529411764705882,0.25,NULL,Oncology Advance,OncologyAdvance,tw_handle_self_score,0.25,OncologyAdvance,41114958
157,10.1000/anon908,Cairnduff,Victoria,Victoria,5,5,"['731914500874616832', '733266881914777600', '829658346600947712', '829714827954253825', '829901523899412480']","['494280332', '329188307', '316562081', '1108771100', '342716369']","['EAPC VZW', 'eunice gorman', 'Palliative Medicine', 'cnspfv_VigiPallia', 'Prof Liz Forbat 🇪🇺']","['EAPCvzw', 'eunice_gorman', 'PalliativeMedJ', 'VigiPallia', 'LizForbat']",0,"['0', '0', '0', '0', ['Liz Forbat']]",0.35714285714285715,0.4117647058823529,0.47619047619047616,Liz Forbat,cnspfv_VigiPallia,eunice_gorman,tw_handle_self_score,0.47619047619047616,eunice_gorman,329188307
157,10.1000/anon360,Cairnduff,Victoria,Victoria,12,12,"['1067699634976550912', '1067704923310223360', '1067705922468937729', '1067723969195851776', '1067760243789185024', '1067791866316374018', '1067811379191664640', '1067875550616784897', '1068116267612209155', '1070994909153366016', '1071268132201877505', '1101443212353380352']","['625790946', '258485798', '368327177', '1025013398554247168', '144854409', '2186099791', '3350755247', '21749466', '368327177', '207581304', '883463298653356032', '539894768']","['David Weller', 'Frede Olesen', 'Richard Neal 🇪🇺', 'Bowel Cancer Intelligence UK', 'Cancer Research Wales', 'Irene Reguilon', 'Christie Library', 'lowri griffiths', 'Richard Neal 🇪🇺', 'UCL Discovery', 'POCOG', 'MRC Clinical Trials Unit at UCL']","['dweller12', 'Fredeolesen', 'richarddneal', 'BCI_UK', 'cancer_wales', 'irereg', 'ChristieLibrary', 'lowriellisgriff', 'richarddneal', 'ucl_discovery', 'POCOG1', 'MRCCTU']",0,"[['David Weller'], '0', ['Null'], '0', '0', ['Irene Reguilon'], '0', '0', ['Null'], '0', '0', '0']",0.375,0.42424242424242425,0.4375,Irene Reguilon,lowri griffiths,lowriellisgriff,tw_handle_self_score,0.4375,lowriellisgriff,21749466
157,10.1000/anon179,Cairnduff,Victoria,Victoria,3,3,"['936565572128727040', '940982647584468992', '940982648272334849']","['2926978072', '391702198', '2525771683']","['ALCP', 'Larry Mróz @DrMroz@mstdn.ca', 'BC Centre for Palliative Care']","['_ALCP', 'DrMroz', 'BCC4PC']",0,"['0', '0', '0']",0.0,0.425531914893617,0.17391304347826086,NULL,BC Centre for Palliative Care,DrMroz,tw_name_self_score,0.425531914893617,BC Centre for Palliative Care,2525771683
259,10.1000/anon956,Qiu,Bo,Bo,1,1,['1050687314676998145'],['1027603968149659650'],['The STEM Centre'],['thestemcentre'],0,['0'],0.0,0.09523809523809523,0.0,NULL,The STEM Centre,NULL,tw_name_self_score,0.09523809523809523,The STEM Centre,1027603968149659650
74,10.1000/anon311,Erickson,Shari,Shari,157,157,"['847128886861279232', '846468113377869824', '846468670247317504', '846469937073967106', '846470245820727296', '846475290134110214', '846476223001907201', '846489537886998528', '846500993965735937', '846508386577518595', '846513846206578689', '846521449192067073', '846521449435332613', '846547503361277953', '846548526641373184', '846578149173477378', '846615035061288962', '846628060749316096', '846668441956356097', '846674326288056322', '846695975901106176', '846705305614516226', '846706212930506753', '846715899096846336', '846716361875296258', '846732303770533889', '846735736246157312', '846736105219219456', '846738725568729089', '846743316171558913', '846744642645348352', '846747341843566593', '846747341843566593', '846750085329305600', '846759613647216641', '846764291822776321', '846776661089697794', '846779636294078464', '846801322674401280', '846835768714768385', '846934512474972162', '846934698710437888', '846935185270755328', '846935832447602688', '847111860352684032', '846955694800748544', '846978719327670272', '846978731747020800', '847055498163748866', '847090999432167426', '847112865085620224', '847125102118539265', '847150869896355840', '847167457248759808', '847197818540478466', '847202070256123906', '847220833940525056', '847260281893920772', '847273316662390784', '847294486744932353', '847365432004575232', '847412767648735233', '847442718749974529', '847443411745390596', '847517283576688641', '847683658639003648', '847800579518849024', '847800706887241729', '847802324475138051', '847839348821196802', '848103914796969985', '848109807622119425', '848110150711783424', '848121542462496768', '848228337008820224', '848235477748547586', '848254511193796608', '848269372703391744', '848271256109539328', '848324528581337088', '848329579236397058', '848536796346626048', '848562492087447556', '848562492087447556', '848569922779320320', '848780342391656448', '848815603490078720', '848816285156880384', '848879509784993792', '849151915606892544', '849183356151631872', '849324148375662593', '849385282801725441', '849414224086519808', '849414357570256896', '849436200784015360', '849507666217111552', '849578475082088449', '849600941020127234', '849696255492149253', '849827068175155200', '849981657323122688', '850294764880769025', '851172936279097345', '851172937973583872', '851172938367860739', '851675861577281536', '852277585589538816', '852284442521591809', '852335849475903488', '852557471860367360', '856846795065962496', '856879908714409988', '858289022715691008', '858685377581912065', '858685876230074370', '859265834275012610', '861354995421253632', '861420619388379136', '861662051214782466', '862759592819818497', '863093172188180480', '863097808072650752', '863155621897666560', '864134367735681025', '864134434982965248', '867036517767815173', '867078642827919361', '873917308258762753', '905130404700725249', '905268457456803840', '905408437810548736', '907632468081209345', '914844356728754176', '914844356728754176', '921119025551175680', '928262550474641408', '930196561203728384', '934177415454183425', '951225975597092872', '951646986494726144', '951647304662048768', '951950273760538624', '959127723468840960', '964555812726366208', '970672742193393664', '970874367423938560', '971098990417768453', '1002556165643997184', '1084637821711732737', '1131569203234783232', '1138994175238500353', '1289573344132702208', '1289573611137687553', '1289592158840709120', '1489404576931332097', '1554821406873059328']","['120206023', '167486422', '109112036', '1365725924', '487591533', '808040067910373377', '2826320450', '881052187', '312802809', '34947826', '2234845399', '361238217', '3447284416', '111919610', '1177718582', '4797555087', '17241383', '2929508607', '921874609', '164579558', '636118865', '284102739', '2427392068', nan, '2423839302', '42383845', '42495288', '67488221', '2961921', '879161563', '17380878', '120206023', '120206023', '167486422', '843931662669021185', '487591533', '2231137544', '3159488757', '1909826419', '582348877', '19046653', '19046653', '19046653', '19046653', '830115759498096641', '2228944681', nan, '119049059', '568619875', '739528333873041408', '294231556', '130388652', '2573087762', nan, '291774066', '399183533', '20955664', '2955444914', '293254490', '97772519', '35246474', '229888557', '48019142', '123389173', '15511055', '22345455', '15507526', '15507526', '15507526', '2163536052', '21009191', nan, '751842996', '94122405', '805780064', '498938566', '3031699521', '3031699521', '167486422', '15068610', '63958748', '130000756', '595819574', '595819574', '825517955127574528', '38012354', '18652748', '44143505', '3372096677', '2929508607', '70621626', '580627607', '3795769703', '1247604523', '1247604523', '312802809', '1396575560', '427642022', '847360543732006912', '2401996206', '213482476', '1262389213', '248922996', '124642404', '48390434', '1275539336', '305209838', '3378658959', '269788562', '165301423', '2541307897', '23374274', '840300336233500672', '2228944681', '2955007757', '2955007757', '917639060', '120206023', '351991258', nan, '1008955495', '42637316', '55701499', '42637316', '559316806', '559316806', '3031699521', '3031699521', '1011874789', '1140811723', '1160416669', '3159488757', '204431032', '804545122792710144', '804545122792710144', nan, '2492511476', '536384167', '296743411', '352360234', '233788247', '2638691557', '524834091', '79318720', '14648493', '333457608', '167486422', '167486422', '3084277517', '2610678307', '848623975269847040', '1082054676520947713', '487591533', '487591533', '27549971', '27549971', '333457608']","['Annals of Int Med', 'Bob DohertyDC', 'Ryan Gamlin, MD', 'Audrey Provenzano', 'Susan Hingle', 'Sunil V. Rao', 'Prof. M D Al-Sarraf', 'Steve P. Sanders', 'Maria T. Carney MD, FACP', 'Robert Centor MD MACP medrants@med-mastodon.com', 'Craig Hofmeister', ""Today's Hospitalist"", 'TodaysPhysician', 'Art Walaszek', 'John P Erwin III MD FACC', 'Ilan Shahin', 'Dr Monya De MD MPH', 'Biblioteca CHT', 'MHC', 'Internet Medical', 'Tuula', 'LinksMedicus.com', 'Karen Lee Martinez', nan, 'PA Chapter ACP', 'Dr. James Underberg', 'Dr. Karen Horton', 'Bingle', 'Scott Bauman', 'C. Michael Gibson MD', 'Sue Woods MD MPH 💙', 'Annals of Int Med', 'Annals of Int Med', 'Bob DohertyDC', 'Philip Sharp,MD', 'Susan Hingle', 'Luis Caminal', 'Hedy Wald', 'Sean Carey (he/ him)', 'Minnow Walsh, MD, MACC', 'Twila Brase, RN, Author, Big Brother in Exam Room', 'Twila Brase, RN, Author, Big Brother in Exam Room', 'Twila Brase, RN, Author, Big Brother in Exam Room', 'Twila Brase, RN, Author, Big Brother in Exam Room', 'Jessica Chen', 'Ana Maria Lopez, MD, MPH, MACP', nan, 'Professor M Z Khalil', 'Wanda Filer', 'EMBRACE Healthcare Reform', 'Reid B. Blackwelder', 'Aditi Mallick, MD', 'Texas Chapter ACP', nan, 'Patient Care', 'Rina Tikia', 'William Surkis', 'Joshua Richardson', 'Sorpresivo🐥', 'Dr. David Schechter', 'Arne Van Renterghem', 'Atrius Health News', 'Lloyd Van Winkle', 'ActionPotential', 'Aviva Gabriel', 'Rijk Gans', 'hscott61', 'hscott61', 'hscott61', 'william kelly', 'Ernesto Barrera', nan, 'Salud juntos', 'mohan tiru', 'MParshley MD', 'Rosa Abásolo', 'Sarah Candler', 'Sarah Candler', 'Bob DohertyDC', 'gmathews71', 'Charlene Ngamwajasat', 'Fred Dennis', 'Marta Supervía MD PhD', 'Marta Supervía MD PhD', 'HealthAdvocate', 'Lyle Berkowitz, MD', 'Dale Sanders', 'Rich Duszak, MD', 'Laurie Gordon M.D.', 'Biblioteca CHT', 'Daniel C. Baumgart', 'Darmtag', 'SC Chapter of ACP', 'Cynthia Daisy Smith, MD', 'Cynthia Daisy Smith, MD', 'Maria T. Carney MD, FACP', 'Professor Azeem Majeed', 'Alaskar د.أحمد العسكر', 'جمعية الصحة العامة', 'Carole Chrvala', 'Elliott R Haut, MD, PhD', 'Lynne Thomas Gordon', 'Sir Kevin Diaz II', 'ACP Decisions', 'Aretha Delight Davis, MD, JD', 'Angelo Volandes', 'Brittany Payne, MD', 'Arthur Win', 'Andrés Aguirre', 'Giovanny Rubiano MD', 'FENALTRASE Antioquia', 'Noel J. Guillama', 'Dan Collard', 'Ana Maria Lopez, MD, MPH, MACP', 'EVOQ', 'EVOQ', 'FarmaOnco', 'Annals of Int Med', 'Arnav Agarwal', nan, 'Sunil K. Sahai, MD', 'Danielle Ofri', 'David Walker', 'Danielle Ofri', 'Revista MFAndalucia', 'Revista MFAndalucia', 'Sarah Candler', 'Sarah Candler', 'Stephanie G Cooper, MD', 'Editor-in-Chief, Obstetrics & Gynecology', 'lisa hollier', 'Hedy Wald', 'Florian Bailly', 'Stephanie Farnia', 'Stephanie Farnia', nan, 'Aginggolfdoctor', 'Sandra Raup', 'APICES - CRO', 'Laura Muñoz', 'Megan Ranney MD MPH 🌻', 'Ezz Moukamal, MD FHM', 'Rob Lam', 'Healthfinch by Health Catalyst', 'Lisa Davis Budzinski', 'Shari Erickson (she/her/hers)', 'Bob DohertyDC', 'Bob DohertyDC', 'National CSP', 'Brendan Smith ND', 'Dock Health', 'DefiniteSarcasm', 'Susan Hingle', 'Susan Hingle', 'Gabe Charbonneau, MD', 'Gabe Charbonneau, MD', 'Shari Erickson (she/her/hers)']","['AnnalsofIM', 'BobDohertyDC', 'RyanGamlin', 'audreymdmph', 'SusanHingle', 'SVRaoMD', 'drdeanals', 'Spsanders1', 'MCarneyMD', 'medrants', 'EagleMyeloma', 'TodaysHospital', 'today_physician', 'artwalaszek', 'HeartOTXHeartMD', 'IlanShahin', 'medjournalist', 'BiblioCHT', 'mtnhealthcare', '_medjournal', 'ashland1221', 'Links_Medicus', 'klhawfield', nan, 'PAChapterACP', 'lipiddoc', 'drkarenhorton', 'TheBingle', 'sbauman', 'CMichaelGibson', 'SueWoods', 'AnnalsofIM', 'AnnalsofIM', 'BobDohertyDC', 'AtomicCityDoc', 'SusanHingle', 'caminalm', 'hedy_wald', 'seanessee', 'MinnowWalsh', 'twilabrase', 'twilabrase', 'twilabrase', 'twilabrase', 'JessicaChenMD', 'anamarialopezmd', nan, 'mzkhalil', 'Drwandafiler', 'EMBRACE_reform', 'blackweldermd', 'aditi_md', 'Texas_ACP', nan, 'PatCareOnline', 'RTikia', 'swarthmoredoc', 'jrichardson312', 'hectorgomezdoct', 'pain_md_la', 'arnevr', 'AtriusNews', 'LloydVanWinkle', 'TellMeMedicine', 'avivajazz', 'Gansrob', 'hscott61', 'hscott61', 'hscott61', 'williamkellymd', 'ernestob', nan, 'alfonso_casi', 'mohantiru', 'MParshleyMD', 'RosaAbasoloGald', 'sarahgcandler', 'sarahgcandler', 'BobDohertyDC', 'gmathews71', 'doctorcharlene', 'LongevityMD', 'drMSupervia', 'drMSupervia', 'healthadvoc_ca', 'DrLyleMD', 'drsanders', 'RichDuszak', 'DrLaurieG', 'BiblioCHT', 'colitiscrohn', 'darmtag', 'scchapterofacp', 'csdaisysmith', 'csdaisysmith', 'MCarneyMD', 'Azeem_Majeed', 'Alaskar98', 'saph_saudi', 'HlthMatters', 'elliotthaut', 'Lynne_T_Gordon', 'kevinjdiaz', 'acpdecisions', 'Aretha_D_Davis', 'AngeloVolandes', 'BrittanyPayneMD', 'artIMArt17', 'andresaguirrem', 'giovannyrubiano', 'FenaltraseA', 'Guillama', 'DanCollard1', 'anamarialopezmd', 'EVOQmd', 'EVOQmd', 'FarmaOnco', 'AnnalsofIM', 'ArnavAgarwalMD', nan, 'DrSunilKSahai', 'danielleofri', 'walker_md', 'danielleofri', 'RevistaMFSamfyc', 'RevistaMFSamfyc', 'sarahgcandler', 'sarahgcandler', 'StephGCooper', 'GreenjrnlEd', 'TXmommydoc', 'hedy_wald', 'baillyflo', 'SFarnia_', 'SFarnia_', nan, 'CarlForsberg2', 'RaupSandra', 'ApicesSpain', 'lauraml79', 'meganranney', 'emoukamal', 'doclam01', 'healthfinch', 'lisadbudzinski', 'SEricksonACP', 'BobDohertyDC', 'BobDohertyDC', 'NationalCSP', 'BrendanSmithND', 'Dock_Health', 'DefiniteSarcasm', 'SusanHingle', 'SusanHingle', 'gabrieldane', 'gabrieldane', 'SEricksonACP']",0,"['0', '0', ['Ryan Gamlin'], ['Audrey M. Provenzano'], ['Susan Hingle'], '0', '0', '0', '0', ['Null'], ['Craig C. Hofmeister'], '0', '0', ['Art Walaszek'], ['John P. Erwin'], '0', ['Monya De'], '0', '0', '0', '0', '0', '0', '0', '0', ['Null'], '0', '0', '0', ['C Michael Gibson', 'C. Michael Gibson', 'Carolyn Gibson', 'Charles Michael Gibson'], ['Susan S. Woods', 'Susan Woods'], '0', '0', '0', '0', ['Susan Hingle'], ['Luis Caminal-Montero', 'L. Caminal'], ['Hedy S. Wald'], '0', '0', '0', '0', '0', '0', '0', ['Ana Maria Lopez'], '0', ['Mohamed Z Khalil', 'Mohamed Z. Khalil'], '0', '0', '0', '0', '0', '0', '0', '0', '0', '0', '0', '0', '0', '0', '0', '0', '0', ['Reinold O. B. Gans'], '0', '0', '0', ['William F. Kelly'], '0', '0', '0', '0', '0', '0', ['Sarah G. Candler'], ['Sarah G. Candler'], '0', '0', '0', '0', ['Marta Supervia'], ['Marta Supervia'], '0', '0', '0', ['Richard Duszak'], '0', '0', ['Daniel C. Baumgart'], '0', '0', ['Cynthia D. Smith'], ['Cynthia D. Smith'], '0', ['A. Majeed', 'Azeem Majeed'], '0', '0', '0', ['Elliott R. Haut', 'Elliot R Haut', 'Haut Elliott R'], '0', '0', '0', '0', ['Angelo E. Volandes'], ['Brittany Payne'], '0', '0', '0', '0', '0', '0', ['Ana Maria Lopez'], '0', '0', '0', '0', ['Null', 'A. Agarwal'], '0', ['Null'], '0', '0', '0', '0', '0', ['Sarah G. Candler'], ['Sarah G. Candler'], '0', '0', '0', ['Hedy S. Wald'], ['Florian Bailly'], '0', '0', '0', '0', '0', '0', ['Null'], ['Megan L. Ranney'], '0', ['Robert Lam'], '0', ['Lisa Davis Budzinski'], ['Shari M. Erickson'], '0', '0', '0', '0', '0', '0', ['Susan Hingle'], ['Susan Hingle'], '0', '0', ['Shari M. Erickson']]",0.9032258064516129,0.6511627906976745,0.8,Shari M. Erickson,Shari Erickson (she/her/hers),SEricksonACP,author_name_self_score,0.9032258064516129,Shari M. Erickson,333457608
245,10.1000/anon674,Wang,Li,Li,3,3,"['743804168071086080', '1461042668419571713', '1533106086374526976']","['2789766403', '956688016118026240', '956688016118026240']","['ImmunologyPapers', 'John Paul', 'John Paul']","['Immunol_papers', 'ThingsHiddenn', 'ThingsHiddenn']",0,"['0', '0', '0']",0.0,0.25,0.3157894736842105,NULL,John Paul,ThingsHiddenn,tw_handle_self_score,0.3157894736842105,ThingsHiddenn,956688016118026240
32,10.1000/anon37,Cao,Xiaofang,Xiaofang,13,13,"['850480083722616832', '850553380011253760', '850738475376816128', '850740861738659841', '850976486718918656', '851128268874858496', '851300437248671744', '851374882948599813', '851404531229483010', '852229247129329680', '865148093288693760', '910445997507190784', '981176364274503681']","['2797948887', '416934863', '2347452192', '2347452192', '4359853823', '334617820', '724944724130451456', '388345704', '426619177', '488929910', '2812993596', '907628340558823425', '895871278292246528']","['Behav Ecol Papers', 'Alberta Claw', ""Bertrand Bed'Hom"", ""Bertrand Bed'Hom"", 'INRAE Génétique Animale', 'Omoteta+', 'Doreen Schwochow', 'PLOS Genetics', '@DJ_de_Koning@fediscience.org', 'MU-Peter Shimon 🀄', 'EvoBehGenPapers', 'BirdColourBase', 'Jaden Powers']","['BehavEcolPapers', 'albertonykus', 'bedhom', 'bedhom', 'INRAE_DPT_GA', 'omoteta', 'doreenschwochow', 'PLOSGenetics', 'DJ_de_Koning', 'MU_Peter', 'EvoBehGe_papers', 'BirdColourBase', 'JPow_97']",0,"[['Luciano Pinheiro da Silva'], '0', [""Bertrand Bed'Hom""], [""Bertrand Bed'Hom""], '0', '0', '0', '0', ['Dirk-Jan de Koning'], '0', '0', '0', '0']",0.3783783783783784,0.4166666666666667,0.34782608695652173,Luciano Pinheiro da Silva,Alberta Claw,DJ_de_Koning,tw_name_self_score,0.4166666666666667,Alberta Claw,416934863
32,10.1000/anon910,Cao,Xiaofang,Xiaofang,1,1,['902590430415429632'],['23009778'],['Jon D. Moulton'],['jonmoulton'],0,[['Jon D. Moulton']],0.3076923076923077,0.3076923076923077,0.2857142857142857,Jon D. Moulton,Jon D. Moulton,jonmoulton,author_name_self_score,0.3076923076923077,Jon D. Moulton,23009778
54,10.1000/anon32,Chung,Edsoulla,Edsoulla,1,1,['1053450849119363073'],['347188522'],['Springer Education'],['SpringerEdu'],0,"[['Xiaomeng Chen', 'Keiko Yokoyama']]",0.37037037037037035,0.375,0.4166666666666667,Xiaomeng Chen,Springer Education,SpringerEdu,tw_handle_self_score,0.4166666666666667,SpringerEdu,347188522
252,10.1000/anon1023,Chen,Kuan Wen,Kuan,2,2,"['674043023249022976', '674112257085739008']","['4172927067', '130343557']","['ufkl bot', 'Condensed Matter']","['UfklBot', 'CondensedPapers']",0,"['0', '0']",0.0,0.4,0.34782608695652173,NULL,Condensed Matter,CondensedPapers,tw_name_self_score,0.4,Condensed Matter,130343557
252,10.1000/anon20,Chen,Kuan Wen,Kuan,1,1,['786021990138191872'],['714367678043959296'],['Crystals MDPI'],['Crystals_MDPI'],0,['0'],0.0,0.18181818181818182,0.19047619047619047,NULL,Crystals MDPI,Crystals_MDPI,tw_handle_self_score,0.19047619047619047,Crystals_MDPI,714367678043959296
252,10.1000/anon1065,Chen,Kuan Wen,Kuan,2,2,"['854175889491345408', '903853046983221248']","['130343557', '46854930']","['Condensed Matter', 'BlackPhysicists']","['CondensedPapers', 'BlackPhysicists']",0,"['0', ['Xue-Mei Su', 'Ruidong Xia', 'Xue Mei Su', 'Hongbo Zhang', 'Abdallah Ali', 'Zhipeng Zhou', 'Lyudmyla Adamska', 'Olivier Namur']]",0.47619047619047616,0.4,0.34782608695652173,Hongbo Zhang,Condensed Matter,CondensedPapers,author_name_self_score,0.47619047619047616,Hongbo Zhang,46854930
252,10.1000/anon356,Chen,Kuan Wen,Kuan,2,2,"['839319620322385920', '889351549897629697']","['130343557', '46854930']","['Condensed Matter', 'BlackPhysicists']","['CondensedPapers', 'BlackPhysicists']",0,"['0', ['Xue-Mei Su', 'Ruidong Xia', 'Xue Mei Su', 'Hongbo Zhang', 'Abdallah Ali', 'Zhipeng Zhou', 'Lyudmyla Adamska', 'Olivier Namur']]",0.47619047619047616,0.4,0.34782608695652173,Hongbo Zhang,Condensed Matter,CondensedPapers,author_name_self_score,0.47619047619047616,Hongbo Zhang,46854930
252,10.1000/anon258,Chen,Kuan Wen,Kuan,2,2,"['905236896758079489', '907756370560274434']","['45817618', '46854930']","['distracted_alien', 'BlackPhysicists']","['distractedalien', 'BlackPhysicists']",0,"['0', ['Xue-Mei Su', 'Ruidong Xia', 'Xue Mei Su', 'Hongbo Zhang', 'Abdallah Ali', 'Zhipeng Zhou', 'Lyudmyla Adamska', 'Olivier Namur']]",0.47619047619047616,0.3333333333333333,0.34782608695652173,Hongbo Zhang,distracted_alien,distractedalien,author_name_self_score,0.47619047619047616,Hongbo Zhang,46854930
252,10.1000/anon792,Chen,Kuan Wen,Kuan,2,2,"['834673424278564864', '834812366785277953']","['130343557', '46854930']","['Condensed Matter', 'BlackPhysicists']","['CondensedPapers', 'BlackPhysicists']",0,"['0', ['Xue-Mei Su', 'Ruidong Xia', 'Xue Mei Su', 'Hongbo Zhang', 'Abdallah Ali', 'Zhipeng Zhou', 'Lyudmyla Adamska', 'Olivier Namur']]",0.47619047619047616,0.4,0.34782608695652173,Hongbo Zhang,Condensed Matter,CondensedPapers,author_name_self_score,0.47619047619047616,Hongbo Zhang,46854930
252,10.1000/anon661,Chen,Kuan Wen,Kuan,1,1,['881714867094265859'],['130343557'],['Condensed Matter'],['CondensedPapers'],0,['0'],0.0,0.4,0.34782608695652173,NULL,Condensed Matter,CondensedPapers,tw_name_self_score,0.4,Condensed Matter,130343557
252,10.1000/anon774,Chen,Kuan Wen,Kuan,1,1,['778806433391398912'],['130343557'],['Condensed Matter'],['CondensedPapers'],0,['0'],0.0,0.4,0.34782608695652173,NULL,Condensed Matter,CondensedPapers,tw_name_self_score,0.4,Condensed Matter,130343557
252,10.1000/anon709,Chen,Kuan Wen,Kuan,3,3,"['867224467428302851', '912372702798807040', '914528942215897088']","['130343557', '46854930', '824994077192097796']","['Condensed Matter', 'BlackPhysicists', 'Physical Review Materials']","['CondensedPapers', 'BlackPhysicists', 'PhysRevMater']",0,"['0', ['Xue-Mei Su', 'Ruidong Xia', 'Xue Mei Su', 'Hongbo Zhang', 'Abdallah Ali', 'Zhipeng Zhou', 'Lyudmyla Adamska', 'Olivier Namur'], '0']",0.47619047619047616,0.4,0.34782608695652173,Hongbo Zhang,Condensed Matter,CondensedPapers,author_name_self_score,0.47619047619047616,Hongbo Zhang,46854930
252,10.1000/anon34,Chen,Kuan Wen,Kuan,2,2,"['865368693575999488', '865383096589271040']","['4172927067', '130343557']","['ufkl bot', 'Condensed Matter']","['UfklBot', 'CondensedPapers']",0,"['0', '0']",0.0,0.4,0.34782608695652173,NULL,Condensed Matter,CondensedPapers,tw_name_self_score,0.4,Condensed Matter,130343557
252,10.1000/anon772,Chen,Kuan Wen,Kuan,4,4,"['985766471417630720', '930643179757555712', '930667219981426688', '930825016492675072']","['46854930', '913680468406497280', '130343557', '4172927067']","['BlackPhysicists', '磁性論文bot', 'Condensed Matter', 'ufkl bot']","['BlackPhysicists', 'Magnetism_bot', 'CondensedPapers', 'UfklBot']",0,"[['Xue-Mei Su', 'Ruidong Xia', 'Xue Mei Su', 'Hongbo Zhang', 'Abdallah Ali', 'Zhipeng Zhou', 'Lyudmyla Adamska', 'Olivier Namur'], '0', '0', '0']",0.47619047619047616,0.4,0.34782608695652173,Hongbo Zhang,Condensed Matter,CondensedPapers,author_name_self_score,0.47619047619047616,Hongbo Zhang,46854930
252,10.1000/anon750,Chen,Kuan Wen,Kuan,1,1,['991494982715392000'],['130343557'],['Condensed Matter'],['CondensedPapers'],0,['0'],0.0,0.4,0.34782608695652173,NULL,Condensed Matter,CondensedPapers,tw_name_self_score,0.4,Condensed Matter,130343557
252,10.1000/anon431,Chen,Kuan Wen,Kuan,1,1,['970482719153995776'],['130343557'],['Condensed Matter'],['CondensedPapers'],0,['0'],0.0,0.4,0.34782608695652173,NULL,Condensed Matter,CondensedPapers,tw_name_self_score,0.4,Condensed Matter,130343557
99,10.1000/anon912,Bostelmann,Enrique,Enrique,16,16,"['658748431364587520', '658754208758411264', '658989845432389632', '659002714999799808', '663706653188096000', '663706652747669504', '692370348189229056', '692844821153591303', '710827712714293249', '841454576679211008', '841454773962436608', '841455299152166913', '920632293550673920', '1038262556123492352', '1605044204568252417', '1605056918841708549']","['375235135', '2308130730', '611318385', '2923130370', '3064425898', '567335368', '343573021', '21260160', '27439013', '581012668', '721073439398866944', '1970169798', '334620499', '126498058', '429561973', '429561973']","['Anthony Barnosky', 'Jan Schnitzler', 'Thomas R. Holtz, Jr. 🦖💕 (he/him)', 'Adam ™ Ford', 'Sole De Esteban', 'Transmitting Science | Online courses and more', 'Steve Carpenter', 'Stanford H&S', 'Juan Rocha', '🏆Joshua Drew🏆 @Drew_Lab@ecoevo.social', 'Angela Mallard', 'Heidi Paterson (She/Her)', 'Darin Croft', 'Umbrios 💚🤍💜 🌳', 'Pär Leijonhufvud', 'Pär Leijonhufvud']","['tonybarnosky', 'schnitzler_j', 'TomHoltzPaleo', 'adamTford', 'SoleDeEsteban', 'TransmitScience', 'FreshwaterSteve', 'StanfordHumSci', 'juanrocha', 'Drew_Lab', 'AnthroQuacks', 'heidi_paterson', 'dcpaleo', 'umbrios', 'ParLeijonhufvud', 'ParLeijonhufvud']",0,"[['Null'], ['Jan Schnitzler'], ['Thomas R. Holtz'], ['Adam T. Ford'], ['S. De Esteban-Trivigno', 'Soledad De Esteban-Trivigno'], '0', ['Stephen R. Carpenter'], '0', ['Juan C. Rocha-Gordo', 'Juan Carlos Rocha', 'Juan Rocha'], ['Joshua A. Drew', 'Joshua Adam Drew'], '0', '0', ['Darin A. Croft'], '0', '0', '0']",0.42105263157894735,0.42424242424242425,0.5217391304347826,Stephen R. Carpenter,Sole De Esteban,SoleDeEsteban,tw_handle_self_score,0.5217391304347826,SoleDeEsteban,3064425898
79,10.1000/anon533,Bühler,Anja,Anja,1,1,['805894025668534272'],['23009778'],['Jon D. Moulton'],['jonmoulton'],0,[['Jon D. Moulton']],0.24,0.24,0.2,Jon D. Moulton,Jon D. Moulton,jonmoulton,author_name_self_score,0.24,Jon D. Moulton,23009778
96,10.1000/anon409,Odisho,Shoni M.,Shoni,1,1,['1035301797085290497'],['315722653'],['Ahmed Majeed Al-Shammari'],['AhmedAlShamery'],0,"[['Ahmed Majeed Al-Shammari', 'Ahmed Ghdhban Al-Ziaydi']]",0.2857142857142857,0.2777777777777778,0.3,Ahmed Ghdhban Al-Ziaydi,Ahmed Majeed Al-Shammari,AhmedAlShamery,tw_handle_self_score,0.3,AhmedAlShamery,315722653
200,10.1000/anon451,Lai,Chun-Han,Chun,2,2,"['923559829125369857', '1031594250121736192']","['832269702818885632', '18477428']","['Joule', 'Cell Press']","['Joule_CP', 'CellPressNews']",0,"['0', '0']",0.0,0.3333333333333333,0.26666666666666666,NULL,Joule,Joule_CP,tw_name_self_score,0.3333333333333333,Joule,832269702818885632
127,10.1000/anon1053,Halmeenmäki,Elisa,Elisa,6,6,"['907756279933874177', '908632531838349313', '908643877376192512', '908662540456128512', '908681040151035904', '908934450242781184']","['2420447773', '727890763', '707840139406475264', '108360845', '814844446051274754', '387838019']","['Soil Science News', 'Elisa Vainio 🏳️\u200d🌈 🕊', 'Mari Pihlatie', 'MethaneNet', 'Dr. Merritt Turetsky', 'Vincent Gauci']","['SoilScienceNews', 'Elisa_Vainio', 'MariPihlatie', 'MethaneNet', 'queenofpeat', 'GauciGauci']",0,"['0', '0', ['Mari Pihlatie'], '0', '0', ['Null']]",0.26666666666666666,0.5,0.5882352941176471,Mari Pihlatie,Elisa Vainio 🏳️‍🌈 🕊,Elisa_Vainio,tw_handle_self_score,0.5882352941176471,Elisa_Vainio,727890763
206,10.1000/anon1179,Feng,Tao,Tao,1,1,['968105490139017217'],['2846454111'],['ChemNanoMat'],['ChemNanoMat'],0,['0'],0.0,0.3333333333333333,0.3333333333333333,NULL,ChemNanoMat,ChemNanoMat,tw_name_self_score,0.3333333333333333,ChemNanoMat,2846454111
298,10.1000/anon1127,Shimazaki,Takeru,Takeru,3,3,"['927182352039559169', '927203983231455232', '927203983231455232']","['774192480652697600', '117737027', '117737027']","['retinapapers', 'Patrick De Boever', 'Patrick De Boever']","['retina_papers', 'deboevep', 'deboevep']",0,"['0', ['P. De Boever', 'Patrick De Boever'], ['P. De Boever', 'Patrick De Boever']]",0.30303030303030304,0.4444444444444444,0.42105263157894735,Patrick De Boever,retinapapers,retina_papers,tw_name_self_score,0.4444444444444444,retinapapers,774192480652697600
4,10.1000/anon1045,Son,Hye-Young,Hye,1,1,['884645528126062593'],['4127580483'],['African Synchrotron'],['AfSynchrotron'],0,['0'],0.0,0.3076923076923077,0.375,NULL,African Synchrotron,AfSynchrotron,tw_handle_self_score,0.375,AfSynchrotron,4127580483
4,10.1000/anon193,Son,Hye-Young,Hye,1,1,['931299690544431104'],['4127580483'],['African Synchrotron'],['AfSynchrotron'],0,['0'],0.0,0.3076923076923077,0.375,NULL,African Synchrotron,AfSynchrotron,tw_handle_self_score,0.375,AfSynchrotron,4127580483
4,10.1000/anon70,Son,Hye-Young,Hye,1,1,['960282689084391424'],['4726982832'],['Biointerphases'],['biointerphases'],0,['0'],0.0,0.3,0.3,NULL,Biointerphases,biointerphases,tw_name_self_score,0.3,Biointerphases,4726982832
4,10.1000/anon753,Son,Hye-Young,Hye,3,3,"['993562580663730176', '993599671699308544', '993683085056241669']","['2799935377', '932263163952742401', '95756080']","['microRNApapers', 'Molecular Diagnostics Papers', 'James V.  Kohl']","['microRNA_papers', 'diag_papers', 'microRNApro']",0,"['0', '0', ['Null']]",0.2857142857142857,0.2857142857142857,0.2857142857142857,Null,James V.  Kohl,microRNApro,author_name_self_score,0.2857142857142857,Null,95756080
282,10.1000/anon61,Xu,Jun,Jun,1,1,['902473164612976641'],['781005050919391232'],['LungOmics'],['LungOmics'],0,['0'],0.0,0.3333333333333333,0.3333333333333333,NULL,LungOmics,LungOmics,tw_name_self_score,0.3333333333333333,LungOmics,781005050919391232
282,10.1000/anon166,Xu,Jun,Jun,2,2,"['1023872865815252992', '1181539370899103744']","['912534858718519296', '1058329189370286080']","['SnotBot', 'AERD and NP News']","['SnotDocs', 'AerdNp']",0,"['0', '0']",0.0,0.2,0.2222222222222222,NULL,SnotBot,AerdNp,tw_handle_self_score,0.2222222222222222,AerdNp,1058329189370286080
282,10.1000/anon1037,Xu,Jun,Jun,2,2,"['1007569429087936514', '1175005189570326528']","['912534858718519296', '1058329189370286080']","['SnotBot', 'AERD and NP News']","['SnotDocs', 'AerdNp']",0,"['0', '0']",0.0,0.2,0.2222222222222222,NULL,SnotBot,AerdNp,tw_handle_self_score,0.2222222222222222,AerdNp,1058329189370286080
190,10.1000/anon1036,Xu,Yi,Yi,1,1,['959651238693494785'],['848827681'],['Limnology Papers'],['limnologia'],0,['0'],0.0,0.19047619047619047,0.16666666666666666,NULL,Limnology Papers,limnologia,tw_name_self_score,0.19047619047619047,Limnology Papers,848827681
96,10.1000/anon1083,Odisho,Shoni M.,Shoni,1,1,['1035300889471471616'],['315722653'],['Ahmed Majeed Al-Shammari'],['AhmedAlShamery'],0,"[['Ahmed Majeed Al-Shammari', 'Ahmed Ghdhban Al-Ziaydi']]",0.2857142857142857,0.2777777777777778,0.3,Ahmed Ghdhban Al-Ziaydi,Ahmed Majeed Al-Shammari,AhmedAlShamery,tw_handle_self_score,0.3,AhmedAlShamery,315722653
17,10.1000/anon960,Long,John,John,11,11,"['876857421091700737', '876870129413496833', '876889537804292097', '876891197754814464', '876918777882877952', '877011882716135426', '877113038167396353', '877139206878965760', '877215000816955393', '1624222602892828673', '1625555810255310872']","['4906283301', '1601283139', '3285834582', '1961395586', '175150751', '850368504', '2524594183', '87715935', '568112662', '557229424', '147149131']","['micropapers', 'Lindsay Triplett 🌱', 'Gitta Coaker', 'Panagiotis Sarris', 'PLOS Pathogens', 'Chenglong Liu', 'yeast_papers', 'Nature Reviews Microbiology', 'Guía-ABE', 'jj', 'Jonathan D G Jones']","['micro_papers', 'triplettlr', 'GittaCoaker', 'PanosSarris', 'PLOSPathogens', 'MM_3166', 'yeast_papers', 'NatureRevMicro', 'Guia_ABE', 'jmjacobs2', 'jonathandgjones']",0,"['0', ['Lindsay R. Triplett'], ['Gitta Coaker'], ['Panagiotis F. Sarris', 'Syed Shan-e-Ali Zaidi'], '0', ['Chang-Jun Liu'], '0', '0', '0', '0', ['Jonathan D. G. Jones']]",0.4827586206896552,0.5454545454545454,0.5217391304347826,Jonathan D. G. Jones,Chenglong Liu,jonathandgjones,tw_name_self_score,0.5454545454545454,Chenglong Liu,850368504
17,10.1000/anon768,Long,John,John,2,2,"['1033318846013235200', '1033374220883902464']","['3062846807', '875816017037070338']","['wheatpapers', 'AmoebaPapers']","['wheat_papers', 'AmoebaPapers']",0,"['0', '0']",0.0,0.13333333333333333,0.125,NULL,wheatpapers,wheat_papers,tw_name_self_score,0.13333333333333333,wheatpapers,3062846807
33,10.1000/anon707,Ye,Darwin Q.,Darwin,3,3,"['1071148106182324226', '1073670228305952770', '1073674402355658760']","['3028812377', '732570175162179585', '922186051959119872']","['GeneSetPapers', 'Blood Advances', 'R.Sono🔬💻🧬 | 語呂にゃんさん']","['geneset_papers', 'BloodAdvances', 'mona8schmona']",0,"['0', '0', '0']",0.0,0.34782608695652173,0.38095238095238093,NULL,Blood Advances,BloodAdvances,tw_handle_self_score,0.38095238095238093,BloodAdvances,732570175162179585
46,10.1000/anon49,Zhou,Amber S.,Amber,1,1,['749933342859100160'],['887203562'],['Immunology of Infectious Disease News'],['infdisease_news'],0,['0'],0.0,0.2127659574468085,0.2,NULL,Immunology of Infectious Disease News,infdisease_news,tw_name_self_score,0.2127659574468085,Immunology of Infectious Disease News,887203562
198,10.1000/anon687,Kamitani,Tsukasa,Tsukasa,5,5,"['905527405493841920', '905570242155474949', '905934296032178178', '907462610769113088', '1351077417763430400']","['752051458980347904', '743602147', '789143562097156100', '836148881423499264', '2291247308']","['NDT editor-in-chief', 'AHPIO_Sinead', 'Geriatric Nephrology', 'Cambridge Geriatrics', 'ERA - European Renal Association']","['denisfouque1', 'sineadburke_', 'Geri_Nephrology', 'CamGeris', 'ERAkidney']",0,"['0', '0', '0', '0', '0']",0.0,0.34285714285714286,0.375,NULL,NDT editor-in-chief,CamGeris,tw_handle_self_score,0.375,CamGeris,836148881423499264
154,10.1000/anon398,Gray,Steven M.,Steven,13,13,"['850715632828022785', '850845761663369216', '850845761663369216', '851330553395781633', '851789352770433025', '867042507846283265', '873490937774845954', '1116843937975549952', '1136629732718419968', '1136701763052900352', '1136703912155787265', '1349192670489444354', '1358827424532713482']","['66182591', '1146358332', '1146358332', '3323579352', '1904751469', '87657092', '2578548992', '15357521', '789203479348678656', '4194013692', '1212465001', '2993673090', '2993673090']","['Dr. David Shiffman 🦈', 'Parks Collins', 'Parks Collins', 'Abi T Vanak', 'Michael Somers', 'Journal of Animal Ecology', 'Ehsan Moqanaki', 'Sophie Gilbert', 'Remington Moll', 'Ted Stankowich 🦨🐆🦌🦔🦏🦡', 'Gabby 🐌 Palomo, PhD 🐆🐇🐺🦌 (she/her)', 'Justine Smith', 'Justine Smith']","['WhySharksMatter', 'ResearchNature', 'ResearchNature', 'abi_vanak', 'UPWildlife', 'AnimalEcology', 'eMoqanaki', 'SophieLGilbert', 'remington_moll', 'CSULBMammalLab', 'gabbspalomo', 'JustineASmith', 'JustineASmith']",0,"[['David Shiffman', 'David S. Shiffman'], ['Parks Collins'], ['Parks Collins'], ['Abi Tamim Vanak'], ['Michael J. Somers'], '0', ['Ehsan M. Moqanaki'], ['Sophie L. Gilbert'], ['Remington J. Moll'], ['Theodore Stankowich'], '0', ['Justine A. Smith', 'J. Rachel Smith'], ['Justine A. Smith', 'J. Rachel Smith']]",0.38461538461538464,0.45454545454545453,0.34782608695652173,Abi Tamim Vanak,Abi T Vanak,JustineASmith,tw_name_self_score,0.45454545454545453,Abi T Vanak,3323579352
154,10.1000/anon1042,Gray,Steven M.,Steven,21,21,"['986675924593729538', '989838097625034752', '989884988383375360', '989898182585876480', '989919185051504640', '990179296307240960', '990794133039005696', '991174922989985792', '991347356556840965', '991351598617153537', '991580594709594112', '991610509576294401', '993566174750433282', '991655270743916545', '991942086470656000', '995247858017284096', '995711800640458752', '1129043527722250240', '1129045178382192642', '1129340880131973120', '1131077271056527361']","['3214623641', '789203479348678656', '2179791505', '2821205314', '22981265', '3217660516', '1469896718', '946664546', '833969044994785280', '1960583400', '63532749', '3835048636', '86292908', '901561968238239745', '704258769392422912', '4436981717', '535233763', '1308801499', '2179791505', '86292908', '86292908']","['Dr. Laura Bertola', 'Remington Moll', 'Frontiers in Ecology & Evolution', 'Claire Hoffmann, PhD', 'Meredith Gore (@meredithgore@mastodon.social)', 'Dr Manuela Gonzalez-Suarez', 'Matt Hayward', 'Philip Faure', 'ConserveBotswana', 'Dr Julia P Myatt', 'Enrico Di Minin', 'Becca Sargent', 'Frontiers', 'David John Eldridge', 'Andrea Corradini, PhD', 'Arie Trouwborst', 'Monica Morrison, Ph.D', 'Rui F. Fernandes', 'Frontiers in Ecology & Evolution', 'Frontiers', 'Frontiers']","['LauraDBertola', 'remington_moll', 'FrontEcolEvol', 'clairefhoffmann', 'meredithgore', 'MGS_tweets', 'ConservResearch', 'Heleophryne', 'ConservBotswana', 'JuliaPMyatt', 'EnTembo', 'RK_Sargent', 'FrontiersIn', 'DJ_Eldridge', 'corradiniandre', 'Arie_Trouwborst', 'monicamorrisong', 'Rui_FFF', 'FrontEcolEvol', 'FrontiersIn', 'FrontiersIn']",0,"[['Laura D. Bertola'], ['Remington J. Moll'], '0', ['Claire F. Hoffmann'], ['Meredith L. Gore'], ['Manuela González-Suárez', 'Manuela Gonzalez-Saurez'], ['Matt W. Hayward'], '0', '0', ['Julia P. Myatt'], ['Enrico Di Minin', 'E. Di Minin'], '0', '0', '0', ['Andrea Corradini'], ['Null'], '0', ['Rui Fernandes'], '0', '0', '0']",0.3076923076923077,0.46153846153846156,0.5,Matt W. Hayward,ConserveBotswana,MGS_tweets,tw_handle_self_score,0.5,MGS_tweets,3217660516
258,10.1000/anon1014,Lin,Hung-Ju,Hung,1,1,['943487723016474625'],['4127580483'],['African Synchrotron'],['AfSynchrotron'],0,['0'],0.0,0.37037037037037035,0.3,NULL,African Synchrotron,AfSynchrotron,tw_name_self_score,0.37037037037037035,African Synchrotron,4127580483
258,10.1000/anon918,Lin,Hung-Ju,Hung,4,4,"['1019899250698842112', '1032595493090680832', '1230421287551537154', '1260266892746321925']","['1006486458813775872', '2307147476', '2307147476', '32140089']","['Nanostructures et optique - INSP', 'ernandes cyrine', 'ernandes cyrine', 'Neil Gerardo-MRX Chairman-ID#32140089']","['NO_Insp', 'inconita123', 'inconita123', 'NeilGerardo']",0,"['0', '0', '0', '0']",0.0,0.34782608695652173,0.42857142857142855,NULL,ernandes cyrine,NO_Insp,tw_handle_self_score,0.42857142857142855,NO_Insp,1006486458813775872
34,10.1000/anon919,Su,Lin-Chong,Lin,1,1,['787009219853627392'],['2981358863'],['ClinChemINFO'],['ClinChemINFO'],0,['0'],0.0,0.4,0.4,NULL,ClinChemINFO,ClinChemINFO,tw_name_self_score,0.4,ClinChemINFO,2981358863
34,10.1000/anon935,Su,Lin-Chong,Lin,5,5,"['1151033362892709888', '1152839397672402944', '1154734398656434178', '1155481816423456771', '1162661612014190594']","['978985803899531264', '757936097838202880', '757936097838202880', '757936097838202880', '757936097838202880']","['federicollopis', 'Artritis Reumatoide', 'Artritis Reumatoide', 'Artritis Reumatoide', 'Artritis Reumatoide']","['flmprueba', 'Artritis_il6', 'Artritis_il6', 'Artritis_il6', 'Artritis_il6']",0,"['0', '0', '0', '0', '0']",0.0,0.3157894736842105,0.2857142857142857,NULL,federicollopis,flmprueba,tw_name_self_score,0.3157894736842105,federicollopis,978985803899531264
34,10.1000/anon695,Su,Lin-Chong,Lin,2,2,"['993935130329690112', '992872022353981440']","['3262004991', '2981358863']","['MS Papers', 'ClinChemINFO']","['MltplSclppr', 'ClinChemINFO']",0,"['0', '0']",0.0,0.4,0.4,NULL,ClinChemINFO,ClinChemINFO,tw_name_self_score,0.4,ClinChemINFO,2981358863
34,10.1000/anon394,Su,Lin-Chong,Lin,1,1,['949970137691537408'],['3271095818'],['Hematopoiesis'],['HSC_papers'],0,['0'],0.0,0.2222222222222222,0.16666666666666666,NULL,Hematopoiesis,HSC_papers,tw_name_self_score,0.2222222222222222,Hematopoiesis,3271095818
212,10.1000/anon174,Wang,Song,Song,16,16,"['938429118571532289', '938438430794674176', '938439967361159174', '938471134261002240', '938492845765419009', '938827638143180802', '938886798394015745', '939850110221078529', '940267854066278406', '940615885601038337', '942930863431364608', '943041098003439616', '974402245658804231', '979057614024781824', '1191415285963730944', '1306980835183259649']","['576788665', '1191642560', '15807813', '518543036', '1340011', '1191642560', '17325338', '4383380472', '84387329', '6366042', '33480197', '24046380', '6366042', '15807813', '15807813', '1191642560']","['Yini Zhang', 'Karl Rohe', 'Chris Wells', 'Wang', '@fabiogiglietto@aoir.social', 'Karl Rohe', 'Lori Dorfman', 'Robert Gorwa', 'newpolcom', 'Vincent Raynauld', 'Todd Graham', 'Paul Reilly pauljreilly@mastodon.ie', 'Vincent Raynauld', 'Chris Wells', 'Chris Wells', 'Karl Rohe']","['yinizhang2011', 'karlrohe', 'cfwells', 'SWANG282', 'fabiogiglietto', 'karlrohe', 'LoriDorfman', 'rgorwa', 'newpolcom', 'VincentR', 'tsgraham1', 'PaulJReilly', 'VincentR', 'cfwells', 'cfwells', 'karlrohe']",0,"[['Yini Zhang'], ['Karl Rohe'], ['Chris Wells'], '0', ['Fabio Giglietto'], ['Karl Rohe'], ['Lori Dorfman'], ['Null'], '0', ['Vincent Raynauld'], ['Todd R. Graham'], ['Paul Reilly'], ['Vincent Raynauld'], ['Chris Wells'], ['Chris Wells'], ['Karl Rohe']]",0.5263157894736842,1.0,0.6666666666666666,Yini Zhang,Wang,SWANG282,tw_name_self_score,1.0,Wang,518543036
213,10.1000/anon239,Li,Ning,Ning,1,1,['908637537278713857'],['2777026289'],['Pastel BioScience'],['PastelBio_prot'],0,['0'],0.0,0.25,0.25,NULL,Pastel BioScience,PastelBio_prot,tw_name_self_score,0.25,Pastel BioScience,2777026289
271,10.1000/anon1060,Espinoza,Diego A.,Diego,2,2,"['852205110398791681', '853787326014730240']","['3407436940', '2429552622']","['Blood Journal', 'Naveen Pemmaraju, MD']","['BloodJournal', 'doctorpemm']",0,"['0', ['Naveen Pemmaraju']]",0.26666666666666666,0.2962962962962963,0.32,Naveen Pemmaraju,Blood Journal,BloodJournal,tw_handle_self_score,0.32,BloodJournal,3407436940
271,10.1000/anon465,Espinoza,Diego A.,Diego,15,15,"['931477055568478208', '931493903294799873', '932270680833478656', '932439170231889920', '932604452124717057', '932607352536215552', '933359676133183489', '934129500316688385', '935624601215922181', '936239399590821888', '938489223375736834', '939640861784031232', '944190286850347009', '977375754609668096', '1045732786190069761']","['2369366659', '3271095818', '2384083507', '4741123542', '75302402', '842081812629336068', '75302402', '75302402', '75302402', '75302402', '75302402', '1575659701', '1209815713', '47431203', '47431203']","['NK papers', 'Hematopoiesis', 'EM Mace', 'Dr Dawn Lin', 'JExpMed', 'Paywall Watch', 'JExpMed', 'JExpMed', 'JExpMed', 'JExpMed', 'JExpMed', 'Kursad Turksen', 'Rockefeller U. Press', 'shaghayegh harbi B.S., M.S., Ph.D. (she/her)', 'shaghayegh harbi B.S., M.S., Ph.D. (she/her)']","['NK_papers', 'HSC_papers', 'mace_em', 'DawnSLin', 'JExpMed', 'PaywallWatch', 'JExpMed', 'JExpMed', 'JExpMed', 'JExpMed', 'JExpMed', 'kursadturksen', 'RockUPress', 'shaghayeghharbi', 'shaghayeghharbi']",0,"['0', '0', ['Emily M. Mace'], ['Dave Lin', 'Null'], '0', '0', '0', '0', '0', '0', '0', '0', '0', ['Null'], ['Null']]",0.45454545454545453,0.36363636363636365,0.38095238095238093,Dave Lin,Dr Dawn Lin,DawnSLin,author_name_self_score,0.45454545454545453,Dave Lin,4741123542
271,10.1000/anon781,Espinoza,Diego A.,Diego,7,7,"['948875039973060608', '950900373740539905', '951432305658224642', '974387840506368016', '975816769448370176', '980953044635570176', '1108327206017654784']","['939823795568828418', '2838295565', '154611507', '266616430', '3407436940', '4854497164', '939823795568828418']","['PrimateDNA Papers', 'Jeff Karp (Pronouns: he/him/his)', 'Hematopoiesis News', 'BB', 'Blood Journal', 'HEMOSTASIA Y TROMBOS', 'PrimateDNA Papers']","['PrimateDNA_Lit', 'MrJeffKarp', 'Hema_News', '0090bb', 'BloodJournal', 'trom_hemo', 'PrimateDNA_Lit']",0,"['0', '0', '0', '0', '0', '0', '0']",0.0,0.35294117647058826,0.32,NULL,HEMOSTASIA Y TROMBOS,BloodJournal,tw_name_self_score,0.35294117647058826,HEMOSTASIA Y TROMBOS,4854497164
271,10.1000/anon1112,Espinoza,Diego A.,Diego,19,19,"['1058431507189121024', '1058436417431441408', '1058437201535610881', '1058464176543281152', '1058470527067738113', '1058620020257943553', '1058918016556171270', '1058927518038687744', '1059113301735628800', '1059205679817216001', '1059226044014698496', '1059763454914060289', '1060230419826782208', '1060528453987024896', '1061468650077601793', '1061468650077601793', '1064243851186049025', '1072883819974414336', '1073125946960605184']","[nan, '4002598402', '1039316050976940032', '987953002022690816', '275654150', '243144742', '147295417', '4834984875', '147295417', '3220106425', '147295417', '2369366659', '4002598402', '80500019', '154611507', '154611507', '2179772732', '32372834', '3732897196']","[nan, 'Science Immunology', 'Diego A. Espinoza', 'Orhan Rasid', 'leo uzych', 'Danny Altmann', 'McHeyzer-Williams', 'MalmbergLab', 'McHeyzer-Williams', 'silex知の文献サービス (Silex Press LLC.)', 'McHeyzer-Williams', 'NK papers', 'Science Immunology', 'Dechun Feng', 'Hematopoiesis News', 'Hematopoiesis News', 'Marseille Immunopole', 'Science Magazine', 'Christian Manrique']","[nan, 'SciImmunology', 'diegoalexespi', 'ImmunOrhan', 'LeoUzych', 'Daltmann10', 'mmw_lmw', 'MalmbergLab', 'mmw_lmw', 'silex_transl', 'mmw_lmw', 'NK_papers', 'SciImmunology', 'dcfeng', 'Hema_News', 'Hema_News', 'Immunopole', 'ScienceMagazine', 'ManriqueValdor']",0,"['0', '0', ['Null'], ['Null'], '0', ['Daniel M. Altmann', 'Danny Altmann'], '0', '0', '0', ['Xose S. Puente'], '0', '0', '0', '0', '0', '0', '0', '0', '0']",0.35714285714285715,0.9032258064516129,0.6923076923076923,Xose S. Puente,Diego A. Espinoza,diegoalexespi,tw_name_self_score,0.9032258064516129,Diego A. Espinoza,1039316050976940032
271,10.1000/anon52,Espinoza,Diego A.,Diego,1,1,['1057684929432244224'],['154611507'],['Hematopoiesis News'],['Hema_News'],0,['0'],0.0,0.3125,0.2727272727272727,NULL,Hematopoiesis News,Hema_News,tw_name_self_score,0.3125,Hematopoiesis News,154611507
129,10.1000/anon970,Asma,Achour,Achour,1,1,['884803239027146752'],['3326766226'],['Cancer Papers'],['CancerPapers'],0,['0'],0.0,0.5,0.45454545454545453,NULL,Cancer Papers,CancerPapers,tw_name_self_score,0.5,Cancer Papers,3326766226
153,10.1000/anon66,Miao,Lei,Lei,1,1,['494423306389307396'],['2365948482'],['CompBiolPapers'],['CompBiolPapers'],0,['0'],0.0,0.47619047619047616,0.47619047619047616,NULL,CompBiolPapers,CompBiolPapers,tw_name_self_score,0.47619047619047616,CompBiolPapers,2365948482
245,10.1000/anon589,Wang,Li,Li,1,1,['679386227590561792'],['2386845055'],['Dendritic cells'],['DCell_papers'],0,['0'],0.0,0.2727272727272727,0.2222222222222222,NULL,Dendritic cells,DCell_papers,tw_name_self_score,0.2727272727272727,Dendritic cells,2386845055
245,10.1000/anon1125,Wang,Li,Li,2,2,"['695575636232908800', '695575636232908800']","['2524594183', '2524594183']","['yeast_papers', 'yeast_papers']","['yeast_papers', 'yeast_papers']",0,"['0', '0']",0.0,0.125,0.125,NULL,yeast_papers,yeast_papers,tw_name_self_score,0.125,yeast_papers,2524594183
245,10.1000/anon163,Wang,Li,Li,10,10,"['858624126969237505', '858628277396676610', '858661734428532737', '863921768947261440', '864290602820583424', '864652714604601345', '865015979843010560', '865379246608326656', '865743389152600064', '866844677026136064']","['2881001471', '2524594183', '2386845055', '794569389337092096', '794569389337092096', '794569389337092096', '794569389337092096', '794569389337092096', '794569389337092096', '794569389337092096']","['TumImmTxpapers', 'yeast_papers', 'Dendritic cells', 'ATT', 'ATT', 'ATT', 'ATT', 'ATT', 'ATT', 'ATT']","['TumImmTx_papers', 'yeast_papers', 'DCell_papers', 'ATT2017', 'ATT2017', 'ATT2017', 'ATT2017', 'ATT2017', 'ATT2017', 'ATT2017']",0,"['0', '0', '0', '0', '0', '0', '0', '0', '0', '0']",0.0,0.2857142857142857,0.2222222222222222,NULL,ATT,DCell_papers,tw_name_self_score,0.2857142857142857,ATT,794569389337092096
245,10.1000/anon643,Wang,Li,Li,2,2,"['833086337116884992', '833232396120158208']","['397381576', '786118672343457793']","['Frontiers in Immunology', 'PedroAparicio']","['FrontImmunol', 'InmunoMedUMU']",0,"['0', '0']",0.0,0.21052631578947367,0.2222222222222222,NULL,PedroAparicio,FrontImmunol,tw_handle_self_score,0.2222222222222222,FrontImmunol,397381576
248,10.1000/anon974,Frei,Zsolt,Zsolt,5,5,"['869714586554990593', '869786616587591680', '869923001545900032', '869984585798438912', '969715449662398465']","['1950945236', '422672164', '130698193', '2584309339', '261186713']","['arXiv gr-qc', 'Dr Michael Reidinger', 'Relativity/Cosmology', 'APS Gravity—DGRAV', 'AfricaAstronomy']","['arXiv_grqc', 'scimichael', 'RelativityPaper', 'APSgravity', 'AfricaAstronomy']",0,"['0', '0', '0', '0', '0']",0.0,0.4166666666666667,0.4166666666666667,NULL,AfricaAstronomy,AfricaAstronomy,tw_name_self_score,0.4166666666666667,AfricaAstronomy,261186713
248,10.1000/anon246,Frei,Zsolt,Zsolt,4,4,"['986041114070323200', '987006824585965574', '1011608183532646403', '1021828423696568320']","['61297747', '709901900733255680', '61297747', '3326958650']","['Rafael S. de Souza', 'arXiv.BR 🇧🇷', 'Rafael S. de Souza', 'Hogwarts Science']","['rafael_astro', 'arXiv_BR', 'rafael_astro', 'HogwartsScience']",0,"[['R. S. de Souza'], '0', ['R. S. de Souza'], '0']",0.4166666666666667,0.35714285714285715,0.3333333333333333,R. S. de Souza,Rafael S. de Souza,arXiv_BR,author_name_self_score,0.4166666666666667,R. S. de Souza,61297747
248,10.1000/anon321,Frei,Zsolt,Zsolt,4,4,"['935685732684980224', '935696098085167104', '935976431833591808', '1004689071602626560']","['1950945236', '130698193', '751734284092792832', '261186713']","['arXiv gr-qc', 'Relativity/Cosmology', 'arxiv', 'AfricaAstronomy']","['arXiv_grqc', 'RelativityPaper', 'arxiv_org', 'AfricaAstronomy']",0,"['0', '0', '0', '0']",0.0,0.4444444444444444,0.4166666666666667,NULL,arxiv,AfricaAstronomy,tw_name_self_score,0.4444444444444444,arxiv,751734284092792832
293,10.1000/anon645,Wang,Meng,Meng,1,1,['922463067224596480'],['1338653473'],['Moulds & Plastics'],['MouldsPlastics'],0,['0'],0.0,0.23076923076923078,0.18181818181818182,NULL,Moulds & Plastics,MouldsPlastics,tw_name_self_score,0.23076923076923078,Moulds & Plastics,1338653473
293,10.1000/anon857,Wang,Meng,Meng,1,1,['1107933888284753921'],['3514656198'],['Polymers MDPI'],['Polymers_MDPI'],0,['0'],0.0,0.2727272727272727,0.23529411764705882,NULL,Polymers MDPI,Polymers_MDPI,tw_name_self_score,0.2727272727272727,Polymers MDPI,3514656198
259,10.1000/anon1086,Qiu,Bo,Bo,6,6,"['854275077465976834', '854276438660460544', '854288810997415937', '854562462057742336', '855791938905100288', '855813678054088704']","['1637637770', '2252118840', '701476851278077953', '198884147', '125248034', '125248034']","['EGU Atmospheric Sci', 'CopernicusUnofficial', 'AtmosSciBot', 'Ari Jokimäki', 'hockey schtick', 'hockey schtick']","['EGU_Atmos', 'CopernicusUnoff', 'AtmosSciBot', 'AGWobserver', 'hockeyschtick1', 'hockeyschtick1']",0,"['0', '0', '0', ['Ari Jokimäki'], '0', '0']",0.3333333333333333,0.375,0.375,Ari Jokimäki,AtmosSciBot,AtmosSciBot,tw_name_self_score,0.375,AtmosSciBot,701476851278077953
259,10.1000/anon599,Qiu,Bo,Bo,2,2,"['966853697371365377', '976503118455123968']","['869779953570729984', '1212453103']","['zheng shi', 'Andrew Fox 🛰🌍🌦❄️🌲']","['zshi_ecology', 'amfox37']",0,"[['Zheng Shi'], ['Andrew M. Fox']]",0.26666666666666666,0.26666666666666666,0.23529411764705882,Zheng Shi,zheng shi,zshi_ecology,author_name_self_score,0.26666666666666666,Zheng Shi,869779953570729984
116,10.1000/anon140,Marr,Eric Joseph,Eric,1,1,['996318780094668801'],['3308200313'],"['Eric Marr, PhD']",['marr_eric'],0,[['Eric Joseph Marr']],0.72,0.782608695652174,0.9411764705882353,Eric Joseph Marr,"Eric Marr, PhD",marr_eric,tw_handle_self_score,0.9411764705882353,marr_eric,3308200313
39,10.1000/anon425,Schatz,Devon J.,Devon,1,1,[nan],[nan],[nan],[nan],0,[0],0.0,0.0,0.0,NULL,NULL,NULL,author_name_self_score,0.0,NULL,1
45,10.1000/anon761,Bao,Xiaoli,Xiaoli,2,2,"['582926596048232448', '582963849801965568']","['411132501', '2461693056']","['Inorganic News', 'MOF Papers']","['InorganicNews', 'MOF_papers']",0,"['0', '0']",0.0,0.3333333333333333,0.3157894736842105,NULL,Inorganic News,InorganicNews,tw_name_self_score,0.3333333333333333,Inorganic News,411132501
111,10.1000/anon125,Sparrelid,Ernesto,Ernesto,4,4,"['667583397427060737', '667616651576107008', '670739024370384896', '709791440805699584']","['2727044768', '2707749445', '277142638', '3190078747']","['Society of University Surgeons (SUS)', 'Surgical Research', 'Bård Røsok', 'SURGERY Journal']","['UnivSurg', 'SurgeryScience', 'RoesokMD', 'SurgJournal']",0,"['0', '0', ['Bård I. Røsok'], '0']",0.4,0.4444444444444444,0.5333333333333333,Bård I. Røsok,Bård Røsok,RoesokMD,tw_handle_self_score,0.5333333333333333,RoesokMD,277142638
111,10.1000/anon874,Sparrelid,Ernesto,Ernesto,1,1,['694885086081085440'],['2581464331'],['HPB_surgery'],['HPB_surgery'],0,['0'],0.0,0.3,0.3,NULL,HPB_surgery,HPB_surgery,tw_name_self_score,0.3,HPB_surgery,2581464331
111,10.1000/anon435,Sparrelid,Ernesto,Ernesto,5,5,"['887501885594324993', '889930057329856514', '890628474955866112', '912713403541663745', '1316014705975066633']","['2727044768', '887766412558815233', '887766412558815233', '3190078747', '551243636']","['Society of University Surgeons (SUS)', 'Roux Library', 'Roux Library', 'SURGERY Journal', 'Marc Besselink']","['UnivSurg', 'UpperGIResearch', 'UpperGIResearch', 'SurgJournal', 'MarcBesselink']",0,"['0', '0', '0', '0', ['Marc G Besselink', 'Marc G. Besselink']]",0.42424242424242425,0.45161290322580644,0.4827586206896552,Marc G Besselink,Marc Besselink,MarcBesselink,tw_handle_self_score,0.4827586206896552,MarcBesselink,551243636
111,10.1000/anon261,Sparrelid,Ernesto,Ernesto,2,2,"['782534702276108293', '1154578514936508417']","['2707749445', '920396471232548864']","['Surgical Research', 'Ernesto Sparrelid']","['SurgeryScience', 'sparrelid']",0,"['0', ['Ernesto Sparrelid']]",1.0,1.0,1.0,Ernesto Sparrelid,Ernesto Sparrelid,sparrelid,author_name_self_score,1.0,Ernesto Sparrelid,920396471232548864
111,10.1000/anon22,Sparrelid,Ernesto,Ernesto,2,2,"['911987338477260802', '911987338477260802']","['338216676', '338216676']","['Gabriela Arroyo', 'Gabriela Arroyo']","['gabriarro1987', 'gabriarro1987']",0,"[['Gabriela A. Arroyo Murillo'], ['Gabriela A. Arroyo Murillo']]",0.27906976744186046,0.3125,0.27586206896551724,Gabriela A. Arroyo Murillo,Gabriela Arroyo,gabriarro1987,tw_name_self_score,0.3125,Gabriela Arroyo,338216676
211,10.1000/anon563,Suo,Guangli,Guangli,1,1,['1043119924963504128'],['893505335708835840'],['vasc_phys_papers'],['vascphyspapers'],0,['0'],0.0,0.15384615384615385,0.16666666666666666,NULL,vasc_phys_papers,vascphyspapers,tw_handle_self_score,0.16666666666666666,vascphyspapers,893505335708835840
