author_id,first_name,last_name,gender,discipline,doi,pubyear
56795842500.0,Wei,Li,male,Agricultural Sciences,10.1111/j.1758-2229.2012.00373.x,2012.0
57126041400.0,San San,Aye,male,Medical and Health Sciences,10.1111/j.1399-5618.2011.00969.x,2012.0
57126041400.0,San San,Aye,male,Medical and Health Sciences,10.1097/DBP.0b013e31828c5fa6,2013.0
56795842500.0,Wei,Li,male,Agricultural Sciences,10.1111/1758-2229.12107,2014.0
57126041400.0,San San,Aye,male,Medical and Health Sciences,10.1093/heapol/czv090,2016.0
56103849100.0,Qian,Miao,male,Agricultural Sciences,10.2298/TSCI1305517M,2013.0
56103849100.0,Qian,Miao,male,Agricultural Sciences,10.2298/TSCI1405493M,2014.0
56103849100.0,Qian,Miao,male,Agricultural Sciences,,2014.0
56103849100.0,Qian,Miao,male,Agricultural Sciences,,2014.0
12760219200.0,Pamela A.,Juma,female,Medical and Health Sciences,10.1093/heapol/czv071,2015.0
12760219200.0,Pamela A.,Juma,female,Medical and Health Sciences,10.1093/heapol/czv094,2015.0
12760219200.0,Pamela A.,Juma,female,Medical and Health Sciences,10.1093/heapol/czv033,2015.0
12760219200.0,Pamela A.,Juma,female,Medical and Health Sciences,10.4314/ahs.v15i1.22,2015.0
56103849100.0,Qian,Miao,male,Agricultural Sciences,10.16135/j.issn1002-0861.20150714,2015.0
12760219200.0,Pamela A.,Juma,female,Medical and Health Sciences,10.1186/s12913-015-0997-7,2015.0
12760219200.0,Pamela A.,Juma,female,Medical and Health Sciences,10.1186/s13690-016-0137-9,2016.0
56103849100.0,Qian,Miao,male,Agricultural Sciences,10.2298/TSCI1603855Z,2016.0
12760219200.0,Pamela A.,Juma,female,Medical and Health Sciences,10.1186/s12913-018-3152-4,2018.0
12760219200.0,Pamela A.,Juma,female,Medical and Health Sciences,10.1186/s12889-018-5826-6,2018.0
12760219200.0,Pamela,Juma,female,Medical and Health Sciences,10.1186/s12889-018-5827-5,2018.0
12760219200.0,Pamela A.,Juma,female,Medical and Health Sciences,10.1097/QAD.0000000000001885,2018.0
12760219200.0,Pamela,Juma,female,Medical and Health Sciences,10.1186/s12889-018-5832-8,2018.0
12760219200.0,Pamela A.,Juma,female,Medical and Health Sciences,10.1080/13691058.2017.1340669,2018.0
12760219200.0,Pamela A.,Juma,female,Medical and Health Sciences,10.1186/s12889-018-5825-7,2018.0
12760219200.0,Pamela A.,Juma,female,Medical and Health Sciences,10.1186/s12889-018-5828-4,2018.0
12760219200.0,Pamela,Juma,female,Medical and Health Sciences,10.1186/s12889-018-5830-x,2018.0
12760219200.0,Pamela,Juma,female,Medical and Health Sciences,10.1186/s12889-018-6059-4,2018.0
12760219200.0,Pamela,Juma,female,Medical and Health Sciences,10.1186/s12889-018-6052-y,2018.0
12760219200.0,Pamela,Juma,female,Medical and Health Sciences,10.1186/s12889-018-6057-6,2018.0
12760219200.0,Pamela A.,Juma,female,Medical and Health Sciences,10.7189/jogh.09.010201,2019.0
56103849100.0,Qian,Miao,male,Agricultural Sciences,10.2478/cttr-2019-0003,2019.0
56089564600.0,Hyo Jun,Kim,female,Medical and Health Sciences,10.1016/j.ijsu.2013.04.010,2013.0
57191994671.0,Mary E.,Lohman,female,Medical and Health Sciences,10.1093/jamia/ocv058,2016.0
57191994671.0,Mary E.,Lohman,female,Medical and Health Sciences,10.1007/s40257-016-0209-1,2016.0
57191994671.0,Mary E.,Lohman,female,Medical and Health Sciences,10.21037/tcr.2016.10.90,2016.0
57191994671.0,Mary E.,Lohman,female,Medical and Health Sciences,10.1186/s12911-016-0363-7,2016.0
57191994671.0,Mary E.,Lohman,female,Medical and Health Sciences,10.1111/pde.13244,2017.0
57191994671.0,Mary E.,Lohman,female,Medical and Health Sciences,10.1111/pde.13282,2017.0
57191994671.0,Mary E.,Lohman,female,Medical and Health Sciences,10.1001/jamadermatol.2017.3046,2017.0
57191994671.0,Mary E.,Lohman,female,Medical and Health Sciences,10.1001/jamafacial.2017.0082,2017.0
57189580622.0,Hye-Young,Son,female,Natural Sciences,10.1016/j.biomaterials.2016.05.054,2016.0
57189580622.0,Hye-Young,Son,female,Natural Sciences,10.1016/j.biomaterials.2016.07.036,2016.0
57189580622.0,Hye-Young,Son,female,Natural Sciences,10.1016/j.biomaterials.2016.07.036,2016.0
57189580622.0,Hye Young,Son,female,Natural Sciences,10.1038/srep36040,2016.0
57189580622.0,Hye-Young,Son,female,Natural Sciences,10.1166/jnn.2016.13797,2016.0
57189580622.0,Hye-Young,Son,female,Natural Sciences,10.1166/jnn.2016.13797,2016.0
57190572643.0,Pietro,Capaldo,male,Natural Sciences,10.3762/bjnano.7.20,2016.0
57190572643.0,Pietro,Capaldo,male,Natural Sciences,10.3762/bjnano.7.20,2016.0
57190572643.0,Pietro,Capaldo,male,Natural Sciences,10.3390/chemosensors4030018,2016.0
57190572643.0,Pietro,Capaldo,male,Natural Sciences,10.3390/chemosensors4030018,2016.0
57190572643.0,Pietro,Capaldo,male,Natural Sciences,10.3390/chemosensors4030018,2016.0
57190572643.0,Pietro,Capaldo,male,Natural Sciences,10.1021/acssensors.6b00262,2016.0
57190572643.0,Pietro,Capaldo,male,Natural Sciences,10.1021/acssensors.6b00262,2016.0
57189580622.0,Hye Young,Son,female,Natural Sciences,10.1039/c6tb02306a,2017.0
57189580622.0,Hye Young,Son,female,Natural Sciences,10.1007/s12274-016-1403-4,2017.0
57189580622.0,Hye Young,Son,female,Natural Sciences,10.1007/s12274-016-1403-4,2017.0
57189580622.0,Hye Young,Son,female,Natural Sciences,10.1109/TTHZ.2017.2673549,2017.0
57189580622.0,Hye Young,Son,female,Natural Sciences,10.1039/c7tb00356k,2017.0
57189580622.0,Hye Young,Son,female,Natural Sciences,10.1039/c7tb01675a,2017.0
57189580622.0,Hye Young,Son,female,Natural Sciences,10.1016/j.jiec.2016.12.020,2017.0
57189580622.0,Hye-Young,Son,female,Natural Sciences,10.1002/adfm.201701832,2017.0
57189580622.0,Hye-Young,Son,female,Natural Sciences,10.1002/adfm.201701832,2017.0
57190572643.0,Pietro,Capaldo,male,Natural Sciences,10.1038/s41598-017-18147-7,2017.0
57190572643.0,Pietro,Capaldo,male,Natural Sciences,10.1038/s41598-017-18147-7,2017.0
57189580622.0,Hye Young,Son,female,Natural Sciences,10.1116/1.5013633,2018.0
57189580622.0,Hyeyoung,Son,female,Natural Sciences,10.1364/BOE.9.001582,2018.0
57189580622.0,Hyeyoung,Son,female,Natural Sciences,10.1364/BOE.9.001582,2018.0
57189580622.0,Hye-Young,Son,female,Natural Sciences,10.1002/adhm.201701019,2018.0
57189580622.0,Hye-Young,Son,female,Natural Sciences,10.1002/adhm.201701019,2018.0
57189580622.0,Hye-Young,Son,female,Natural Sciences,10.1002/adhm.201701019,2018.0
57189580622.0,Hye Young,Son,female,Natural Sciences,10.1016/j.bios.2018.04.033,2018.0
57190572643.0,Pietro,Capaldo,male,Natural Sciences,10.3390/photonics5040046,2018.0
57190572643.0,Pietro,Capaldo,male,Natural Sciences,10.3390/s18051621,2018.0
57190572643.0,Pietro,Capaldo,male,Natural Sciences,10.1038/s41598-018-28447-1,2018.0
57190572643.0,Pietro,Capaldo,male,Natural Sciences,10.1038/s41598-018-28447-1,2018.0
57189580622.0,Hye-young,Son,female,Natural Sciences,10.1039/C9CC00351G,2019.0
57189580622.0,Hye-young,Son,female,Natural Sciences,10.1039/C9CC00351G,2019.0
57189580622.0,Hye-Young,Son,female,Natural Sciences,10.3390/nano9030410,2019.0
57189580622.0,Hye-Young,Son,female,Natural Sciences,10.3390/nano9030410,2019.0
57189580622.0,Hye Young,Son,female,Natural Sciences,10.1021/acsami.9b03005,2019.0
57189580622.0,Hye Young,Son,female,Natural Sciences,10.1021/acsabm.9b00186,2019.0
57189580622.0,Hye Young,Son,female,Natural Sciences,10.1021/acsabm.9b00186,2019.0
57190572643.0,Pietro,Capaldo,male,Natural Sciences,10.1364/OME.9.001015,2019.0
57190572643.0,Pietro,Capaldo,male,Natural Sciences,10.1364/OME.9.001015,2019.0
57190572643.0,,Capaldo,male,Natural Sciences,10.1364/OE.27.015750,2019.0
57190572643.0,,Capaldo,male,Natural Sciences,10.1364/OE.27.015750,2019.0
57190572643.0,Pietro,Capaldo,male,Natural Sciences,10.3390/app9112387,2019.0
57190572643.0,Pietro,Capaldo,male,Natural Sciences,10.1016/j.bpc.2019.106262,2019.0
57190572643.0,Pietro,Capaldo,male,Natural Sciences,10.1016/j.bpc.2019.106262,2019.0
57190572643.0,,Capaldo,male,Natural Sciences,10.1016/j.jmmm.2020.166816,2020.0
6507168592.0,George,Platanitis,male,Engineering and Technology,10.1115/1.4005591,2012.0
56177050200.0,,Shiga,male,Medical and Health Sciences,10.1186/s13054-014-0500-6,2014.0
56177050200.0,,Shiga,male,Medical and Health Sciences,10.1016/j.resuscitation.2014.02.012,2014.0
56177050200.0,Kazuhiro,Shiga,male,Medical and Health Sciences,10.1016/j.resuscitation.2015.07.049,2015.0
56177050200.0,Kazuhiro,Shiga,male,Medical and Health Sciences,10.1016/j.resuscitation.2015.07.013,2015.0
56177050200.0,Kazuhiro,Shiga,male,Medical and Health Sciences,10.1097/SHK.0000000000000727,2016.0
56177050200.0,Kazuhiro,Shiga,male,Medical and Health Sciences,10.1186/s13054-017-1712-3,2017.0
56177050200.0,Kazuhiro,Shiga,male,Medical and Health Sciences,10.1186/s13054-017-1764-4,2017.0
55872623000.0,Yuan,Su,male,Natural Sciences,10.1007/978-94-007-6331-9-9,2013.0
55872623000.0,Yuan,Su,male,Natural Sciences,10.1007/978-94-007-6331-9-9,2013.0
55267541500.0,Jianfeng,Shi,male,Natural Sciences,10.3390/en9080615,2016.0
55872623000.0,Yuan,Su,male,Natural Sciences,10.1111/tpj.13165,2016.0
55267541500.0,Jianfeng,Shi,male,Natural Sciences,10.15244/pjoes/68881,2017.0
55872623000.0,Yuan,Su,male,Natural Sciences,10.1111/tpj.13858,2018.0
55872623000.0,Yuan,Su,male,Natural Sciences,10.1111/tpj.13858,2018.0
55957650900.0,Qingquan,Li,male,Medical and Health Sciences,10.3892/ijo.2014.2331,2014.0
57206024032.0,Nasrin,Karimi,female,Engineering and Technology,10.1016/j.autcon.2016.08.003,2016.0
55957650900.0,Qingquan,Li,male,Medical and Health Sciences,,2019.0
57206024032.0,,Karimi,female,Engineering and Technology,10.1016/j.msec.2018.12.136,2019.0
57206024032.0,Nasrin,Karimi,female,Engineering and Technology,10.1016/j.conbuildmat.2019.117051,2020.0
57198269058.0,Hillary,Boswell,female,Medical and Health Sciences,10.1542/pir.36-8-323,2015.0
56121117100.0,Shuai,Yang,male,Engineering and Technology,10.3989/mc.2015.02214,2015.0
55772698900.0,Ying,Jin,female,Medical and Health Sciences,10.3760/cma.j.issn.1006-9801.2013.08.010,2013.0
55772698900.0,Ying,Jin,female,Medical and Health Sciences,10.3760/cma.j.issn.1006-9801.2013.05.017,2013.0
55871465800.0,,Boua,male,Natural Sciences,10.1142/S1793557113500502,2013.0
55871465800.0,Abdelkarim,Boua,male,Natural Sciences,10.1142/S1793557113500435,2013.0
55871465800.0,Abdelkarim,Boua,male,Natural Sciences,10.12732/ijpam.v95i4.13,2014.0
55871465800.0,Abdelkarim,Boua,male,Natural Sciences,,2014.0
55772698900.0,Ying,Jin,female,Medical and Health Sciences,10.3760/cma.j.issn.1006-9801.2015.12.004,2015.0
55871465800.0,Abdelkarim,Boua,male,Natural Sciences,10.1155/2015/867923,2015.0
55871465800.0,,Boua,male,Natural Sciences,10.1080/00927872.2013.879161,2015.0
55871465800.0,Abdelkarim,Boua,male,Natural Sciences,10.17654/JPANTAAug2015_053_067,2015.0
55871465800.0,Abdelkarim,Boua,male,Natural Sciences,10.17654/JPANTAOct2015_167_184,2015.0
55871465800.0,,Boua,male,Natural Sciences,10.1216/RMJ-2016-46-4-1379,2016.0
55871465800.0,Abdelkarim,Boua,male,Natural Sciences,10.4134/CKMS.c150155,2016.0
55871465800.0,Abdelkarim,Boua,male,Natural Sciences,10.1007/s13226-016-0213-4,2016.0
55871465800.0,,Boua,male,Natural Sciences,10.1142/S1793557116500364,2016.0
55871465800.0,Abdelkarim,Boua,male,Natural Sciences,,2017.0
55772698900.0,Ying,Jin,female,Medical and Health Sciences,10.3760/cma.j.issn.1006-9801.2017.02.006,2017.0
55772698900.0,Ying,Jin,female,Medical and Health Sciences,10.3760/cma.j.issn.1006-9801.2017.02.006,2017.0
55871465800.0,,Boua,male,Natural Sciences,10.17654/NT039010105,2017.0
55871465800.0,,Boua,male,Natural Sciences,10.17654/NT039010105,2017.0
55871465800.0,,Boua,male,Natural Sciences,,2018.0
55871465800.0,Abdelkarim,Boua,male,Natural Sciences,10.5269/bspm.v36i4.32032,2018.0
55871465800.0,Abdelkarim,Boua,male,Natural Sciences,10.4134/CKMS.c170015,2018.0
55871465800.0,Abdelkarim,Boua,male,Natural Sciences,10.12732/ijam.v31i2.9,2018.0
55871465800.0,Abdelkarim,Boua,male,Natural Sciences,10.1515/ms-2017-0104,2018.0
55871465800.0,,Boua,male,Natural Sciences,10.1007/s41980-018-0106-x,2018.0
55871465800.0,,Boua,male,Natural Sciences,,2019.0
55871465800.0,,Boua,male,Natural Sciences,10.5269/bspm.v37i3.34542,2019.0
55871465800.0,Abdelkarim,Boua,male,Natural Sciences,10.5269/bspm.v37i4.31996,2019.0
55871465800.0,Abdelkarim,Boua,male,Natural Sciences,10.1515/gmj-2019-2056,2019.0
55871465800.0,Abdelkarim,Boua,male,Natural Sciences,10.2478/cm-2019-0006,2019.0
55871465800.0,Abdelkarim,Boua,male,Natural Sciences,10.4134/CKMS.c170445,2019.0
27068001800.0,Giordano,Orzetti,male,Natural Sciences,10.1016/j.matcom.2013.04.023,2014.0
57190286334.0,Shipra,Sagar,female,Natural Sciences,10.1080/00958972.2016.1203422,2016.0
57190286334.0,Shipra,Sagar,female,Natural Sciences,,2017.0
57190286334.0,Shipra,Sagar,female,Natural Sciences,10.1039/c6dt03754b,2017.0
55855241200.0,Daniel,Darvill,male,Natural Sciences,10.1039/c3cp50415h,2013.0
55692755200.0,Heman,Shakeri,male,Natural Sciences,10.3934/mbe.2015.12.609,2015.0
55855241200.0,Daniel,Darvill,male,Natural Sciences,10.1039/c4tc02751e,2015.0
55855241200.0,Daniel,Darvill,male,Natural Sciences,10.1016/j.solmat.2015.02.021,2015.0
55692755200.0,Heman,Shakeri,male,Natural Sciences,10.1016/j.cam.2016.01.027,2016.0
55692755200.0,Heman,Shakeri,male,Natural Sciences,10.1103/PhysRevE.93.030301,2016.0
55692755200.0,Heman,Shakeri,male,Natural Sciences,10.1103/PhysRevE.95.012316,2017.0
55692755200.0,Heman,Shakeri,male,Natural Sciences,10.1016/j.jocs.2017.08.014,2017.0
55855241200.0,Daniel,Darvill,male,Natural Sciences,10.1039/c8cp01493k,2018.0
55692755200.0,Heman,Shakeri,male,Natural Sciences,10.1128/AEM.02724-17,2018.0
55692755200.0,Heman,Shakeri,male,Natural Sciences,10.1128/AEM.02724-17,2018.0
55692755200.0,Heman,Shakeri,male,Natural Sciences,10.1016/j.physa.2018.07.039,2018.0
55692755200.0,Heman,Shakeri,male,Natural Sciences,10.1016/j.ijpe.2018.10.001,2018.0
55855241200.0,Daniel,Darvill,male,Natural Sciences,10.1021/acsomega.9b00965,2019.0
55692755200.0,Heman,Shakeri,male,Natural Sciences,10.1016/j.osn.2018.07.002,2019.0
55566882300.0,Si-Rong,Liu,female,Medical and Health Sciences,10.3760/cma.j.issn.1009-2587.2012.06.016,2012.0
55566882300.0,Si-Rong,Liu,female,Medical and Health Sciences,10.3760/cma.j.issn.1009-2587.2013.06.009,2013.0
55566882300.0,Sirong,Liu,female,Medical and Health Sciences,10.3760/cma.j.issn.1009-2587.2014.01.012,2014.0
57190755667.0,,Qamar,male,Medical and Health Sciences,10.1002/bjs.10203,2016.0
57190755667.0,Mubasher A.,Qamar,male,Medical and Health Sciences,10.1016/j.parkreldis.2016.11.020,2016.0
57190755667.0,Mubasher A.,Qamar,male,Medical and Health Sciences,10.7861/clinmedicine.16-4-365,2016.0
57190755667.0,,Qamar,male,Medical and Health Sciences,10.1038/s41531-016-0006-9,2017.0
57190755667.0,,Qamar,male,Medical and Health Sciences,10.1016/j.bja.2018.07.029,2019.0
35172727600.0,Michael,Geiselmann,male,Natural Sciences,10.1038/nnano.2012.259,2013.0
35172727600.0,Michael,Geiselmann,male,Natural Sciences,10.1038/nphys2770,2013.0
35172727600.0,Michael,Geiselmann,male,Natural Sciences,10.1021/nl4047587,2014.0
35172727600.0,Michael,Geiselmann,male,Natural Sciences,10.1038/ncomms8883,2015.0
35172727600.0,Michael,Geiselmann,male,Natural Sciences,10.1038/ncomms8883,2015.0
56959902900.0,Juan Manuel,Soto-Rueda,male,Natural Sciences,10.1007/s00542-015-2455-1,2016.0
35172727600.0,Michael,Geiselmann,male,Natural Sciences,10.1364/OL.41.003134,2016.0
35172727600.0,Michael,Geiselmann,male,Natural Sciences,10.1364/OPTICA.3.000020,2016.0
35172727600.0,Michael,Geiselmann,male,Natural Sciences,10.1364/OE.24.029312,2016.0
35172727600.0,,Geiselmann,male,Natural Sciences,10.1126/science.aad4811,2016.0
35172727600.0,Michael,Geiselmann,male,Natural Sciences,10.1103/PhysRevLett.116.103902,2016.0
56959902900.0,Juan,Soto,male,Natural Sciences,10.1038/s41598-017-00294-6,2017.0
56959902900.0,Juan M.,Soto,male,Natural Sciences,10.1364/BOE.8.005507,2017.0
56959902900.0,Juan M.,Soto,male,Natural Sciences,10.1364/OE.25.015699,2017.0
35172727600.0,Michael,Geiselmann,male,Natural Sciences,10.1103/PhysRevApplied.7.024026,2017.0
35172727600.0,Michael,Geiselmann,male,Natural Sciences,10.1038/lsa.2016.202,2017.0
35172727600.0,Michael,Geiselmann,male,Natural Sciences,10.1103/PhysRevX.7.041055,2017.0
56959902900.0,Juan M,Soto,male,Natural Sciences,10.1364/AO.57.00A205,2018.0
56959902900.0,,Soto,male,Natural Sciences,10.1016/j.snb.2018.03.152,2018.0
56959902900.0,Juan M.,Soto,male,Natural Sciences,10.1364/OL.43.004699,2018.0
35172727600.0,Michael,Geiselmann,male,Natural Sciences,10.1109/JSTQE.2018.2808258,2018.0
35172727600.0,Michael,Geiselmann,male,Natural Sciences,10.1109/JSTQE.2018.2808258,2018.0
35172727600.0,Michael,Geiselmann,male,Natural Sciences,10.1364/OL.43.003200,2018.0
35172727600.0,Michael,Geiselmann,male,Natural Sciences,10.1364/OL.43.003200,2018.0
35172727600.0,Michael,Geiselmann,male,Natural Sciences,10.1364/OL.44.005290,2019.0
35172727600.0,Michael,Geiselmann,male,Natural Sciences,10.1109/JSTQE.2019.2915949,2019.0
35172727600.0,Michael,Geiselmann,male,Natural Sciences,10.1016/j.optlastec.2018.10.059,2019.0
35172727600.0,Michael,Geiselmann,male,Natural Sciences,10.1109/JSTQE.2019.2902903,2019.0
56959902900.0,Juan M.,Soto,male,Natural Sciences,10.1002/jbio.201900030,2019.0
56959902900.0,Juan M.,Soto,male,Natural Sciences,10.1155/2019/2402606,2019.0
35172727600.0,Michael,Geiselmann,male,Natural Sciences,10.1364/OL.383036,2020.0
55701263600.0,Matthew L.,Dennis,male,Natural Sciences,10.1002/minf.201200167,2013.0
55701263600.0,Matthew L.,Dennis,male,Natural Sciences,10.1021/jm501417f,2014.0
55701263600.0,Matthew L.,Dennis,male,Natural Sciences,10.1021/jm501417f,2014.0
55701263600.0,,Dennis,male,Natural Sciences,10.1039/c4sc03892d,2015.0
57095245200.0,Xue-Zhi,Shi,male,Natural Sciences,10.11855/j.issn.0577-7402.2016.02.02,2016.0
57095245200.0,Xuezhi,Shi,male,Natural Sciences,10.1097/SHK.0000000000000660,2016.0
57095245200.0,Xuezhi,Shi,male,Natural Sciences,10.1097/SHK.0000000000000660,2016.0
57095245200.0,Xue-Zhi,Shi,male,Natural Sciences,10.11855/j.issn.0577-7402.2016.07.10,2016.0
55701263600.0,Matthew L.,Dennis,male,Natural Sciences,10.1002/chem.201503139,2016.0
55701263600.0,Matthew L.,Dennis,male,Natural Sciences,10.1021/acs.jmedchem.6b00002,2016.0
55701263600.0,Matthew L.,Dennis,male,Natural Sciences,10.1021/acs.jmedchem.6b00002,2016.0
55701263600.0,Matthew L.,Dennis,male,Natural Sciences,10.1039/c6cc02325h,2016.0
55701263600.0,Matthew L.,Dennis,male,Natural Sciences,10.1039/c6cc02325h,2016.0
55701263600.0,Matthew L.,Dennis,male,Natural Sciences,10.1039/c7cc07961c,2017.0
55701263600.0,Matthew L.,Dennis,male,Natural Sciences,10.1039/c7cc07961c,2017.0
55701263600.0,Matthew L.,Dennis,male,Natural Sciences,10.1021/acs.bioconjchem.7b00202,2017.0
57095245200.0,Xue-Zhi,Shi,male,Natural Sciences,10.11855/j.issn.0577-7402.2018.05.07,2018.0
55701263600.0,Matthew L.,Dennis,male,Natural Sciences,10.1002/chem.201704730,2018.0
55701263600.0,Matthew L.,Dennis,male,Natural Sciences,10.1002/chem.201704730,2018.0
55701263600.0,Matthew L.,Dennis,male,Natural Sciences,10.1107/S2059798319013883,2019.0
55701263600.0,Matthew L.,Dennis,male,Natural Sciences,10.1063/1.5122849,2019.0
55701263600.0,Matthew L.,Dennis,male,Natural Sciences,10.1038/s41586-019-1835-6,2020.0
55701263600.0,Matthew L.,Dennis,male,Natural Sciences,10.1038/s41586-019-1835-6,2020.0
57030702200.0,Yumi,Kim,female,Natural Sciences,10.1166/jnn.2013.7011,2013.0
56768497700.0,Wei,Li,male,Medical and Health Sciences,10.1002/acr.22590,2015.0
57030702200.0,Yumi,Kim,female,Natural Sciences,10.1166/jnn.2015.10413,2015.0
57030702200.0,Yumi,Kim,female,Natural Sciences,10.1166/jnn.2015.8374,2015.0
57030702200.0,Yumi,Kim,female,Natural Sciences,10.1166/jnn.2015.8379,2015.0
57030702200.0,Yumi,Kim,female,Natural Sciences,10.1166/jnn.2015.10457,2015.0
57030702200.0,Yumi,Kim,female,Natural Sciences,10.1166/jnn.2015.10458,2015.0
57030702200.0,Yumi,Kim,female,Natural Sciences,10.1166/jnn.2017.13315,2017.0
57030702200.0,Yumi,Kim,female,Natural Sciences,10.3390/min8050212,2018.0
57030702200.0,Yumi,Kim,female,Natural Sciences,10.3390/min8010008,2018.0
57030702200.0,Yumi,Kim,female,Natural Sciences,10.1166/jnn.2018.14869,2018.0
57030702200.0,Yumi,Kim,female,Natural Sciences,10.3390/min9050260,2019.0
57030702200.0,Yumi,Kim,female,Natural Sciences,10.3390/min9120722,2019.0
55887976900.0,Hany,Shehata,male,Medical and Health Sciences,10.1111/j.1365-4632.2012.05475.x,2012.0
15769692100.0,Wang,Jianxun,male,Engineering and Technology,10.1109/TED.2016.2595596,2016.0
15769692100.0,Wang,Jianxun,male,Engineering and Technology,10.1109/TED.2016.2596785,2016.0
55887976900.0,Hany,Shehata,male,Medical and Health Sciences,10.1097/01.EWX.0000503399.60863.9f,2017.0
55887976900.0,Hany Ahmed,Shehata,male,Medical and Health Sciences,,2018.0
55887976900.0,Hany,Shehata,male,Medical and Health Sciences,,2019.0
55887976900.0,Hany Ahmed,Shehata,male,Medical and Health Sciences,,2019.0
55887976900.0,Hany,Shehata,male,Medical and Health Sciences,,2019.0
15769692100.0,Wang,Jianxun,male,Engineering and Technology,10.1016/j.surfcoat.2018.11.098,2019.0
55887976900.0,Hany,Shehata,male,Medical and Health Sciences,10.15171/jlms.2020.06,2020.0
56401429000.0,Kaoru,Takeuchi,female,Natural Sciences,10.1016/j.jaap.2014.09.018,2015.0
57190258633.0,John,Long,male,Natural Sciences,10.1371/journal.pone.0158856,2016.0
57190258633.0,John J.,Long,male,Natural Sciences,10.1371/journal.ppat.1006442,2017.0
56401429000.0,Kaoru,Takeuchi,female,Natural Sciences,10.1016/j.jaap.2016.12.004,2017.0
57190258633.0,John J.,Long,male,Natural Sciences,10.1371/journal.pone.0202941,2018.0
57190258633.0,John J.,Long,male,Natural Sciences,10.1186/s13104-019-4802-2,2019.0
57190258633.0,John J.,Long,male,Natural Sciences,10.1186/s13104-019-4802-2,2019.0
56537429400.0,Feihu,Huang,male,Natural Sciences,10.1109/TNNLS.2014.2384201,2015.0
56455028700.0,Zebin,Zhang,female,Natural Sciences,10.1111/asj.12347,2015.0
56455028700.0,Zebin,Zhang,female,Natural Sciences,10.1186/s40104-015-0003-6,2015.0
56455028700.0,Zebin,Zhang,female,Natural Sciences,10.1371/journal.pone.0149010,2016.0
56455028700.0,Zebin,Zhang,female,Natural Sciences,10.1186/s12863-016-0422-1,2016.0
56537429400.0,Feihu,Huang,male,Natural Sciences,10.1109/TKDE.2017.2777462,2018.0
56537429400.0,Feihu,Huang,male,Natural Sciences,10.1109/TNNLS.2017.2710090,2018.0
56455028700.0,Zebin,Zhang,female,Natural Sciences,10.3382/ps/pex354,2018.0
56455028700.0,Zebin,Zhang,female,Natural Sciences,10.1093/gigascience/giy027,2018.0
56455028700.0,Zebin,Zhang,female,Natural Sciences,10.1186/s12864-019-6342-5,2019.0
56455028700.0,Zebin,Zhang,female,Natural Sciences,10.1038/s41598-019-42019-x,2019.0
56455028700.0,Zebin,Zhang,female,Natural Sciences,10.1093/molbev/msz211,2020.0
35090196200.0,Elmer E.H.,Lastdrager,male,Social Sciences,10.1186/s40163-014-0009-y,2014.0
56557111000.0,Somaye,Fallahnezhad,female,Natural Sciences,10.1117/1.JBO.21.9.098002,2016.0
56557111000.0,Somaye,Fallahnezhad,female,Natural Sciences,10.1007/s10103-016-1916-9,2016.0
56557111000.0,Somaye,Fallahnezhad,female,Natural Sciences,10.1002/jcb.26265,2018.0
56557111000.0,Somaye,Fallahnezhad,female,Natural Sciences,10.1016/j.jphotobiol.2018.06.018,2018.0
56557111000.0,Somaye,Fallahnezhad,female,Natural Sciences,10.1016/j.jphotobiol.2018.03.015,2018.0
56557111000.0,Somaye,Fallahnezhad,female,Natural Sciences,10.1016/j.jphotobiol.2019.111658,2019.0
56557111000.0,Somaye,Fallahnezhad,female,Natural Sciences,10.1007/s10103-019-02848-8,2020.0
56461607000.0,Yufeng,Wu,male,Natural Sciences,10.1007/s12032-014-0358-0,2015.0
56461607000.0,Yufeng,Wu,male,Natural Sciences,10.1038/srep07856,2015.0
56461607000.0,Yufeng,Wu,male,Natural Sciences,10.1016/j.bbrc.2015.01.035,2015.0
56461607000.0,Yufeng,Wu,male,Natural Sciences,10.18632/oncotarget.6243,2015.0
57191521358.0,Guilherme,Bond,male,Agricultural Sciences,10.1016/j.applanim.2016.05.015,2016.0
56461607000.0,Yufeng,Wu,male,Natural Sciences,,2016.0
56461607000.0,Yufeng,Wu,male,Natural Sciences,10.1016/j.bbrc.2016.03.128,2016.0
56461607000.0,Yufeng,Wu,male,Natural Sciences,,2016.0
56461607000.0,Yufeng,Wu,male,Natural Sciences,,2016.0
56461607000.0,Yufeng,Wu,male,Natural Sciences,10.3892/or.2016.4901,2016.0
56461607000.0,Yufeng,Wu,male,Natural Sciences,10.18632/oncotarget.13291,2016.0
56461607000.0,Yufeng,Wu,male,Natural Sciences,10.18632/oncotarget.12850,2016.0
56461607000.0,Yufeng,Wu,male,Natural Sciences,10.1158/0008-5472.CAN-16-2143,2017.0
56461607000.0,Yufeng,Wu,male,Natural Sciences,10.2147/OTT.S113932,2017.0
56461607000.0,Yufeng,Wu,male,Natural Sciences,10.2147/OTT.S132543,2017.0
56461607000.0,Yufeng,Wu,male,Natural Sciences,,2017.0
56461607000.0,Yufeng,Wu,male,Natural Sciences,10.2147/OTT.S155033,2018.0
56461607000.0,Yufeng,Wu,male,Natural Sciences,10.2147/OTT.S160565,2018.0
56461607000.0,Yufeng,Wu,male,Natural Sciences,10.1166/jbn.2018.2460,2018.0
56461607000.0,Yufeng,Wu,male,Natural Sciences,10.3760/cma.j.issn.0376-2491.2018.37.008,2018.0
56461607000.0,Yufeng,Wu,male,Natural Sciences,10.3389/fonc.2019.01117,2019.0
56461607000.0,Yufeng,Wu,male,Natural Sciences,10.1038/s41388-018-0648-7,2019.0
56461607000.0,Yufeng,Wu,male,Natural Sciences,10.2174/1568009619666190103122735,2019.0
56461607000.0,Yufeng,Wu,male,Natural Sciences,10.21037/tlcr.2019.09.21,2019.0
56461607000.0,Yufeng,Wu,male,Natural Sciences,10.21037/tlcr.2019.09.21,2019.0
56566688300.0,,Apeltauer,male,Natural Sciences,10.2495/SC140762,2014.0
56566688300.0,Jiří,Apeltauer,male,Natural Sciences,10.1515/ttj-2015-0009,2015.0
56566688300.0,Jiří,Apeltauer,male,Natural Sciences,10.14311/AP.2016.56.0432,2016.0
56566688300.0,Jiří,Apeltauer,male,Natural Sciences,10.1016/j.ijtst.2017.02.002,2016.0
57190133384.0,Yang,Liu,male,Natural Sciences,10.1364/OL.41.005306,2016.0
57190133384.0,Yang,Liu,male,Natural Sciences,10.1364/OE.24.014995,2016.0
57190133384.0,Yang,Liu,male,Natural Sciences,10.1109/JLT.2016.2613558,2017.0
57190133384.0,Yang,Liu,male,Natural Sciences,10.1364/OPTICA.4.000418,2017.0
57190133384.0,Yang,Liu,male,Natural Sciences,10.1364/OPTICA.4.000418,2017.0
57190133384.0,Yang,Liu,male,Natural Sciences,10.1364/OL.42.001313,2017.0
57190133384.0,Yang,Liu,male,Natural Sciences,10.1364/OL.42.001313,2017.0
57190133384.0,Yang,Liu,male,Natural Sciences,10.1364/OPTICA.4.000847,2017.0
57190133384.0,Yang,Liu,male,Natural Sciences,10.1364/OPTICA.4.000847,2017.0
57190133384.0,Yang,Liu,male,Natural Sciences,10.1038/s41598-017-06270-4,2017.0
57190133384.0,Yang,Liu,male,Natural Sciences,10.1038/s41598-017-06270-4,2017.0
57190133384.0,,Liu,male,Natural Sciences,10.1364/OL.42.004631,2017.0
57190133384.0,,Liu,male,Natural Sciences,10.1364/OL.42.004631,2017.0
56566688300.0,Jiří,Apeltauer,male,Natural Sciences,10.1080/00087041.2016.1168141,2017.0
57190133384.0,Yang,Liu,male,Natural Sciences,10.1109/JLT.2018.2842203,2018.0
57190133384.0,Yang,Liu,male,Natural Sciences,10.1109/JQE.2018.2823323,2018.0
57190133384.0,Yang,Liu,male,Natural Sciences,10.1109/JSTQE.2018.2832665,2018.0
57190133384.0,Yang,Liu,male,Natural Sciences,10.1109/LPT.2018.2859951,2018.0
57190133384.0,Yang,Liu,male,Natural Sciences,10.1109/LPT.2018.2859951,2018.0
57190133384.0,Yang,Liu,male,Natural Sciences,10.1109/JSTQE.2018.2793945,2018.0
56566688300.0,Jiří,Apeltauer,male,Natural Sciences,10.1016/j.physa.2017.09.008,2018.0
56566688300.0,Jiří,Apeltauer,male,Natural Sciences,10.1016/j.physa.2017.09.008,2018.0
56566688300.0,Jiří,Apeltauer,male,Natural Sciences,10.1016/j.jocs.2018.09.002,2019.0
57190133384.0,Yang,Liu,male,Natural Sciences,10.1364/OE.27.031727,2019.0
57190133384.0,Yang,Liu,male,Natural Sciences,10.1364/OE.27.031727,2019.0
57190133384.0,Yang,Liu,male,Natural Sciences,10.1364/JOSAB.36.000146,2019.0
57190133384.0,Yang,Liu,male,Natural Sciences,10.1364/JOSAB.36.000146,2019.0
57190133384.0,Yang,Liu,male,Natural Sciences,10.1109/JLT.2019.2931077,2019.0
57190133384.0,Yang,Liu,male,Natural Sciences,10.1063/1.5113569,2019.0
57190133384.0,Yang,Liu,male,Natural Sciences,10.1063/1.5113569,2019.0
57190133384.0,Yang,Liu,male,Natural Sciences,10.1364/OL.383876,2020.0
57190133384.0,Yang,Liu,male,Natural Sciences,10.1364/OL.383876,2020.0
37039238700.0,Shalon,Howard,female,Medical and Health Sciences,10.1136/amiajnl-2011-000349,2012.0
57214305928.0,Shweta,Singh,female,Natural Sciences,10.3745/JIPS.2013.9.1.089,2013.0
53871764900.0,,Morrison,male,Medical and Health Sciences,10.1016/j.resuscitation.2011.11.009,2012.0
53871764900.0,Chris,Morrison,male,Medical and Health Sciences,10.1016/j.resuscitation.2011.09.025,2012.0
53871764900.0,Chris,Morrison,male,Medical and Health Sciences,10.1111/j.1465-3362.2011.00382.x,2012.0
53871764900.0,Chris,Morrison,male,Medical and Health Sciences,10.1111/j.1465-3362.2011.00382.x,2012.0
53871764900.0,Chris,Morrison,male,Medical and Health Sciences,10.1016/j.drugalcdep.2013.10.022,2014.0
53871764900.0,Chris,Morrison,male,Medical and Health Sciences,10.1016/j.drugalcdep.2013.10.022,2014.0
53871764900.0,Chris,Morrison,male,Medical and Health Sciences,10.1016/j.drugpo.2013.12.009,2014.0
53871764900.0,Chris,Morrison,male,Medical and Health Sciences,10.1016/j.drugpo.2013.12.009,2014.0
53871764900.0,Chris,Morrison,male,Medical and Health Sciences,10.1016/j.injury.2014.02.028,2014.0
53871764900.0,Chris,Morrison,male,Medical and Health Sciences,10.1016/j.injury.2014.02.028,2014.0
53871764900.0,Christopher,Morrison,male,Medical and Health Sciences,10.1177/0047237915575281,2015.0
53871764900.0,Christopher,Morrison,male,Medical and Health Sciences,10.1177/0047237915575281,2015.0
53871764900.0,Christopher,Morrison,male,Medical and Health Sciences,10.15288/jsad.2015.76.439,2015.0
53871764900.0,Christopher,Morrison,male,Medical and Health Sciences,10.15288/jsad.2015.76.439,2015.0
53871764900.0,Christopher,Morrison,male,Medical and Health Sciences,10.1111/dar.12256,2015.0
53871764900.0,Christopher,Morrison,male,Medical and Health Sciences,10.1111/dar.12256,2015.0
53871764900.0,Christopher,Morrison,male,Medical and Health Sciences,10.1111/acer.12599,2015.0
53871764900.0,Christopher,Morrison,male,Medical and Health Sciences,10.1111/acer.12599,2015.0
53871764900.0,Christopher,Morrison,male,Medical and Health Sciences,10.1016/j.healthplace.2015.03.013,2015.0
53871764900.0,Christopher,Morrison,male,Medical and Health Sciences,10.1016/j.healthplace.2015.03.013,2015.0
53871764900.0,Christopher,Morrison,male,Medical and Health Sciences,10.3109/10826084.2015.1018540,2015.0
53871764900.0,Christopher,Morrison,male,Medical and Health Sciences,10.3109/10826084.2015.1018540,2015.0
53871764900.0,Christopher,Morrison,male,Medical and Health Sciences,10.1111/acer.12910,2015.0
53871764900.0,Christopher,Morrison,male,Medical and Health Sciences,10.1111/acer.12910,2015.0
53871764900.0,Christopher N.,Morrison,male,Medical and Health Sciences,10.1016/j.jadohealth.2015.04.013,2015.0
53871764900.0,Christopher N.,Morrison,male,Medical and Health Sciences,10.1016/j.jadohealth.2015.04.013,2015.0
56537992800.0,Lara,Fuentes,female,Medical and Health Sciences,10.1016/j.repc.2016.06.011,2016.0
53871764900.0,Christopher,Morrison,male,Medical and Health Sciences,10.15288/jsad.2016.77.68,2016.0
53871764900.0,Christopher,Morrison,male,Medical and Health Sciences,10.15288/jsad.2016.77.68,2016.0
53871764900.0,Christopher N.,Morrison,male,Medical and Health Sciences,10.1016/j.adolescence.2016.05.001,2016.0
53871764900.0,Christopher N.,Morrison,male,Medical and Health Sciences,10.1016/j.adolescence.2016.05.001,2016.0
53871764900.0,Christopher N.,Morrison,male,Medical and Health Sciences,10.1016/j.adolescence.2016.05.001,2016.0
53871764900.0,Christopher,Morrison,male,Medical and Health Sciences,10.1111/add.13098,2016.0
53871764900.0,Christopher,Morrison,male,Medical and Health Sciences,10.1111/add.13098,2016.0
53871764900.0,Christopher,Morrison,male,Medical and Health Sciences,10.1016/j.drugalcdep.2016.02.033,2016.0
53871764900.0,Christopher,Morrison,male,Medical and Health Sciences,10.3109/16066359.2016.1145674,2016.0
53871764900.0,Christopher,Morrison,male,Medical and Health Sciences,10.3109/16066359.2016.1145674,2016.0
53871764900.0,Christopher N.,Morrison,male,Medical and Health Sciences,10.1016/j.healthplace.2016.12.004,2017.0
53871764900.0,Christopher N.,Morrison,male,Medical and Health Sciences,10.1016/j.healthplace.2016.12.004,2017.0
53871764900.0,Christopher N.,Morrison,male,Medical and Health Sciences,10.1016/j.healthplace.2016.12.004,2017.0
53871764900.0,Christopher N.,Morrison,male,Medical and Health Sciences,10.1111/add.13637,2017.0
53871764900.0,Christopher N.,Morrison,male,Medical and Health Sciences,10.1111/add.13637,2017.0
53871764900.0,Christopher N.,Morrison,male,Medical and Health Sciences,10.1016/j.jadohealth.2017.06.018,2017.0
56537992800.0,Lara,Fuentes,female,Medical and Health Sciences,10.1016/j.recesp.2017.07.024,2018.0
56537992800.0,Lara,Fuentes,female,Medical and Health Sciences,10.1186/s12872-018-0942-x,2018.0
56537992800.0,Lara,Fuentes,female,Medical and Health Sciences,10.1007/s10554-018-1372-7,2018.0
56537992800.0,Lara,Fuentes,female,Medical and Health Sciences,10.1007/s10554-018-1372-7,2018.0
56537992800.0,Lara,Fuentes,female,Medical and Health Sciences,10.1007/s10554-018-1372-7,2018.0
53871764900.0,Christopher N.,Morrison,male,Medical and Health Sciences,10.1016/j.drugalcdep.2018.03.005,2018.0
53871764900.0,Christopher N.,Morrison,male,Medical and Health Sciences,10.1016/j.socscimed.2017.05.038,2018.0
53871764900.0,Christopher N.,Morrison,male,Medical and Health Sciences,10.1016/j.socscimed.2017.05.038,2018.0
53871764900.0,Christopher,Morrison,male,Medical and Health Sciences,10.1177/0033354918798811,2018.0
53871764900.0,Christopher,Morrison,male,Medical and Health Sciences,10.1080/09687637.2017.1327572,2018.0
53871764900.0,Christopher N.,Morrison,male,Medical and Health Sciences,10.1111/dar.12537,2018.0
53871764900.0,Christopher N.,Morrison,male,Medical and Health Sciences,10.1111/dar.12537,2018.0
53871764900.0,Christopher,Morrison,male,Medical and Health Sciences,10.1016/j.ssci.2017.12.002,2018.0
53871764900.0,Christopher,Morrison,male,Medical and Health Sciences,10.1016/j.ssci.2017.12.002,2018.0
53871764900.0,Christopher N.,Morrison,male,Medical and Health Sciences,10.1001/jamainternmed.2018.0190,2018.0
53871764900.0,Christopher N,Morrison,male,Medical and Health Sciences,10.1093/aje/kwx233,2018.0
53871764900.0,Christopher N,Morrison,male,Medical and Health Sciences,10.1093/aje/kwx233,2018.0
53871764900.0,Christopher N,Morrison,male,Medical and Health Sciences,10.1093/aje/kwx233,2018.0
53871764900.0,Christopher N.,Morrison,male,Medical and Health Sciences,10.1097/EDE.0000000000000821,2018.0
53871764900.0,Christopher N.,Morrison,male,Medical and Health Sciences,10.1016/j.sste.2018.07.003,2018.0
53871764900.0,Christopher N.,Morrison,male,Medical and Health Sciences,10.1016/j.sste.2018.07.003,2018.0
53871764900.0,Christopher N.,Morrison,male,Medical and Health Sciences,10.1136/tsaco-2019-000316,2019.0
53871764900.0,Christopher N.,Morrison,male,Medical and Health Sciences,10.1136/tsaco-2019-000316,2019.0
53871764900.0,Christopher N.,Morrison,male,Medical and Health Sciences,10.1016/j.drugalcdep.2019.107622,2019.0
53871764900.0,Christopher N.,Morrison,male,Medical and Health Sciences,10.1016/j.drugalcdep.2019.107622,2019.0
53871764900.0,Christopher N.,Morrison,male,Medical and Health Sciences,10.1097/EDE.0000000000000940,2019.0
53871764900.0,Christopher N.,Morrison,male,Medical and Health Sciences,10.1016/j.ypmed.2019.105856,2019.0
53871764900.0,Christopher N.,Morrison,male,Medical and Health Sciences,10.1016/j.ypmed.2019.105856,2019.0
53871764900.0,Christopher N.,Morrison,male,Medical and Health Sciences,10.1016/j.aap.2018.11.017,2019.0
53871764900.0,Christopher N.,Morrison,male,Medical and Health Sciences,10.1016/j.aap.2018.11.017,2019.0
53871764900.0,Christopher N.,Morrison,male,Medical and Health Sciences,10.1016/j.jadohealth.2018.09.026,2019.0
53871764900.0,Christopher N.,Morrison,male,Medical and Health Sciences,10.1016/j.amepre.2019.01.015,2019.0
53871764900.0,Christopher N.,Morrison,male,Medical and Health Sciences,10.1016/j.amepre.2019.01.015,2019.0
53871764900.0,Christopher N.,Morrison,male,Medical and Health Sciences,10.1016/j.jamcollsurg.2019.03.020,2019.0
53871764900.0,Christopher N.,Morrison,male,Medical and Health Sciences,10.1016/j.jamcollsurg.2019.03.020,2019.0
53871764900.0,Christopher N.,Morrison,male,Medical and Health Sciences,10.1007/s10940-019-09419-8,2020.0
53871764900.0,Christopher N,Morrison,male,Medical and Health Sciences,10.1016/S2542-5196(19)30263-3,2020.0
53871764900.0,Christopher N.,Morrison,male,Medical and Health Sciences,10.1136/injuryprev-2020-043644,2020.0
53871764900.0,Christopher N.,Morrison,male,Medical and Health Sciences,10.1136/injuryprev-2020-043644,2020.0
55258833600.0,Zhenbin,Wang,male,Natural Sciences,10.1016/j.ijhydene.2012.05.022,2012.0
55258833600.0,Zhenbin,Wang,male,Natural Sciences,10.1016/j.ijhydene.2013.04.051,2013.0
55258833600.0,Zhenbin,Wang,male,Natural Sciences,10.1016/j.jpowsour.2013.04.148,2013.0
55258833600.0,Zhenbin,Wang,male,Natural Sciences,10.1016/j.ijhydene.2013.08.097,2013.0
55258833600.0,Zhenbin,Wang,male,Natural Sciences,10.1016/j.ijhydene.2013.08.089,2013.0
55258833600.0,Zhenbin,Wang,male,Natural Sciences,10.1039/c3ta11554b,2013.0
55258833600.0,Zhenbin,Wang,male,Natural Sciences,10.1016/j.ijhydene.2013.01.121,2013.0
55258833600.0,Zhenbin,Wang,male,Natural Sciences,10.1016/j.jpowsour.2014.01.014,2014.0
55258833600.0,Zhenbin,Wang,male,Natural Sciences,10.1021/am505900g,2014.0
55258833600.0,Zhenbin,Wang,male,Natural Sciences,10.1039/c4ta01652a,2014.0
55258833600.0,Zhenbin,Wang,male,Natural Sciences,10.1039/c4ra07492k,2014.0
55258833600.0,Zhenbin,Wang,male,Natural Sciences,10.1039/c5ta00391a,2015.0
57192310489.0,Weichen,Wang,male,Natural Sciences,10.1002/aelm.201600359,2016.0
55258833600.0,Zhenbin,Wang,male,Natural Sciences,10.1021/acsami.5b10844,2016.0
55258833600.0,Zhenbin,Wang,male,Natural Sciences,10.1021/acs.chemmater.6b01496,2016.0
55258833600.0,Zhenbin,Wang,male,Natural Sciences,10.1016/j.jlumin.2016.07.006,2016.0
55258833600.0,Zhenbin,Wang,male,Natural Sciences,10.1021/acsami.6b00833,2016.0
55258833600.0,Zhenbin,Wang,male,Natural Sciences,10.1021/acs.chemmater.6b03555,2016.0
55258833600.0,Zhenbin,Wang,male,Natural Sciences,10.1149/2.0061602jes,2016.0
57192310489.0,Weichen,Wang,male,Natural Sciences,10.1103/PhysRevB.95.020101,2017.0
57192310489.0,Weichen,Wang,male,Natural Sciences,10.1063/1.4982242,2017.0
55258833600.0,Zhenbin,Wang,male,Natural Sciences,10.1002/adfm.201701229,2017.0
55258833600.0,Zhenbin,Wang,male,Natural Sciences,10.1016/j.apsusc.2017.01.186,2017.0
55258833600.0,Zhenbin,Wang,male,Natural Sciences,10.1016/j.ijhydene.2017.02.194,2017.0
55258833600.0,Zhenbin,Wang,male,Natural Sciences,10.1103/PhysRevApplied.7.064003,2017.0
55258833600.0,Zhenbin,Wang,male,Natural Sciences,10.1038/s41467-018-06322-x,2018.0
55258833600.0,Zhenbin,Wang,male,Natural Sciences,10.1016/j.joule.2018.01.015,2018.0
55258833600.0,Zhenbin,Wang,male,Natural Sciences,10.1021/acs.chemmater.7b04096,2018.0
55258833600.0,Zhenbin,Wang,male,Natural Sciences,10.1002/aenm.201702604,2018.0
57192310489.0,Weichen,Wang,male,Natural Sciences,10.1016/j.jallcom.2019.02.272,2019.0
55258833600.0,Zhenbin,Wang,male,Natural Sciences,10.1016/j.jeurceramsoc.2019.03.006,2019.0
55258833600.0,Zhenbin,Wang,male,Natural Sciences,10.1039/c8ta12531g,2019.0
55258833600.0,Zhenbin,Wang,male,Natural Sciences,10.1039/c8tc05777j,2019.0
55258833600.0,Zhenbin,Wang,male,Natural Sciences,10.1021/acs.chemmater.9b02269,2019.0
55258833600.0,Zhenbin,Wang,male,Natural Sciences,10.1021/acs.chemmater.9b02505,2019.0
55258833600.0,Zhenbin,Wang,male,Natural Sciences,10.1007/s40843-019-1218-1,2020.0
55258833600.0,Zhenbin,Wang,male,Natural Sciences,10.1016/j.apcatb.2020.118656,2020.0
55217548300.0,Marcus,Lind,male,Social Sciences,10.1111/j.2044-8260.2011.02018.x,2012.0
56865444400.0,Gang,Lv,male,Medical and Health Sciences,10.3969/j.issn.2095-4344.2016.24.003,2016.0
55628037400.0,Sadra,Karimzadeh,female,Natural Sciences,10.1016/j.jog.2013.02.003,2013.0
49865171100.0,Limin,Zhang,male,Natural Sciences,10.1002/cpe.2963,2013.0
49865171100.0,Limin,Zhang,male,Natural Sciences,10.1016/j.parco.2013.09.009,2013.0
49865171100.0,Limin,Zhang,male,Natural Sciences,10.1007/s10586-011-0171-x,2013.0
55628037400.0,Sadra,Karimzadeh,female,Natural Sciences,10.1016/j.soildyn.2014.06.026,2014.0
49865171100.0,Limin,Zhang,male,Natural Sciences,10.1016/j.wpi.2013.12.006,2014.0
49865171100.0,Limin,Zhang,male,Natural Sciences,10.1504/IJIDS.2014.061768,2014.0
49865171100.0,Limin,Zhang,male,Natural Sciences,10.1016/j.ijinfomgt.2014.05.001,2014.0
55628037400.0,Sadra,Karimzadeh,female,Natural Sciences,10.1007/s10950-015-9505-0,2015.0
49865171100.0,Limin,Zhang,male,Natural Sciences,10.1007/s00607-015-0448-7,2015.0
49865171100.0,Limin,Zhang,male,Natural Sciences,10.1016/j.future.2014.08.010,2015.0
55628037400.0,Sadra,Karimzadeh,female,Natural Sciences,10.1007/s40328-015-0118-4,2016.0
55628037400.0,Sadra,Karimzadeh,female,Natural Sciences,10.1016/j.ijdrr.2017.02.016,2017.0
55628037400.0,Sadra,Karimzadeh,female,Natural Sciences,10.1016/j.ijdrr.2017.02.016,2017.0
55628037400.0,Sadra,Karimzadeh,female,Natural Sciences,10.3390/rs9040330,2017.0
55628037400.0,Sadra,Karimzadeh,female,Natural Sciences,10.3390/rs9040330,2017.0
55628037400.0,Sadra,Karimzadeh,female,Natural Sciences,10.1109/JSTARS.2016.2586742,2017.0
55628037400.0,Sadra,Karimzadeh,female,Natural Sciences,10.1109/JSTARS.2016.2586742,2017.0
55628037400.0,Sadra,Karimzadeh,female,Natural Sciences,10.1038/s41598-018-23650-6,2018.0
55628037400.0,Sadra,Karimzadeh,female,Natural Sciences,10.1038/s41598-018-23650-6,2018.0
55628037400.0,Sadra,Karimzadeh,female,Natural Sciences,10.1007/s12517-018-3451-4,2018.0
55628037400.0,Sadra,Karimzadeh,female,Natural Sciences,10.1007/s12517-018-3451-4,2018.0
55628037400.0,Sadra,Karimzadeh,female,Natural Sciences,10.1109/JSTARS.2018.2825399,2018.0
55628037400.0,Sadra,Karimzadeh,female,Natural Sciences,10.1109/JSTARS.2018.2825399,2018.0
55628037400.0,Sadra,Karimzadeh,female,Natural Sciences,10.3390/rs10081255,2018.0
55628037400.0,Sadra,Karimzadeh,female,Natural Sciences,10.3390/rs10081255,2018.0
55628037400.0,Sadra,Karimzadeh,female,Natural Sciences,10.3390/geosciences8120487,2018.0
55628037400.0,Sadra,Karimzadeh,female,Natural Sciences,10.3390/geosciences8120487,2018.0
55628037400.0,Sadra,Karimzadeh,female,Natural Sciences,10.3390/ijgi8120537,2019.0
55628037400.0,Sadra,Karimzadeh,female,Natural Sciences,10.3390/ijgi8120537,2019.0
55628037400.0,Sadra,Karimzadeh,female,Natural Sciences,10.3390/ijgi8110517,2019.0
24370173800.0,George,Palumbo,male,Social Sciences,10.1111/j.1540-5850.2011.01009.x,2012.0
55786643300.0,Amrita,Jagpal,female,Natural Sciences,10.1016/j.str.2013.06.005,2013.0
55786643300.0,Amrita K.,Jagpal,female,Natural Sciences,10.1002/dvdy.24314,2016.0
55786643300.0,Amrita K.,Jagpal,female,Natural Sciences,10.1002/dvdy.24314,2016.0
55786643300.0,Amrita K.,Jagpal,female,Natural Sciences,10.1002/dvdy.24314,2016.0
57192240746.0,Zhen,Wang,male,Natural Sciences,10.1007/s11426-013-5024-4,2014.0
7103080969.0,,Castle,male,Natural Sciences,10.1140/epjc/s10052-016-4261-z,2016.0
7103080969.0,,Castle,male,Natural Sciences,10.1103/PhysRevD.94.072002,2016.0
7103080969.0,,Castle,male,Natural Sciences,10.1103/PhysRevD.93.092006,2016.0
7103080969.0,,Castle,male,Natural Sciences,10.1016/j.physletb.2016.07.006,2016.0
7103080969.0,,Castle,male,Natural Sciences,10.1103/PhysRevLett.117.031802,2016.0
7103080969.0,,Castle,male,Natural Sciences,10.1007/JHEP09(2016)051,2016.0
7103080969.0,,Castle,male,Natural Sciences,10.1016/j.physletb.2016.10.007,2016.0
7103080969.0,,Castle,male,Natural Sciences,10.1007/JHEP12(2016)123,2016.0
7103080969.0,,Castle,male,Natural Sciences,10.1007/JHEP12(2016)083,2016.0
7103080969.0,,Castle,male,Natural Sciences,10.1007/JHEP08(2016)029,2016.0
7103080969.0,,Castle,male,Natural Sciences,10.1103/PhysRevD.94.052012,2016.0
7103080969.0,,Castle,male,Natural Sciences,10.1140/epjc/s10052-016-4286-3,2016.0
7103080969.0,,Castle,male,Natural Sciences,10.1103/PhysRevLett.117.051802,2016.0
7103080969.0,,Castle,male,Natural Sciences,10.1007/JHEP10(2016)006,2016.0
7103080969.0,,Castle,male,Natural Sciences,10.1007/JHEP11(2016)055,2016.0
7103080969.0,,Castle,male,Natural Sciences,10.1140/epjc/s10052-016-4293-4,2016.0
7103080969.0,,Castle,male,Natural Sciences,10.1007/JHEP08(2016)122,2016.0
7103080969.0,,Castle,male,Natural Sciences,10.1007/JHEP12(2016)013,2016.0
7103080969.0,,Castle,male,Natural Sciences,10.1103/PhysRevD.94.112009,2016.0
7103080969.0,,Castle,male,Natural Sciences,10.1103/PhysRevD.94.112005,2016.0
7103080969.0,,Castle,male,Natural Sciences,10.1103/PhysRevD.94.112004,2016.0
7103080969.0,,Castle,male,Natural Sciences,10.1016/j.physletb.2016.05.002,2016.0
7103080969.0,,Castle,male,Natural Sciences,10.1016/j.physletb.2016.10.054,2016.0
7103080969.0,,Castle,male,Natural Sciences,10.1088/1748-0221/11/10/T10004,2016.0
7103080969.0,,Castle,male,Natural Sciences,10.1007/JHEP08(2016)045,2016.0
7103080969.0,,Castle,male,Natural Sciences,10.1140/epjc/s10052-017-4781-1,2017.0
7103080969.0,,Castle,male,Natural Sciences,10.1140/epjc/s10052-016-4573-z,2017.0
7103080969.0,,Castle,male,Natural Sciences,10.1016/j.physletb.2017.02.010,2017.0
7103080969.0,,Castle,male,Natural Sciences,10.1007/JHEP10(2017)005,2017.0
7103080969.0,,Castle,male,Natural Sciences,10.1140/epjc/s10052-017-5182-1,2017.0
7103080969.0,,Castle,male,Natural Sciences,10.1007/JHEP05(2017)013,2017.0
7103080969.0,,Castle,male,Natural Sciences,10.1140/epjc/s10052-017-4853-2,2017.0
7103080969.0,,Castle,male,Natural Sciences,10.1016/j.physletb.2017.06.053,2017.0
7103080969.0,,Castle,male,Natural Sciences,10.1140/epjc/s10052-017-5192-z,2017.0
7103080969.0,,Castle,male,Natural Sciences,10.1088/1748-0221/12/10/P10003,2017.0
7103080969.0,,Castle,male,Natural Sciences,10.1016/j.physletb.2016.12.009,2017.0
7103080969.0,,Castle,male,Natural Sciences,10.1007/JHEP01(2017)076,2017.0
7103080969.0,,Castle,male,Natural Sciences,10.1016/j.physletb.2017.01.027,2017.0
7103080969.0,,Castle,male,Natural Sciences,10.1140/epjc/s10052-017-5140-y,2017.0
7103080969.0,,Castle,male,Natural Sciences,10.1007/JHEP02(2017)028,2017.0
7103080969.0,,Castle,male,Natural Sciences,10.1007/JHEP02(2017)048,2017.0
7103080969.0,,Castle,male,Natural Sciences,10.1016/j.physletb.2017.02.007,2017.0
7103080969.0,,Castle,male,Natural Sciences,10.1016/j.physletb.2016.11.001,2017.0
7103080969.0,,Castle,male,Natural Sciences,10.1103/PhysRevD.96.032003,2017.0
7103080969.0,,Castle,male,Natural Sciences,10.1016/j.physletb.2017.01.011,2017.0
7103080969.0,,Castle,male,Natural Sciences,10.1103/PhysRevLett.118.021802,2017.0
7103080969.0,,Castle,male,Natural Sciences,10.1007/JHEP02(2017)096,2017.0
7103080969.0,,Castle,male,Natural Sciences,10.1007/JHEP02(2017)079,2017.0
7103080969.0,,Castle,male,Natural Sciences,10.1007/JHEP03(2017)101,2017.0
7103080969.0,,Castle,male,Natural Sciences,10.1103/PhysRevD.95.012009,2017.0
7103080969.0,,Castle,male,Natural Sciences,10.1007/JHEP05(2017)029,2017.0
7103080969.0,,Castle,male,Natural Sciences,10.1140/epjc/s10052-017-5030-3,2017.0
7103080969.0,,Castle,male,Natural Sciences,10.1016/j.physletb.2017.07.022,2017.0
7103080969.0,,Castle,male,Natural Sciences,10.1007/JHEP07(2017)003,2017.0
7103080969.0,,Castle,male,Natural Sciences,10.1007/JHEP07(2017)001,2017.0
7103080969.0,,Castle,male,Natural Sciences,10.1007/JHEP07(2017)013,2017.0
7103080969.0,,Castle,male,Natural Sciences,10.1103/PhysRevC.96.015202,2017.0
7103080969.0,,Castle,male,Natural Sciences,10.1016/j.physletb.2017.04.005,2017.0
7103080969.0,,Castle,male,Natural Sciences,10.1016/j.physletb.2017.07.047,2017.0
7103080969.0,,Castle,male,Natural Sciences,10.1007/JHEP07(2017)121,2017.0
7103080969.0,,Castle,male,Natural Sciences,10.1103/PhysRevD.96.012004,2017.0
7103080969.0,,Castle,male,Natural Sciences,10.1016/j.physletb.2017.02.040,2017.0
7103080969.0,,Castle,male,Natural Sciences,10.1016/j.physletb.2017.01.075,2017.0
7103080969.0,,Castle,male,Natural Sciences,10.1103/PhysRevD.95.012011,2017.0
7103080969.0,,Castle,male,Natural Sciences,10.1016/j.physletb.2017.04.071,2017.0
7103080969.0,,Castle,male,Natural Sciences,10.1088/1748-0221/12/04/P04023,2017.0
7103080969.0,,Castle,male,Natural Sciences,10.1007/JHEP03(2017)162,2017.0
7103080969.0,,Castle,male,Natural Sciences,10.1007/JHEP03(2017)156,2017.0
7103080969.0,,Castle,male,Natural Sciences,10.1007/JHEP02(2017)135,2017.0
7103080969.0,,Castle,male,Natural Sciences,10.1140/epjc/s10052-017-4787-8,2017.0
7103080969.0,,Castle,male,Natural Sciences,10.1016/j.physletb.2017.04.031,2017.0
7103080969.0,,Castle,male,Natural Sciences,10.1007/JHEP03(2017)032,2017.0
7103080969.0,,Castle,male,Natural Sciences,10.1007/JHEP04(2017)022,2017.0
7103080969.0,,Castle,male,Natural Sciences,10.1103/PhysRevD.95.052002,2017.0
7103080969.0,,Castle,male,Natural Sciences,10.1007/JHEP03(2017)061,2017.0
7103080969.0,,Castle,male,Natural Sciences,10.1007/JHEP03(2017)077,2017.0
7103080969.0,,Castle,male,Natural Sciences,10.1140/epjc/s10052-017-4730-z,2017.0
7103080969.0,,Castle,male,Natural Sciences,10.1007/JHEP04(2017)039,2017.0
7103080969.0,,Castle,male,Natural Sciences,10.1103/PhysRevD.95.012003,2017.0
7103080969.0,,Castle,male,Natural Sciences,10.1140/epjc/s10052-017-4912-8,2017.0
7103080969.0,,Castle,male,Natural Sciences,10.1103/PhysRevLett.118.162301,2017.0
7103080969.0,,Castle,male,Natural Sciences,10.1016/j.physletb.2017.02.012,2017.0
7103080969.0,,Castle,male,Natural Sciences,10.1103/PhysRevD.95.092001,2017.0
7103080969.0,,Castle,male,Natural Sciences,10.1007/JHEP04(2017)136,2017.0
7103080969.0,,Castle,male,Natural Sciences,10.1103/PhysRevLett.118.122301,2017.0
7103080969.0,,Castle,male,Natural Sciences,10.1016/j.physletb.2017.05.074,2017.0
7103080969.0,,Castle,male,Natural Sciences,10.1140/epjc/s10052-017-4781-1,2017.0
7103080969.0,,Castle,male,Natural Sciences,10.1016/j.physletb.2017.06.009,2017.0
7103080969.0,,Castle,male,Natural Sciences,10.1007/JHEP06(2017)106,2017.0
7103080969.0,,Castle,male,Natural Sciences,10.1007/JHEP07(2017)014,2017.0
7103080969.0,,Castle,male,Natural Sciences,10.1140/epjc/s10052-017-4984-5,2017.0
7103080969.0,,Castle,male,Natural Sciences,10.1007/JHEP08(2017)046,2017.0
7103080969.0,,Castle,male,Natural Sciences,10.1007/JHEP08(2017)029,2017.0
7103080969.0,,Castle,male,Natural Sciences,10.1103/PhysRevD.96.072004,2017.0
7103080969.0,,Castle,male,Natural Sciences,10.1140/epjc/s10052-017-5286-7,2017.0
7103080969.0,,Castle,male,Natural Sciences,10.1007/JHEP11(2017)010,2017.0
7103080969.0,,Castle,male,Natural Sciences,10.1007/JHEP10(2017)072,2017.0
7103080969.0,,Castle,male,Natural Sciences,10.1007/JHEP12(2017)142,2017.0
7103080969.0,,Castle,male,Natural Sciences,10.1016/j.physletb.2017.09.053,2017.0
7103080969.0,,Castle,male,Natural Sciences,10.1016/j.physletb.2017.04.043,2017.0
7103080969.0,,Castle,male,Natural Sciences,10.1016/j.physletb.2017.07.001,2017.0
7103080969.0,,Castle,male,Natural Sciences,10.1007/JHEP08(2017)073,2017.0
7103080969.0,,Castle,male,Natural Sciences,10.1007/JHEP10(2017)006,2017.0
7103080969.0,,Castle,male,Natural Sciences,10.1103/PhysRevLett.119.141802,2017.0
7103080969.0,,Castle,male,Natural Sciences,10.1007/JHEP10(2017)019,2017.0
7103080969.0,,Castle,male,Natural Sciences,10.1016/j.physletb.2017.11.001,2017.0
7103080969.0,,Castle,male,Natural Sciences,10.1007/JHEP10(2017)180,2017.0
7103080969.0,,Castle,male,Natural Sciences,10.1007/JHEP04(2017)018,2017.0
7103080969.0,,Castle,male,Natural Sciences,10.1103/PhysRevLett.119.151802,2017.0
7103080969.0,,Castle,male,Natural Sciences,10.1103/PhysRevLett.119.152301,2017.0
7103080969.0,,Castle,male,Natural Sciences,10.1016/j.physletb.2017.10.021,2017.0
7103080969.0,,Castle,male,Natural Sciences,10.1007/JHEP11(2017)047,2017.0
7103080969.0,,Castle,male,Natural Sciences,10.1140/epjc/s10052-017-5079-z,2017.0
7103080969.0,,Castle,male,Natural Sciences,10.1007/JHEP10(2017)076,2017.0
7103080969.0,,Castle,male,Natural Sciences,10.1007/JHEP10(2017)073,2017.0
7103080969.0,,Castle,male,Natural Sciences,10.1140/epjc/s10052-017-4718-8,2017.0
7103080969.0,,Castle,male,Natural Sciences,10.1007/JHEP11(2017)029,2017.0
7103080969.0,,Castle,male,Natural Sciences,10.1140/epjc/s10052-017-4828-3,2017.0
7103080969.0,,Castle,male,Natural Sciences,10.1007/JHEP10(2017)131,2017.0
7103080969.0,,Castle,male,Natural Sciences,10.1007/JHEP11(2017)085,2017.0
7103080969.0,,Castle,male,Natural Sciences,10.1016/j.physletb.2017.10.020,2017.0
7103080969.0,,Castle,male,Natural Sciences,10.1103/PhysRevLett.119.082301,2017.0
7103080969.0,,Castle,male,Natural Sciences,10.1140/epjc/s10052-017-5267-x,2017.0
7103080969.0,,Castle,male,Natural Sciences,10.1016/j.physletb.2017.06.062,2017.0
7103080969.0,,Castle,male,Natural Sciences,10.1016/j.physletb.2017.08.069,2017.0
7103080969.0,,Castle,male,Natural Sciences,10.1016/j.physletb.2017.05.019,2017.0
7103080969.0,,Castle,male,Natural Sciences,10.1007/JHEP09(2017)051,2017.0
7103080969.0,,Castle,male,Natural Sciences,10.1140/epjc/s10052-017-5317-4,2017.0
7103080969.0,,Castle,male,Natural Sciences,10.1016/j.physletb.2017.06.064,2017.0
7103080969.0,,Castle,male,Natural Sciences,10.1103/PhysRevD.96.072005,2017.0
7103080969.0,,Castle,male,Natural Sciences,10.1103/PhysRevLett.119.111802,2017.0
7103080969.0,,Castle,male,Natural Sciences,10.1007/JHEP09(2017)053,2017.0
7103080969.0,,Castle,male,Natural Sciences,10.1103/PhysRevLett.119.221802,2017.0
7103080969.0,,Castle,male,Natural Sciences,10.1016/j.physletb.2017.09.083,2017.0
7103080969.0,,Castle,male,Natural Sciences,10.1103/PhysRevLett.119.242001,2017.0
7103080969.0,,Castle,male,Natural Sciences,10.1103/PhysRevC.96.064902,2017.0
7103080969.0,,Castle,male,Natural Sciences,10.1088/1748-0221/12/12/P12034,2017.0
7103080969.0,,Castle,male,Natural Sciences,10.1103/PhysRevD.96.112003,2017.0
7103080969.0,,Castle,male,Natural Sciences,10.1103/PhysRevD.96.032002,2017.0
7103080969.0,James R.,Castle,male,Natural Sciences,10.1016/j.nuclphysa.2017.04.014,2017.0
7103080969.0,,Castle,male,Natural Sciences,10.1016/j.physletb.2018.03.019,2018.0
7103080969.0,,Castle,male,Natural Sciences,10.1016/j.physletb.2018.02.050,2018.0
7103080969.0,,Castle,male,Natural Sciences,10.1016/j.physletb.2018.04.030,2018.0
7103080969.0,,Castle,male,Natural Sciences,10.1103/PhysRevD.97.072006,2018.0
7103080969.0,,Castle,male,Natural Sciences,10.1007/JHEP07(2018)161,2018.0
7103080969.0,,Castle,male,Natural Sciences,10.1007/JHEP03(2018)160,2018.0
7103080969.0,,Castle,male,Natural Sciences,10.1007/JHEP01(2018)097,2018.0
7103080969.0,,Castle,male,Natural Sciences,10.1103/PhysRevD.97.012007,2018.0
7103080969.0,,Castle,male,Natural Sciences,10.1140/epjc/s10052-018-5607-5,2018.0
7103080969.0,,Castle,male,Natural Sciences,10.1016/j.physletb.2017.12.006,2018.0
7103080969.0,,Castle,male,Natural Sciences,10.1016/j.physletb.2018.02.025,2018.0
7103080969.0,,Castle,male,Natural Sciences,10.1103/PhysRevC.98.044902,2018.0
7103080969.0,,Castle,male,Natural Sciences,10.1088/1748-0221/13/10/P10005,2018.0
7103080969.0,,Castle,male,Natural Sciences,10.1007/JHEP06(2018)128,2018.0
7103080969.0,,Castle,male,Natural Sciences,10.1103/PhysRevC.97.064912,2018.0
7103080969.0,,Castle,male,Natural Sciences,10.1007/JHEP08(2018)016,2018.0
7103080969.0,,Castle,male,Natural Sciences,10.1088/1748-0221/13/05/P05011,2018.0
7103080969.0,,Castle,male,Natural Sciences,10.1007/JHEP03(2018)181,2018.0
7103080969.0,,Castle,male,Natural Sciences,10.1007/JHEP03(2018)166,2018.0
7103080969.0,,Castle,male,Natural Sciences,10.1016/j.physletb.2018.07.061,2018.0
7103080969.0,,Castle,male,Natural Sciences,10.1007/JHEP06(2018)001,2018.0
7103080969.0,,Castle,male,Natural Sciences,10.1007/JHEP03(2018)076,2018.0
7103080969.0,,Castle,male,Natural Sciences,10.1007/JHEP06(2018)002,2018.0
7103080969.0,,Castle,male,Natural Sciences,10.1007/JHEP06(2018)027,2018.0
7103080969.0,,Castle,male,Natural Sciences,10.1140/epjc/s10052-018-5929-3,2018.0
7103080969.0,,Castle,male,Natural Sciences,10.1007/JHEP06(2018)031,2018.0
7103080969.0,,Castle,male,Natural Sciences,10.1007/JHEP08(2018)130,2018.0
7103080969.0,,Castle,male,Natural Sciences,10.1007/JHEP09(2018)007,2018.0
7103080969.0,,Castle,male,Natural Sciences,10.1140/epjc/s10052-018-6373-0,2018.0
7103080969.0,,Castle,male,Natural Sciences,10.1007/JHEP11(2018)185,2018.0
7103080969.0,,Castle,male,Natural Sciences,10.1007/JHEP11(2018)151,2018.0
7103080969.0,,Castle,male,Natural Sciences,10.1103/PhysRevD.98.092014,2018.0
7103080969.0,,Castle,male,Natural Sciences,10.1007/JHEP01(2018)045,2018.0
7103080969.0,,Castle,male,Natural Sciences,10.1007/JHEP02(2018)032,2018.0
7103080969.0,,Castle,male,Natural Sciences,10.1007/JHEP01(2018)054,2018.0
7103080969.0,,Castle,male,Natural Sciences,10.1103/PhysRevLett.120.071802,2018.0
7103080969.0,,Castle,male,Natural Sciences,10.1007/JHEP02(2018)067,2018.0
7103080969.0,,Castle,male,Natural Sciences,10.1140/epjc/s10052-018-5567-9,2018.0
7103080969.0,,Castle,male,Natural Sciences,10.1088/1748-0221/13/01/P01002,2018.0
7103080969.0,,Castle,male,Natural Sciences,10.1016/j.physletb.2017.11.043,2018.0
7103080969.0,,Castle,male,Natural Sciences,10.1016/j.physletb.2017.11.041,2018.0
7103080969.0,,Castle,male,Natural Sciences,10.1016/j.physletb.2017.12.069,2018.0
7103080969.0,,Castle,male,Natural Sciences,10.1016/j.physletb.2018.03.084,2018.0
7103080969.0,,Castle,male,Natural Sciences,10.1007/JHEP03(2018)172,2018.0
7103080969.0,,Castle,male,Natural Sciences,10.1140/epjc/s10052-018-5752-x,2018.0
7103080969.0,,Castle,male,Natural Sciences,10.1103/PhysRevC.97.044912,2018.0
7103080969.0,,Castle,male,Natural Sciences,10.1007/JHEP04(2018)033,2018.0
7103080969.0,,Castle,male,Natural Sciences,10.1103/PhysRevLett.120.231801,2018.0
7103080969.0,,Castle,male,Natural Sciences,10.1007/JHEP07(2018)075,2018.0
7103080969.0,,Castle,male,Natural Sciences,10.1007/JHEP06(2018)101,2018.0
7103080969.0,,Castle,male,Natural Sciences,10.1140/epjc/s10052-018-5950-6,2018.0
7103080969.0,,Castle,male,Natural Sciences,10.1007/JHEP07(2018)115,2018.0
7103080969.0,,Castle,male,Natural Sciences,10.1103/PhysRevD.97.112003,2018.0
7103080969.0,,Castle,male,Natural Sciences,10.1016/j.physletb.2018.06.028,2018.0
7103080969.0,,Castle,male,Natural Sciences,10.1007/JHEP06(2018)127,2018.0
7103080969.0,,Castle,male,Natural Sciences,10.1088/1748-0221/13/06/P06015,2018.0
7103080969.0,,Castle,male,Natural Sciences,10.1103/PhysRevLett.120.092301,2018.0
7103080969.0,,Castle,male,Natural Sciences,10.1140/epjc/s10052-018-5740-1,2018.0
7103080969.0,,Castle,male,Natural Sciences,10.1103/PhysRevD.97.032009,2018.0
7103080969.0,,Castle,male,Natural Sciences,10.1103/PhysRevD.97.032007,2018.0
7103080969.0,,Castle,male,Natural Sciences,10.1103/PhysRevLett.120.081801,2018.0
7103080969.0,,Castle,male,Natural Sciences,10.1007/JHEP04(2018)060,2018.0
7103080969.0,,Castle,male,Natural Sciences,10.1016/j.physletb.2018.02.033,2018.0
7103080969.0,,Castle,male,Natural Sciences,10.1103/PhysRevD.97.072010,2018.0
7103080969.0,,Castle,male,Natural Sciences,10.1103/PhysRevD.97.072008,2018.0
7103080969.0,,Castle,male,Natural Sciences,10.1007/JHEP03(2018)003,2018.0
7103080969.0,,Castle,male,Natural Sciences,10.1016/j.physletb.2018.02.045,2018.0
7103080969.0,,Castle,male,Natural Sciences,10.1016/j.physletb.2018.03.028,2018.0
7103080969.0,,Castle,male,Natural Sciences,10.1007/JHEP04(2018)073,2018.0
7103080969.0,,Castle,male,Natural Sciences,10.1007/JHEP05(2018)006,2018.0
7103080969.0,,Castle,male,Natural Sciences,10.1016/j.physletb.2018.04.007,2018.0
7103080969.0,,Castle,male,Natural Sciences,10.1007/JHEP03(2018)115,2018.0
7103080969.0,,Castle,male,Natural Sciences,10.1016/j.physletb.2018.01.049,2018.0
7103080969.0,,Castle,male,Natural Sciences,10.1007/JHEP05(2018)088,2018.0
7103080969.0,,Castle,male,Natural Sciences,10.1140/epjc/s10052-018-5691-6,2018.0
7103080969.0,,Castle,male,Natural Sciences,10.1103/PhysRevLett.120.201801,2018.0
7103080969.0,,Castle,male,Natural Sciences,10.1007/JHEP05(2018)025,2018.0
7103080969.0,,Castle,male,Natural Sciences,10.1016/j.physletb.2018.01.077,2018.0
7103080969.0,,Castle,male,Natural Sciences,10.1016/j.physletb.2018.02.004,2018.0
7103080969.0,,Castle,male,Natural Sciences,10.1103/PhysRevLett.120.221801,2018.0
7103080969.0,,Castle,male,Natural Sciences,10.1016/j.physletb.2018.01.001,2018.0
7103080969.0,,Castle,male,Natural Sciences,10.1007/JHEP05(2018)127,2018.0
7103080969.0,,Castle,male,Natural Sciences,10.1016/j.physletb.2018.04.036,2018.0
7103080969.0,,Castle,male,Natural Sciences,10.1103/PhysRevLett.120.142302,2018.0
7103080969.0,,Castle,male,Natural Sciences,10.1103/PhysRevLett.120.202301,2018.0
7103080969.0,,Castle,male,Natural Sciences,10.1103/PhysRevLett.120.202005,2018.0
7103080969.0,,Castle,male,Natural Sciences,10.1007/JHEP05(2018)148,2018.0
7103080969.0,,Castle,male,Natural Sciences,10.1103/PhysRevLett.120.142301,2018.0
7103080969.0,,Castle,male,Natural Sciences,10.1016/j.physletb.2018.05.062,2018.0
7103080969.0,,Castle,male,Natural Sciences,10.1103/PhysRevLett.120.241801,2018.0
7103080969.0,,Castle,male,Natural Sciences,10.1016/j.physletb.2018.05.074,2018.0
7103080969.0,,Castle,male,Natural Sciences,10.1103/PhysRevD.97.092005,2018.0
7103080969.0,,Castle,male,Natural Sciences,10.1007/JHEP07(2018)032,2018.0
7103080969.0,,Castle,male,Natural Sciences,10.1140/epjc/s10052-018-6033-4,2018.0
7103080969.0,,Castle,male,Natural Sciences,10.1007/JHEP03(2018)167,2018.0
7103080969.0,,Castle,male,Natural Sciences,10.1103/PhysRevLett.121.082301,2018.0
7103080969.0,,Castle,male,Natural Sciences,10.1007/JHEP08(2018)177,2018.0
7103080969.0,,Castle,male,Natural Sciences,10.1007/JHEP11(2018)042,2018.0
7103080969.0,,Castle,male,Natural Sciences,10.1140/epjc/s10052-018-6390-z,2018.0
7103080969.0,,Castle,male,Natural Sciences,10.1007/JHEP11(2018)161,2018.0
7103080969.0,,Castle,male,Natural Sciences,10.1007/JHEP11(2018)113,2018.0
7103080969.0,,Castle,male,Natural Sciences,10.1007/JHEP11(2018)079,2018.0
7103080969.0,,Castle,male,Natural Sciences,10.1007/JHEP11(2018)115,2018.0
7103080969.0,,Castle,male,Natural Sciences,10.1103/PhysRevLett.121.241802,2018.0
7103080969.0,,Castle,male,Natural Sciences,10.1007/JHEP12(2018)117,2018.0
7103080969.0,,Castle,male,Natural Sciences,10.1103/PhysRevLett.121.242301,2018.0
7103080969.0,,Castle,male,Natural Sciences,10.1007/JHEP11(2018)152,2018.0
7103080969.0,,Castle,male,Natural Sciences,10.1103/PhysRevD.98.112011,2018.0
7103080969.0,,Castle,male,Natural Sciences,10.1103/PhysRevD.98.112014,2018.0
7103080969.0,,Castle,male,Natural Sciences,10.1103/PhysRevD.98.032005,2018.0
7103080969.0,,Castle,male,Natural Sciences,10.1103/PhysRevLett.121.141801,2018.0
7103080969.0,,Castle,male,Natural Sciences,10.1140/epjc/s10052-018-6049-9,2018.0
7103080969.0,,Castle,male,Natural Sciences,10.1103/PhysRevLett.121.092002,2018.0
7103080969.0,,Castle,male,Natural Sciences,10.1007/JHEP09(2018)046,2018.0
7103080969.0,,Castle,male,Natural Sciences,10.1007/JHEP09(2018)101,2018.0
7103080969.0,,Castle,male,Natural Sciences,10.1007/JHEP11(2018)018,2018.0
7103080969.0,,Castle,male,Natural Sciences,10.1007/JHEP09(2018)065,2018.0
7103080969.0,,Castle,male,Natural Sciences,10.1016/j.physletb.2018.08.057,2018.0
7103080969.0,,Castle,male,Natural Sciences,10.1103/PhysRevLett.121.141802,2018.0
7103080969.0,,Castle,male,Natural Sciences,10.1103/PhysRevLett.121.062002,2018.0
7103080969.0,,Castle,male,Natural Sciences,10.1007/JHEP07(2018)153,2018.0
7103080969.0,,Castle,male,Natural Sciences,10.1007/JHEP08(2018)113,2018.0
7103080969.0,,Castle,male,Natural Sciences,10.1007/JHEP08(2018)011,2018.0
7103080969.0,,Castle,male,Natural Sciences,10.1007/JHEP08(2018)066,2018.0
7103080969.0,,Castle,male,Natural Sciences,10.1016/j.physletb.2018.01.012,2018.0
7103080969.0,,Castle,male,Natural Sciences,10.1007/JHEP10(2018)117,2018.0
7103080969.0,,Castle,male,Natural Sciences,10.1007/JHEP08(2018)152,2018.0
7103080969.0,,Castle,male,Natural Sciences,10.1103/PhysRevLett.121.121801,2018.0
7103080969.0,,Castle,male,Natural Sciences,10.1140/epjc/s10052-018-6242-x,2018.0
7103080969.0,,Castle,male,Natural Sciences,10.1007/JHEP10(2018)138,2018.0
7103080969.0,,Castle,male,Natural Sciences,10.1140/epjc/s10052-018-6144-y,2018.0
7103080969.0,,Castle,male,Natural Sciences,10.1140/epjc/s10052-018-6148-7,2018.0
7103080969.0,,Castle,male,Natural Sciences,10.1140/epjc/s10052-018-6143-z,2018.0
7103080969.0,,Castle,male,Natural Sciences,10.1140/epjc/s10052-018-6146-9,2018.0
7103080969.0,,Castle,male,Natural Sciences,10.1007/JHEP09(2018)148,2018.0
7103080969.0,,Castle,male,Natural Sciences,10.1088/1748-0221/13/10/P10034,2018.0
7103080969.0,,Castle,male,Natural Sciences,10.1007/JHEP10(2018)161,2018.0
7103080969.0,,Castle,male,Natural Sciences,10.1140/epjc/s10052-018-6332-9,2018.0
7103080969.0,,Castle,male,Natural Sciences,10.1103/PhysRevD.98.092011,2018.0
7103080969.0,,Castle,male,Natural Sciences,10.1103/PhysRevLett.121.221802,2018.0
7103080969.0,,Castle,male,Natural Sciences,10.1103/PhysRevD.98.092001,2018.0
7103080969.0,,Castle,male,Natural Sciences,10.1007/JHEP11(2018)172,2018.0
7103080969.0,,Castle,male,Natural Sciences,10.1007/JHEP06(2018)102,2018.0
7103080969.0,,Castle,male,Natural Sciences,10.1007/JHEP06(2018)120,2018.0
7103080969.0,,Castle,male,Natural Sciences,10.1088/1748-0221/14/07/P07004,2019.0
7103080969.0,,Castle,male,Natural Sciences,10.1016/j.physletb.2019.134992,2019.0
7103080969.0,,Castle,male,Natural Sciences,10.1016/j.physletb.2018.11.007,2019.0
7103080969.0,,Castle,male,Natural Sciences,10.1016/j.physletb.2018.10.056,2019.0
7103080969.0,,Castle,male,Natural Sciences,10.1103/PhysRevLett.122.011803,2019.0
7103080969.0,,Castle,male,Natural Sciences,10.1140/epjc/s10052-019-6688-5,2019.0
7103080969.0,,Castle,male,Natural Sciences,10.1007/JHEP03(2019)031,2019.0
7103080969.0,,Castle,male,Natural Sciences,10.1140/epjc/s10052-019-6863-8,2019.0
7103080969.0,,Castle,male,Natural Sciences,10.1007/JHEP04(2019)114,2019.0
7103080969.0,,Castle,male,Natural Sciences,10.1016/j.physletb.2019.03.064,2019.0
7103080969.0,,Castle,male,Natural Sciences,10.1016/j.physletb.2019.05.046,2019.0
7103080969.0,,Castle,male,Natural Sciences,10.1140/epjc/s10052-019-6861-x,2019.0
7103080969.0,,Castle,male,Natural Sciences,10.1103/PhysRevLett.122.151802,2019.0
7103080969.0,,Castle,male,Natural Sciences,10.1016/j.physletb.2019.05.042,2019.0
7103080969.0,,Castle,male,Natural Sciences,10.1007/JHEP05(2019)210,2019.0
7103080969.0,,Castle,male,Natural Sciences,10.1103/PhysRevLett.122.152001,2019.0
7103080969.0,,Castle,male,Natural Sciences,10.1007/JHEP03(2019)082,2019.0
7103080969.0,,Castle,male,Natural Sciences,10.1016/j.physletb.2019.01.069,2019.0
7103080969.0,,Castle,male,Natural Sciences,10.1007/JHEP04(2019)112,2019.0
7103080969.0,,Castle,male,Natural Sciences,10.1007/JHEP03(2019)127,2019.0
7103080969.0,,Castle,male,Natural Sciences,10.1016/j.physletb.2019.01.005,2019.0
7103080969.0,,Castle,male,Natural Sciences,10.1007/JHEP01(2019)051,2019.0
7103080969.0,,Castle,male,Natural Sciences,10.1016/j.physletb.2018.11.063,2019.0
7103080969.0,,Castle,male,Natural Sciences,10.1007/JHEP01(2019)122,2019.0
7103080969.0,,Castle,male,Natural Sciences,10.1016/j.physletb.2019.01.006,2019.0
7103080969.0,,Castle,male,Natural Sciences,10.1007/JHEP02(2019)074,2019.0
7103080969.0,,Castle,male,Natural Sciences,10.1007/JHEP03(2019)101,2019.0
7103080969.0,,Castle,male,Natural Sciences,10.1140/epjc/s10052-019-6752-1,2019.0
7103080969.0,,Castle,male,Natural Sciences,10.1140/epjc/s10052-019-6774-8,2019.0
7103080969.0,,Castle,male,Natural Sciences,10.1140/epjc/s10052-019-6730-7,2019.0
7103080969.0,,Castle,male,Natural Sciences,10.1007/JHEP03(2019)141,2019.0
7103080969.0,,Castle,male,Natural Sciences,10.1007/JHEP02(2019)179,2019.0
7103080969.0,,Castle,male,Natural Sciences,10.1007/JHEP02(2019)149,2019.0
7103080969.0,,Castle,male,Natural Sciences,10.1016/j.physletb.2018.12.073,2019.0
7103080969.0,,Castle,male,Natural Sciences,10.1140/epjc/s10052-018-6482-9,2019.0
7103080969.0,,Castle,male,Natural Sciences,10.1103/PhysRevLett.122.021801,2019.0
7103080969.0,,Castle,male,Natural Sciences,10.1140/epjc/s10052-019-6562-5,2019.0
7103080969.0,,Castle,male,Natural Sciences,10.1140/epjc/s10052-019-6556-3,2019.0
7103080969.0,,Castle,male,Natural Sciences,10.1007/JHEP01(2019)183,2019.0
7103080969.0,,Castle,male,Natural Sciences,10.1007/JHEP01(2019)154,2019.0
7103080969.0,,Castle,male,Natural Sciences,10.1007/JHEP03(2019)170,2019.0
7103080969.0,,Castle,male,Natural Sciences,10.1016/j.physletb.2019.02.018,2019.0
7103080969.0,,Castle,male,Natural Sciences,10.1007/JHEP04(2019)015,2019.0
7103080969.0,,Castle,male,Natural Sciences,10.1140/epjc/s10052-019-6800-x,2019.0
7103080969.0,,Castle,male,Natural Sciences,10.1007/JHEP04(2019)031,2019.0
7103080969.0,,Castle,male,Natural Sciences,10.1140/epjc/s10052-019-6788-2,2019.0
7103080969.0,,Castle,male,Natural Sciences,10.1007/JHEP01(2019)040,2019.0
7103080969.0,,Castle,male,Natural Sciences,10.1103/PhysRevD.99.012010,2019.0
7103080969.0,,Castle,male,Natural Sciences,10.1103/PhysRevD.99.012005,2019.0
7103080969.0,,Castle,male,Natural Sciences,10.1103/PhysRevD.99.032011,2019.0
7103080969.0,,Castle,male,Natural Sciences,10.1103/PhysRevD.99.032014,2019.0
7103080969.0,,Castle,male,Natural Sciences,10.1007/JHEP03(2019)026,2019.0
7103080969.0,,Castle,male,Natural Sciences,10.1103/PhysRevLett.122.081804,2019.0
7103080969.0,,Castle,male,Natural Sciences,10.1140/epjc/s10052-019-6620-z,2019.0
7103080969.0,,Castle,male,Natural Sciences,10.1016/j.physletb.2019.01.058,2019.0
7103080969.0,,Castle,male,Natural Sciences,10.1103/PhysRevLett.122.132003,2019.0
7103080969.0,,Castle,male,Natural Sciences,10.1016/j.physletb.2019.03.059,2019.0
7103080969.0,,Castle,male,Natural Sciences,10.1103/PhysRevD.99.052002,2019.0
7103080969.0,,Castle,male,Natural Sciences,10.1103/PhysRevLett.122.121803,2019.0
7103080969.0,,Castle,male,Natural Sciences,10.1016/j.physletb.2019.01.072,2019.0
7103080969.0,,Castle,male,Natural Sciences,10.1016/j.physletb.2019.04.025,2019.0
7103080969.0,,Castle,male,Natural Sciences,10.1007/JHEP05(2019)088,2019.0
7103080969.0,,Castle,male,Natural Sciences,10.1140/epjc/s10052-019-6909-y,2019.0
7103080969.0,,Castle,male,Natural Sciences,10.1140/epjc/s10052-019-6926-x,2019.0
7103080969.0,,Castle,male,Natural Sciences,10.1007/JHEP04(2019)122,2019.0
7103080969.0,,Castle,male,Natural Sciences,10.1007/JHEP06(2019)093,2019.0
7103080969.0,,Castle,male,Natural Sciences,10.1140/epjc/s10052-019-7202-9,2019.0
7103080969.0,,Castle,male,Natural Sciences,10.1103/PhysRevLett.123.022001,2019.0
7103080969.0,,Castle,male,Natural Sciences,10.1016/j.physletb.2019.06.021,2019.0
7103080969.0,,Castle,male,Natural Sciences,10.1016/j.physletb.2019.07.013,2019.0
7103080969.0,,Castle,male,Natural Sciences,10.1088/1748-0221/14/06/P06032,2019.0
7103080969.0,,Castle,male,Natural Sciences,10.1016/j.physletb.2019.07.014,2019.0
7103080969.0,,Castle,male,Natural Sciences,10.1007/JHEP06(2019)143,2019.0
7103080969.0,,Castle,male,Natural Sciences,10.1140/epjc/s10052-019-7058-z,2019.0
7103080969.0,,Castle,male,Natural Sciences,10.1007/JHEP07(2019)142,2019.0
7103080969.0,,Castle,male,Natural Sciences,10.1103/PhysRevD.99.112003,2019.0
7103080969.0,,Castle,male,Natural Sciences,10.1016/j.physletb.2019.134826,2019.0
7103080969.0,,Castle,male,Natural Sciences,10.1103/PhysRevC.100.024902,2019.0
7103080969.0,,Castle,male,Natural Sciences,10.1103/PhysRevC.100.044902,2019.0
7103080969.0,,Castle,male,Natural Sciences,10.1140/epjc/s10052-019-7276-4,2019.0
7103080969.0,,Castle,male,Natural Sciences,10.1103/PhysRevD.99.092005,2019.0
7103080969.0,,Castle,male,Natural Sciences,10.1140/epjc/s10052-019-6855-8,2019.0
7103080969.0,,Castle,male,Natural Sciences,10.1016/j.physletb.2019.134985,2019.0
7103080969.0,,Castle,male,Natural Sciences,10.1007/JHEP08(2019)150,2019.0
7103080969.0,,Castle,male,Natural Sciences,10.1140/epjc/s10052-019-7451-7,2019.0
7103080969.0,,Castle,male,Natural Sciences,10.1140/epjc/s10052-019-7387-y,2019.0
7103080969.0,,Castle,male,Natural Sciences,10.1103/PhysRevD.100.072002,2019.0
7103080969.0,,Castle,male,Natural Sciences,10.1016/j.physletb.2019.135049,2019.0
7103080969.0,,Castle,male,Natural Sciences,10.1103/PhysRevC.100.064908,2019.0
7103080969.0,,Castle,male,Natural Sciences,10.1103/PhysRevD.100.112002,2019.0
7103080969.0,,Castle,male,Natural Sciences,10.1007/JHEP12(2019)059,2019.0
7103080969.0,,Castle,male,Natural Sciences,10.1016/j.physletb.2019.135087,2020.0
7103080969.0,,Castle,male,Natural Sciences,10.1016/j.physletb.2019.135042,2020.0
7103080969.0,,Castle,male,Natural Sciences,10.1140/epjc/s10052-019-7499-4,2020.0
7103080969.0,,Castle,male,Natural Sciences,10.1016/j.physletb.2019.135048,2020.0
7103080969.0,,Castle,male,Natural Sciences,10.1103/PhysRevC.101.014912,2020.0
7103080969.0,,Castle,male,Natural Sciences,10.1140/epjc/s10052-019-7585-7,2020.0
7103080969.0,,Castle,male,Natural Sciences,10.1007/JHEP03(2020)014,2020.0
56412219300.0,Xu,Zhao,male,Natural Sciences,10.1021/nl503343n,2014.0
56438903300.0,Luciane Aparecida Pascucci Sande,De Souza,female,Medical and Health Sciences,10.1310/tsr2106-484,2014.0
56438903300.0,Luciane Aparecida Pascucci Sande,de Souza,female,Medical and Health Sciences,10.4181/RNC.2015.23.03.1027.08p,2015.0
56438903300.0,Luciane Aparecida Pascucci Sande,de Souza,female,Medical and Health Sciences,10.4181/RNC.2015.23.02.1015.9p,2015.0
56412219300.0,Xu,Zhao,male,Natural Sciences,10.1021/ja511596c,2015.0
56412219300.0,Xu,Zhao,male,Natural Sciences,10.1038/ncomms11510,2016.0
56412219300.0,Xu,Zhao,male,Natural Sciences,10.1039/c7ta06172b,2017.0
56412219300.0,Xu,Zhao,male,Natural Sciences,10.1002/anie.201609080,2017.0
56438903300.0,Luciane Aparecida Pascucci Sande,De Souza,female,Medical and Health Sciences,10.4025/actascihealthsci.v39i1.28868,2017.0
56438903300.0,Luciane Aparecida Pascucci Sande,de Souza,female,Medical and Health Sciences,10.1007/s10439-017-1908-3,2017.0
56412219300.0,Xu,Zhao,male,Natural Sciences,10.1016/j.apcatb.2018.05.054,2018.0
56412219300.0,Xu,Zhao,male,Natural Sciences,10.1016/j.jcat.2018.10.010,2018.0
56438903300.0,Luciane Aparecida Pascucci Sande,de Souza,female,Medical and Health Sciences,10.1080/10669817.2018.1467994,2018.0
56438903300.0,Luciane Aparecida Pascucci Sande,De Souza,female,Medical and Health Sciences,10.1590/S1808-185120191801187721,2019.0
56438903300.0,Luciane Aparecida Pascucci Sande,De Souza,female,Medical and Health Sciences,10.5114/hm.2020.91344,2020.0
56438903300.0,Luciane Aparecida Pascucci Sande,De Souza,female,Medical and Health Sciences,10.5114/hm.2020.89910,2020.0
55871121861.0,Krista,Reitenga,female,Natural Sciences,10.4056/sigs.4027757,2013.0
55871121861.0,Krista,Reitenga,female,Natural Sciences,10.4056/sigs.4348035,2013.0
55871121861.0,Krista G,Reitenga,female,Natural Sciences,10.1038/nprot.2014.034,2014.0
56083826900.0,Lisa,Ta,female,Medical and Health Sciences,10.2967/jnumed.114.141838,2014.0
56083826900.0,Lisa,Ta,female,Medical and Health Sciences,10.1084/jem.20131738,2014.0
56083826900.0,Lisa,Ta,female,Medical and Health Sciences,10.1084/jem.20131738,2014.0
56083826900.0,Lisa,Ta,female,Medical and Health Sciences,10.1016/j.cmet.2015.06.009,2015.0
56083826900.0,Lisa,Ta,female,Medical and Health Sciences,10.1158/1535-7163.MCT-15-0982,2016.0
55871121861.0,Krista G.,Reitenga,female,Natural Sciences,10.1128/genomeA.00132-15,2016.0
55871121861.0,Krista G.,Reitenga,female,Natural Sciences,10.1128/genomeA.00132-15,2016.0
56083826900.0,Lisa,Ta,female,Medical and Health Sciences,10.1038/nm.4418,2017.0
56083826900.0,Lisa,Ta,female,Medical and Health Sciences,10.1158/0008-5472.CAN-17-2429,2018.0
57193203383.0,Nataliya Petrovna,Shok,female,Humanities,10.17720/2409-5834.v1.1.2014.14k,2014.0
57193203383.0,Nataliya P.,Shok,female,Humanities,10.17720/2409-5834.v1.2.2014.30p,2014.0
57015104800.0,Begoña,Fuster,female,Social Sciences,10.1016/j.eswa.2015.11.022,2016.0
57193203383.0,Nataliya P.,Shok,female,Humanities,10.17720/2409-5834.v3.1.2016.05p,2016.0
57193203383.0,Nataliya P.,Shok,female,Humanities,10.17720/2409-5834.v3.4.2016.37z,2016.0
57193203383.0,Nataliya P.,Shok,female,Humanities,10.17720/2409-5834.v3.4.2016.37z,2016.0
57193203383.0,Nataliya Petrovna,Shok,female,Humanities,10.17720/2409-5834.v3.3.2016.24d,2016.0
57193203383.0,Nataliya Petrovna,Shok,female,Humanities,10.17720/2409-5834.v4.2.2017.09i,2017.0
57193203383.0,Nataliya P.,Shok,female,Humanities,10.17720/2409-5834.v4.3.2017.01a,2017.0
57193203383.0,Nataliya Petrovna.,Shok,female,Humanities,10.17720/2409-5834.v4.4.2017.01a,2017.0
57015104800.0,Begoña,Fuster,female,Social Sciences,10.1177/1354816618785536,2018.0
57193203383.0,Nataliya Petrovna,Shok,female,Humanities,10.3897/hmj.5.3.32483,2018.0
57193203383.0,Nataliya Petrovna,Shok,female,Humanities,10.3897/hmj.5.3.32483,2018.0
57015104800.0,Begoña,Fuster,female,Social Sciences,10.1016/j.strueco.2019.03.007,2019.0
57015104800.0,Begoña,Fuster-Garcia,female,Social Sciences,10.2217/cer-2018-0150,2019.0
57193203383.0,,Shok,female,Humanities,10.21638/spbu17.2019.406,2019.0
57193203383.0,Nataliya P.,Shok,female,Humanities,10.17720/2409-5834.v6.2.2019.08h,2019.0
57191923610.0,Hanna,Ćwiek,female,Natural Sciences,10.1016/j.ejbt.2014.07.005,2014.0
57191923610.0,Hanna,Ćwiek,female,Natural Sciences,10.1093/jxb/erv271,2015.0
57001871900.0,Xiaofang,Cao,male,Medical and Health Sciences,10.1086/686994,2016.0
57001871900.0,,Cao,male,Medical and Health Sciences,10.1111/aas.12596,2016.0
57001871900.0,Xiaofang,Cao,male,Medical and Health Sciences,10.1016/j.virol.2015.11.031,2016.0
57191923610.0,Hanna,Ćwiek-Kupczyńska,female,Natural Sciences,10.1186/s13007-016-0144-4,2016.0
57001871900.0,Xiaofang,Cao,male,Medical and Health Sciences,10.1371/journal.pgen.1006665,2017.0
57001871900.0,Xiaofang,Cao,male,Medical and Health Sciences,10.1038/s41598-017-10102-w,2017.0
57191923610.0,Hanna,Ćwiek-Kupczyńska,female,Natural Sciences,10.12688/f1000research.12234.2,2017.0
57191923610.0,Hanna,Ćwiek-Kupczyńska,female,Natural Sciences,10.5604/17331331.1234996,2017.0
57191923610.0,Hanna,Ćwiek-Kupczyńska,female,Natural Sciences,10.1186/s12864-019-5766-2,2019.0
57191923610.0,Hanna,Ćwiek-Kupczyńska,female,Natural Sciences,10.1111/jac.12324,2019.0
57191923610.0,Hanna,Ćwiek-Kupczynska,female,Natural Sciences,10.1371/journal.pone.0222375,2020.0
57191923610.0,Hanna,Ćwiek-Kupczyńska,female,Natural Sciences,10.1038/s41597-020-0409-7,2020.0
57190425390.0,Darwin Q.,Ye,male,Medical and Health Sciences,10.18632/oncotarget.10093,2016.0
57190425390.0,Darwin Q.,Ye,male,Medical and Health Sciences,10.18632/oncotarget.10093,2016.0
57189873667.0,Tonny J,Pedersen,male,Medical and Health Sciences,10.1080/17453674.2016.1197534,2016.0
57189873667.0,Tonny J,Pedersen,male,Medical and Health Sciences,10.1080/17453674.2016.1197534,2016.0
57190425390.0,Darwin Q.,Ye,male,Medical and Health Sciences,10.1182/blood-2015-07-660506,2016.0
57189873667.0,Tonny Jaeger,Pedersen,male,Medical and Health Sciences,,2017.0
57189873667.0,Tonny Jaeger,Pedersen,male,Medical and Health Sciences,,2017.0
57190425390.0,Darwin Q.,Ye,male,Medical and Health Sciences,10.1182/bloodadvances.2018016733,2018.0
55796331900.0,Shadi,Al-Halabi,male,Medical and Health Sciences,10.1111/echo.12468,2014.0
55796331900.0,Shadi,Al Halabi,male,Medical and Health Sciences,10.1016/j.cgh.2015.05.027,2015.0
55796331900.0,Shadi,Al Halabi,male,Medical and Health Sciences,10.1016/j.ajem.2015.04.068,2015.0
55796331900.0,Shadi,Al Halabi,male,Medical and Health Sciences,10.1016/j.jacep.2015.02.018,2015.0
55796331900.0,Shadi,Al Halabi,male,Medical and Health Sciences,10.1016/j.gie.2015.03.1980,2015.0
57191573090.0,Lin-Chong,Su,male,Medical and Health Sciences,10.1007/s10067-016-3383-x,2016.0
57191573090.0,Lin-Chong,Su,male,Medical and Health Sciences,10.1016/j.cca.2016.10.010,2016.0
55796331900.0,Shadi,Al Halabi,male,Medical and Health Sciences,10.1093/ehjqcco/qcv024,2016.0
57191573090.0,Lin-Chong,Su,male,Medical and Health Sciences,10.1111/1756-185X.13202,2017.0
57191573090.0,Lin-Chong,Su,male,Medical and Health Sciences,10.1111/1756-185X.13202,2017.0
57191573090.0,Lin-Chong,Su,male,Medical and Health Sciences,10.1007/s10067-017-3833-0,2017.0
57191573090.0,Lin-Chong,Su,male,Medical and Health Sciences,10.1007/s10067-017-3833-0,2017.0
57191573090.0,Linchong,Su,male,Medical and Health Sciences,10.1097/MD.0000000000008765,2017.0
57191573090.0,Linchong,Su,male,Medical and Health Sciences,10.1007/s10067-017-3612-y,2017.0
57191573090.0,Linchong,Su,male,Medical and Health Sciences,10.1007/s10067-017-3612-y,2017.0
57191573090.0,Lin-Chong,Su,male,Medical and Health Sciences,10.1016/j.autrev.2018.01.017,2018.0
57191573090.0,Lin-Chong,Su,male,Medical and Health Sciences,10.1016/j.autrev.2018.01.017,2018.0
57191573090.0,Lin-Chong,Su,male,Medical and Health Sciences,10.1016/j.intimp.2018.09.028,2018.0
57191573090.0,Linchong,Su,male,Medical and Health Sciences,10.1016/j.exphem.2017.12.013,2018.0
57191573090.0,Lin-Chong,Su,male,Medical and Health Sciences,10.1007/s10067-019-04728-6,2019.0
57191573090.0,Lin-Chong,Su,male,Medical and Health Sciences,10.1002/jcp.27834,2019.0
57191573090.0,Lin-Chong,Su,male,Medical and Health Sciences,10.1111/1756-185X.13539,2019.0
57191573090.0,Lin-Chong,Su,male,Medical and Health Sciences,10.1002/jcp.28818,2019.0
57191573090.0,Lin-Chong,Su,male,Medical and Health Sciences,10.1002/jcp.28946,2019.0
57191573090.0,Lin-Chong,Su,male,Medical and Health Sciences,10.1111/jcmm.14697,2019.0
57191573090.0,Lin-Chong,Su,male,Medical and Health Sciences,10.3389/fimmu.2019.02532,2019.0
57191573090.0,Lin-Chong,Su,male,Medical and Health Sciences,10.1111/1756-185X.13654,2019.0
57191573090.0,,Su,male,Medical and Health Sciences,10.1177/0961203319845476,2019.0
57191573090.0,Linchong,Su,male,Medical and Health Sciences,10.3389/fcimb.2019.00475,2020.0
57191573090.0,Linchong,Su,male,Medical and Health Sciences,10.3389/fcimb.2019.00475,2020.0
57191573090.0,Lin-Chong,Su,male,Medical and Health Sciences,10.1016/j.autrev.2020.102461,2020.0
42861590200.0,,Gama,female,Natural Sciences,10.1063/1.4807476,2013.0
42861590200.0,,Gama,female,Natural Sciences,10.1063/1.4807476,2013.0
56660002700.0,Atsushi,Yamada,male,Engineering and Technology,10.1299/jamdsm.7.233,2013.0
42861590200.0,,Gama,female,Natural Sciences,10.1016/j.rser.2014.05.018,2014.0
42861590200.0,,Gama,female,Natural Sciences,10.1504/IJEX.2015.068230,2015.0
42861590200.0,Amor,Gama,female,Natural Sciences,,2017.0
42861590200.0,,Gama,female,Natural Sciences,10.1080/01430750.2017.1303630,2018.0
42861590200.0,,Gama,female,Natural Sciences,10.1080/01430750.2017.1318778,2018.0
42861590200.0,,Gama,female,Natural Sciences,10.18186/journal-of-thermal-engineering.364866,2018.0
42861590200.0,,Gama,female,Natural Sciences,10.1016/j.est.2018.01.012,2018.0
42861590200.0,Amor,Gama,female,Natural Sciences,10.1080/14786451.2018.1527334,2019.0
42861590200.0,,Gama,female,Natural Sciences,10.1007/s10973-018-7811-9,2019.0
55475094500.0,Kaiming,Zhang,male,Natural Sciences,10.1080/07370652.2010.550599,2012.0
56763817800.0,,Mal'Tsev,male,Natural Sciences,10.1007/s10517-014-2538-5,2014.0
56763817800.0,Andrey V.,Maltsev,male,Natural Sciences,10.1016/j.neurobiolaging.2015.07.004,2015.0
55475094500.0,Kaiming,Zhang,male,Natural Sciences,10.1080/01932691.2014.942315,2015.0
55475094500.0,Kaiming,Zhang,male,Natural Sciences,10.1080/01932691.2014.916622,2015.0
55475094500.0,Kaiming,Zhang,male,Natural Sciences,10.1080/01932691.2014.916621,2015.0
55475094500.0,Kai-Ming,Zhang,male,Natural Sciences,10.1021/acs.inorgchem.6b01438,2016.0
55475094500.0,Kai-Ming,Zhang,male,Natural Sciences,10.1080/01932691.2016.1225507,2017.0
56763817800.0,,Maltsev,male,Natural Sciences,10.1134/S1607672917010197,2017.0
56763817800.0,,Maltsev,male,Natural Sciences,10.17116/jnevro20171174164-67,2017.0
56763817800.0,,Maltsev,male,Natural Sciences,10.1134/S0026893317020091,2017.0
56763817800.0,,Maltsev,male,Natural Sciences,10.7868/S0026898417020094,2017.0
56763817800.0,,Maltsev,male,Natural Sciences,10.1134/S1607672917010197,2017.0
55475094500.0,Kai-ming,Zhang,male,Natural Sciences,10.1080/01932691.2017.1379017,2018.0
55475094500.0,Kai-ming,Zhang,male,Natural Sciences,10.1080/01932691.2017.1379017,2018.0
55475094500.0,Kai-ming,Zhang,male,Natural Sciences,10.1016/j.molliq.2017.10.149,2018.0
55475094500.0,Kai-ming,Zhang,male,Natural Sciences,10.1016/j.molliq.2017.10.149,2018.0
55475094500.0,Kai-ming,Zhang,male,Natural Sciences,10.1080/01932691.2017.1394198,2018.0
55475094500.0,Kai-ming,Zhang,male,Natural Sciences,10.1016/j.molliq.2018.09.091,2018.0
55475094500.0,Kai-ming,Zhang,male,Natural Sciences,10.1016/j.molliq.2018.09.091,2018.0
56763817800.0,Andrey V.,Maltsev,male,Natural Sciences,10.1007/s10048-018-0553-9,2018.0
56763817800.0,,Maltsev,male,Natural Sciences,10.17116/jnevro201811809168,2018.0
55475094500.0,Kai-Ming,Zhang,male,Natural Sciences,10.1021/acs.inorgchem.8b03278,2019.0
55475094500.0,Kai-Ming,Zhang,male,Natural Sciences,10.1021/acs.inorgchem.8b03278,2019.0
56763817800.0,Andrey V.,Maltsev,male,Natural Sciences,10.1016/j.lssr.2018.11.003,2019.0
56763817800.0,,Maltsev,male,Natural Sciences,10.1134/S1062359019030075,2019.0
56763817800.0,Andrey,Maltsev,male,Natural Sciences,10.3233/JAD-180987,2019.0
55475094500.0,Kai-Ming,Zhang,male,Natural Sciences,10.1039/d0ra00270d,2020.0
56167768200.0,Iain A.,Stepek,male,Natural Sciences,10.1002/ejic.201301588,2014.0
56167768200.0,Iain A.,Stepek,male,Natural Sciences,10.1021/acs.joc.5b01846,2015.0
56830523900.0,Rachel C.,Nethery,female,Medical and Health Sciences,10.1016/j.healthplace.2015.08.009,2015.0
56167768200.0,Iain A.,Stepek,male,Natural Sciences,10.1002/ejic.201500924,2016.0
56830523900.0,Rachel C.,Nethery,female,Medical and Health Sciences,10.1152/ajplung.00392.2016,2017.0
56830523900.0,Rachel C.,Nethery,female,Medical and Health Sciences,10.1038/cddiscovery.2017.19,2017.0
56167768200.0,Iain A.,Stepek,male,Natural Sciences,10.1039/c6cc09675a,2017.0
56167768200.0,Iain A,Stepek,male,Natural Sciences,10.1016/j.cbpa.2018.03.014,2018.0
56167768200.0,Iain A.,Stepek,male,Natural Sciences,10.1039/c7sc05057g,2018.0
56830523900.0,,Nethery,female,Medical and Health Sciences,10.1111/1471-0528.14927,2018.0
56830523900.0,Rachel C.,Nethery,female,Medical and Health Sciences,10.1289/EHP2358,2018.0
56167768200.0,Iain A.,Stepek,male,Natural Sciences,10.1021/acschembio.9b00227,2019.0
56830523900.0,Rachel C.,Nethery,female,Medical and Health Sciences,10.1093/eurheartj/ehz200,2019.0
56830523900.0,Rachel C,Nethery,female,Medical and Health Sciences,10.1093/biostatistics/kxy016,2019.0
56830523900.0,Rachel C.,Nethery,female,Medical and Health Sciences,10.1214/18-AOAS1231,2019.0
56167768200.0,Iain A.,Stepek,male,Natural Sciences,10.1021/acs.jchemed.9b00812,2020.0
56830523900.0,Rachel C.,Nethery,female,Medical and Health Sciences,10.1016/j.envint.2020.105509,2020.0
41661072000.0,Marie,Anderzén,female,Social Sciences,10.1111/j.1467-9450.2011.00900.x,2012.0
57201633783.0,Alawiah,Ariffin,female,Natural Sciences,10.1016/j.rinp.2015.08.009,2015.0
57201633783.0,Alawiah,Ariffin,female,Natural Sciences,10.1016/j.apradiso.2018.02.025,2018.0
55368296200.0,Hala,Kandil,female,Medical and Health Sciences,10.4081/idr.2012.e32,2012.0
57206141626.0,Devon J.,Schatz,male,Natural Sciences,10.1002/anie.201307373,2014.0
55368296200.0,Hala,Kandil,female,Medical and Health Sciences,10.1097/MAT.0000000000000018,2014.0
55368296200.0,Hala,Kandil,female,Medical and Health Sciences,10.1136/bcr-2014-203562,2014.0
57206141626.0,Devon J.,Schatz,male,Natural Sciences,10.1002/anie.201503696,2015.0
57206141626.0,Devon J.,Schatz,male,Natural Sciences,10.1021/acs.joc.6b02350,2016.0
55368296200.0,Hala,Kandil,female,Medical and Health Sciences,10.1016/j.euf.2016.09.006,2016.0
55368296200.0,Hala,Kandil,female,Medical and Health Sciences,10.1111/1744-9987.12409,2016.0
55368296200.0,,Kandil,female,Medical and Health Sciences,10.1016/j.nmni.2016.09.016,2017.0
57206141626.0,Devon J.,Schatz,male,Natural Sciences,10.1021/jacs.8b09965,2018.0
57206141626.0,Devon J.,Schatz,male,Natural Sciences,10.1016/j.tet.2019.04.076,2019.0
57206141626.0,Devon J.,Schatz,male,Natural Sciences,10.1021/jacs.9b07346,2019.0
55311949900.0,Yangming,Peng,male,Agricultural Sciences,10.6041/j.issn.1000-1298.2012.06.032,2012.0
57213560378.0,Miguel Ángel,Muñoz,male,Natural Sciences,10.1088/0256-307X/31/10/104203,2014.0
7005957122.0,Gang,Nie,male,Natural Sciences,10.4304/jnw.8.1.100-107,2013.0
57215077193.0,Mary Jane,Welch,female,Social Sciences,10.1177/0898264314543472,2014.0
56856497900.0,Peng,Hou,male,Engineering and Technology,10.1109/TSTE.2015.2429912,2015.0
56856497900.0,Peng,Hou,male,Engineering and Technology,10.1049/iet-rpg.2015.0176,2016.0
56856497900.0,Peng,Hou,male,Engineering and Technology,10.1049/iet-rpg.2015.0052,2016.0
56856497900.0,Peng,Hou,male,Engineering and Technology,10.1049/iet-rpg.2015.0340,2016.0
56856497900.0,Peng,Hou,male,Engineering and Technology,10.1016/j.energy.2016.07.062,2016.0
56856497900.0,Peng,Hou,male,Engineering and Technology,10.1016/j.renene.2016.01.017,2016.0
57188823277.0,Zong,Hu,male,Natural Sciences,10.1021/acscatal.5b02617,2016.0
56856497900.0,Peng,Hou,male,Engineering and Technology,10.1109/TSTE.2015.2509647,2016.0
56856497900.0,Peng,Hou,male,Engineering and Technology,10.1016/j.jpowsour.2017.05.048,2017.0
56856497900.0,Peng,Hou,male,Engineering and Technology,10.1109/TSTE.2016.2614266,2017.0
56856497900.0,Peng,Hou,male,Engineering and Technology,10.1002/we.2077,2017.0
56856497900.0,Peng,Hou,male,Engineering and Technology,10.1016/j.apenergy.2016.11.083,2017.0
56856497900.0,Peng,Hou,male,Engineering and Technology,10.3390/en10070856,2017.0
56856497900.0,Peng,Hou,male,Engineering and Technology,10.1016/j.apenergy.2017.09.064,2017.0
56856497900.0,Peng,Hou,male,Engineering and Technology,10.1002/we.2116,2017.0
57188823277.0,Zong,Hu,male,Natural Sciences,10.11785/S1000-4343.20180406,2018.0
57188823277.0,Zong,Hu,male,Natural Sciences,10.1021/acs.est.8b03448,2018.0
57188823277.0,Zong,Hu,male,Natural Sciences,10.1016/j.apcatb.2017.08.068,2018.0
56856497900.0,Peng,Hou,male,Engineering and Technology,10.1109/TSTE.2017.2763939,2018.0
56856497900.0,Peng,Hou,male,Engineering and Technology,10.3390/app9020265,2019.0
56856497900.0,Peng,Hou,male,Engineering and Technology,10.1007/s40565-019-0550-5,2019.0
56856497900.0,Peng,Hou,male,Engineering and Technology,10.1016/j.apenergy.2019.113719,2019.0
56856497900.0,Peng,Hou,male,Engineering and Technology,10.1016/j.ijepes.2019.105631,2020.0
56808800600.0,Huan,Liu,male,Natural Sciences,10.1007/s13238-012-2919-3,2012.0
56808800600.0,Huan,Liu,male,Natural Sciences,10.1074/jbc.M113.518019,2013.0
35093855300.0,,Dhondt,male,Medical and Health Sciences,10.1111/eje.12144,2016.0
56808800600.0,Huan,Liu,male,Natural Sciences,10.15252/embr.201745180,2018.0
35093855300.0,Rutger,Dhondt,male,Medical and Health Sciences,10.1111/jcpe.13209,2020.0
56373265000.0,Nicholas,Woods,male,Medical and Health Sciences,10.1523/JNEUROSCI.0005-14.2014,2014.0
56714965600.0,Lauren,Richardson,female,Medical and Health Sciences,10.1016/j.ajic.2015.05.032,2015.0
56373265000.0,,Woods,male,Medical and Health Sciences,10.1111/ejn.13437,2016.0
56714965600.0,,Richardson,female,Medical and Health Sciences,10.1016/j.cmi.2015.12.012,2016.0
56373265000.0,Nicholas I.,Woods,male,Medical and Health Sciences,10.1523/JNEUROSCI.1737-17.2018,2018.0
56373265000.0,Nicholas I.,Woods,male,Medical and Health Sciences,10.1523/JNEUROSCI.1737-17.2018,2018.0
57197474172.0,Sandy,Wells,female,Social Sciences,10.1111/j.1365-2923.2012.04356.x,2012.0
57209790428.0,Xiaoli,Bao,female,Natural Sciences,10.1039/c2dt31944f,2013.0
57209790428.0,Xiaoli,Bao,female,Natural Sciences,10.1039/c2dt31944f,2013.0
57209790428.0,Xiaoli,Bao,female,Natural Sciences,10.1002/ejic.201301530,2014.0
57209790428.0,XiaoLi,Bao,female,Natural Sciences,10.1039/c5dt00762c,2015.0
57209790428.0,Xiaoli,Bao,female,Natural Sciences,10.1039/c6ce00170j,2016.0
57190856325.0,Amber S.,Zhou,female,Natural Sciences,10.1074/jbc.M114.575985,2014.0
57190856325.0,Amber S.,Zhou,female,Natural Sciences,10.1128/JVI.00803-16,2016.0
57191646245.0,,Wu,male,Natural Sciences,10.1021/acs.energyfuels.6b01466,2016.0
57191646245.0,,Wu,male,Natural Sciences,10.1021/acs.energyfuels.6b02457,2016.0
57191646245.0,,Wu,male,Natural Sciences,10.1021/acs.energyfuels.7b01632,2017.0
57191646245.0,Xiangji,Wu,male,Natural Sciences,10.1039/c8ra03366h,2018.0
57190856325.0,Amber S.,Zhou,female,Natural Sciences,10.1371/journal.pone.0206365,2018.0
57190856325.0,Amber S.,Zhou,female,Natural Sciences,10.1128/JVI.00443-19,2019.0
57190856325.0,Amber S.,Zhou,female,Natural Sciences,10.1016/j.ymthe.2019.01.004,2019.0
57190856325.0,Amber S.,Zhou,female,Natural Sciences,10.1016/j.celrep.2019.04.056,2019.0
57190856325.0,Amber S.,Zhou,female,Natural Sciences,10.1128/JVI.01653-18,2019.0
57190856325.0,Amber S.,Zhou,female,Natural Sciences,10.1126/scitranslmed.aau5409,2019.0
56392364800.0,,Hussain,male,Engineering and Technology,10.1016/j.jnucmat.2011.12.005,2012.0
56392364800.0,,Hussain,male,Engineering and Technology,10.1016/j.cryogenics.2014.06.008,2014.0
56984666400.0,Ping,Li,male,Natural Sciences,10.1155/2015/510319,2015.0
56984666400.0,Ping,Li,male,Natural Sciences,10.1155/2015/510319,2015.0
56392364800.0,,Hussain,male,Engineering and Technology,10.1007/s11661-014-2624-3,2015.0
56984666400.0,Ping,Li,male,Natural Sciences,10.1038/srep33650,2016.0
56984666400.0,Ping,Li,male,Natural Sciences,10.1038/srep33650,2016.0
56984666400.0,Ping,Li,male,Natural Sciences,10.1038/srep33650,2016.0
56392364800.0,,Hussain,male,Engineering and Technology,10.1016/j.jnucmat.2016.04.026,2016.0
56984666400.0,Ping,Li,male,Natural Sciences,10.1038/s41467-018-04025-x,2018.0
56984666400.0,Ping,Li,male,Natural Sciences,10.1038/s41467-018-04025-x,2018.0
56984666400.0,Ping,Li,male,Natural Sciences,10.3390/ijms19092609,2018.0
56984666400.0,Ping,Li,male,Natural Sciences,10.3390/ijms19092609,2018.0
56392364800.0,Md. Mozahir,Hussain,male,Engineering and Technology,10.1049/iet-epa.2017.0256,2018.0
56984666400.0,Ping,Li,male,Natural Sciences,10.1111/tpj.14478,2019.0
56984666400.0,Ping,Li,male,Natural Sciences,10.1111/tpj.14478,2019.0
56984666400.0,Ping,Li,male,Natural Sciences,10.1016/j.pld.2019.04.001,2019.0
56984666400.0,Ping,Li,male,Natural Sciences,10.1016/j.pld.2019.04.001,2019.0
56984666400.0,Ping,Li,male,Natural Sciences,10.3389/fgene.2019.00055,2019.0
56984666400.0,Ping,Li,male,Natural Sciences,10.3389/fgene.2019.00055,2019.0
57189869631.0,Paloma Marques,Santos,female,Natural Sciences,10.15560/9.3.696,2013.0
57189894591.0,Catherine D.,Ahmed,female,Medical and Health Sciences,10.1161/CIRCGENETICS.116.001381,2016.0
57189894591.0,Catherine D.,Ahmed,female,Medical and Health Sciences,10.1016/j.jacl.2016.07.011,2016.0
57189869631.0,Paloma Marques,Santos,female,Natural Sciences,10.1016/j.mambio.2016.06.003,2016.0
57189894591.0,Catherine D.,Ahmed,female,Medical and Health Sciences,10.1016/j.atherosclerosis.2017.10.006,2017.0
57189869631.0,Paloma M.,Santos,female,Natural Sciences,10.1002/ecy.1998,2017.0
57189894591.0,Catherine D.,Ahmed,female,Medical and Health Sciences,10.1016/j.jacc.2018.05.044,2018.0
57189894591.0,Catherine D,Ahmed,female,Medical and Health Sciences,10.1177/0017896917745567,2018.0
57189869631.0,Paloma Marques,Santos,female,Natural Sciences,10.1007/s10980-018-0673-5,2018.0
57189869631.0,Paloma Marques,Santos,female,Natural Sciences,10.1007/s10980-018-0673-5,2018.0
57189869631.0,Paloma M.,Santos,female,Natural Sciences,10.1177/1940082918789833,2018.0
57189869631.0,Paloma Marques,Santos,female,Natural Sciences,10.1016/j.biocon.2019.108264,2019.0
57189869631.0,Paloma Marques,Santos,female,Natural Sciences,10.1016/j.biocon.2019.108264,2019.0
57189869631.0,Paloma Marques,Santos,female,Natural Sciences,10.1016/j.biocon.2019.108264,2019.0
57189869631.0,Paloma Marques,Santos,female,Natural Sciences,10.1002/ecy.2525,2019.0
57189894591.0,Catherine D.,Ahmed,female,Medical and Health Sciences,10.1016/j.atherosclerosis.2019.08.007,2019.0
57189894591.0,Catherine D.,Ahmed,female,Medical and Health Sciences,10.1016/j.jacl.2020.02.001,2020.0
57189894591.0,Catherine D.,Ahmed,female,Medical and Health Sciences,10.1001/jamacardio.2019.5173,2020.0
57206469954.0,,Möller,male,Natural Sciences,10.1051/0004-6361/201118104,2012.0
57204222429.0,Sara,Imran Khan,female,Natural Sciences,10.1080/19443994.2016.1165148,2016.0
57206469954.0,Torsten,Möller,male,Natural Sciences,10.1051/0004-6361/201832577,2019.0
57206469954.0,Torsten,Möller,male,Natural Sciences,10.1051/0004-6361/201832577,2019.0
56037284500.0,,Paul,male,Natural Sciences,10.5194/angeo-32-91-2014,2014.0
56037284500.0,,Paul,male,Natural Sciences,10.1016/j.jastp.2014.05.001,2014.0
56199376100.0,Jiantao,Bao,male,Medical and Health Sciences,10.3760/cma.j.issn.1006-9801.2015.04.021,2015.0
56037284500.0,,Paul,male,Natural Sciences,10.1016/j.jastp.2015.11.011,2016.0
56037284500.0,Krishnendu Sekhar,Paul,male,Natural Sciences,10.1002/2016RS006076,2017.0
56037284500.0,,Paul,male,Natural Sciences,10.1002/2016RS005964,2017.0
56199376100.0,Jian Tao,Bao,male,Medical and Health Sciences,10.3760/cma.j.issn.1006-9801.2018.08.005,2018.0
57188633479.0,Yang,Deng,male,Natural Sciences,10.1016/j.ceramint.2016.03.207,2016.0
57216235825.0,Bo,Wang,male,Natural Sciences,10.1016/j.jmatprotec.2016.06.031,2016.0
57188633479.0,Yang,Deng,male,Natural Sciences,10.1016/j.ceramint.2017.03.209,2017.0
57188633479.0,Yang,Deng,male,Natural Sciences,10.1016/j.apsusc.2020.145508,2020.0
57188633479.0,Yang,Deng,male,Natural Sciences,10.1016/j.apsusc.2020.145508,2020.0
55681775500.0,Louise M.,Pascale,female,Social Sciences,10.17763/haer.83.1.1682237405v8325k,2013.0
54879388800.0,César E.,Escamilla Ocañas,male,Medical and Health Sciences,10.1016/j.jcyt.2013.11.002,2014.0
54879388800.0,César E.,Escamilla Ocañas,male,Medical and Health Sciences,10.5546/aap.2015.e14,2015.0
54879388800.0,César E.,Escamilla Ocañas,male,Medical and Health Sciences,10.1016/j.bmhimx.2015.06.001,2015.0
54879388800.0,César E.,Escamilla Ocañas,male,Medical and Health Sciences,10.1016/j.bmhimx.2015.06.001,2015.0
54879388800.0,César E.,Escamilla-Ocañas,male,Medical and Health Sciences,10.1007/s13760-017-0798-3,2017.0
54879388800.0,César E.,Escamilla-Ocañas,male,Medical and Health Sciences,10.1007/s13760-017-0798-3,2017.0
54879388800.0,Cesar E.,Escamilla-Ocañas,male,Medical and Health Sciences,10.1007/s10072-017-3028-0,2017.0
54879388800.0,César E.,Escamilla-Ocañas,male,Medical and Health Sciences,10.1016/j.cyto.2016.09.022,2017.0
54879388800.0,César E.,Escamilla-Ocañas,male,Medical and Health Sciences,10.1016/j.jstrokecerebrovasdis.2020.104789,2020.0
56510513000.0,He,Zhang,male,Natural Sciences,10.1016/j.matdes.2014.01.023,2014.0
56510513000.0,He,Zhang,male,Natural Sciences,10.13195/j.kzyjc.2014.0671,2015.0
55574624600.0,,Hernández,male,Natural Sciences,10.1016/j.spmi.2016.10.044,2016.0
56510513000.0,He,Zhang,male,Natural Sciences,10.11885/j.issn.1674-5086.2013.12.04.05,2016.0
55574624600.0,Ernesto M.,Hernández,male,Natural Sciences,10.1016/j.ijthermalsci.2017.04.011,2017.0
55574624600.0,Ernesto M.,Hernandez,male,Natural Sciences,10.2298/TSCI151114098H,2017.0
55574624600.0,Ernesto M.,Hernandez,male,Natural Sciences,10.2298/TSCI151218311O,2017.0
56510513000.0,He,Zhang,male,Natural Sciences,,2017.0
56510513000.0,He,Zhang,male,Natural Sciences,10.3390/mi8110340,2017.0
55574624600.0,Ernesto M.,Hernández,male,Natural Sciences,10.1063/1.5018803,2018.0
56510513000.0,He,Zhang,male,Natural Sciences,10.11885/j.issn.16745086.2018.03.18.01,2018.0
56510513000.0,He,Zhang,male,Natural Sciences,10.13695/j.cnki.12-1222/o3.2018.05.006,2018.0
56510513000.0,He,Zhang,male,Natural Sciences,10.1016/j.suscom.2017.08.002,2018.0
55574624600.0,Ernesto M.,Hernández-Cooper,male,Natural Sciences,10.1063/1.5100759,2019.0
55574624600.0,Ernesto M.,Hernández-Cooper,male,Natural Sciences,10.3390/molecules24071254,2019.0
55574624600.0,Ernesto Manuel,Hernández Cooper,male,Natural Sciences,10.1063/1.5086049,2019.0
55574624600.0,Ernesto Manuel,Hernández-Cooper,male,Natural Sciences,10.1016/j.ijbiomac.2019.11.242,2020.0
56510513000.0,He,Zhang,male,Natural Sciences,10.1007/s00521-019-04192-y,2020.0
56650434900.0,Jin Sun,Oh,male,Medical and Health Sciences,10.1016/j.gie.2014.12.011,2015.0
56650434900.0,Jin Sun,Oh,male,Medical and Health Sciences,10.1530/JOE-15-0117,2015.0
56650434900.0,Jin Sun,Oh,male,Medical and Health Sciences,10.1530/JOE-15-0117,2015.0
57044117300.0,Edsoulla,Chung,female,Social Sciences,10.1016/j.lcsi.2015.12.002,2016.0
56650434900.0,Jin Sun,Oh,male,Medical and Health Sciences,10.2337/db15-1624,2016.0
56650434900.0,Jin Sun,Oh,male,Medical and Health Sciences,10.2337/db15-1624,2016.0
57044117300.0,Edsoulla,Chung,female,Social Sciences,10.1007/s40299-018-0412-3,2018.0
56647398100.0,Jonathan,Ko,male,Engineering and Technology,10.1364/JOSAA.32.000964,2015.0
36813856600.0,Yoko,Kusuya,female,Natural Sciences,10.1128/genomeA.00834-15,2015.0
56647398100.0,Jonathan,Ko,male,Engineering and Technology,10.1364/OE.24.029852,2016.0
56647398100.0,Jonathan,Ko,male,Engineering and Technology,10.1364/OL.41.003169,2016.0
56647398100.0,Jonathan,Ko,male,Engineering and Technology,10.1364/OE.24.011975,2016.0
36813856600.0,Yoko,Kusuya,female,Natural Sciences,10.1128/genomeA.01568-15,2016.0
36813856600.0,Yoko,Kusuya,female,Natural Sciences,10.1186/s12864-016-2689-z,2016.0
56647398100.0,Jonathan,Ko,male,Engineering and Technology,10.1364/AO.56.003689,2017.0
36813856600.0,Yoko,Kusuya,female,Natural Sciences,10.1186/s12866-017-1009-3,2017.0
36813856600.0,Yoko,Kusuya,female,Natural Sciences,10.1007/s00294-017-0681-z,2017.0
36813856600.0,Yoko,Kusuya,female,Natural Sciences,10.1186/s12866-017-1009-3,2017.0
36813856600.0,Yoko,Kusuya,female,Natural Sciences,10.1186/s12864-017-4316-z,2017.0
56647398100.0,Jonathan,Ko,male,Engineering and Technology,10.1364/AO.57.002177,2018.0
56647398100.0,Jonathan,Ko,male,Engineering and Technology,10.1364/AO.57.002337,2018.0
36813856600.0,Yoko,Kusuya,female,Natural Sciences,10.3201/eid2410.180730,2018.0
36813856600.0,Yoko,Kusuya,female,Natural Sciences,10.1248/cpb.c18-00430,2018.0
36813856600.0,Yoko,Kusuya,female,Natural Sciences,10.3389/fmicb.2019.00854,2019.0
36813856600.0,Yoko,Kusuya,female,Natural Sciences,10.1128/MRA.01453-18,2019.0
56647398100.0,Jonathan,Ko,male,Engineering and Technology,10.1364/AO.59.000817,2020.0
56136019600.0,Ibrahim Y.,Abdel Messih,male,Medical and Health Sciences,10.2450/2012.0115-12,2014.0
57190618735.0,Maria,Firer,female,Medical and Health Sciences,10.1016/j.scienta.2015.01.034,2015.0
56136019600.0,Ibrahim Y.,Abdel-Messih,male,Medical and Health Sciences,10.3109/03630269.2015.1048808,2015.0
57190618735.0,Maria,Firer,female,Medical and Health Sciences,10.1111/epi.13498,2016.0
57190618735.0,Maria,Firer,female,Medical and Health Sciences,10.1002/jcph.873,2017.0
56136019600.0,Ibrahim Youssef,Abdel-Messih,male,Medical and Health Sciences,10.1007/s00277-019-03882-w,2020.0
55069897900.0,Nidhi,Karia,female,Medical and Health Sciences,10.1111/j.1540-8175.2012.01672.x,2012.0
55069897900.0,Nidhi,Karia,female,Medical and Health Sciences,10.1111/j.1540-8175.2012.01715.x,2012.0
55069897900.0,Nidhi,Karia,female,Medical and Health Sciences,10.1111/j.1540-8175.2011.01662.x,2012.0
55069897900.0,Nidhi M.,Karia,female,Medical and Health Sciences,10.1111/echo.12310,2013.0
57198822719.0,Na,Zhang,male,Natural Sciences,10.1016/j.bbrc.2016.10.010,2016.0
57196603727.0,Qiang,Xin,male,Natural Sciences,10.3901/JME.2012.11.153,2012.0
57150849400.0,Sara,Besharat,female,Medical and Health Sciences,10.4103/2008-322X.176892,2015.0
57150849400.0,Sara,Besharat,female,Medical and Health Sciences,10.5812/ijcm.81459,2018.0
26434352300.0,Sonja C.,Kassenboehmer,female,Social Sciences,10.1016/j.econlet.2012.05.013,2012.0
26434352300.0,Sonja C.,Kassenboehmer,female,Social Sciences,10.1016/j.econlet.2012.05.013,2012.0
26434352300.0,Sonja C.,Kassenboehmer,female,Social Sciences,10.1177/001979391406700203,2014.0
26434352300.0,Sonja C.,Kassenboehmer,female,Social Sciences,10.1080/09645292.2014.980398,2014.0
26434352300.0,Sonja C.,Kassenboehmer,female,Social Sciences,10.1016/j.jebo.2013.10.011,2014.0
26434352300.0,Sonja C.,Kassenboehmer,female,Social Sciences,10.1016/j.jebo.2013.10.011,2014.0
26434352300.0,Sonja C.,Kassenboehmer,female,Social Sciences,10.1111/1475-4932.12166,2015.0
26434352300.0,Sonja C.,Kassenboehmer,female,Social Sciences,10.1111/1475-4932.12166,2015.0
57212608148.0,Kai,Zheng,male,Natural Sciences,10.1117/1.JNP.10.016005,2016.0
57212608148.0,Kai,Zheng,male,Natural Sciences,10.1007/s10946-016-9572-x,2016.0
57212608148.0,Kai,Zheng,male,Natural Sciences,10.1063/1.4961467,2016.0
26434352300.0,Sonja C.,Kassenboehmer,female,Social Sciences,10.1016/j.jebo.2016.09.014,2016.0
26434352300.0,Sonja C.,Kassenboehmer,female,Social Sciences,10.1016/j.jebo.2016.09.014,2016.0
26434352300.0,Sonja C.,Kassenboehmer,female,Social Sciences,10.1016/j.jbankfin.2016.06.013,2016.0
26434352300.0,Sonja C.,Kassenboehmer,female,Social Sciences,10.1016/j.jbankfin.2016.06.013,2016.0
57212608148.0,Kai,Zheng,male,Natural Sciences,10.1080/01468030.2017.1316430,2017.0
26434352300.0,Sonja C.,Kassenboehmer,female,Social Sciences,10.1016/j.labeco.2016.12.005,2017.0
26434352300.0,Sonja C.,Kassenboehmer,female,Social Sciences,10.1016/j.labeco.2016.12.005,2017.0
26434352300.0,Sonja C.,Kassenboehmer,female,Social Sciences,10.1086/692016,2017.0
26434352300.0,Sonja C.,Kassenboehmer,female,Social Sciences,10.1016/j.joep.2016.12.005,2017.0
26434352300.0,Sonja C.,Kassenboehmer,female,Social Sciences,10.1016/j.joep.2016.12.005,2017.0
57212608148.0,Kai,Zheng,male,Natural Sciences,10.1364/OE.26.015819,2018.0
57212608148.0,Kai,Zheng,male,Natural Sciences,10.1002/adma.201803244,2018.0
57212608148.0,Kai,Zheng,male,Natural Sciences,10.1039/c8gc01390j,2018.0
26434352300.0,Sonja C.,Kassenboehmer,female,Social Sciences,10.1093/oep/gpy002,2018.0
26434352300.0,Sonja C.,Kassenboehmer,female,Social Sciences,10.1093/oep/gpy002,2018.0
57212608148.0,Kai,Zheng,male,Natural Sciences,10.1364/OE.27.037771,2019.0
57212608148.0,Kai,Zheng,male,Natural Sciences,10.1039/c9cc03223a,2019.0
57212608148.0,Kai,Zheng,male,Natural Sciences,10.1039/c8nr07290f,2019.0
57212608148.0,Kai,Zheng,male,Natural Sciences,10.1088/2053-1583/ab5546,2020.0
55521364000.0,Yuting,Liu,female,Natural Sciences,10.1063/1.4769904,2012.0
55521364000.0,Yuting,Liu,female,Natural Sciences,10.1063/1.4769904,2012.0
55210943900.0,Muhammed,Öz,male,Natural Sciences,10.1039/c2em30038a,2012.0
55521364000.0,Yuting,Liu,female,Natural Sciences,10.1063/1.4832861,2013.0
55521364000.0,Yuting,Liu,female,Natural Sciences,10.1063/1.4832861,2013.0
55210943900.0,,Oz,male,Natural Sciences,10.1007/s10854-012-0768-8,2013.0
55521364000.0,Yuting,Liu,female,Natural Sciences,10.1016/j.sna.2014.03.002,2014.0
55521364000.0,Yuting,Liu,female,Natural Sciences,10.1016/j.sna.2014.03.002,2014.0
55521364000.0,Yuting,Liu,female,Natural Sciences,10.1002/pssr.201308187,2014.0
55521364000.0,Yuting,Liu,female,Natural Sciences,10.1002/pssr.201308187,2014.0
55521364000.0,Yuting,Liu,female,Natural Sciences,10.1063/1.4905622,2015.0
55521364000.0,Yuting,Liu,female,Natural Sciences,10.1063/1.4905622,2015.0
55521364000.0,,Liu,female,Natural Sciences,10.1063/1.4956433,2016.0
55210943900.0,,Oz,male,Natural Sciences,10.1007/s10854-016-4867-9,2016.0
55210943900.0,Muhammed,Oz,male,Natural Sciences,10.1007/s10854-016-4655-6,2016.0
55210943900.0,,Oz,male,Natural Sciences,10.1007/s10854-015-3839-9,2016.0
55210943900.0,Muhammed,Öz,male,Natural Sciences,10.1002/crat.201500337,2016.0
55210943900.0,Muhammed,Oz,male,Natural Sciences,10.1002/crat.201600138,2016.0
55210943900.0,,Oz,male,Natural Sciences,10.1016/j.jallcom.2016.02.232,2016.0
55210943900.0,,Oz,male,Natural Sciences,10.1007/s10854-015-4022-z,2016.0
55521364000.0,,Liu,female,Natural Sciences,10.1063/1.4997834,2017.0
55210943900.0,,Oz,male,Natural Sciences,10.1007/s10854-017-7111-3,2017.0
55521364000.0,,Liu,female,Natural Sciences,10.1103/PhysRevB.98.054417,2018.0
55210943900.0,,Oz,male,Natural Sciences,10.1016/j.jallcom.2018.06.142,2018.0
55521364000.0,,Liu,female,Natural Sciences,10.1103/PhysRevB.99.054431,2019.0
55521364000.0,,Liu,female,Natural Sciences,10.1103/PhysRevApplied.12.034005,2019.0
55210943900.0,Muhammed,Öz,male,Natural Sciences,10.1007/s10904-019-01338-2,2020.0
35317937700.0,Yuxin,Huang,female,Natural Sciences,10.1007/s11280-011-0150-4,2012.0
35317937700.0,Yuxin,Huang,female,Natural Sciences,10.1007/s11280-011-0136-2,2012.0
55957060400.0,Eunsun,Kim,female,Natural Sciences,10.1016/j.bmcl.2013.11.040,2014.0
54942464700.0,Paola,Caputo,female,Medical and Health Sciences,10.2147/VHRM.S27552,2012.0
54942464700.0,Paola,Caputo,female,Medical and Health Sciences,10.1016/j.rmed.2011.12.016,2012.0
54942464700.0,Paola,Caputo,female,Medical and Health Sciences,10.5812/ijem.4020,2012.0
54942464700.0,Paola,Caputo,female,Medical and Health Sciences,10.2174/138161212803307527,2012.0
54942464700.0,Paola,Caputo,female,Medical and Health Sciences,10.1016/j.crohns.2013.02.001,2013.0
56623126500.0,Line Stjernholm,Tipsmark,female,Medical and Health Sciences,10.1186/s12885-015-1357-z,2015.0
56623126500.0,,Tipsmark,female,Medical and Health Sciences,10.1111/codi.13149,2016.0
54942464700.0,Paola,Caputo,female,Medical and Health Sciences,,2018.0
57193141585.0,Ji,Wu,female,Natural Sciences,10.1016/j.im.2015.06.001,2015.0
56554266000.0,Anne,Roessler,female,Natural Sciences,10.1016/j.bbagrm.2015.02.004,2015.0
57193141585.0,Ji,Wu,female,Natural Sciences,10.1016/j.neucom.2016.10.104,2017.0
57193141585.0,Ji,Wu,female,Natural Sciences,10.1080/10864415.2018.1441784,2018.0
57193141585.0,Ji,Wu,female,Natural Sciences,10.1016/j.im.2017.07.002,2018.0
57193141585.0,Ji,Wu,female,Natural Sciences,10.1108/IMDS-09-2017-0418,2019.0
57193141585.0,Ji,Wu,female,Natural Sciences,10.1016/j.im.2019.02.002,2019.0
57193141585.0,Ji,Wu,female,Natural Sciences,10.25300/MISQ/2019/14420,2019.0
56554266000.0,Anne E.,Roessler,female,Natural Sciences,10.1016/j.jtos.2019.02.006,2019.0
56554266000.0,Anne E.,Roessler,female,Natural Sciences,10.1152/ajpheart.00094.2018,2019.0
56247053500.0,Ji-Young,Hwang,female,Medical and Health Sciences,10.3746/pnf.2014.19.2.108,2014.0
56497379800.0,Dong,Han,male,Medical and Health Sciences,10.1371/journal.pone.0116774,2015.0
56247053500.0,Ji-Young,Hwang,female,Medical and Health Sciences,10.3746/jkfn.2016.45.11.1685,2016.0
56247053500.0,Ji-Young,Hwang,female,Medical and Health Sciences,10.3746/jkfn.2016.45.1.149,2016.0
56497379800.0,Dong,Han,male,Medical and Health Sciences,10.1080/10543406.2017.1399897,2018.0
56497379800.0,Dong,Han,male,Medical and Health Sciences,10.1080/10543406.2017.1399897,2018.0
56247053500.0,Ji-Young,Hwang,female,Medical and Health Sciences,10.1089/jmf.2018.4181,2018.0
56247053500.0,Ji-Young,Hwang,female,Medical and Health Sciences,10.3746/jkfn.2018.47.11.1128,2018.0
55308929000.0,Shuang,Gao,female,Natural Sciences,10.1109/LED.2012.2220953,2012.0
55308929000.0,Shuang,Gao,female,Natural Sciences,10.1002/adma.201201595,2012.0
55308929000.0,Shuang,Gao,female,Natural Sciences,10.1021/jp305482c,2012.0
55308929000.0,Shuang,Gao,female,Natural Sciences,10.1039/c2nr32743k,2013.0
55308929000.0,Shuang,Gao,female,Natural Sciences,10.1002/pssr.201307197,2013.0
55308929000.0,Shuang,Gao,female,Natural Sciences,10.1021/am303128h,2013.0
55308929000.0,Shuang,Gao,female,Natural Sciences,10.1088/0957-4484/24/33/335201,2013.0
55308929000.0,Shuang,Gao,female,Natural Sciences,10.1039/c3cp51894a,2013.0
55308929000.0,,Gao,female,Natural Sciences,10.1063/1.4802092,2013.0
55308929000.0,,Gao,female,Natural Sciences,10.1002/pssr.201206534,2013.0
55308929000.0,,Gao,female,Natural Sciences,10.1063/1.4816747,2013.0
55308929000.0,,Gao,female,Natural Sciences,10.1063/1.4791695,2013.0
55308929000.0,,Gao,female,Natural Sciences,10.1063/1.4812318,2013.0
55308929000.0,,Gao,female,Natural Sciences,10.1063/1.4812486,2013.0
55508346200.0,Maryam,Khodadadi,female,Engineering and Technology,10.1002/btpr.1788,2013.0
55508346200.0,Maryam,Khodadadi,female,Engineering and Technology,10.1016/j.jff.2012.11.015,2013.0
55508346200.0,Maryam,Khodadadi,female,Engineering and Technology,10.1007/s11746-012-2185-9,2013.0
55308929000.0,Shuang,Gao,female,Natural Sciences,10.1039/c3tc30575a,2013.0
55308929000.0,,Gao,female,Natural Sciences,10.1016/j.mser.2014.06.002,2014.0
55308929000.0,,Gao,female,Natural Sciences,10.1063/1.4893277,2014.0
55508346200.0,Maryam,Khodadadi,female,Engineering and Technology,10.1016/j.molcatb.2014.01.011,2014.0
55508346200.0,Maryam,Khodadadi,female,Engineering and Technology,10.1007/s11746-013-2377-y,2014.0
55508346200.0,Maryam,Khodadadi,female,Engineering and Technology,10.1016/j.molcatb.2014.08.005,2014.0
55308929000.0,Shuang,Gao,female,Natural Sciences,10.1021/nn502655u,2014.0
55308929000.0,,Gao,female,Natural Sciences,10.1039/c5cp00421g,2015.0
55308929000.0,Shuang,Gao,female,Natural Sciences,10.1038/srep15467,2015.0
55308929000.0,,Gao,female,Natural Sciences,10.1016/j.jnucmat.2014.10.085,2015.0
55308929000.0,Shuang,Gao,female,Natural Sciences,10.1039/c4nr06406b,2015.0
55308929000.0,Shuang,Gao,female,Natural Sciences,10.1039/c5cp01235j,2015.0
55308929000.0,,Gao,female,Natural Sciences,10.1038/srep18915,2016.0
55308929000.0,,Gao,female,Natural Sciences,10.1063/1.4941839,2016.0
55308929000.0,Shuang,Gao,female,Natural Sciences,10.1039/c6nr03169b,2016.0
55308929000.0,Shuang,Gao,female,Natural Sciences,10.1002/adfm.201504036,2016.0
55308929000.0,,Gao,female,Natural Sciences,10.1016/j.jallcom.2016.01.177,2016.0
55308929000.0,Shuang,Gao,female,Natural Sciences,10.11951/j.issn.1005-0299.20160401,2016.0
55308929000.0,Shuang,Gao,female,Natural Sciences,10.11951/j.issn.1005-0299.20160401,2016.0
55508346200.0,Maryam,Khodadadi,female,Engineering and Technology,10.1016/j.lwt.2015.07.070,2016.0
55308929000.0,Shuang,Gao,female,Natural Sciences,10.1016/j.apsusc.2017.01.025,2017.0
55308929000.0,Shuang,Gao,female,Natural Sciences,10.1002/adma.201702162,2017.0
55308929000.0,Shuang,Gao,female,Natural Sciences,10.1002/adma.201702162,2017.0
55308929000.0,Shuang,Gao,female,Natural Sciences,10.1088/1674-1056/26/6/067702,2017.0
55308929000.0,Shuang,Gao,female,Natural Sciences,10.1088/1674-1056/26/6/067702,2017.0
55308929000.0,Shuang,Gao,female,Natural Sciences,10.1002/adom.201600977,2017.0
55308929000.0,Shuang,Gao,female,Natural Sciences,10.1002/admt.201800131,2018.0
55308929000.0,Shuang,Gao,female,Natural Sciences,10.1002/admt.201800131,2018.0
55308929000.0,Shuang,Gao,female,Natural Sciences,10.1021/acsami.7b19586,2018.0
55308929000.0,Shuang,Gao,female,Natural Sciences,10.1021/acsami.7b19586,2018.0
55308929000.0,Shuang,Gao,female,Natural Sciences,10.1021/acssuschemeng.7b04845,2018.0
55308929000.0,Shuang,Gao,female,Natural Sciences,10.1063/1.5019774,2018.0
55308929000.0,Shuang,Gao,female,Natural Sciences,10.1002/cssc.201800180,2018.0
55308929000.0,Shuang,Gao,female,Natural Sciences,10.1111/jace.15347,2018.0
55308929000.0,Shuang,Gao,female,Natural Sciences,10.1016/j.matdes.2018.02.040,2018.0
55308929000.0,Shuang,Gao,female,Natural Sciences,10.1002/admt.201700384,2018.0
55308929000.0,Shuang,Gao,female,Natural Sciences,10.1016/j.jmst.2018.06.001,2018.0
55308929000.0,Shuang,Gao,female,Natural Sciences,10.1021/acsami.8b12853,2018.0
55308929000.0,Shuang,Gao,female,Natural Sciences,10.1021/acsanm.8b00719,2018.0
55308929000.0,Shuang,Gao,female,Natural Sciences,10.1021/acsnano.9b00340,2019.0
55308929000.0,Shuang,Gao,female,Natural Sciences,10.1021/acsnano.9b00340,2019.0
55308929000.0,Shuang,Gao,female,Natural Sciences,10.1557/mrc.2018.191,2019.0
55308929000.0,Shuang,Gao,female,Natural Sciences,10.1557/mrc.2018.191,2019.0
55308929000.0,Shuang,Gao,female,Natural Sciences,10.1002/aelm.201800854,2019.0
55308929000.0,Shuang,Gao,female,Natural Sciences,10.1002/aelm.201800854,2019.0
55308929000.0,Shuang,Gao,female,Natural Sciences,10.1016/j.jmst.2018.09.056,2019.0
55308929000.0,Shuang,Gao,female,Natural Sciences,10.1111/jace.16346,2019.0
55308929000.0,Shuang,Gao,female,Natural Sciences,10.1039/c8cs00614h,2019.0
55308929000.0,Shuang,Gao,female,Natural Sciences,10.1039/c8cs00614h,2019.0
55308929000.0,Shuang,Gao,female,Natural Sciences,10.1039/c8tc05759a,2019.0
55308929000.0,Shuang,Gao,female,Natural Sciences,10.1039/c8na00275d,2019.0
55308929000.0,Shuang,Gao,female,Natural Sciences,10.1021/acsami.9b10561,2019.0
55308929000.0,Shuang,Gao,female,Natural Sciences,10.1002/aelm.201901055,2020.0
55308929000.0,Shuang,Gao,female,Natural Sciences,10.11896/cldb.19100215,2020.0
55308929000.0,Shuang,Gao,female,Natural Sciences,10.11896/cldb.19100215,2020.0
55308929000.0,Shuang,Gao,female,Natural Sciences,10.1021/acsaem.9b01660,2020.0
56214902000.0,Bingwen,Feng,female,Natural Sciences,10.1007/s11042-014-2140-x,2015.0
56214902000.0,Bingwen,Feng,female,Natural Sciences,10.1109/TIFS.2014.2368364,2015.0
56214902000.0,Bingwen,Feng,female,Natural Sciences,10.1016/j.jvcir.2014.10.003,2015.0
56214902000.0,Bingwen,Feng,female,Natural Sciences,10.1016/j.image.2015.10.007,2016.0
56214902000.0,Bingwen,Feng,female,Natural Sciences,10.1016/j.image.2015.10.007,2016.0
56214902000.0,Bingwen,Feng,female,Natural Sciences,10.1007/978-3-319-31960-5_20,2016.0
57190230623.0,Hye-Jin,Park,female,Social Sciences,10.12963/csd.16332,2016.0
56214902000.0,Bingwen,Feng,female,Natural Sciences,10.1016/j.jvcir.2017.01.008,2017.0
56214902000.0,Bing-Wen,Feng,female,Natural Sciences,10.11959/j.issn.1000-436x.2017095,2017.0
56214902000.0,Bingwen,Feng,female,Natural Sciences,10.4018/IJDCF.2018010105,2018.0
56214902000.0,Bingwen,Feng,female,Natural Sciences,10.3970/cmc.2018.055.059,2018.0
56214902000.0,Bingwen,Feng,female,Natural Sciences,10.1109/TCSVT.2018.2852702,2019.0
56214902000.0,Bingwen,Feng,female,Natural Sciences,10.1109/TCSVT.2018.2852702,2019.0
56214902000.0,Bingwen,Feng,female,Natural Sciences,10.19665/j.issn1001-2400.2019.06.021,2019.0
56214902000.0,Bingwen,Feng,female,Natural Sciences,10.19665/j.issn1001-2400.2019.06.021,2019.0
56214902000.0,Bingwen,Feng,female,Natural Sciences,10.19665/j.issn1001-2400.2019.06.021,2019.0
56214902000.0,Bingwen,Feng,female,Natural Sciences,10.19665/j.issn1001-2400.2019.06.021,2019.0
57206950246.0,Jinhai,Chen,male,Natural Sciences,10.1016/j.ijhydene.2014.05.062,2014.0
57206950246.0,Jinhai,Chen,male,Natural Sciences,10.1016/j.apcatb.2014.06.021,2014.0
56442968400.0,Feifei,Zhang,female,Medical and Health Sciences,10.1158/1078-0432.CCR-14-0485,2014.0
57206950246.0,Jinhai,Chen,male,Natural Sciences,10.1016/j.apcatb.2015.05.042,2015.0
56442968400.0,,Zhang,female,Medical and Health Sciences,10.1038/onc.2014.148,2015.0
56442968400.0,Fei-Fei,Zhang,female,Medical and Health Sciences,10.15252/embr.201540536,2015.0
56442968400.0,Feifei,Zhang,female,Medical and Health Sciences,10.1186/s13075-015-0632-3,2015.0
56442968400.0,Feifei,Zhang,female,Medical and Health Sciences,10.1002/art.39398,2015.0
56442968400.0,Feifei,Zhang,female,Medical and Health Sciences,10.18632/oncotarget.4217,2015.0
56442968400.0,FeiFei,Zhang,female,Medical and Health Sciences,10.1007/s11427-015-4925-1,2015.0
56442968400.0,FeiFei,Zhang,female,Medical and Health Sciences,10.1007/s11427-015-4925-1,2015.0
56442968400.0,Feifei,Zhang,female,Medical and Health Sciences,10.18632/oncotarget.9520,2016.0
56442968400.0,Feifei,Zhang,female,Medical and Health Sciences,10.1186/s13045-016-0350-6,2016.0
56442968400.0,Feifei,Zhang,female,Medical and Health Sciences,10.1016/j.canlet.2016.01.037,2016.0
56442968400.0,Feifei,Zhang,female,Medical and Health Sciences,10.1016/j.canlet.2016.03.024,2016.0
56442968400.0,Feifei,Zhang,female,Medical and Health Sciences,10.1038/srep25631,2016.0
56442968400.0,Fei-Fei,Zhang,female,Medical and Health Sciences,10.3748/wjg.v22.i39.8735,2016.0
56442968400.0,Feifei,Zhang,female,Medical and Health Sciences,10.1016/j.jaut.2016.07.012,2016.0
56442968400.0,Feifei,Zhang,female,Medical and Health Sciences,10.1016/j.jaut.2016.07.012,2016.0
56442968400.0,Feifei,Zhang,female,Medical and Health Sciences,10.1038/srep26112,2016.0
56442968400.0,Feifei,Zhang,female,Medical and Health Sciences,10.1172/JCI87105,2016.0
56442968400.0,Fei-Fei,Zhang,female,Medical and Health Sciences,10.1093/carcin/bgw089,2016.0
56442968400.0,Feifei,Zhang,female,Medical and Health Sciences,10.1038/s41419-017-0048-x,2017.0
56442968400.0,Feifei,Zhang,female,Medical and Health Sciences,10.3324/haematol.2016.151555,2017.0
56442968400.0,Feifei,Zhang,female,Medical and Health Sciences,10.1186/s12943-018-0823-z,2018.0
56442968400.0,Feifei,Zhang,female,Medical and Health Sciences,10.1186/s12935-018-0641-9,2018.0
56442968400.0,Feifei,Zhang,female,Medical and Health Sciences,10.3892/ol.2018.8854,2018.0
56442968400.0,Feifei,Zhang,female,Medical and Health Sciences,10.1016/j.celrep.2018.03.140,2018.0
56442968400.0,Feifei,Zhang,female,Medical and Health Sciences,10.1016/j.celrep.2018.03.140,2018.0
56442968400.0,Feifei,Zhang,female,Medical and Health Sciences,10.1172/JCI93198,2018.0
56442968400.0,Feifei,Zhang,female,Medical and Health Sciences,10.1186/s13046-018-0821-4,2018.0
56442968400.0,Feifei,Zhang,female,Medical and Health Sciences,10.1186/s13046-018-0821-4,2018.0
56442968400.0,Feifei,Zhang,female,Medical and Health Sciences,10.1016/j.ebiom.2019.05.003,2019.0
56442968400.0,Feifei,Zhang,female,Medical and Health Sciences,10.1016/j.ebiom.2019.05.003,2019.0
56442968400.0,Feifei,Zhang,female,Medical and Health Sciences,10.3892/ol.2019.10473,2019.0
56442968400.0,Feifei,Zhang,female,Medical and Health Sciences,10.3892/ol.2019.10473,2019.0
56442968400.0,Feifei,Zhang,female,Medical and Health Sciences,10.1155/2019/7695768,2019.0
56442968400.0,Feifei,Zhang,female,Medical and Health Sciences,10.21037/tcr.2019.10.30,2019.0
56442968400.0,Feifei,Zhang,female,Medical and Health Sciences,10.1016/j.omto.2020.03.015,2020.0
56442968400.0,Feifei,Zhang,female,Medical and Health Sciences,10.1016/j.omto.2020.03.015,2020.0
56442968400.0,Feifei,Zhang,female,Medical and Health Sciences,10.2147/CMAR.S232632,2020.0
6504437833.0,Dave,Degrace,male,Natural Sciences,10.1002/gcc.20939,2012.0
57051770200.0,Qi,Li,male,Medical and Health Sciences,10.1016/j.cellimm.2016.01.007,2016.0
35332858700.0,,Schoemaker,female,Medical and Health Sciences,10.1111/j.1399-3038.2011.01254.x,2012.0
55776923900.0,Yueqiang,Wang,male,Natural Sciences,10.1016/j.ibmb.2013.05.002,2013.0
55776923900.0,Yueqiang,Wang,male,Natural Sciences,10.1016/j.ibmb.2013.05.002,2013.0
35332858700.0,,Schoemaker,female,Medical and Health Sciences,10.1007/s10995-014-1480-5,2014.0
55776923900.0,,Wang,male,Natural Sciences,10.1111/imb.12125,2014.0
55776923900.0,,Wang,male,Natural Sciences,10.1111/imb.12125,2014.0
55776923900.0,Yueqiang,Wang,male,Natural Sciences,10.1016/j.ibmb.2014.10.003,2014.0
55776923900.0,Yueqiang,Wang,male,Natural Sciences,10.1016/j.ibmb.2014.10.003,2014.0
55776923900.0,Yueqiang,Wang,male,Natural Sciences,10.1016/j.ibmb.2014.07.007,2014.0
55776923900.0,,Wang,male,Natural Sciences,10.1111/imb.12102,2014.0
55776923900.0,,Wang,male,Natural Sciences,10.1111/imb.12102,2014.0
35332858700.0,,Schoemaker,female,Medical and Health Sciences,,2014.0
35332858700.0,,Schoemaker,female,Medical and Health Sciences,10.1111/all.12630,2015.0
35332858700.0,,Schoemaker,female,Medical and Health Sciences,10.1111/all.12801,2016.0
55776923900.0,Yueqiang,Wang,male,Natural Sciences,10.1016/j.ibmb.2016.03.006,2016.0
55776923900.0,Yueqiang,Wang,male,Natural Sciences,10.1128/JVI.02465-16,2017.0
35332858700.0,Ana A.,Schoemaker,female,Medical and Health Sciences,10.1016/j.jaip.2019.11.040,2020.0
55277569100.0,Ziling,Zeng,female,Medical and Health Sciences,10.3233/JAD-2011-111328,2012.0
55277569100.0,Ziling,Zeng,female,Medical and Health Sciences,10.1007/s00213-014-3629-8,2014.0
55277569100.0,Ziling,Zeng,female,Medical and Health Sciences,10.1016/j.neuropharm.2014.07.020,2014.0
55277569100.0,Ziling,Zeng,female,Medical and Health Sciences,10.1016/j.neuropharm.2014.07.020,2014.0
55277569100.0,Zi-Ling,Zeng,female,Medical and Health Sciences,10.3969/j.issn.1672-8467.2015.01.002,2015.0
6603050680.0,,Barakat,male,Engineering and Technology,10.1016/j.ifacol.2016.07.781,2016.0
6603050680.0,Oussama,Barakat,male,Engineering and Technology,10.1016/j.ifacol.2016.07.657,2016.0
6603050680.0,,Barakat,male,Engineering and Technology,10.1016/j.ifacol.2017.08.910,2017.0
6603050680.0,,Barakat,male,Engineering and Technology,10.1016/j.ifacol.2017.08.1907,2017.0
55277569100.0,Ziling,Zeng,female,Medical and Health Sciences,10.1007/s11064-017-2321-x,2017.0
55277569100.0,Zi-ling,Zeng,female,Medical and Health Sciences,10.1016/j.jns.2017.04.007,2017.0
55277569100.0,Ziling,Zeng,female,Medical and Health Sciences,10.1016/j.intimp.2017.07.009,2017.0
6603050680.0,,Barakat,male,Engineering and Technology,10.1016/j.ifacol.2018.08.308,2018.0
6603050680.0,Oussama,Barakat,male,Engineering and Technology,10.1016/j.orhc.2018.01.004,2018.0
6603050680.0,,Barakat,male,Engineering and Technology,10.1016/j.ifacol.2018.08.306,2018.0
55277569100.0,Zi-ling,Zeng,female,Medical and Health Sciences,10.1016/j.jns.2017.12.034,2018.0
55277569100.0,,Zeng,female,Medical and Health Sciences,10.1007/s12603-017-0894-3,2018.0
55277569100.0,Ziling,Zeng,female,Medical and Health Sciences,10.1159/000492179,2018.0
6603050680.0,Oussama,Barakat,male,Engineering and Technology,10.1080/03081060.2019.1622254,2019.0
6603050680.0,Oussama,Barakat,male,Engineering and Technology,10.1016/j.swevo.2019.02.009,2019.0
6603050680.0,Oussama,Barakat,male,Engineering and Technology,10.1016/j.swevo.2018.08.014,2019.0
55277569100.0,Ziling,Zeng,female,Medical and Health Sciences,10.1016/j.neulet.2018.12.003,2019.0
55277569100.0,Ziling,Zeng,female,Medical and Health Sciences,10.1007/s13365-019-00816-0,2019.0
55773263200.0,Hao,Yu,male,Medical and Health Sciences,10.1007/s00276-011-0850-6,2012.0
55773263200.0,Hao,Yu,male,Medical and Health Sciences,10.1016/j.ebcr.2013.03.001,2013.0
55773263200.0,Hao,Yu,male,Medical and Health Sciences,10.1371/journal.pone.0091444,2014.0
55773263200.0,Hao,Yu,male,Medical and Health Sciences,,2014.0
57188625100.0,Samuel,Kleinhans,male,Medical and Health Sciences,10.3109/08958378.2016.1150368,2016.0
57188625100.0,Samuel,Kleinhans,male,Medical and Health Sciences,10.1016/j.envpol.2019.113518,2020.0
55006290700.0,Yue,Xi,male,Engineering and Technology,10.1016/j.ijpe.2012.01.026,2012.0
55006290700.0,Yue,Xi,male,Engineering and Technology,10.1007/s00170-013-4774-7,2013.0
56654874600.0,Gvs,Murthy,male,Medical and Health Sciences,10.1111/cxo.12286,2015.0
56654874600.0,,Murthy,male,Medical and Health Sciences,10.1186/s12874-015-0086-y,2015.0
56654874600.0,,Murthy,male,Medical and Health Sciences,10.1186/s12874-015-0086-y,2015.0
56654874600.0,,Murthy,male,Medical and Health Sciences,10.1136/bmjinnov-2015-000056,2015.0
56654874600.0,,Murthy,male,Medical and Health Sciences,10.1136/bmjinnov-2015-000042,2015.0
55006290700.0,Yue,Xi,male,Engineering and Technology,10.1007/s00170-015-6834-7,2015.0
56654874600.0,,Murthy,male,Medical and Health Sciences,10.1136/injuryprev-2015-041854,2016.0
56654874600.0,,Murthy,male,Medical and Health Sciences,10.1136/injuryprev-2015-041854,2016.0
56654874600.0,,Murthy,male,Medical and Health Sciences,10.1136/bmjopen-2015-009243,2016.0
56654874600.0,,Murthy,male,Medical and Health Sciences,10.4103/2230-8210.179768,2016.0
56654874600.0,,Murthy,male,Medical and Health Sciences,10.4103/2230-8210.179768,2016.0
56654874600.0,,Murthy,male,Medical and Health Sciences,10.1371/journal.pone.0159793,2016.0
56654874600.0,,Murthy,male,Medical and Health Sciences,10.1186/s12884-016-1113-7,2016.0
56654874600.0,,Murthy,male,Medical and Health Sciences,10.1186/s12884-016-1113-7,2016.0
56654874600.0,,Murthy,male,Medical and Health Sciences,10.1016/j.dhjo.2016.05.010,2016.0
56654874600.0,,Murthy,male,Medical and Health Sciences,10.1016/j.dhjo.2016.05.010,2016.0
56654874600.0,,Murthy,male,Medical and Health Sciences,10.1186/s12884-016-1088-4,2016.0
56654874600.0,,Murthy,male,Medical and Health Sciences,10.1186/s12884-016-1088-4,2016.0
56654874600.0,Gvs,Murthy,male,Medical and Health Sciences,10.1186/s12877-017-0544-y,2017.0
56654874600.0,Gvs,Murthy,male,Medical and Health Sciences,10.1186/s12877-017-0544-y,2017.0
56654874600.0,Gvs,Murthy,male,Medical and Health Sciences,10.1136/bmjopen-2016-015077,2017.0
56654874600.0,Gvs,Murthy,male,Medical and Health Sciences,10.1136/bmjopen-2016-015077,2017.0
56654874600.0,,Murthy,male,Medical and Health Sciences,10.3390/su9040604,2017.0
56654874600.0,,Murthy,male,Medical and Health Sciences,10.3390/su9040604,2017.0
56654874600.0,,Murthy,male,Medical and Health Sciences,10.5463/DCID.v28i2.615,2017.0
56654874600.0,,Murthy,male,Medical and Health Sciences,10.1080/09286586.2017.1418386,2018.0
56654874600.0,,Murthy,male,Medical and Health Sciences,10.1080/09286586.2017.1418386,2018.0
56654874600.0,,Murthy,male,Medical and Health Sciences,10.1136/bmjopen-2017-020098,2018.0
56654874600.0,,Murthy,male,Medical and Health Sciences,10.1136/bmjopen-2017-020098,2018.0
56654874600.0,Gvs,Murthy,male,Medical and Health Sciences,10.1136/bmjopen-2017-019443,2018.0
56654874600.0,,Murthy,male,Medical and Health Sciences,10.12688/wellcomeopenres.14830.1,2018.0
56654874600.0,,Murthy,male,Medical and Health Sciences,,2019.0
56654874600.0,,Murthy,male,Medical and Health Sciences,,2019.0
56654874600.0,,Murthy,male,Medical and Health Sciences,10.3390/ijerph16203854,2019.0
56654874600.0,,Murthy,male,Medical and Health Sciences,10.3390/ijerph16203854,2019.0
56654874600.0,,Murthy,male,Medical and Health Sciences,10.4103/ijo.IJO_21_19,2020.0
56654874600.0,,Murthy,male,Medical and Health Sciences,10.4103/ijo.IJO_2028_19,2020.0
56654874600.0,,Murthy,male,Medical and Health Sciences,10.4103/ijo.IJO_1851_19,2020.0
56654874600.0,,Murthy,male,Medical and Health Sciences,10.4103/ijo.IJO_2119_19,2020.0
56654874600.0,,Murthy,male,Medical and Health Sciences,10.4103/ijo.IJO_33_19,2020.0
56654874600.0,,Murthy,male,Medical and Health Sciences,10.4103/ijo.IJO_1948_19,2020.0
56654874600.0,,Murthy,male,Medical and Health Sciences,10.4103/ijo.IJO_2080_19,2020.0
56654874600.0,,Murthy,male,Medical and Health Sciences,10.4103/ijo.IJO_1943_19,2020.0
56654874600.0,,Murthy,male,Medical and Health Sciences,10.4103/ijo.IJO_1818_19,2020.0
56654874600.0,,Murthy,male,Medical and Health Sciences,10.4103/ijo.IJO_2118_19,2020.0
56654874600.0,,Murthy,male,Medical and Health Sciences,10.1186/s12889-020-8192-0,2020.0
56654874600.0,,Murthy,male,Medical and Health Sciences,10.4103/ijo.IJO_1928_19,2020.0
56654874600.0,,Murthy,male,Medical and Health Sciences,10.4103/ijo.IJO_1934_19,2020.0
56654874600.0,,Murthy,male,Medical and Health Sciences,10.4103/ijo.IJO_1964_19,2020.0
56654874600.0,,Murthy,male,Medical and Health Sciences,10.4103/ijo.IJO_1859_19,2020.0
56654874600.0,,Murthy,male,Medical and Health Sciences,10.4103/ijo.IJO_1966_19,2020.0
56654874600.0,,Murthy,male,Medical and Health Sciences,10.4103/ijo.IJO_1819_19,2020.0
56654874600.0,,Murthy,male,Medical and Health Sciences,10.4103/ijo.IJO_1827_19,2020.0
57212748066.0,Mengmeng,Han,male,Engineering and Technology,10.3788/CJL201441.0402008,2014.0
56754362400.0,Yi-Wei,Lu,male,Natural Sciences,10.3109/19401736.2015.1018231,2016.0
56982543400.0,Shari,Erickson,female,Medical and Health Sciences,10.7326/M15-0571,2015.0
55890245300.0,Congxi,Wen,female,Engineering and Technology,10.1007/978-3-319-13707-0_96,2015.0
55890245300.0,Congxi,Wen,female,Engineering and Technology,10.16081/j.issn.1006-6047.2015.05.006,2015.0
55890245300.0,Congxi,Wen,female,Engineering and Technology,10.13336/j.1003-6520.hve.20160405008,2016.0
56982543400.0,Shari M.,Erickson,female,Medical and Health Sciences,10.7326/M16-2697,2017.0
56982543400.0,Shari M.,Erickson,female,Medical and Health Sciences,10.7326/M17-3344,2018.0
56982543400.0,Shari M.,Erickson,female,Medical and Health Sciences,10.7326/M17-3344,2018.0
56982543400.0,Shari,Erickson,female,Medical and Health Sciences,10.1001/jamacardio.2017.4308,2018.0
56982543400.0,Shari M.,Erickson,female,Medical and Health Sciences,10.7326/M19-2407,2020.0
55440135600.0,Julia R.,Lippman,female,Social Sciences,10.1177/0743558412447853,2012.0
56684600600.0,Tiffany,Sinclair,female,Medical and Health Sciences,10.1007/s10620-014-3239-7,2014.0
56684600600.0,Tiffany,Sinclair,female,Medical and Health Sciences,10.1016/j.jpedsurg.2015.05.015,2015.0
56684600600.0,Tiffany,Sinclair,female,Medical and Health Sciences,10.1089/lap.2015.0462,2016.0
56684600600.0,Tiffany J.C.,Sinclair,female,Medical and Health Sciences,10.1016/j.epsc.2016.04.013,2016.0
55440135600.0,Julia R.,Lippman,female,Social Sciences,10.1177/2167696815623686,2016.0
55440135600.0,Julia,Lippman,female,Social Sciences,10.1007/s11199-016-0588-z,2016.0
55440135600.0,Julia R.,Lippman,female,Social Sciences,10.1177/0361684316677028,2017.0
55440135600.0,Julia R.,Lippman,female,Social Sciences,10.1007/s11199-017-0754-y,2017.0
55440135600.0,Julia R.,Lippman,female,Social Sciences,10.1089/cyber.2016.0247,2017.0
56684600600.0,Tiffany J.,Sinclair,female,Medical and Health Sciences,10.1007/s00383-016-4027-6,2017.0
56684600600.0,Tiffany J.,Sinclair,female,Medical and Health Sciences,10.1007/s00383-017-4063-x,2017.0
56684600600.0,Tiffany J.,Sinclair,female,Medical and Health Sciences,10.1016/j.jpeds.2016.10.019,2017.0
55440135600.0,Julia R.,Lippman,female,Social Sciences,10.1177/0093650215570653,2018.0
55440135600.0,Julia R.,Lippman,female,Social Sciences,10.1177/0361684317737940,2018.0
56684600600.0,Tiffany J.,Sinclair,female,Medical and Health Sciences,10.1016/j.jpedsurg.2017.05.006,2018.0
56684600600.0,Tiffany J.,Sinclair,female,Medical and Health Sciences,10.1089/lap.2017.0168,2018.0
56684600600.0,Tiffany J.,Sinclair,female,Medical and Health Sciences,10.1089/lap.2017.0168,2018.0
56684600600.0,Tiffany J.,Sinclair,female,Medical and Health Sciences,10.1007/s00383-017-4216-y,2018.0
56684600600.0,Tiffany J.,Sinclair,female,Medical and Health Sciences,10.1016/j.jpedsurg.2017.07.023,2018.0
56684600600.0,Tiffany,Sinclair,female,Medical and Health Sciences,10.1007/s00383-018-4360-z,2018.0
56684600600.0,Tiffany J.,Sinclair,female,Medical and Health Sciences,10.1186/s12887-019-1456-0,2019.0
54792959700.0,Hajime,Iida,male,Medical and Health Sciences,10.3892/ijo.2011.1207,2012.0
54792959700.0,Hajime,Iida,male,Medical and Health Sciences,10.3892/ijo.2011.1207,2012.0
7003722787.0,Kate,Sebastian,female,Medical and Health Sciences,10.1016/j.humimm.2011.12.019,2012.0
54792959700.0,Hajime,Iida,male,Medical and Health Sciences,10.1371/journal.pone.0089885,2014.0
7003722787.0,Kate,Sebastian,female,Medical and Health Sciences,10.1016/j.jaip.2015.09.020,2016.0
56939574400.0,,Wang,male,Medical and Health Sciences,10.1111/j.1600-6143.2012.04203.x,2012.0
56939574400.0,,Wang,male,Medical and Health Sciences,10.1111/j.1600-6143.2012.04203.x,2012.0
56939574400.0,,Wang,male,Medical and Health Sciences,10.1016/j.transproceed.2012.02.036,2013.0
57006422500.0,,Lee,female,Engineering and Technology,10.1016/j.jmmm.2015.08.010,2015.0
56939574400.0,Sheng,Wang,male,Medical and Health Sciences,10.1681/ASN.2014080813,2015.0
57006422500.0,Hunju,Lee,female,Engineering and Technology,10.1109/TMAG.2018.2866680,2019.0
55953576300.0,Isabel Cristina Costa,Vigato-Ferreira,female,Medical and Health Sciences,10.3109/08916934.2014.921809,2014.0
55953576300.0,Isabel Cristina Costa,Vigato-Ferreira,female,Medical and Health Sciences,10.1016/j.humimm.2013.11.013,2014.0
57216399754.0,Li,Huang,male,Agricultural Sciences,10.1111/jmp.12084,2014.0
55953576300.0,Isabel Cristina,Vigato-Ferreira,female,Medical and Health Sciences,10.1017/S0031182016002584,2017.0
55953576300.0,Isabel Cristina,Vigato-Ferreira,female,Medical and Health Sciences,10.1017/S0031182016002584,2017.0
57197654040.0,David C.,DeMarco,male,Humanities,10.1515/zac-2013-0017,2013.0
57093437500.0,Anja,Bühler,female,Natural Sciences,10.1371/journal.pone.0150323,2016.0
57093437500.0,Anja,Bühler,female,Natural Sciences,10.1371/journal.pone.0167306,2016.0
57093437500.0,Anja,Bühler,female,Natural Sciences,10.3390/ijms17020187,2016.0
57093437500.0,Anja,Bühler,female,Natural Sciences,10.1242/dev.182865,2020.0
57195939169.0,Lili,Li,female,Engineering and Technology,10.1016/j.cej.2013.03.015,2013.0
57195939169.0,Lili,Li,female,Engineering and Technology,10.1002/chem.201303051,2013.0
57195939169.0,Lili,Li,female,Engineering and Technology,10.1016/j.jallcom.2013.08.028,2014.0
57195939169.0,Lili,Li,female,Engineering and Technology,10.1016/j.apcatb.2013.10.056,2014.0
57195939169.0,Lili,Li,female,Engineering and Technology,10.1039/c3nr06533b,2014.0
56643588400.0,Andrew J,Miller,male,Natural Sciences,10.2460/javma.246.10.1104,2015.0
56643588400.0,Andrew J,Miller,male,Natural Sciences,10.2460/javma.246.10.1104,2015.0
57195939169.0,Lili,Li,female,Engineering and Technology,10.1021/ie504114v,2015.0
57195939169.0,Lili,Li,female,Engineering and Technology,10.1016/j.jpowsour.2014.12.085,2015.0
57195939169.0,Lili,Li,female,Engineering and Technology,10.1016/j.jallcom.2015.03.176,2015.0
57195939169.0,Lili,Li,female,Engineering and Technology,10.1016/j.jpowsour.2015.06.056,2015.0
57195939169.0,Lili,Li,female,Engineering and Technology,10.1039/c5ra17427a,2015.0
57195939169.0,Lili,Li,female,Engineering and Technology,10.1039/c5ra17427a,2015.0
56643588400.0,Andrew,Miller,male,Natural Sciences,10.1021/acs.jproteome.7b00784,2018.0
57195939169.0,Lili,Li,female,Engineering and Technology,10.1016/j.jiec.2018.10.033,2019.0
57195939169.0,Lili,Li,female,Engineering and Technology,10.1016/j.jiec.2018.10.033,2019.0
56498123200.0,Xiaoguang,Liu,female,Natural Sciences,10.15980/j.tzzz.2014.12.005,2014.0
56498123200.0,Xiaoguang,Liu,female,Natural Sciences,,2014.0
55911112900.0,Astrid Febe,Brandner,female,Natural Sciences,10.1021/ct5007746,2015.0
55911112900.0,Astrid,Brandner,female,Natural Sciences,10.1016/j.bbrc.2017.09.086,2018.0
55911112900.0,Astrid,Brandner,female,Natural Sciences,10.1016/j.mito.2019.06.010,2019.0
55911112900.0,Astrid,Brandner,female,Natural Sciences,10.1016/j.mito.2019.06.010,2019.0
55911112900.0,Astrid,Brandner,female,Natural Sciences,10.1007/s00232-019-00089-y,2019.0
55911112900.0,Astrid,Brandner,female,Natural Sciences,10.1007/s00232-019-00089-y,2019.0
55911112900.0,Astrid,F. Brandner,female,Natural Sciences,10.1038/s41598-019-52760-y,2019.0
55911112900.0,Astrid,F. Brandner,female,Natural Sciences,10.1038/s41598-019-52760-y,2019.0
55179953500.0,Tara,Mullen,female,Natural Sciences,10.1080/00273171.2012.658329,2012.0
55568344200.0,Philipp,Heher,male,Medical and Health Sciences,10.1159/000345804,2013.0
55568344200.0,Philipp,Heher,male,Medical and Health Sciences,10.1039/c3md00101f,2013.0
55568344200.0,Philipp,Heher,male,Medical and Health Sciences,10.1159/000356663,2014.0
55568344200.0,Philipp,Heher,male,Medical and Health Sciences,10.1016/j.jcyt.2014.07.005,2014.0
55568344200.0,Philipp,Heher,male,Medical and Health Sciences,10.1016/j.jcyt.2014.07.005,2014.0
55568344200.0,Philipp,Heher,male,Medical and Health Sciences,10.1016/j.actbio.2015.06.033,2015.0
55568344200.0,Philipp,Heher,male,Medical and Health Sciences,10.1016/j.actbio.2015.06.033,2015.0
55568344200.0,Philipp,Heher,male,Medical and Health Sciences,10.1016/j.actbio.2015.06.033,2015.0
55568344200.0,Philipp,Heher,male,Medical and Health Sciences,10.1242/bio.014993,2016.0
55568344200.0,Philipp,Heher,male,Medical and Health Sciences,10.1242/bio.014993,2016.0
55568344200.0,Philipp,Heher,male,Medical and Health Sciences,10.1016/j.actbio.2016.04.041,2016.0
55568344200.0,Philipp,Heher,male,Medical and Health Sciences,10.1016/j.actbio.2016.04.041,2016.0
55568344200.0,Philipp,Heher,male,Medical and Health Sciences,10.1089/ten.tec.2016.0366,2017.0
55568344200.0,Philipp,Heher,male,Medical and Health Sciences,10.1080/17434440.2018.1526672,2018.0
55568344200.0,Philipp,Heher,male,Medical and Health Sciences,10.3389/fphys.2018.01130,2018.0
55568344200.0,Philipp,Heher,male,Medical and Health Sciences,10.3389/fphys.2018.01130,2018.0
55568344200.0,Philipp,Heher,male,Medical and Health Sciences,10.3389/fphys.2018.01130,2018.0
55568344200.0,Philipp,Heher,male,Medical and Health Sciences,10.1371/journal.pone.0209269,2018.0
55568344200.0,,Heher,male,Medical and Health Sciences,10.1016/j.addr.2017.12.007,2018.0
55568344200.0,Philipp,Heher,male,Medical and Health Sciences,10.1080/08941939.2018.1447619,2019.0
57196044898.0,Alexandra,Rodriguez,female,Natural Sciences,10.1016/j.ecoinf.2013.12.006,2014.0
57189905384.0,Gourav,Banerjee,male,Medical and Health Sciences,10.1136/bcr-2016-216439,2016.0
57189905384.0,Gourav,Banerjee,male,Medical and Health Sciences,10.1136/bcr-2016-216695,2017.0
57189905384.0,,Banerjee,male,Medical and Health Sciences,10.1080/09699260.2019.1668174,2019.0
57189905384.0,Gourav,Banerjee,male,Medical and Health Sciences,10.1371/journal.pone.0226109,2019.0
57189905384.0,Gourav,Banerjee,male,Medical and Health Sciences,10.1371/journal.pone.0229386,2020.0
54390176400.0,Kazuaki,Yamaguchi,male,Medical and Health Sciences,10.1002/hed.21944,2012.0
54390176400.0,Kazuaki,Yamaguchi,male,Medical and Health Sciences,10.1097/SCS.0b013e3182668581,2013.0
54390176400.0,Kazuaki,Yamaguchi,male,Medical and Health Sciences,,2013.0
54390176400.0,Kazuaki,Yamaguchi,male,Medical and Health Sciences,10.1016/j.bjps.2013.09.008,2014.0
54390176400.0,Kazuaki,Yamaguchi,male,Medical and Health Sciences,10.1097/SAP.0000000000000198,2015.0
57209524391.0,Wei,Liu,male,Natural Sciences,10.1016/j.jcrysgro.2016.09.035,2016.0
57209524391.0,Wei,Liu,male,Natural Sciences,10.1002/adom.201600856,2017.0
55976440900.0,Ibrahim A.M.,Salameh,male,Social Sciences,10.5539/ies.v6n10p124,2013.0
55976440900.0,Ibrahim Abdul-Ghani,Salameh,male,Social Sciences,10.7752/jpes.2013.04092,2013.0
55976440900.0,Ibrahim Abdul Ghani,Salameh,male,Social Sciences,10.5539/ies.v7n11p147,2014.0
55976440900.0,Ibrahim Abdul Ghani,Salameh,male,Social Sciences,10.5539/ass.v10n7p182,2014.0
55779873800.0,Wei,Tang,male,Medical and Health Sciences,10.1007/s13277-014-2253-x,2014.0
57198691100.0,Fang,Zhou,female,Natural Sciences,10.13227/j.hjkx.2015.06.029,2015.0
56840589000.0,Michael,Himmelfarb,male,Natural Sciences,10.1109/TMTT.2016.2600327,2016.0
56840589000.0,Michael,Himmelfarb,male,Natural Sciences,10.1109/TMTT.2015.2504500,2016.0
57198691100.0,Fang,Zhou,female,Natural Sciences,10.20964/2017.03.50,2017.0
57198691100.0,Fang,Zhou,female,Natural Sciences,10.13198/j.issn.1001-6929.2019.03.10,2019.0
57029724700.0,James F.,Larson,male,Engineering and Technology,10.1016/j.telpol.2013.10.001,2014.0
56673293000.0,Koichi,Yamaguchi,male,Medical and Health Sciences,10.2169/internalmedicine.54.4867,2015.0
56673293000.0,Koichi,Yamaguchi,male,Medical and Health Sciences,10.1016/j.rmcr.2015.05.001,2015.0
57029724700.0,James F.,Larson,male,Engineering and Technology,10.1016/j.telpol.2017.03.007,2017.0
56673293000.0,Koichi,Yamaguchi,male,Medical and Health Sciences,10.1016/j.rmed.2018.05.010,2018.0
56673293000.0,Koichi,Yamaguchi,male,Medical and Health Sciences,10.1111/1346-8138.14758,2019.0
56673293000.0,Koichi,Yamaguchi,male,Medical and Health Sciences,10.1007/s10067-019-04729-5,2019.0
56673293000.0,Koichi,Yamaguchi,male,Medical and Health Sciences,10.1186/s12890-019-0821-y,2019.0
56673293000.0,Koichi,Yamaguchi,male,Medical and Health Sciences,10.1684/ejd.2019.3634,2019.0
56673293000.0,Koichi,Yamaguchi,male,Medical and Health Sciences,10.1016/j.lungcan.2019.06.009,2019.0
56673293000.0,Koichi,Yamaguchi,male,Medical and Health Sciences,10.1080/14397595.2020.1740400,2020.0
57188685384.0,Ping,Chen,male,Medical and Health Sciences,10.3969/j.issn.1008-7125.2013.06.003,2013.0
57188685384.0,Ping,Chen,male,Medical and Health Sciences,10.3969/j.issn.1008-7125.2014.03.002,2014.0
57188685384.0,Ping,Chen,male,Medical and Health Sciences,10.3892/or.2015.3943,2015.0
57195720105.0,Sun Geun,Yoon,male,Engineering and Technology,10.1021/acsami.5b08404,2015.0
57188685384.0,Ping,Chen,male,Medical and Health Sciences,10.3969/j.issn.1008-7125.2016.04.006,2016.0
57188685384.0,Ping,Chen,male,Medical and Health Sciences,,2016.0
57188685384.0,Ping,Chen,male,Medical and Health Sciences,10.1007/s10620-015-3951-y,2016.0
57188685384.0,,Chen,male,Medical and Health Sciences,10.2174/1566524016666160802145700,2016.0
57195720105.0,Sun Geun,Yoon,male,Engineering and Technology,10.1016/j.sna.2016.12.007,2017.0
57195720105.0,Sun Geun,Yoon,male,Engineering and Technology,10.1016/j.nanoen.2017.10.067,2017.0
57195720105.0,Sun Geun,Yoon,male,Engineering and Technology,10.1016/j.nanoen.2017.08.046,2017.0
57195720105.0,Sun Geun,Yoon,male,Engineering and Technology,10.1039/c6tc03994d,2017.0
57195720105.0,Sun Geun,Yoon,male,Engineering and Technology,10.1021/acsami.7b11700,2017.0
57188685384.0,Ping,Chen,male,Medical and Health Sciences,10.3969/j.issn.1008-7125.2017.01.004,2017.0
57188685384.0,,Chen,male,Medical and Health Sciences,10.1038/ajg.2017.130,2017.0
57188685384.0,Ping,Chen,male,Medical and Health Sciences,10.1038/srep46493,2017.0
57188685384.0,Ping,Chen,male,Medical and Health Sciences,10.18632/oncotarget.19402,2017.0
57188685384.0,Ping,Chen,male,Medical and Health Sciences,10.1080/00365521.2018.1433230,2018.0
57188685384.0,Ping,Chen,male,Medical and Health Sciences,10.3969/j.issn.1008-7125.2018.07.006,2018.0
57188685384.0,Ping,Chen,male,Medical and Health Sciences,10.1111/cas.13497,2018.0
57188685384.0,Ping,Chen,male,Medical and Health Sciences,10.3892/ol.2018.7811,2018.0
57188685384.0,Ping,Chen,male,Medical and Health Sciences,10.1111/jgh.14374,2019.0
57195720105.0,Sun Geun,Yoon,male,Engineering and Technology,10.1016/j.nanoen.2018.12.028,2019.0
57195720105.0,Sun Geun,Yoon,male,Engineering and Technology,10.1002/adma.201806268,2019.0
55195000000.0,Rute,Sampaio,female,Medical and Health Sciences,10.1080/13548506.2011.579986,2012.0
55195000000.0,,Sampaio,female,Medical and Health Sciences,10.1016/j.rppneu.2012.02.009,2012.0
55195000000.0,Rute,Sampaio,female,Medical and Health Sciences,10.1007/s11325-012-0789-9,2013.0
55195000000.0,Rute,Sampaio,female,Medical and Health Sciences,10.1007/s11325-013-0814-7,2013.0
55195000000.0,Rute,Sampaio,female,Medical and Health Sciences,10.1007/s11325-013-0814-7,2013.0
55195000000.0,Rute,Sampaio,female,Medical and Health Sciences,10.1080/13548506.2013.774430,2014.0
56008943100.0,Joshua,Msika,male,Natural Sciences,10.1016/j.gloenvcha.2013.12.012,2014.0
55195000000.0,Rute,Sampaio,female,Medical and Health Sciences,10.1080/03007995.2016.1273204,2017.0
55195000000.0,Rute,Sampaio,female,Medical and Health Sciences,10.1080/03007995.2016.1273204,2017.0
55195000000.0,Rute,Sampaio,female,Medical and Health Sciences,10.1111/papr.12529,2017.0
55195000000.0,Rute,Sampaio,female,Medical and Health Sciences,10.1111/papr.12529,2017.0
55195000000.0,Rute,Sampaio,female,Medical and Health Sciences,10.1155/2017/8402413,2017.0
55195000000.0,Rute,Sampaio,female,Medical and Health Sciences,10.1155/2017/8402413,2017.0
56008943100.0,Joshua,Msika,male,Natural Sciences,10.1016/j.enpol.2017.03.070,2017.0
55195000000.0,Rute,Sampaio,female,Medical and Health Sciences,10.1155/2018/5704627,2018.0
55195000000.0,Rute,Sampaio,female,Medical and Health Sciences,10.1155/2018/5704627,2018.0
55195000000.0,Rute,Sampaio,female,Medical and Health Sciences,10.1155/2018/5704627,2018.0
55195000000.0,Rute,Sampaio,female,Medical and Health Sciences,10.1155/2018/5704627,2018.0
55195000000.0,Rute,Sampaio,female,Medical and Health Sciences,10.1016/j.jpain.2018.12.007,2019.0
55195000000.0,Rute,Sampaio,female,Medical and Health Sciences,10.1016/j.jpain.2018.12.007,2019.0
55195000000.0,Rute Sofia Monteiro,Sampaio,female,Medical and Health Sciences,10.1093/pm/pny128,2019.0
55195000000.0,Rute,Sampaio,female,Medical and Health Sciences,10.1111/jep.13098,2019.0
55195000000.0,Rute,Sampaio,female,Medical and Health Sciences,10.1111/jep.13098,2019.0
55195000000.0,Rute,Sampaio,female,Medical and Health Sciences,10.1093/pm/pny275,2019.0
55195000000.0,Rute,Sampaio,female,Medical and Health Sciences,10.1093/pm/pny275,2019.0
55195000000.0,Rute,Sampaio,female,Medical and Health Sciences,10.1093/pm/pny275,2019.0
55195000000.0,Rute,Sampaio,female,Medical and Health Sciences,10.1093/pm/pny275,2019.0
55195000000.0,Rute,Sampaio,female,Medical and Health Sciences,10.2147/PPA.S232577,2020.0
55195000000.0,Rute,Sampaio,female,Medical and Health Sciences,10.2147/PPA.S232577,2020.0
56008943100.0,Joshua,Msika,male,Natural Sciences,10.1080/14735903.2020.1743553,2020.0
54079451700.0,Melissa,Alsop,female,Natural Sciences,10.1016/j.jmoldx.2011.10.003,2012.0
54079451700.0,Melissa,Alsop,female,Natural Sciences,10.1016/j.ygeno.2011.10.006,2012.0
57199069886.0,Bin,Wang,male,Social Sciences,10.1016/j.jcorpfin.2016.06.006,2016.0
54796782500.0,Micael,Lopez-Acevedo,male,Medical and Health Sciences,10.1016/j.ygyno.2011.09.022,2012.0
54796782500.0,Micael,Lopez-Acevedo,male,Medical and Health Sciences,10.1016/j.ygyno.2013.06.011,2013.0
54796782500.0,Micael,Lopez-Acevedo,male,Medical and Health Sciences,10.1016/j.ygyno.2013.04.010,2013.0
54796782500.0,Micael,Lopez-Acevedo,male,Medical and Health Sciences,10.1016/j.ygyno.2013.04.010,2013.0
54796782500.0,Micael,Lopez-Acevedo,male,Medical and Health Sciences,10.1016/j.ygyno.2013.06.012,2013.0
56107572100.0,Jingjing,Wang,female,Natural Sciences,10.1108/CAER-10-2014-0104,2015.0
56107572100.0,Jingjing,Wang,female,Natural Sciences,10.1021/acs.est.6b01351,2016.0
54796782500.0,Micael,Lopez-Acevedo,male,Medical and Health Sciences,10.1016/j.gore.2016.04.002,2016.0
54796782500.0,Micael,Lopez-Acevedo,male,Medical and Health Sciences,10.1016/j.gore.2017.03.014,2017.0
54796782500.0,Micael,Lopez-Acevedo,male,Medical and Health Sciences,10.1200/JOP.2016.011866,2017.0
54796782500.0,Micael,Lopez-Acevedo,male,Medical and Health Sciences,10.1097/IGC.0000000000001182,2018.0
54796782500.0,Micael,Lopez-Acevedo,male,Medical and Health Sciences,10.1097/IGC.0000000000001182,2018.0
56107572100.0,Jingjing,Wang,female,Natural Sciences,10.1016/j.eneco.2018.06.008,2018.0
54796782500.0,Micael,Lopez-Acevedo,male,Medical and Health Sciences,10.1016/j.ygyno.2019.02.021,2019.0
54796782500.0,Micael,Lopez-Acevedo,male,Medical and Health Sciences,10.1007/s00404-018-5026-8,2019.0
54796782500.0,Micael,Lopez-Acevedo,male,Medical and Health Sciences,10.1186/s13148-018-0602-0,2019.0
54796782500.0,Micael,Lopez-Acevedo,male,Medical and Health Sciences,10.1186/s13148-018-0602-0,2019.0
54796782500.0,Micael,Lopez-Acevedo,male,Medical and Health Sciences,10.1038/s41598-020-60409-4,2020.0
54796782500.0,Micael,Lopez-Acevedo,male,Medical and Health Sciences,10.1038/s41598-020-60409-4,2020.0
54408085400.0,Iyad,Azzam,male,Medical and Health Sciences,10.1111/j.1540-8159.2011.03275.x,2012.0
57203555903.0,Natalia,Gutiérrez–Pinto,female,Natural Sciences,10.1111/boj.12470,2016.0
57195272281.0,Rodney D.,Myers,male,Natural Sciences,10.1177/1046878111408024,2012.0
55822422200.0,Biao,Tian,male,Engineering and Technology,10.3724/SP.J.1146.2012.01364,2013.0
55822422200.0,Biao,Tian,male,Engineering and Technology,10.1117/1.JRS.8.083599,2014.0
55822422200.0,Biao,Tian,male,Engineering and Technology,10.1049/iet-rsn.2013.0192,2014.0
55822422200.0,Biao,Tian,male,Engineering and Technology,10.1080/09205071.2014.954008,2014.0
55822422200.0,Biao,Tian,male,Engineering and Technology,10.1049/iet-rsn.2015.0195,2015.0
55822422200.0,Biao,Tian,male,Engineering and Technology,10.1007/s11432-014-5252-z,2015.0
55822422200.0,Biao,Tian,male,Engineering and Technology,10.1117/1.JRS.9.095097,2015.0
55822422200.0,Biao,Tian,male,Engineering and Technology,10.1117/1.JRS.10.035015,2016.0
55822422200.0,Biao,Tian,male,Engineering and Technology,10.1109/TAES.2015.130588,2016.0
55822422200.0,Biao,Tian,male,Engineering and Technology,10.1109/LGRS.2017.2744989,2017.0
55822422200.0,Biao,Tian,male,Engineering and Technology,10.1109/ACCESS.2018.2850055,2018.0
55822422200.0,Biao,Tian,male,Engineering and Technology,10.1016/j.sigpro.2018.07.015,2018.0
55555555200.0,Jiajia,Guo,female,Natural Sciences,10.1021/ja306631z,2012.0
55555555200.0,Jiajia,Guo,female,Natural Sciences,10.1002/chem.201201716,2012.0
55555555200.0,Jiajia,Guo,female,Natural Sciences,10.1055/s-0031-1290457,2012.0
57114048300.0,Ben,Jones,male,Medical and Health Sciences,10.1007/s00127-012-0602-x,2013.0
55555555200.0,Jiajia,Guo,female,Natural Sciences,10.1039/c2ra22374k,2013.0
55555555200.0,Jiajia,Guo,female,Natural Sciences,10.1039/c3ob42068j,2014.0
55555555200.0,Jiajia,Guo,female,Natural Sciences,10.1039/c4ob02227k,2015.0
57114048300.0,Ben,Jones,male,Medical and Health Sciences,10.3109/09638237.2016.1139073,2018.0
57114048300.0,Ben,Jones,male,Medical and Health Sciences,10.1080/09638237.2017.1340601,2018.0
57207557471.0,Nur,Arslan,female,Medical and Health Sciences,10.12996/gmj.2014.36,2014.0
55919547500.0,Jing,Wang,female,Natural Sciences,10.1016/j.ceramint.2014.03.037,2014.0
55919547500.0,Jing,Wang,female,Natural Sciences,10.1016/j.ceramint.2014.03.037,2014.0
55919547500.0,Jing,Wang,female,Natural Sciences,10.1016/j.apcatb.2013.10.028,2014.0
55919547500.0,Jing,Wang,female,Natural Sciences,10.1016/j.apcatb.2013.10.028,2014.0
55919547500.0,Jing,Wang,female,Natural Sciences,10.1088/1674-4926/35/8/083001,2014.0
55919547500.0,Jing,Wang,female,Natural Sciences,10.1088/1674-4926/35/8/083001,2014.0
55919547500.0,Jing,Wang,female,Natural Sciences,,2014.0
55919547500.0,Jing,Wang,female,Natural Sciences,10.1038/srep11375,2015.0
55919547500.0,Jing,Wang,female,Natural Sciences,10.1038/srep11375,2015.0
55919547500.0,Jing,Wang,female,Natural Sciences,10.1166/jnn.2015.10565,2015.0
55919547500.0,Jing,Wang,female,Natural Sciences,10.1016/j.materresbull.2015.04.027,2015.0
55919547500.0,Jing,Wang,female,Natural Sciences,10.1016/j.materresbull.2015.04.027,2015.0
55919547500.0,Jing,Wang,female,Natural Sciences,10.1088/1674-4926/37/8/083004,2016.0
55919547500.0,Jing,Wang,female,Natural Sciences,10.1088/1674-4926/37/8/083004,2016.0
55919547500.0,Jing,Wang,female,Natural Sciences,10.1016/j.apsusc.2017.06.158,2017.0
55919547500.0,Jing,Wang,female,Natural Sciences,10.1016/j.apsusc.2017.06.158,2017.0
55021973700.0,Agustina,Cabral,female,Natural Sciences,10.1016/j.neulet.2012.04.059,2012.0
55021973700.0,Agustina,Cabral,female,Natural Sciences,10.1371/journal.pone.0031462,2012.0
55021973700.0,,Cabral,female,Natural Sciences,10.1016/j.neuroscience.2013.09.008,2013.0
55021973700.0,Agustina,Cabral,female,Natural Sciences,10.1111/ejn.12650,2014.0
55021973700.0,,Cabral,female,Natural Sciences,10.1111/jne.12168,2014.0
55021973700.0,Agustina,Cabral,female,Natural Sciences,10.3389/fendo.2015.00044,2015.0
55021973700.0,Agustina,Cabral,female,Natural Sciences,10.1085/jgp.201511383,2015.0
55021973700.0,Agustina,Cabral,female,Natural Sciences,10.1210/en.2014-1885,2015.0
55021973700.0,,Cabral,female,Natural Sciences,10.1016/j.neuroscience.2015.01.006,2015.0
57190219519.0,Shoni M.,Odisho,male,Medical and Health Sciences,10.1155/2016/2143024,2016.0
55021973700.0,,Cabral,female,Natural Sciences,10.1111/jne.12349,2016.0
55021973700.0,Agustina,Cabral,female,Natural Sciences,10.1016/j.psyneuen.2016.01.027,2016.0
55021973700.0,Agustina,Cabral,female,Natural Sciences,10.1210/en.2016-1306,2016.0
57190219519.0,Shony Mechail,Odisho,male,Medical and Health Sciences,10.17582/journal.aavs/2017/5.11.436.445,2017.0
55021973700.0,Agustina,Cabral,female,Natural Sciences,10.3390/ijms18030638,2017.0
55021973700.0,Agustina,Cabral,female,Natural Sciences,10.1210/en.2016-1815,2017.0
57190219519.0,Shoni M.,Odisho,male,Medical and Health Sciences,10.1159/000486594,2018.0
57190219519.0,Sh. M.,Odisho,male,Medical and Health Sciences,,2018.0
55021973700.0,Agustina,Cabral,female,Natural Sciences,10.1210/en.2017-03101,2018.0
55021973700.0,Agustina,Cabral,female,Natural Sciences,10.1007/s12035-018-1362-8,2019.0
55021973700.0,Agustina,Cabral,female,Natural Sciences,10.1021/acs.jmedchem.8b01644,2019.0
55021973700.0,Agustina,Cabral,female,Natural Sciences,10.1111/jne.12677,2019.0
55021973700.0,Agustina,Cabral,female,Natural Sciences,10.1016/j.mce.2019.110573,2019.0
55021973700.0,Agustina,Cabral,female,Natural Sciences,10.1016/j.molmet.2019.11.014,2020.0
7004542835.0,Peter W.,Feit,male,Medical and Health Sciences,10.1002/ana.24124,2014.0
7004542835.0,Peter W,Feit,male,Medical and Health Sciences,10.1111/bph.13231,2015.0
57200153022.0,Neslihan,Şahin,female,Natural Sciences,10.1063/L4930805,2015.0
7004542835.0,Peter W.,Feit,male,Medical and Health Sciences,10.1016/j.yebeh.2016.03.021,2016.0
57200153022.0,Neslihan,Sahin,female,Natural Sciences,,2016.0
57200153022.0,Neslihan,Sahin,female,Natural Sciences,10.1063/1.4940783,2016.0
57200153022.0,Neslihan,Şahin,female,Natural Sciences,10.1139/cjp-2016-0597,2017.0
57200153022.0,,Şahin,female,Natural Sciences,10.1016/j.ijleo.2017.05.093,2017.0
57200153022.0,,Şahin,female,Natural Sciences,10.1016/j.cjph.2017.07.008,2017.0
57200153022.0,Neslihan,Şahin,female,Natural Sciences,10.1063/1.4999401,2017.0
57200153022.0,Neslihan,Şahin,female,Natural Sciences,10.1016/j.molliq.2017.05.022,2017.0
57200153022.0,Neslihan,Şahın,female,Natural Sciences,10.1007/s12043-017-1435-7,2017.0
7004542835.0,Peter W.,Feit,male,Medical and Health Sciences,10.1016/j.neuropharm.2018.09.025,2018.0
57200153022.0,Neslihan,Sahin,female,Natural Sciences,10.1139/cjp-2017-0478,2018.0
57200153022.0,Neslihan,Şahin,female,Natural Sciences,10.3938/jkps.73.524,2018.0
57200153022.0,Neslihan,Şahin,female,Natural Sciences,10.1016/j.molstruc.2018.01.052,2018.0
57200153022.0,Neslihan,Şahin,female,Natural Sciences,10.1134/S1063780X19040081,2019.0
57200153022.0,Neslihan,Şahin,female,Natural Sciences,10.1016/j.ijleo.2019.163165,2019.0
57200153022.0,Neslihan,Şahin,female,Natural Sciences,10.1016/j.molliq.2019.01.026,2019.0
57197905421.0,Steven R.,Lyon,male,Social Sciences,10.1080/08957347.2013.824452,2013.0
57203903722.0,Lucy,McBride,female,Medical and Health Sciences,10.1002/ppul.23093,2015.0
57203903722.0,Lucy,McBride,female,Medical and Health Sciences,10.1002/ppul.23093,2015.0
57203903722.0,Lucy,McBride,female,Medical and Health Sciences,10.1111/jpc.14219,2019.0
57203903722.0,Lucy,McBride,female,Medical and Health Sciences,10.1016/j.ekir.2019.02.018,2019.0
57203903722.0,Lucy,McBride,female,Medical and Health Sciences,10.1016/j.ekir.2018.11.015,2019.0
57076903300.0,,Bostelmann,male,Natural Sciences,10.3989/egeol.42011.357,2015.0
56835386500.0,Naghem Farouk,Abed,female,Medical and Health Sciences,10.5530/jyp.2015.4.14,2015.0
56835386500.0,Nagham F.,Abed,female,Medical and Health Sciences,,2015.0
57076903300.0,Enrique,Bostelmann,male,Natural Sciences,10.1073/pnas.1505295112,2016.0
57076903300.0,Enrique,Bostelmann,male,Natural Sciences,10.1073/pnas.1505295112,2016.0
56835386500.0,Naghem Farouk,Abed,female,Medical and Health Sciences,10.5530/jyp.2016.2.20,2016.0
56835386500.0,Naghem Farouk,Abed,female,Medical and Health Sciences,,2016.0
56835386500.0,Naghem Farouk,Abed,female,Medical and Health Sciences,10.5530/jyp.2017.9.65,2017.0
57076903300.0,Enrique,Bostelmann,male,Natural Sciences,10.1080/14772019.2017.1285360,2018.0
56835386500.0,Naghem,Abed,female,Medical and Health Sciences,10.4103/ATMPH.ATMPH_3_17,2018.0
57199588143.0,Nicole L.,Oberfoell,female,Medical and Health Sciences,10.1016/j.fertnstert.2011.10.037,2012.0
56125159200.0,Bong Man,Kim,male,Medical and Health Sciences,10.3393/ac.2015.31.5.198,2015.0
55781297300.0,Umar,Hassan,male,Social Sciences,10.5829/idosi.wasj.2013.23.06.313,2013.0
55781297300.0,Umar,Hassan,male,Social Sciences,10.1007/s11135-013-9912-7,2014.0
57209603988.0,Mohamad Danial,Shafiq,male,Natural Sciences,10.1002/vnl.21409,2016.0
57209603988.0,Mohamad Danial,Shafiq,male,Natural Sciences,10.1016/j.colsurfa.2019.06.020,2019.0
8216269000.0,Namrata,Bose,female,Medical and Health Sciences,10.3171/2014.12.FOCUS14780,2015.0
57203004925.0,Ekaterina Yurievna,Kiseleva,female,Engineering and Technology,10.13005/bbra/1838,2015.0
57203004925.0,Ekaterina Yuryevna,Kiseleva,female,Engineering and Technology,,2015.0
57203004925.0,Ekaterina Yuryevna,Kiseleva,female,Engineering and Technology,,2015.0
57203004925.0,Ekaterina Yuryevna,Dikman,female,Engineering and Technology,,2016.0
8216269000.0,Namrata,Bose,female,Medical and Health Sciences,10.1007/s11102-016-0781-7,2017.0
57203004925.0,Ekaterina Yuryevna,Dikman,female,Engineering and Technology,,2017.0
57203004925.0,Ekaterina Yuryevna,Dikman,female,Engineering and Technology,,2017.0
57203004925.0,,Dikman,female,Engineering and Technology,,2018.0
57203004925.0,,Dikman,female,Engineering and Technology,,2018.0
57203004925.0,,Dikman,female,Engineering and Technology,,2018.0
57203004925.0,E. Yu.,Dikman,female,Engineering and Technology,10.1007/s10527-018-9789-9,2018.0
57203004925.0,E. Yu.,Dikman,female,Engineering and Technology,10.1007/s10527-018-9789-9,2018.0
57197357083.0,Muhammad Usman,Idrees,male,Natural Sciences,10.1016/j.ijggc.2012.03.013,2012.0
57212297142.0,Runzhi,Zhu,male,Medical and Health Sciences,10.1186/s12971-015-0057-4,2015.0
57212297142.0,Runzhi,Zhu,male,Medical and Health Sciences,10.1186/s12971-015-0057-4,2015.0
57212297142.0,Runzhi,Zhu,male,Medical and Health Sciences,10.1186/s12971-015-0057-4,2015.0
57212297142.0,Runzhi,Zhu,male,Medical and Health Sciences,10.1186/s40064-016-3730-z,2016.0
57212297142.0,Runzhi,Zhu,male,Medical and Health Sciences,10.1186/s40064-016-3730-z,2016.0
57212297142.0,Runzhi,Zhu,male,Medical and Health Sciences,10.1186/s40064-016-3730-z,2016.0
56410263000.0,Qiang,Guo,male,Natural Sciences,10.1089/ees.2014.0004,2014.0
56410263000.0,,Guo,male,Natural Sciences,10.1016/j.apt.2014.06.018,2014.0
56255671800.0,Henrique P. C.,Miranda,male,Natural Sciences,10.1002/andp.201400091,2014.0
56410263000.0,Qiang,Guo,male,Natural Sciences,,2014.0
56410263000.0,Qiang,Guo,male,Natural Sciences,10.1016/j.fuel.2015.06.015,2015.0
56410263000.0,Qiang,Guo,male,Natural Sciences,10.1016/j.fuproc.2014.09.004,2015.0
56255671800.0,Henrique Pereira Coutada,Miranda,male,Natural Sciences,10.1103/PhysRevB.92.075414,2015.0
56410263000.0,Qiang,Guo,male,Natural Sciences,10.1016/j.apenergy.2015.03.135,2015.0
56410263000.0,Qiang,Guo,male,Natural Sciences,10.1016/j.enconman.2014.10.046,2015.0
56255671800.0,Henrique P. C.,Miranda,male,Natural Sciences,10.1103/PhysRevB.94.125303,2016.0
56410263000.0,Qiang,Guo,male,Natural Sciences,10.13334/j.0258-8013.pcsee.152062,2017.0
56255671800.0,Henrique P.C.,Miranda,male,Natural Sciences,10.1021/acs.nanolett.6b05345,2017.0
56410263000.0,Qiang,Guo,male,Natural Sciences,10.13334/j.0258-8013.pcsee.162222,2018.0
56410263000.0,Qiang,Guo,male,Natural Sciences,10.1016/j.cej.2017.09.131,2018.0
56255671800.0,Henrique P. C.,Miranda,male,Natural Sciences,10.1038/sdata.2018.65,2018.0
56255671800.0,Henrique P.C.,Miranda,male,Natural Sciences,10.1016/j.actamat.2018.03.043,2018.0
56255671800.0,Henrique P.C.,Miranda,male,Natural Sciences,10.1016/j.actamat.2018.03.043,2018.0
56255671800.0,Henrique P. C.,Miranda,male,Natural Sciences,10.1103/PhysRevB.97.245427,2018.0
56255671800.0,Henrique P. C.,Miranda,male,Natural Sciences,10.1103/PhysRevB.97.245427,2018.0
56410263000.0,Qiang,Guo,male,Natural Sciences,10.13334/j.0258-8013.pcsee.180872,2019.0
56255671800.0,,Miranda,male,Natural Sciences,10.1088/1361-648X/ab15d0,2019.0
56255671800.0,Henrique P.C.,Miranda,male,Natural Sciences,10.1103/PhysRevLett.122.187401,2019.0
56255671800.0,Henrique P.C.,Miranda,male,Natural Sciences,10.1103/PhysRevLett.122.187401,2019.0
56255671800.0,Henrique P.C.,Miranda,male,Natural Sciences,10.1016/j.cpc.2019.107042,2020.0
56255671800.0,Henrique P. C.,Miranda,male,Natural Sciences,10.1063/1.5144261,2020.0
56051713800.0,Connor P.,O'Meara,male,Medical and Health Sciences,10.1371/journal.pone.0076664,2013.0
56051713800.0,Connor P.,O'Meara,male,Medical and Health Sciences,10.1371/journal.pone.0061962,2013.0
56051713800.0,,O'Meara,male,Medical and Health Sciences,10.2174/15665240113136660078,2014.0
56051713800.0,Connor P.,O'Meara,male,Medical and Health Sciences,10.1038/icb.2013.92,2014.0
56051713800.0,Connor P.,O'meara,male,Medical and Health Sciences,10.1038/icb.2013.110,2014.0
56051713800.0,Connor P.,O'Meara,male,Medical and Health Sciences,10.1111/imm.12317,2014.0
56051713800.0,Connor P.,O'Meara,male,Medical and Health Sciences,10.1002/art.39041,2015.0
56051713800.0,,O'Meara,male,Medical and Health Sciences,10.1111/sji.12295,2015.0
56480709900.0,Maria,Velkova,female,Natural Sciences,10.1074/jbc.M114.618140,2015.0
56051713800.0,,O'Meara,male,Medical and Health Sciences,10.1038/mi.2015.125,2016.0
56051713800.0,,O'Meara,male,Medical and Health Sciences,10.1038/mi.2015.125,2016.0
56051713800.0,Connor P.,O'Meara,male,Medical and Health Sciences,10.1016/j.vaccine.2017.05.063,2017.0
56051713800.0,Connor P.,O'Meara,male,Medical and Health Sciences,10.1016/j.vaccine.2017.05.063,2017.0
56051713800.0,Connor P.,O'Meara,male,Medical and Health Sciences,10.1111/aji.12611,2017.0
56051713800.0,Connor P.,O'Meara,male,Medical and Health Sciences,10.1111/aji.12611,2017.0
56480709900.0,Maria,Velkova,female,Natural Sciences,10.1371/journal.pgen.1007453,2018.0
56480709900.0,Maria,Velkova,female,Natural Sciences,10.1016/j.devcel.2018.03.018,2018.0
56051713800.0,Connor P,O'Meara,male,Medical and Health Sciences,10.1111/imcb.12285,2019.0
57190005226.0,Ivan,Ivanov,male,Natural Sciences,10.3389/fpls.2013.00499,2013.0
57190005226.0,Ivan,Ivanov,male,Natural Sciences,,2014.0
57189097151.0,Meriam Gay,Bautista,female,Natural Sciences,10.4108/eai.28-9-2015.2261402,2016.0
57190005226.0,Ivan,Ivanov,male,Natural Sciences,10.1104/pp.18.00055,2018.0
57190005226.0,Ivan,Ivanov,male,Natural Sciences,10.1104/pp.18.00055,2018.0
57189097151.0,Meriam Gay,Bautista,female,Natural Sciences,10.1109/TMTT.2019.2895581,2019.0
56125416200.0,Juan,Li,male,Natural Sciences,10.1007/s11103-013-0066-8,2013.0
56125416200.0,Juan,Li,male,Natural Sciences,,2013.0
56125416200.0,Juan,Li,male,Natural Sciences,10.1007/s11738-012-1194-5,2013.0
56125416200.0,Juan,Li,male,Natural Sciences,10.1111/ppl.12190,2014.0
56125416200.0,Juan,Li,male,Natural Sciences,,2014.0
57198348998.0,Min,Liu,male,Social Sciences,10.1287/orsc.2014.0914,2015.0
56125416200.0,Juan,Li,male,Natural Sciences,10.1186/s40555-015-0123-x,2015.0
56125416200.0,Juan,Li,male,Natural Sciences,10.1007/s11427-015-4991-4,2016.0
56125416200.0,Juan,Li,male,Natural Sciences,10.1093/pcp/pcy238,2019.0
56125416200.0,Juan,Li,male,Natural Sciences,10.1016/j.plaphy.2019.11.030,2020.0
55737211300.0,Yali,Liu,female,Engineering and Technology,10.1007/s00396-013-2982-1,2013.0
55737211300.0,Ya-Li,Liu,female,Engineering and Technology,,2013.0
57197291155.0,Dimitrios A.,Samaras,male,Natural Sciences,10.2478/botcro-2013-0021,2014.0
57197291155.0,Dimitrios A.,Samaras,male,Natural Sciences,10.1007/s11269-013-0480-3,2014.0
55737211300.0,Yali,Liu,female,Engineering and Technology,10.1007/s10853-013-7970-9,2014.0
57197291155.0,Dimitrios A.,Samaras,male,Natural Sciences,10.3832/ifor1214-007,2015.0
57197291155.0,Dimitrios A.,Samaras,male,Natural Sciences,10.3832/ifor1214-007,2015.0
55737211300.0,Yali,Liu,female,Engineering and Technology,10.1039/c4py01347f,2015.0
55737211300.0,Yali,Liu,female,Engineering and Technology,10.1007/s00396-015-3501-3,2015.0
55737211300.0,Yali,Liu,female,Engineering and Technology,10.1016/j.cej.2014.08.051,2015.0
57197291155.0,,Samaras,male,Natural Sciences,10.7320/FlMedit27.241,2017.0
57197291155.0,,Samaras,male,Natural Sciences,10.7320/FlMedit27.241,2017.0
57197291155.0,,Samaras,male,Natural Sciences,10.3372/wi.49.49111,2019.0
56829222600.0,Fatma,Akgün,female,Medical and Health Sciences,10.5152/balkanmedj.2012.064,2012.0
57190393597.0,José Henrique,Teixeira,male,Natural Sciences,10.1155/2014/145289,2014.0
57190393597.0,,Teixeira,male,Natural Sciences,10.1111/odi.12335,2015.0
56829222600.0,Fatma Nur,Akgün,female,Medical and Health Sciences,10.5152/TJAR.2015.71542,2015.0
57190393597.0,José H.,Teixeira,male,Natural Sciences,10.1016/j.transci.2016.07.015,2016.0
57190393597.0,José H.,Teixeira,male,Natural Sciences,10.1016/j.transci.2016.07.015,2016.0
56829222600.0,Fatma Nur,Akgün,female,Medical and Health Sciences,10.1016/j.jclinane.2015.07.020,2016.0
56829222600.0,Fatmanur,Akgün,female,Medical and Health Sciences,10.15537/smj.2017.12.21133,2017.0
57190393597.0,José H.,Teixeira,male,Natural Sciences,10.1016/j.ejps.2016.09.017,2017.0
57190393597.0,José H.,Teixeira,male,Natural Sciences,10.1016/j.ejps.2016.09.017,2017.0
57190393597.0,José H.,Teixeira,male,Natural Sciences,10.1016/j.ejps.2016.09.017,2017.0
57190393597.0,José H.,Teixeira,male,Natural Sciences,10.1038/s41598-017-01809-xh,2017.0
57190393597.0,José H.,Teixeira,male,Natural Sciences,10.1038/s41598-017-01809-xh,2017.0
57190393597.0,José H.,Teixeira,male,Natural Sciences,10.1038/s41598-017-01809-xh,2017.0
56829222600.0,Fatma Nur,Akgün,female,Medical and Health Sciences,10.1016/j.bjan.2018.02.004,2018.0
56829222600.0,Fatma Nur,Akgün,female,Medical and Health Sciences,10.15537/smj.2018.10.23098,2018.0
57190393597.0,José H.,Teixeira,male,Natural Sciences,10.1002/jbm.a.36370,2018.0
57190393597.0,José H.,Teixeira,male,Natural Sciences,10.1002/jbm.a.36370,2018.0
57190393597.0,José H.,Teixeira,male,Natural Sciences,10.1002/jbm.a.36370,2018.0
57190393597.0,José H.,Teixeira,male,Natural Sciences,10.7150/thno.24444,2018.0
57190393597.0,José H.,Teixeira,male,Natural Sciences,10.7150/thno.24444,2018.0
57190393597.0,José H.,Teixeira,male,Natural Sciences,10.1016/j.jconrel.2018.09.019,2018.0
57190393597.0,José H.,Teixeira,male,Natural Sciences,10.1016/j.jconrel.2018.09.019,2018.0
57190393597.0,José H.,Teixeira,male,Natural Sciences,10.1016/j.jconrel.2018.09.019,2018.0
56829222600.0,,Akgun,female,Medical and Health Sciences,10.1016/j.bja.2018.10.063,2019.0
57190393597.0,José H.,Teixeira,male,Natural Sciences,10.3390/ijms20215436,2019.0
57190393597.0,José H.,Teixeira,male,Natural Sciences,10.3390/ijms20215436,2019.0
57190393597.0,José Henrique,Teixeira,male,Natural Sciences,10.1038/s41413-019-0048-9,2019.0
57190393597.0,José Henrique,Teixeira,male,Natural Sciences,10.1038/s41413-019-0048-9,2019.0
57190393597.0,José Henrique,Teixeira,male,Natural Sciences,10.1038/s41413-019-0048-9,2019.0
57190393597.0,José Henrique,Teixeira,male,Natural Sciences,10.3390/ijms20143430,2019.0
57190393597.0,José Henrique,Teixeira,male,Natural Sciences,10.3390/ijms20143430,2019.0
57190393597.0,José Henrique,Teixeira,male,Natural Sciences,10.3390/ijms20143430,2019.0
55899352700.0,Sumitha K.,Reddy,female,Natural Sciences,10.1016/j.febslet.2013.08.029,2013.0
55899352700.0,Sumitha K.,Reddy,female,Natural Sciences,10.1007/s00253-014-5871-8,2014.0
55899352700.0,Sumitha K.,Reddy,female,Natural Sciences,10.1016/j.carres.2015.03.021,2015.0
57013859900.0,Jin,Du,male,Natural Sciences,10.11855/j.issn.0577-7402.2016.01.14,2016.0
55899352700.0,Sumitha K.,Reddy,female,Natural Sciences,10.1074/jbc.M116.746438,2017.0
55899352700.0,Sumitha K.,Reddy,female,Natural Sciences,10.1074/jbc.RA118.007171,2019.0
57189702557.0,Feng,Liu,male,Natural Sciences,10.3788/OPE.20122005.0972,2012.0
57189702557.0,Feng,Liu,male,Natural Sciences,,2012.0
57189702557.0,Feng,Liu,male,Natural Sciences,,2012.0
57189702557.0,Feng,Liu,male,Natural Sciences,,2014.0
57210940114.0,Ernesto,Sparrelid,male,Medical and Health Sciences,10.1111/hpb.12397,2015.0
57210940114.0,Ernesto,Sparrelid,male,Medical and Health Sciences,10.4254/wjh.v7.i23.2492,2015.0
57210940114.0,Ernesto,Sparrelid,male,Medical and Health Sciences,10.1016/j.surg.2015.10.004,2016.0
57210940114.0,,Sparrelid,male,Medical and Health Sciences,10.1016/j.ejso.2015.12.013,2016.0
57210940114.0,,Sparrelid,male,Medical and Health Sciences,10.1177/1457496915613650,2016.0
57189702557.0,Feng,Liu,male,Natural Sciences,10.3788/OPE.20162407.1607,2016.0
57189702557.0,Feng,Liu,male,Natural Sciences,10.3788/OPE.20162411.2627,2016.0
57189702557.0,Feng,Liu,male,Natural Sciences,10.7498/aps.65.114206,2016.0
57210940114.0,Ernesto,Sparrelid,male,Medical and Health Sciences,10.1016/j.surg.2017.05.022,2017.0
57210940114.0,Ernesto,Sparrelid,male,Medical and Health Sciences,10.1007/s00423-016-1512-2,2017.0
57210940114.0,Ernesto,Sparrelid,male,Medical and Health Sciences,10.1007/s00423-016-1512-2,2017.0
57210940114.0,Ernesto,Sparrelid,male,Medical and Health Sciences,10.1007/s00423-016-1524-y,2017.0
57210940114.0,Ernesto,Sparrelid,male,Medical and Health Sciences,10.1007/s00423-016-1524-y,2017.0
57210940114.0,Ernesto,Sparrelid,male,Medical and Health Sciences,10.1007/s11605-017-3389-y,2017.0
57210940114.0,Ernesto,Sparrelid,male,Medical and Health Sciences,10.1016/j.jceh.2017.07.001,2018.0
57210940114.0,Ernesto,Sparrelid,male,Medical and Health Sciences,10.1111/ans.14252,2018.0
57210940114.0,Ernesto,Sparrelid,male,Medical and Health Sciences,10.1097/SLA.0000000000002511,2018.0
57210940114.0,Ernesto,Sparrelid,male,Medical and Health Sciences,10.1007/s11605-018-4031-3,2019.0
57210940114.0,Ernesto,Sparrelid,male,Medical and Health Sciences,10.2147/CMAR.S191653,2019.0
57210940114.0,,Sparrelid,male,Medical and Health Sciences,10.1016/j.hpb.2019.04.003,2019.0
57210940114.0,Ernesto,Sparrelid,male,Medical and Health Sciences,10.1053/j.gastro.2019.06.023,2019.0
57210940114.0,Ernesto,Sparrelid,male,Medical and Health Sciences,10.1016/j.ejso.2019.12.008,2020.0
57210940114.0,Ernesto,Sparrelid,male,Medical and Health Sciences,10.1016/j.hpb.2020.01.010,2020.0
57210940114.0,Ernesto,Sparrelid,male,Medical and Health Sciences,10.1016/j.hpb.2020.03.013,2020.0
57210940114.0,Ernesto,Sparrelid,male,Medical and Health Sciences,10.1245/s10434-020-08258-3,2020.0
57210940114.0,Ernesto,Sparrelid,male,Medical and Health Sciences,10.1016/j.ijsu.2020.01.129,2020.0
55009024800.0,Krishnendu,Shaw,male,Natural Sciences,10.1016/j.eswa.2012.01.149,2012.0
55009024800.0,Krishnendu,Shaw,male,Natural Sciences,10.1504/IJOR.2013.053624,2013.0
55009024800.0,Krishnendu,Shaw,male,Natural Sciences,10.1080/09537287.2012.666878,2013.0
57191038242.0,Patrik,Rokonál,male,Natural Sciences,10.1155/2016/6306984,2016.0
55009024800.0,Krishnendu,Shaw,male,Natural Sciences,10.1504/IJLSM.2016.074717,2016.0
55009024800.0,Krishnendu,Shaw,male,Natural Sciences,10.1016/j.cie.2016.06.011,2016.0
55009024800.0,Krishnendu,Shaw,male,Natural Sciences,10.1504/IJMOR.2017.086289,2017.0
55009024800.0,Krishnendu,Shaw,male,Natural Sciences,10.1007/s10098-017-1446-6,2017.0
55009024800.0,Krishnendu,Shaw,male,Natural Sciences,10.1007/s11135-015-0294-x,2017.0
55009024800.0,Krishnendu,Shaw,male,Natural Sciences,,2019.0
55009024800.0,Krishnendu,Shaw,male,Natural Sciences,10.1016/j.techsoc.2019.101186,2019.0
55009024800.0,Krishnendu,Shaw,male,Natural Sciences,10.1007/s10098-019-01785-y,2020.0
57216451544.0,Wen,Dong,male,Natural Sciences,10.1007/s11430-014-4890-8,2014.0
57216451544.0,Wen,Dong,male,Natural Sciences,10.1007/s11430-014-4890-8,2014.0
57208405159.0,Stefan H.,Reiterer,male,Natural Sciences,10.1016/j.apnum.2014.12.001,2015.0
57208405159.0,Stefan,Reiterer,male,Natural Sciences,10.1007/s10957-014-0614-7,2015.0
55875043500.0,Leora,Witkowski,female,Medical and Health Sciences,10.1002/path.4225,2013.0
55875043500.0,Leora,Witkowski,female,Medical and Health Sciences,10.1002/path.4225,2013.0
55875043500.0,Leora,Witkowski,female,Medical and Health Sciences,10.1002/path.4225,2013.0
55875043500.0,,Witkowski,female,Medical and Health Sciences,10.1038/bjc.2013.637,2013.0
55875043500.0,,Witkowski,female,Medical and Health Sciences,10.1038/bjc.2013.637,2013.0
55875043500.0,,Witkowski,female,Medical and Health Sciences,10.1038/bjc.2013.637,2013.0
55875043500.0,Leora,Witkowski,female,Medical and Health Sciences,10.1038/ng.2931,2014.0
55875043500.0,Leora,Witkowski,female,Medical and Health Sciences,10.1038/ng.2931,2014.0
55875043500.0,Leora,Witkowski,female,Medical and Health Sciences,10.1038/ng.2931,2014.0
55875043500.0,Leora,Witkowski,female,Medical and Health Sciences,10.1002/pbc.25279,2015.0
55875043500.0,Leora,Witkowski,female,Medical and Health Sciences,10.1016/j.gore.2015.03.005,2015.0
55875043500.0,Leora,Witkowski,female,Medical and Health Sciences,10.1016/j.gore.2015.03.005,2015.0
55875043500.0,Leora,Witkowski,female,Medical and Health Sciences,10.1016/j.gore.2015.03.005,2015.0
55875043500.0,Leora,Witkowski,female,Medical and Health Sciences,10.1016/j.gore.2015.02.002,2015.0
55875043500.0,Leora,Witkowski,female,Medical and Health Sciences,10.1002/path.4585,2015.0
55875043500.0,Leora,Witkowski,female,Medical and Health Sciences,10.1002/path.4585,2015.0
55875043500.0,Leora,Witkowski,female,Medical and Health Sciences,10.1002/path.4585,2015.0
55875043500.0,Leora,Witkowski,female,Medical and Health Sciences,10.1097/PGP.0000000000000150,2015.0
55875043500.0,Leora,Witkowski,female,Medical and Health Sciences,10.1097/PGP.0000000000000150,2015.0
57191918042.0,Lauren P.,Nichols,female,Medical and Health Sciences,10.1186/s12884-016-1146-y,2016.0
55875043500.0,Leora,Witkowski,female,Medical and Health Sciences,10.18632/oncotarget.6459,2016.0
55875043500.0,Leora,Witkowski,female,Medical and Health Sciences,10.1016/j.path.2016.01.005,2016.0
55875043500.0,Leora,Witkowski,female,Medical and Health Sciences,10.1111/his.13058,2016.0
55875043500.0,Leora,Witkowski,female,Medical and Health Sciences,10.1111/his.13058,2016.0
55875043500.0,Leora,Witkowski,female,Medical and Health Sciences,10.1016/j.ygyno.2016.03.013,2016.0
55875043500.0,Leora,Witkowski,female,Medical and Health Sciences,10.1111/his.12988,2016.0
55875043500.0,Leora,Witkowski,female,Medical and Health Sciences,10.1111/his.12988,2016.0
55875043500.0,Leora,Witkowski,female,Medical and Health Sciences,10.1111/his.13177,2017.0
55875043500.0,Leora,Witkowski,female,Medical and Health Sciences,10.1007/s10689-016-9957-6,2017.0
55875043500.0,Leora,Witkowski,female,Medical and Health Sciences,10.1007/s10689-016-9957-6,2017.0
55875043500.0,Leora,Witkowski,female,Medical and Health Sciences,10.1002/pbc.26441,2017.0
57191918042.0,Lauren P,Nichols,female,Medical and Health Sciences,10.2196/10261,2018.0
55875043500.0,Leora,Witkowski,female,Medical and Health Sciences,10.1136/jmedgenet-2017-104926,2018.0
55875043500.0,Leora,Witkowski,female,Medical and Health Sciences,10.1002/humu.23650,2018.0
55875043500.0,Leora,Witkowski,female,Medical and Health Sciences,10.1038/s41467-018-06958-9,2019.0
55875043500.0,Leora,Witkowski,female,Medical and Health Sciences,10.1038/s41467-018-06958-9,2019.0
55875043500.0,Leora,Witkowski,female,Medical and Health Sciences,10.1038/s41467-018-06958-9,2019.0
55875043500.0,Leora,Witkowski,female,Medical and Health Sciences,10.1038/s41467-018-06958-9,2019.0
55875043500.0,Leora,Witkowski,female,Medical and Health Sciences,10.1161/CIRCGEN.119.002460,2019.0
55875043500.0,Leora,Witkowski,female,Medical and Health Sciences,10.1016/j.gore.2019.02.002,2019.0
55875043500.0,Leora,Witkowski,female,Medical and Health Sciences,10.1016/j.gore.2019.02.002,2019.0
57191918042.0,Lauren P.,Nichols,female,Medical and Health Sciences,10.1080/10410236.2019.1631566,2019.0
57191918042.0,Lauren P.,Nichols,female,Medical and Health Sciences,10.2196/11397,2019.0
57191918042.0,Lauren P.,Nichols,female,Medical and Health Sciences,10.1007/s10995-019-02776-7,2019.0
55875043500.0,Leora,Witkowski,female,Medical and Health Sciences,10.1002/mgg3.1180,2020.0
55875043500.0,Leora,Witkowski,female,Medical and Health Sciences,10.1002/mgg3.1180,2020.0
57191918042.0,Lauren P.,Nichols,female,Medical and Health Sciences,10.1016/j.jpeds.2020.02.003,2020.0
57191918042.0,Lauren P.,Nichols,female,Medical and Health Sciences,10.1016/j.jpag.2019.10.001,2020.0
56341522300.0,Matthias,Kahl,male,Engineering and Technology,10.1109/TPWRS.2014.2363762,2015.0
57200565393.0,Lorenzo,Ferretti,male,Natural Sciences,10.1109/TSMC.2015.2503339,2016.0
56341522300.0,,Kahl,male,Engineering and Technology,10.1016/j.epsr.2018.04.012,2018.0
56341522300.0,Matthias,Kahl,male,Engineering and Technology,10.1109/TPWRD.2018.2858569,2018.0
57200565393.0,Lorenzo,Ferretti,male,Natural Sciences,10.1109/TCAD.2018.2818689,2019.0
55027120200.0,Frances,Kwan,female,Medical and Health Sciences,10.1002/RNJ.00004,2012.0
57204230918.0,Eric Joseph,Marr,male,Social Sciences,10.1016/j.jrurstud.2016.10.002,2016.0
57204230918.0,Eric Joseph,Marr,male,Social Sciences,10.1016/j.landusepol.2018.02.008,2018.0
57204230918.0,Eric Joseph,Marr,male,Social Sciences,10.1016/j.jrurstud.2019.01.013,2019.0
57198194910.0,Jiahao,Hu,male,Natural Sciences,10.1371/journal.pone.0090495,2014.0
57212178263.0,Vin,Gupta,male,Medical and Health Sciences,10.1056/NEJMp1501316,2015.0
57212178263.0,Vin,Gupta,male,Medical and Health Sciences,10.1056/NEJMp1501316,2015.0
57214532701.0,Juan,Ramos,male,Medical and Health Sciences,10.1093/cid/cir749,2012.0
57214532701.0,Juan,Ramos,male,Medical and Health Sciences,10.1093/cid/cir749,2012.0
55330644500.0,Allen,Jian,male,Natural Sciences,10.1371/journal.pone.0041461,2012.0
55330644500.0,Allen,Jian,male,Natural Sciences,10.4049/jimmunol.1102261,2012.0
55429580000.0,Xianming,Zhou,male,Natural Sciences,10.1063/1.4716459,2012.0
55429580000.0,Xianming,Zhou,male,Natural Sciences,10.1088/0953-8984/25/21/215401,2013.0
56579793200.0,Anna Casas,Aguilar,female,Humanities,10.1080/08831157.2014.937226,2014.0
56913284900.0,Delphine,Hoegy,female,Medical and Health Sciences,10.1016/j.bulcan.2015.06.008,2015.0
57112350200.0,Claire,Faget,female,Medical and Health Sciences,10.1007/s00330-015-3771-7,2015.0
57112350200.0,,Faget,female,Medical and Health Sciences,10.1007/s00261-015-0497-6,2015.0
57112350200.0,Claire,Faget,female,Medical and Health Sciences,10.1148/radiol.2017162352,2017.0
56913284900.0,Delphine,Hoegy,female,Medical and Health Sciences,10.1111/fcp.12344,2018.0
56913284900.0,Delphine,Hoegy,female,Medical and Health Sciences,10.1111/fcp.12344,2018.0
56913284900.0,Delphine,Hoegy,female,Medical and Health Sciences,10.1111/fcp.12344,2018.0
56913284900.0,Delphine,Hoegy,female,Medical and Health Sciences,10.1684/jpc.2017.0375,2018.0
56913284900.0,Delphine,Hoegy,female,Medical and Health Sciences,10.1016/j.ejon.2018.11.006,2019.0
56913284900.0,Delphine,Hoegy,female,Medical and Health Sciences,10.1016/j.ejon.2018.11.006,2019.0
56913284900.0,Delphine,Hoegy,female,Medical and Health Sciences,10.1016/j.ejon.2018.11.006,2019.0
56913284900.0,Delphine,Hoegy,female,Medical and Health Sciences,10.1016/j.ejon.2018.11.006,2019.0
56913284900.0,Delphine,Hoegy,female,Medical and Health Sciences,10.2147/PPA.S200209,2019.0
56913284900.0,Delphine,Hoegy,female,Medical and Health Sciences,10.2147/PPA.S200209,2019.0
56913284900.0,Delphine,Hoegy,female,Medical and Health Sciences,10.1186/s13063-019-4009-9,2020.0
56913284900.0,Delphine,Hoegy,female,Medical and Health Sciences,10.1186/s13063-019-4009-9,2020.0
56913284900.0,Delphine,Hoegy,female,Medical and Health Sciences,10.1186/s13063-019-4009-9,2020.0
56913284900.0,Delphine,Hoegy,female,Medical and Health Sciences,10.1186/s13063-019-4009-9,2020.0
56913284900.0,,Hoegy,female,Medical and Health Sciences,10.1016/j.pharma.2019.06.006,2020.0
56913284900.0,,Hoegy,female,Medical and Health Sciences,10.1016/j.pharma.2019.06.006,2020.0
56913284900.0,,Hoegy,female,Medical and Health Sciences,10.1016/j.pharma.2019.06.006,2020.0
56052873700.0,Althea L.,Noukki,female,Medical and Health Sciences,10.1093/schbul/sbs041,2013.0
56029728000.0,Ellen,Taylor,female,Medical and Health Sciences,10.1177/193758671400700310,2014.0
56029728000.0,Ellen,Taylor,female,Medical and Health Sciences,10.1177/193758671400700310,2014.0
56029728000.0,Ellen,Taylor,female,Medical and Health Sciences,10.1080/17508975.2014.903163,2014.0
56029728000.0,Ellen,Taylor,female,Medical and Health Sciences,10.1016/j.promfg.2015.07.118,2015.0
56029728000.0,Ellen,Taylor,female,Medical and Health Sciences,10.1016/j.promfg.2015.07.118,2015.0
56029728000.0,Ellen,Taylor,female,Medical and Health Sciences,10.1177/0018720815593642,2015.0
56029728000.0,Ellen,Taylor,female,Medical and Health Sciences,10.1177/1937586716645918,2016.0
56029728000.0,Ellen,Taylor,female,Medical and Health Sciences,10.1111/joid.12093,2017.0
56029728000.0,Ellen,Taylor,female,Medical and Health Sciences,10.1177/1937586718755110,2018.0
56029728000.0,Ellen,Taylor,female,Medical and Health Sciences,10.1177/1937586719887709,2020.0
57207236578.0,Madelyn Gutierrez,Gomez,female,Medical and Health Sciences,10.1016/S1474-4422(12)70227-2,2012.0
57204427351.0,Ofer,Lahad,male,Natural Sciences,10.1039/c5ra09993e,2015.0
6507089863.0,Martin,Fellendorf,male,Engineering and Technology,10.3141/2316-13,2012.0
6507089863.0,Martin,Fellendorf,male,Engineering and Technology,10.3141/2270-03,2012.0
6507089863.0,Martin,Fellendorf,male,Engineering and Technology,10.3141/2390-05,2013.0
6507089863.0,Martin,Fellendorf,male,Engineering and Technology,,2015.0
6507089863.0,Martin,Fellendorf,male,Engineering and Technology,10.3141/2534-06,2015.0
6507089863.0,Martin,Fellendorf,male,Engineering and Technology,10.1007/s00502-015-0342-1,2015.0
57191409368.0,Koichi,Ichikawa,male,Natural Sciences,10.1142/S0218957716500159,2016.0
57191409368.0,Koichi,Ichikawa,male,Natural Sciences,10.1016/j.bbrc.2016.10.034,2016.0
57191409368.0,Koichi,Ichikawa,male,Natural Sciences,10.1016/j.jos.2015.06.010,2016.0
57191409368.0,Koichi,Ichikawa,male,Natural Sciences,10.1016/j.jse.2017.11.025,2018.0
57191409368.0,Koichi,Ichikawa,male,Natural Sciences,10.1242/dev.157412,2018.0
57191409368.0,Koichi,Ichikawa,male,Natural Sciences,10.1097/BCO.0000000000000776,2019.0
55820884300.0,Yuko,Oku,female,Medical and Health Sciences,10.2974/kmj.63.141,2013.0
56114404600.0,Joshua C.,McCann,male,Natural Sciences,10.1016/j.vetpar.2013.01.008,2013.0
56114404600.0,Joshua C.,McCann,male,Natural Sciences,10.1016/j.vetpar.2013.01.008,2013.0
56114404600.0,,McCann,male,Natural Sciences,10.2527/jas.2014-7811,2014.0
56114404600.0,Joshua C.,McCann,male,Natural Sciences,10.1371/journal.pone.0091864,2014.0
56114404600.0,Joshua C.,McCann,male,Natural Sciences,10.4137/BBIi.Ss15389,2014.0
55820884300.0,Yuko,Oku,female,Medical and Health Sciences,10.1016/j.jemermed.2014.12.017,2015.0
56114404600.0,,McCann,male,Natural Sciences,10.2527/jas.2015-9225,2015.0
56114404600.0,Joshua C.,McCann,male,Natural Sciences,10.3389/fmicb.2016.00701,2016.0
56114404600.0,Josh C.,McCann,male,Natural Sciences,10.2527/af.2016-0030,2016.0
56114404600.0,,McCann,male,Natural Sciences,10.2527/jas.2016-0444,2016.0
56114404600.0,,McCann,male,Natural Sciences,10.2527/JAS.2016.0748,2017.0
56114404600.0,,McCann,male,Natural Sciences,10.2527/jas.2016.1361,2017.0
56114404600.0,Joshua C.,McCann,male,Natural Sciences,10.1016/j.cvfa.2017.06.009,2017.0
56114404600.0,,McCann,male,Natural Sciences,10.2527/jas2017.1754,2017.0
56114404600.0,,McCann,male,Natural Sciences,10.1186/s12864-018-5303-8,2018.0
56114404600.0,Joshua C.,McCann,male,Natural Sciences,10.1186/s40104-018-0230-8,2018.0
56114404600.0,Joshua C.,McCann,male,Natural Sciences,10.1186/s40104-018-0283-8,2018.0
56114404600.0,Joshua C.,McCann,male,Natural Sciences,10.3389/fmicb.2019.01131,2019.0
56114404600.0,Joshua C.,McCann,male,Natural Sciences,10.1093/jas/skz080,2019.0
55210259400.0,Lauren R.,Jones,female,Medical and Health Sciences,10.1016/j.neuron.2012.03.023,2012.0
57209092066.0,Mohamed A.,Selim,male,Medical and Health Sciences,10.1016/j.egja.2014.01.011,2014.0
55043224200.0,Chloe,Tergiman,female,Social Sciences,10.1016/j.geb.2012.02.002,2012.0
55043224200.0,Chloe,Tergiman,female,Social Sciences,10.1016/j.geb.2012.02.002,2012.0
55043224200.0,Chloe,Tergiman,female,Social Sciences,10.1016/j.ijindorg.2012.06.001,2013.0
55043224200.0,Chloe,Tergiman,female,Social Sciences,10.1016/j.ijindorg.2012.06.001,2013.0
55043224200.0,Chloe,Tergiman,female,Social Sciences,10.1016/j.jpubeco.2014.06.006,2014.0
56950241200.0,,Chavan,male,Natural Sciences,10.1016/j.jocs.2015.10.007,2015.0
55043224200.0,Chloe,Tergiman,female,Social Sciences,10.1007/s10683-014-9423-y,2015.0
56950241200.0,,Chavan,male,Natural Sciences,10.1285/i20705948v9n2p417,2016.0
56950241200.0,,Chavan,male,Natural Sciences,10.21272/jnep.8(2).02002,2016.0
56950241200.0,,Chavan,male,Natural Sciences,,2017.0
55043224200.0,Chloe,Tergiman,female,Social Sciences,10.1002/sej.1328,2019.0
55043224200.0,Chloe,Tergiman,female,Social Sciences,10.1007/s10683-018-9571-6,2019.0
56950241200.0,Atul,Chavan,male,Natural Sciences,10.15446/rce.v42n2.70815,2019.0
56950241200.0,Atul Rajaram,Chavan,male,Natural Sciences,10.1080/00949655.2019.1667359,2019.0
55043224200.0,Chloe,Tergiman,female,Social Sciences,10.1016/j.jpubeco.2019.104126,2020.0
55043224200.0,Chloe,Tergiman,female,Social Sciences,10.1016/j.jpubeco.2020.104173,2020.0
56950241200.0,Atul R.,Chavan,male,Natural Sciences,10.1016/j.renene.2019.10.053,2020.0
57197151737.0,Barbara,Lorenz,female,Medical and Health Sciences,10.1160/TH11-08-0552,2012.0
57188550913.0,Elisa,Halmeenmäki,female,Natural Sciences,10.1038/srep23410,2016.0
57188550913.0,Elisa,Halmeenmäki,female,Natural Sciences,10.1007/s11104-017-3406-7,2017.0
57188550913.0,Elisa,Halmeenmäki,female,Natural Sciences,10.1007/s11104-017-3406-7,2017.0
55809468800.0,Timothy L.,Hamilton,male,Social Sciences,10.1016/j.ecolecon.2013.06.011,2013.0
55809468800.0,Timothy L.,Hamilton,male,Social Sciences,10.1016/j.ecolecon.2013.06.011,2013.0
56347128900.0,Miranda,Russo,female,Medical and Health Sciences,10.1021/jm5001425,2014.0
55809468800.0,Timothy L.,Hamilton,male,Social Sciences,10.3368/le.91.4.762,2015.0
55809468800.0,Timothy L.,Hamilton,male,Social Sciences,10.1016/j.jeem.2015.08.001,2015.0
55809468800.0,Timothy L.,Hamilton,male,Social Sciences,10.1016/j.jeem.2017.03.007,2018.0
55809468800.0,Timothy,Hamilton,male,Social Sciences,10.1108/RAF-10-2017-0194,2019.0
57215744874.0,Brittany,Potter,female,Medical and Health Sciences,10.1310/hpj4809-736,2013.0
57212312506.0,Achour,Asma,male,Medical and Health Sciences,10.11604/pamj.2016.25.174.9746,2016.0
57212312506.0,Achour,Asma,male,Medical and Health Sciences,10.11604/pamj.2016.25.127.10750,2016.0
57212312506.0,Achour,Asma,male,Medical and Health Sciences,10.11604/pamj.2017.26.244.10506,2017.0
57212312506.0,Asma,Achour,male,Medical and Health Sciences,10.1016/j.rmcr.2019.100986,2020.0
7005597793.0,,Kornev,male,Natural Sciences,10.1090/S0002-9939-2012-11163-3,2012.0
7005597793.0,,Kornev,male,Natural Sciences,10.1090/S0002-9939-2012-11163-3,2012.0
7005597793.0,Alexandr I.,Kornev,male,Natural Sciences,10.1016/j.jalgebra.2014.01.033,2014.0
57189051745.0,Ke,Wen,male,Engineering and Technology,10.1016/j.cja.2016.10.015,2016.0
57189051745.0,Ke,Wen,male,Engineering and Technology,10.13196/j.cims.2016.03.012,2016.0
57189051745.0,Ke,Wen,male,Engineering and Technology,10.1108/IR-05-2018-0102,2018.0
57189051745.0,Ke,Wen,male,Engineering and Technology,10.1155/2018/2914871,2018.0
7005597793.0,,Kornev,male,Natural Sciences,10.1142/S0219498818500512,2018.0
57189051745.0,Ke,Wen,male,Engineering and Technology,10.1108/AA-04-2018-057,2019.0
55511981100.0,Stephan N.F.,Van Duren,male,Engineering and Technology,10.1364/OE.20.027327,2012.0
55511981100.0,,Van Duren,male,Engineering and Technology,10.1088/0957-4484/24/31/315202,2013.0
56400853600.0,,Strollo,female,Medical and Health Sciences,10.1007/s12603-014-0528-y,2015.0
56400853600.0,Sara E.,Strollo,female,Medical and Health Sciences,10.1513/AnnalsATS.201503-173OC,2015.0
56400853600.0,Sara,Strollo,female,Medical and Health Sciences,10.1093/ofid/ofw169,2016.0
56400853600.0,,Strollo,female,Medical and Health Sciences,10.5588/ijtld.15.0807,2016.0
56400853600.0,,Strollo,female,Medical and Health Sciences,10.5588/ijtld.15.0807,2016.0
56400853600.0,Sara,Strollo,female,Medical and Health Sciences,10.3201/eid2301.161198,2017.0
56400853600.0,Sara,Strollo,female,Medical and Health Sciences,10.3201/eid2301.161198,2017.0
55511981100.0,Stephan,Van Duren,male,Engineering and Technology,10.1109/JPHOTOV.2017.2686015,2017.0
55511981100.0,Stephan,van Duren,male,Engineering and Technology,10.1016/j.solmat.2018.04.022,2018.0
55511981100.0,Stephan,van Duren,male,Engineering and Technology,10.1016/j.jallcom.2018.11.337,2019.0
56400853600.0,Sara,Strollo,female,Medical and Health Sciences,10.1007/s11606-019-05189-y,2019.0
56400853600.0,Sara,Strollo,female,Medical and Health Sciences,10.1007/s11764-019-00762-0,2019.0
56400853600.0,Sara E.,Strollo,female,Medical and Health Sciences,10.1016/j.sleep.2019.10.008,2020.0
55697997100.0,Hossam F.,Abou-Shaara,male,Natural Sciences,10.2478/jas-2013-0016,2013.0
55697997100.0,Hossam F.,Abou-Shaara,male,Natural Sciences,10.5829/idosi.wasj.2013.22.08.7384,2013.0
56089300500.0,Xinjian,Gao,male,Engineering and Technology,10.1016/j.ijleo.2014.01.045,2014.0
55697997100.0,Hossam F.,Abou-Shaara,male,Natural Sciences,10.17221/7240-VETMED,2014.0
55697997100.0,,Abou-Shaara,male,Natural Sciences,,2014.0
55697997100.0,Hossam F.,Abou-Shaara,male,Natural Sciences,10.3954/JAUE14-05.1,2015.0
55697997100.0,Hossam F.,Abou-Shaara,male,Natural Sciences,10.3954/JAUE14-05.1,2015.0
56089300500.0,Xinjian,Gao,male,Engineering and Technology,,2015.0
56089300500.0,Xinjian,Gao,male,Engineering and Technology,10.5277/oa160401,2016.0
55697997100.0,Hossam F.,Abou-Shaara,male,Natural Sciences,10.3923/ajar.2016.87.98,2016.0
55697997100.0,Hossam F.,Abou-Shaara,male,Natural Sciences,,2017.0
55697997100.0,Hossam F.,Abou-Shaara,male,Natural Sciences,,2017.0
55697997100.0,,Abou-Shaara,male,Natural Sciences,10.4081/jear.2017.6200,2017.0
55697997100.0,Hossam F,Abou-Shaara,male,Natural Sciences,10.3906/vet-1606-92,2017.0
55697997100.0,Hossam F,Abou-Shaara,male,Natural Sciences,10.3906/vet-1606-92,2017.0
55697997100.0,Hossam F.,Abou-Shaara,male,Natural Sciences,10.3954/JAUE17-13.1,2017.0
55697997100.0,,Abou-Shaara,male,Natural Sciences,10.1007/s00040-017-0573-8,2017.0
55697997100.0,Hossam F.,Abou-Shaara,male,Natural Sciences,10.1016/j.aoas.2017.12.002,2017.0
55697997100.0,Hossam F.,Abou-Shaara,male,Natural Sciences,,2018.0
55697997100.0,Hossam F.,Abou-Shaara,male,Natural Sciences,,2019.0
55697997100.0,Hossam F.,Abou-Shaara,male,Natural Sciences,10.1080/2150704X.2019.1633488,2019.0
55697997100.0,Hossam F.,Abou-Shaara,male,Natural Sciences,10.2478/JAS-2019-0015,2019.0
55697997100.0,Hossam F.,Abou-Shaara,male,Natural Sciences,10.1186/s41938-019-0126-8,2019.0
55697997100.0,Hossam,Abou-Shaara,male,Natural Sciences,10.29252/JABR.06.01.03,2019.0
55697997100.0,Hossam F.,Abou-Shaara,male,Natural Sciences,10.1007/s12041-019-1145-7,2019.0
48861561300.0,Hyunhee,Han,female,Engineering and Technology,10.1155/2012/218429,2012.0
55366562700.0,Sonal U.,Mayekar,female,Medical and Health Sciences,10.1186/1748-717X-7-220,2012.0
55366562700.0,Sonal,Mayekar,female,Medical and Health Sciences,10.1016/j.clineuro.2012.09.019,2013.0
55366562700.0,Sonal U.,Mayekar,female,Medical and Health Sciences,10.1227/NEU.0000000000000019,2013.0
55366562700.0,Sonal U.,Mayekar,female,Medical and Health Sciences,10.1118/1.4887797,2014.0
56804460900.0,Marion,Rodgers,female,Humanities,10.2304/rcie.2014.9.2.227,2014.0
57193721915.0,Sara,Kammerer,female,Medical and Health Sciences,10.3748/wjg.v20.i30.10495,2014.0
57193721915.0,,Kammerer,female,Medical and Health Sciences,10.1007/s00063-014-0420-x,2015.0
57193721915.0,,Kammerer,female,Medical and Health Sciences,10.1007/s00330-014-3446-9,2015.0
57193721915.0,Sara,Kammerer,female,Medical and Health Sciences,10.1055/s-0043-116220,2017.0
57193721915.0,,Kammerer,female,Medical and Health Sciences,10.1007/s00062-017-0578-8,2017.0
57193721915.0,,Kammerer,female,Medical and Health Sciences,10.1007/s00270-018-1901-8,2018.0
57193721915.0,Sara,Kammerer,female,Medical and Health Sciences,10.1177/2050640617713651,2018.0
57193721915.0,Sara,Kammerer,female,Medical and Health Sciences,10.1177/2050640617713651,2018.0
57193721915.0,Sara,Kammerer,female,Medical and Health Sciences,10.1080/02688697.2017.1394444,2018.0
57193721915.0,Sara,Kammerer,female,Medical and Health Sciences,10.1371/journal.pone.0193698,2018.0
57193721915.0,Sarah,Kammerer,female,Medical and Health Sciences,10.1016/j.clineuro.2018.08.033,2018.0
57193721915.0,Sara,Kammerer,female,Medical and Health Sciences,10.1055/a-0576-1028,2018.0
56804460900.0,Marion,Rodgers,female,Humanities,,2019.0
56804460900.0,Marion,Rodgers,female,Humanities,10.1177/1745499919846015,2019.0
57193721915.0,Sara,Kammerer,female,Medical and Health Sciences,10.1055/a-0826-5056,2019.0
57193721915.0,Sara,Kammerer,female,Medical and Health Sciences,10.1007/s00270-018-2039-4,2019.0
57193721915.0,Sara,Kammerer,female,Medical and Health Sciences,10.1161/STROKEAHA.118.023559,2019.0
56100175200.0,Claudia,Bach,female,Medical and Health Sciences,10.1111/papr.12142,2014.0
56100175200.0,,Bach,female,Medical and Health Sciences,10.1007/s12603-014-0022-6,2014.0
56529146500.0,Alex M.,Abel,male,Medical and Health Sciences,10.1007/s00705-014-2016-4,2014.0
56529146500.0,Alex M.,Abel,male,Medical and Health Sciences,10.1016/j.molimm.2015.02.012,2015.0
56529146500.0,Alex M.,Abel,male,Medical and Health Sciences,10.1016/j.molimm.2015.02.012,2015.0
56100175200.0,,Bach,female,Medical and Health Sciences,10.1016/j.mhp.2016.04.001,2016.0
56529146500.0,Alex M.,Abel,male,Medical and Health Sciences,10.1007/s00705-015-2671-0,2016.0
56529146500.0,,Abel,male,Medical and Health Sciences,10.1038/leu.2016.240,2017.0
56100175200.0,Claudia,Bach,female,Medical and Health Sciences,10.1159/000492620,2018.0
56529146500.0,Alex M.,Abel,male,Medical and Health Sciences,10.3389/fimmu.2018.01168,2018.0
56529146500.0,Alex M.,Abel,male,Medical and Health Sciences,10.3389/fimmu.2018.01168,2018.0
56529146500.0,Alex M.,Abel,male,Medical and Health Sciences,10.3389/fimmu.2018.01869,2018.0
56529146500.0,Alex M.,Abel,male,Medical and Health Sciences,10.3389/fimmu.2018.01869,2018.0
56100175200.0,Claudia,Bach,female,Medical and Health Sciences,10.1017/S003329171900240X,2019.0
56100175200.0,Claudia,Bach,female,Medical and Health Sciences,10.1016/j.jad.2018.09.021,2019.0
56100175200.0,Claudia,Bach,female,Medical and Health Sciences,10.1024/1016-264X/a000243,2019.0
56529146500.0,Alex,Abel,male,Medical and Health Sciences,10.1186/s12861-019-0196-6,2019.0
56529146500.0,Alex,Abel,male,Medical and Health Sciences,10.1186/s12861-019-0196-6,2019.0
23670138800.0,Antônio Márcio Resende Do,Carmo,male,Medical and Health Sciences,10.1155/2013/274643,2013.0
23670138800.0,Antônio Márcio Resende,Do Carmo,male,Medical and Health Sciences,10.1016/j.bmc.2012.11.052,2013.0
23670138800.0,Antonio Marcio Resende Do,Carmo,male,Medical and Health Sciences,10.2174/1570180811310070002,2013.0
23670138800.0,Antônio Márcio R.,Do Carmo,male,Medical and Health Sciences,10.3390/molecules181012561,2013.0
57206395596.0,Jin,Cui,male,Natural Sciences,10.3901/JME.2013.02.116,2013.0
23670138800.0,Antônio Márcio Resende,Do Carmo,male,Medical and Health Sciences,10.1016/j.joen.2013.08.031,2013.0
23670138800.0,Antonio Marcio Resende,do Carmo,male,Medical and Health Sciences,,2013.0
23670138800.0,Antônio Márcio,Resende Do Carmo,male,Medical and Health Sciences,10.2478/acph-2014-0024,2014.0
23670138800.0,Antônio Márcio Resende,do Carmo,male,Medical and Health Sciences,10.1007/s00381-014-2599-9,2014.0
23670138800.0,Antônio Márcio Resende Do,Carmo,male,Medical and Health Sciences,10.1155/2015/931574,2015.0
23670138800.0,Antônio Márcio Resende Do,Carmo,male,Medical and Health Sciences,10.1155/2015/487467,2015.0
23670138800.0,Antônio Márcio Resende,do Carmo,male,Medical and Health Sciences,10.14295/bds.2018.v21i2.1516,2018.0
23670138800.0,Antônio Marcio Resende,Do Carmo,male,Medical and Health Sciences,10.14295/bds.2020.v23i1.1753,2020.0
56406206400.0,Roderigh,Rohling,male,Natural Sciences,10.1039/c4cc06267a,2014.0
57002121900.0,Mami,Morita,female,Medical and Health Sciences,10.1136/bcr-2014-205888,2014.0
57002121900.0,Mami,Morita,female,Medical and Health Sciences,10.2169/internalmedicine.54.4996,2015.0
56406206400.0,Roderigh,Rohling,male,Natural Sciences,10.1039/c6sc01295g,2016.0
56406206400.0,Roderigh,Rohling,male,Natural Sciences,10.1039/c6cc00201c,2016.0
57002121900.0,Mami,Morita,female,Medical and Health Sciences,10.1155/2016/5297329,2016.0
56406206400.0,Roderigh Y.,Rohling,male,Natural Sciences,10.1021/acs.jpcc.8b04409,2018.0
56406206400.0,Roderigh Y.,Rohling,male,Natural Sciences,10.1021/acscatal.8b02491,2018.0
56406206400.0,Roderigh Y.,Rohling,male,Natural Sciences,10.1002/celc.201701119,2018.0
56406206400.0,Roderigh Y.,Rohling,male,Natural Sciences,10.1021/acscatal.7b03343,2018.0
56406206400.0,Roderigh,Rohling,male,Natural Sciences,10.1002/anie.201711098,2018.0
56406206400.0,Roderigh Y.,Rohling,male,Natural Sciences,10.1002/cphc.201701058,2018.0
57002121900.0,Mami,Morita,female,Medical and Health Sciences,10.2169/internalmedicine.9153-17,2018.0
56406206400.0,Roderigh Y.,Rohling,male,Natural Sciences,10.1021/acs.jpcc.8b08934,2019.0
56406206400.0,Roderigh Y.,Rohling,male,Natural Sciences,10.1021/acscatal.8b03482,2019.0
56406206400.0,Roderigh Y.,Rohling,male,Natural Sciences,10.1021/acs.jpcc.8b08251,2019.0
56406206400.0,Roderigh Y.,Rohling,male,Natural Sciences,10.1021/acs.jpcc.8b08251,2019.0
57188055100.0,Stacy E.,Aguilera,female,Natural Sciences,10.1016/j.marpol.2011.05.008,2012.0
57188055100.0,,Aguilera,female,Natural Sciences,10.1016/j.marpol.2012.05.025,2013.0
56647534600.0,Yong,Ning,male,Natural Sciences,10.1142/S0129065715500240,2015.0
56647534600.0,Yong,Ning,male,Natural Sciences,10.1109/JBHI.2014.2328497,2015.0
57188055100.0,Stacy E.,Aguilera,female,Natural Sciences,10.1371/journal.pone.0118992,2015.0
56647534600.0,Yong,Ning,male,Natural Sciences,10.1007/s13534-017-0009-4,2017.0
57188055100.0,Stacy E.,Aguilera,female,Natural Sciences,10.1016/j.gloenvcha.2017.01.003,2017.0
57188055100.0,Stacy E.,Aguilera,female,Natural Sciences,10.1371/journal.pone.0195760,2018.0
57188055100.0,Stacy E.,Aguilera,female,Natural Sciences,10.1080/08941920.2018.1471176,2018.0
57188055100.0,Stacy Elizabeth,Aguilera,female,Natural Sciences,10.18352/ijc.821,2018.0
56647534600.0,Yong,Ning,male,Natural Sciences,10.1155/2018/2347589,2018.0
56647534600.0,Yong,Ning,male,Natural Sciences,10.1155/2018/2347589,2018.0
57188055100.0,Stacy,Aguilera,female,Natural Sciences,10.1016/j.ecss.2019.106357,2019.0
56647534600.0,Yong,Ning,male,Natural Sciences,10.24507/ijicic.15.04.1455,2019.0
56647534600.0,Yong,Ning,male,Natural Sciences,10.1016/j.compbiomed.2019.103372,2019.0
54998413000.0,Eunha,Park,female,Engineering and Technology,10.1016/j.jiec.2011.11.153,2012.0
56463499800.0,Jianhua,Zhan,male,Medical and Health Sciences,10.18632/oncotarget.2608,2014.0
56463499800.0,Jianhua,Zhan,male,Medical and Health Sciences,10.18632/oncotarget.2608,2014.0
56463499800.0,Jianhua,Zhan,male,Medical and Health Sciences,10.18632/oncotarget.3694,2015.0
56463499800.0,Jianhua,Zhan,male,Medical and Health Sciences,10.18632/oncotarget.3694,2015.0
56463499800.0,Jianhua,Zhan,male,Medical and Health Sciences,10.18632/oncotarget.3694,2015.0
56463499800.0,Jianhua,Zhan,male,Medical and Health Sciences,10.1097/JTO.0000000000000500,2015.0
56463499800.0,Jianhua,Zhan,male,Medical and Health Sciences,10.1097/JTO.0000000000000500,2015.0
56463499800.0,Jian-Hua,Zhan,male,Medical and Health Sciences,10.7314/APJCP.2015.16.2.551,2015.0
56463499800.0,Jianhua,Zhan,male,Medical and Health Sciences,10.1007/s12032-015-0489-y,2015.0
56463499800.0,Jianhua,Zhan,male,Medical and Health Sciences,10.1038/srep10481,2015.0
56463499800.0,Jianhua,Zhan,male,Medical and Health Sciences,10.1038/srep10481,2015.0
56463499800.0,Jianhua,Zhan,male,Medical and Health Sciences,10.1038/srep10481,2015.0
56463499800.0,Jianhua,Zhan,male,Medical and Health Sciences,10.1097/MD.0000000000001949,2015.0
56463499800.0,Jianhua,Zhan,male,Medical and Health Sciences,10.1016/j.cllc.2015.03.005,2015.0
56463499800.0,Jianhua,Zhan,male,Medical and Health Sciences,10.1016/j.cllc.2015.03.005,2015.0
56463499800.0,Jianhua,Zhan,male,Medical and Health Sciences,10.1016/j.cllc.2015.03.005,2015.0
56463499800.0,Jianhua,Zhan,male,Medical and Health Sciences,10.18632/oncotarget.5028,2015.0
56463499800.0,Jianhua,Zhan,male,Medical and Health Sciences,10.18632/oncotarget.5028,2015.0
56463499800.0,Jianhua,Zhan,male,Medical and Health Sciences,10.1002/ijc.29540,2015.0
56463499800.0,Jianhua,Zhan,male,Medical and Health Sciences,10.1002/ijc.29540,2015.0
56463499800.0,Jian-Hua,Zhan,male,Medical and Health Sciences,10.18632/oncotarget.5583,2015.0
56463499800.0,Jianhua,Zhan,male,Medical and Health Sciences,10.1097/MD.0000000000003097,2016.0
56463499800.0,Jianhua,Zhan,male,Medical and Health Sciences,10.1097/MD.0000000000003097,2016.0
56463499800.0,Jianhua,Zhan,male,Medical and Health Sciences,10.1097/MD.0000000000003097,2016.0
56463499800.0,Jianhua,Zhan,male,Medical and Health Sciences,10.18632/oncotarget.7729,2016.0
56463499800.0,Jianhua,Zhan,male,Medical and Health Sciences,10.18632/oncotarget.7729,2016.0
56463499800.0,Jianhua,Zhan,male,Medical and Health Sciences,10.18632/oncotarget.7729,2016.0
56463499800.0,Jianhua,Zhan,male,Medical and Health Sciences,10.18632/oncotarget.7713,2016.0
56463499800.0,Jianhua,Zhan,male,Medical and Health Sciences,10.18632/oncotarget.7713,2016.0
56463499800.0,Jianhua,Zhan,male,Medical and Health Sciences,10.18632/oncotarget.7713,2016.0
56463499800.0,Jianhua,Zhan,male,Medical and Health Sciences,10.1038/srep20090,2016.0
56463499800.0,Jianhua,Zhan,male,Medical and Health Sciences,10.1038/srep20090,2016.0
56463499800.0,Jianhua,Zhan,male,Medical and Health Sciences,10.2147/DDDT.S96634,2016.0
56463499800.0,Jianhua,Zhan,male,Medical and Health Sciences,10.2147/DDDT.S94432,2016.0
56463499800.0,Jianhua,Zhan,male,Medical and Health Sciences,10.2147/OTT.S115262,2016.0
56463499800.0,Jianhua,Zhan,male,Medical and Health Sciences,10.2147/OTT.S115262,2016.0
56463499800.0,Jianhua,Zhan,male,Medical and Health Sciences,10.1007/s13277-016-5031-0,2016.0
56463499800.0,Jianhua,Zhan,male,Medical and Health Sciences,10.1007/s13277-016-5031-0,2016.0
56463499800.0,Jianhua,Zhan,male,Medical and Health Sciences,10.1080/2162402X.2015.1094598,2016.0
56463499800.0,Jianhua,Zhan,male,Medical and Health Sciences,10.1080/2162402X.2015.1094598,2016.0
56463499800.0,Jianhua,Zhan,male,Medical and Health Sciences,10.1186/s12885-017-3239-z,2017.0
56463499800.0,Jianhua,Zhan,male,Medical and Health Sciences,10.1186/s12885-017-3239-z,2017.0
56463499800.0,Jianhua,Zhan,male,Medical and Health Sciences,10.1186/s12885-017-3239-z,2017.0
56463499800.0,Jianhua,Zhan,male,Medical and Health Sciences,10.2147/OTT.S112158,2017.0
56463499800.0,Jianhua,Zhan,male,Medical and Health Sciences,10.2147/OTT.S112158,2017.0
56463499800.0,Jianhua,Zhan,male,Medical and Health Sciences,10.1186/s12885-017-3239-z,2017.0
56463499800.0,Jianhua,Zhan,male,Medical and Health Sciences,10.1186/s12885-017-3239-z,2017.0
56463499800.0,Jianhua,Zhan,male,Medical and Health Sciences,10.1186/s12885-017-3239-z,2017.0
56463499800.0,Jianhua,Zhan,male,Medical and Health Sciences,10.1093/jnci/djw217,2017.0
56463499800.0,Jianhua,Zhan,male,Medical and Health Sciences,10.1093/jnci/djw217,2017.0
56463499800.0,Jianhua,Zhan,male,Medical and Health Sciences,10.1093/jnci/djw217,2017.0
56463499800.0,Jianhua,Zhan,male,Medical and Health Sciences,10.7150/jca.18729,2017.0
56463499800.0,Jianhua,Zhan,male,Medical and Health Sciences,10.7150/jca.18729,2017.0
56463499800.0,Jianhua,Zhan,male,Medical and Health Sciences,10.7150/jca.18729,2017.0
56463499800.0,Jianhua,Zhan,male,Medical and Health Sciences,10.1007/s00262-017-2005-z,2017.0
56463499800.0,Jianhua,Zhan,male,Medical and Health Sciences,10.1007/s00262-017-2005-z,2017.0
56463499800.0,Jianhua,Zhan,male,Medical and Health Sciences,10.1634/theoncologist.2017-0378,2018.0
56463499800.0,Jianhua,Zhan,male,Medical and Health Sciences,10.1002/cam4.1616,2018.0
56463499800.0,Jianhua,Zhan,male,Medical and Health Sciences,10.1002/cam4.1616,2018.0
56463499800.0,Jianhua,Zhan,male,Medical and Health Sciences,10.1002/cam4.1616,2018.0
56463499800.0,Jianhua,Zhan,male,Medical and Health Sciences,10.1186/s40880-018-0285-0,2018.0
56463499800.0,Jianhua,Zhan,male,Medical and Health Sciences,10.1186/s40880-018-0285-0,2018.0
56463499800.0,Jianhua,Zhan,male,Medical and Health Sciences,10.1186/s12885-018-4559-3,2018.0
56463499800.0,Jianhua,Zhan,male,Medical and Health Sciences,10.1186/s12885-018-4559-3,2018.0
56463499800.0,Jian-Hua,Zhan,male,Medical and Health Sciences,10.2147/DDDT.S169952,2018.0
56463499800.0,Jianhua,Zhan,male,Medical and Health Sciences,10.1186/s40425-019-0581-5,2019.0
56463499800.0,Jianhua,Zhan,male,Medical and Health Sciences,10.1186/s12943-019-0939-9,2019.0
56463499800.0,Jianhua,Zhan,male,Medical and Health Sciences,10.1002/cam4.2018,2019.0
56463499800.0,Jianhua,Zhan,male,Medical and Health Sciences,10.1002/cam4.2018,2019.0
56463499800.0,Jianhua,Zhan,male,Medical and Health Sciences,10.1002/cam4.2018,2019.0
56463499800.0,Jianhua,Zhan,male,Medical and Health Sciences,10.1038/s41467-019-10902-w,2019.0
56463499800.0,Jianhua,Zhan,male,Medical and Health Sciences,10.1038/s41467-019-10902-w,2019.0
56463499800.0,Jianhua,Zhan,male,Medical and Health Sciences,10.1038/s41467-019-10902-w,2019.0
56463499800.0,Jianhua,Zhan,male,Medical and Health Sciences,10.1016/j.jtho.2020.01.020,2020.0
55356046500.0,Mohammad Taufiq,Mustaffa,male,Engineering and Technology,10.20965/ijat.2012.p0662,2012.0
37001499100.0,Amy Lawrason,Hughes,female,Medical and Health Sciences,10.1001/jamaoto.2013.5550,2014.0
37001499100.0,Amy Lawrason,Hughes,female,Medical and Health Sciences,10.1001/jamaoto.2013.5550,2014.0
37001499100.0,Amy Lawrason,Hughes,female,Medical and Health Sciences,10.1177/0194599813511948,2014.0
37001499100.0,Amy Lawrason,Hughes,female,Medical and Health Sciences,10.1001/jamaoto.2014.2331,2014.0
37001499100.0,Amy,Hughes,female,Medical and Health Sciences,10.1002/lary.25210,2015.0
55356046500.0,,Mustaffa,male,Engineering and Technology,10.11113/jt.v77.6231,2015.0
37001499100.0,Amy,Hughes,female,Medical and Health Sciences,10.1148/radiol.2015140889,2016.0
55356046500.0,,Mustaffa,male,Engineering and Technology,,2016.0
37001499100.0,Amy L.,Hughes,female,Medical and Health Sciences,10.1177/0194599817721454,2017.0
37001499100.0,Amy L.,Hughes,female,Medical and Health Sciences,10.1177/0194599817721454,2017.0
55356046500.0,,Mustaffa,male,Engineering and Technology,,2018.0
55356046500.0,,Mustaffa,male,Engineering and Technology,,2018.0
55356046500.0,,Mustaffa,male,Engineering and Technology,,2018.0
55356046500.0,,Mustaffa,male,Engineering and Technology,,2018.0
37001499100.0,Amy L.,Hughes,female,Medical and Health Sciences,10.1016/j.ijporl.2018.08.003,2018.0
37001499100.0,Amy L.,Hughes,female,Medical and Health Sciences,10.1016/j.ijporl.2018.08.003,2018.0
55356046500.0,Mohammad Taufiq,Mustaffa,male,Engineering and Technology,,2019.0
55103075100.0,Sandy E.,Brickman,female,Medical and Health Sciences,10.1519/JPT.0b013e3182203c90,2012.0
6508196002.0,María Dolores,Montoya Lirola,female,Medical and Health Sciences,10.1016/j.juro.2014.05.091,2014.0
55055410200.0,Steven P.,Proper,male,Medical and Health Sciences,10.1152/ajplung.00193.2011,2012.0
55055410200.0,Steven P.,Proper,male,Medical and Health Sciences,10.1152/ajplung.00193.2011,2012.0
55055410200.0,Steven P.,Proper,male,Medical and Health Sciences,10.1152/ajplung.00193.2011,2012.0
55055410200.0,Steven P.,Proper,male,Medical and Health Sciences,10.1093/toxsci/kft253,2014.0
55055410200.0,Steven P.,Proper,male,Medical and Health Sciences,10.1093/toxsci/kft253,2014.0
55055410200.0,Steven P.,Proper,male,Medical and Health Sciences,10.1093/toxsci/kft253,2014.0
56147340000.0,Chuanxiang,Zhang,male,Engineering and Technology,10.1166/jnn.2014.8641,2014.0
56147340000.0,Chuanxiang,Zhang,male,Engineering and Technology,10.1166/jnn.2014.8831,2014.0
55055410200.0,Steven P.,Proper,male,Medical and Health Sciences,10.1371/journal.pone.0139270,2015.0
55055410200.0,Steven P.,Proper,male,Medical and Health Sciences,10.1371/journal.pone.0139270,2015.0
55055410200.0,Steven P.,Proper,male,Medical and Health Sciences,10.1371/journal.pone.0139270,2015.0
16308934600.0,Danielle,Beech,female,Social Sciences,10.1093/arclin/acu016,2014.0
16308934600.0,Danielle,Beech,female,Social Sciences,10.1093/arclin/acu016,2014.0
56763977200.0,Rachel L.,Tilling,female,Natural Sciences,10.1038/ngeo2489,2015.0
56763977200.0,Rachel L.,Tilling,female,Natural Sciences,10.5194/tc-10-2003-2016,2016.0
56763977200.0,Rachel,Tilling,female,Natural Sciences,10.1002/joc.5815,2018.0
56763977200.0,Rachel,Tilling,female,Natural Sciences,10.1016/j.asr.2017.12.030,2018.0
56763977200.0,Rachel L.,Tilling,female,Natural Sciences,10.1016/j.asr.2017.10.051,2018.0
56763977200.0,Rachel L.,Tilling,female,Natural Sciences,10.1016/j.asr.2019.10.011,2019.0
56763977200.0,Rachel,Tilling,female,Natural Sciences,10.5194/tc-13-125-2019,2019.0
56763977200.0,Rachel,Tilling,female,Natural Sciences,10.5194/tc-13-2869-2019,2019.0
56763977200.0,Rachel,Tilling,female,Natural Sciences,10.5194/tc-13-2869-2019,2019.0
55732521700.0,Lu,Xu,female,Natural Sciences,10.3969/j.issn.0438-1157.2014.z2.014,2014.0
55732521700.0,Lu,Xu,female,Natural Sciences,10.1016/j.cryogenics.2014.03.008,2014.0
55732521700.0,Lu,Xu,female,Natural Sciences,10.3785/j.issn.1008-973X.2016.10.003,2016.0
55732521700.0,Lu,Xu,female,Natural Sciences,10.1016/j.ijhydene.2015.10.042,2016.0
57189598525.0,Clarice Silva,Santana,female,Medical and Health Sciences,10.1590/1413-81232015216.07932016,2016.0
57189598525.0,Clarice Silva,Santana,female,Medical and Health Sciences,10.1177/1757975919854045,2019.0
57189598525.0,Clarice Silva,Santana,female,Medical and Health Sciences,10.1177/1757975919854045,2019.0
55241200700.0,Hyeyoun,Lee,female,Natural Sciences,10.1016/j.apsusc.2013.07.087,2013.0
57204616391.0,Carla,Manciati,female,Engineering and Technology,10.1080/02626667.2014.888490,2014.0
57204616391.0,Carla,Manciati,female,Engineering and Technology,,2018.0
57204616391.0,Carla,Manciati,female,Engineering and Technology,10.1039/c8ay01314d,2018.0
55888020100.0,Zareen S.,Khan,female,Natural Sciences,10.1016/j.chroma.2013.10.026,2013.0
55888020100.0,Zareen S.,Khan,female,Natural Sciences,10.1016/j.chroma.2014.03.080,2014.0
55888020100.0,Zareen S.,Khan,female,Natural Sciences,10.1007/s10661-014-3760-3,2014.0
56622619400.0,Crystal T.,Rivers,female,Natural Sciences,10.3390/bs5020264,2015.0
56622619400.0,Crystal T.,Rivers,female,Natural Sciences,10.1371/journal.pone.0121840,2015.0
55888020100.0,Zareen S.,Khan,female,Natural Sciences,10.1016/j.chroma.2015.09.070,2015.0
55888020100.0,Zareen,Khan,female,Natural Sciences,10.1002/slct.201703035,2018.0
55888020100.0,Zareen,Khan,female,Natural Sciences,10.1080/03601234.2017.1410416,2018.0
55888020100.0,Zareen,Khan,female,Natural Sciences,10.1016/j.foodchem.2017.08.091,2018.0
55888020100.0,Zareen,Khan,female,Natural Sciences,10.1016/j.chroma.2017.11.066,2018.0
55888020100.0,Zareen,Khan,female,Natural Sciences,10.1016/j.chroma.2018.10.025,2018.0
55888020100.0,Zareen,Khan,female,Natural Sciences,10.1080/19440049.2018.1547424,2019.0
55888020100.0,Zareen,Khan,female,Natural Sciences,10.1007/s13197-019-03802-w,2019.0
55888020100.0,Zareen,Khan,female,Natural Sciences,10.1016/j.foodchem.2019.125216,2019.0
55888020100.0,Zareen S.,Khan,female,Natural Sciences,10.1002/ejlt.201900356,2020.0
55888020100.0,Zareen S.,Khan,female,Natural Sciences,10.1002/ejlt.201900356,2020.0
55888020100.0,Zareen S.,Khan,female,Natural Sciences,10.1016/j.scp.2020.100253,2020.0
55888020100.0,Zareen S.,Khan,female,Natural Sciences,10.1016/j.scp.2020.100253,2020.0
55888020100.0,Zareen,Khan,female,Natural Sciences,10.1016/j.arabjc.2017.11.007,2020.0
55888020100.0,Zareen,Khan,female,Natural Sciences,10.1007/s13197-019-04092-y,2020.0
57191920546.0,Jason Jorge,Arellano,male,Medical and Health Sciences,10.1016/j.soard.2016.08.014,2016.0
57190308076.0,Christopher,Maier,male,Social Sciences,10.1080/16184742.2016.1188841,2016.0
57190308076.0,Christopher,Maier,male,Social Sciences,10.3727/152599516X14786350337262,2017.0
57190308076.0,Christopher,Maier,male,Social Sciences,10.1108/SBM-05-2017-0032,2018.0
57204245907.0,William E.,Carson III,male,Medical and Health Sciences,10.1148/radiol.13130776,2014.0
57033759300.0,John M.,Orlowski,male,Agricultural Sciences,10.2134/CFTM2015.0175,2015.0
57033759300.0,John M.,Orlowski,male,Agricultural Sciences,10.2134/agronj2016.04.0185,2016.0
57033759300.0,John M.,Orlowski,male,Agricultural Sciences,10.2134/agronj2015.0589,2016.0
57033759300.0,John M.,Orlowski,male,Agricultural Sciences,10.2134/agronj2016.03.0128,2016.0
57033759300.0,John M.,Orlowski,male,Agricultural Sciences,10.2134/agronj2015.0593,2016.0
57033759300.0,John M.,Orlowski,male,Agricultural Sciences,10.2135/cropsci2015.09.0576,2016.0
57033759300.0,John M.,Orlowski,male,Agricultural Sciences,10.2135/cropsci2015.10.0620,2016.0
57033759300.0,John M.,Orlowski,male,Agricultural Sciences,10.2134/cftm2016.0002,2016.0
57033759300.0,John M.,Orlowski,male,Agricultural Sciences,10.2134/cftm2015.0190,2016.0
57033759300.0,John M.,Orlowski,male,Agricultural Sciences,10.2135/cropsci2015.08.0482,2016.0
57033759300.0,John M.,Orlowski,male,Agricultural Sciences,10.2134/agronj2015.0505,2016.0
57033759300.0,,Orlowski,male,Agricultural Sciences,10.2134/cftm2017.04.0026,2017.0
57033759300.0,John M.,Orlowski,male,Agricultural Sciences,10.2134/cftm2016.12.0082,2017.0
57033759300.0,John M.,Orlowski,male,Agricultural Sciences,10.3390/agronomy7040077,2017.0
57033759300.0,John M.,Orlowski,male,Agricultural Sciences,10.1080/00103624.2017.1421649,2018.0
57033759300.0,John M.,Orlowski,male,Agricultural Sciences,10.1016/j.fcr.2017.09.035,2018.0
57033759300.0,John,Orlowski,male,Agricultural Sciences,10.1111/pce.13190,2018.0
57033759300.0,John M.,Orlowski,male,Agricultural Sciences,10.2134/agronj2017.05.0271,2018.0
57033759300.0,John M.,Orlowski,male,Agricultural Sciences,10.2134/cftm2018.01.0004,2018.0
57033759300.0,,Orlowski,male,Agricultural Sciences,10.2134/cftm2019.05.0063,2019.0
57033759300.0,John M.,Orlowski,male,Agricultural Sciences,10.1016/j.fcr.2018.10.014,2019.0
57033759300.0,John M.,Orlowski,male,Agricultural Sciences,10.3389/fpls.2019.00298,2019.0
57033759300.0,John M.,Orlowski,male,Agricultural Sciences,10.1002/agj2.20093,2019.0
57033759300.0,John M.,Orlowski,male,Agricultural Sciences,10.2134/agronj2018.08.0488,2019.0
57196912828.0,Jason,Tarpley,male,Medical and Health Sciences,10.1007/s11883-013-0336-6,2013.0
57196125795.0,Lei,Zhang,male,Natural Sciences,10.1021/am509011y,2015.0
57196125795.0,Lei,Zhang,male,Natural Sciences,10.1021/am509011y,2015.0
57196125795.0,Lei,Zhang,male,Natural Sciences,10.1039/c4cc08178a,2015.0
56379385300.0,Yayuan,Tian,female,Natural Sciences,10.1016/j.electacta.2014.08.001,2014.0
56379385300.0,Yayuan,Tian,female,Natural Sciences,10.1016/j.electacta.2015.05.183,2015.0
56996485400.0,Tu,Nguyen,male,Natural Sciences,10.1016/j.ebiom.2015.10.025,2015.0
56379385300.0,Yayuan,Tian,female,Natural Sciences,10.1021/acsami.6b09795,2016.0
56379385300.0,Yayuan,Tian,female,Natural Sciences,10.1021/acsami.6b09795,2016.0
56996485400.0,Tu,Nguyen,male,Natural Sciences,10.1038/ncomms10472,2016.0
56996485400.0,Tu,Nguyen,male,Natural Sciences,10.1523/JNEUROSCI.0643-16.2017,2017.0
56379385300.0,Yayuan,Tian,female,Natural Sciences,10.1039/c7ta02094e,2017.0
56379385300.0,Yayuan,Tian,female,Natural Sciences,10.1039/c7ta02094e,2017.0
56379385300.0,Yayuan,Tian,female,Natural Sciences,10.1364/OE.28.000641,2020.0
55232748400.0,Hongyin,Yuan,male,Natural Sciences,10.1166/sl.2012.1881,2012.0
56303638600.0,Aditya,Pandya,male,Natural Sciences,10.1109/JSTQE.2013.2282278,2014.0
56303638600.0,Aditya,Pandya,male,Natural Sciences,10.1117/1.JBO.21.1.015004,2016.0
56303638600.0,Aditya,Pandya,male,Natural Sciences,10.1007/s00773-017-0468-4,2018.0
56303638600.0,Aditya,Pandya,male,Natural Sciences,10.1016/j.resp.2018.01.003,2018.0
56303638600.0,Aditya,Pandya,male,Natural Sciences,10.1042/BSR20170027,2018.0
56303638600.0,Aditya,Pandya,male,Natural Sciences,10.1364/BOE.10.004656,2019.0
56207092000.0,Liu,Rong,male,Medical and Health Sciences,10.1097/SHK.0000000000000168,2014.0
57188960217.0,Wenting,Wang,female,Engineering and Technology,10.13976/j.cnki.xk.2015.0008,2015.0
56207092000.0,Liu,Rong,male,Medical and Health Sciences,10.3760/cmu.j.issn.1671-0282.2015.03.016,2015.0
57188960217.0,Wen-Ting,Wang,female,Engineering and Technology,10.3969/j.issn.1001-506X.2016.08.29,2016.0
57188960217.0,Wen-Ting,Wang,female,Engineering and Technology,10.7641/CTA.2016.41102,2016.0
57188960217.0,Wen-Ting,Wang,female,Engineering and Technology,10.7641/CTA.2017.70075,2017.0
57188960217.0,Wenting,Wang,female,Engineering and Technology,,2017.0
57200712886.0,Lei,Miao,male,Natural Sciences,10.3969/j.issn.0438-1157.2012.10.036,2012.0
57200712886.0,Lei,Miao,male,Natural Sciences,10.3969/j.issn.1001-0505.2013.02.030,2013.0
57200712886.0,Lei,Miao,male,Natural Sciences,10.1016/j.biortech.2013.02.017,2013.0
57200712886.0,Lei,Miao,male,Natural Sciences,10.1016/j.biortech.2012.10.063,2013.0
57200712886.0,Lei,Miao,male,Natural Sciences,10.3969/j.issn.1674-4764.2013.01.020,2013.0
57200712886.0,Lei,Miao,male,Natural Sciences,10.1002/jctb.4047,2013.0
55879382100.0,Ireneusz M.,KowaIskit,male,Medical and Health Sciences,10.1016/j.poamed.2013.06.002,2013.0
55879382100.0,Ireneusz M.,KowaIskit,male,Medical and Health Sciences,10.1016/j.poamed.2013.06.002,2013.0
57200712886.0,Lei,Miao,male,Natural Sciences,,2013.0
57200712886.0,Lei,Miao,male,Natural Sciences,10.1016/j.biortech.2014.02.058,2014.0
57200712886.0,Lei,Miao,male,Natural Sciences,10.1016/j.biortech.2014.06.076,2014.0
57200712886.0,Lei,Miao,male,Natural Sciences,10.3969/j.issn.1001-0505.2014.05.022,2014.0
57200712886.0,Lei,Miao,male,Natural Sciences,10.1016/j.biortech.2015.05.013,2015.0
57200712886.0,Lei,Miao,male,Natural Sciences,10.1016/j.bej.2015.06.005,2015.0
57200712886.0,Lei,Miao,male,Natural Sciences,10.1016/j.biortech.2015.03.032,2015.0
57200712886.0,Lei,Miao,male,Natural Sciences,,2015.0
57200712886.0,Lei,Miao,male,Natural Sciences,,2016.0
57200712886.0,Lei,Miao,male,Natural Sciences,10.1016/j.watres.2016.05.010,2016.0
57200712886.0,Lei,Miao,male,Natural Sciences,10.1016/j.biortech.2016.04.118,2016.0
57200712886.0,Lei,Miao,male,Natural Sciences,10.1016/j.biortech.2016.06.131,2016.0
57200712886.0,Lei,Miao,male,Natural Sciences,10.1016/j.cej.2016.12.105,2017.0
57200712886.0,Lei,Miao,male,Natural Sciences,10.11936/bjutxb2017030014,2018.0
57200712886.0,Lei,Miao,male,Natural Sciences,10.1016/j.biortech.2017.09.151,2018.0
57200712886.0,Lei,Miao,male,Natural Sciences,10.1016/j.biortech.2017.09.151,2018.0
57200712886.0,Lei,Miao,male,Natural Sciences,10.1016/j.jenvman.2019.01.057,2019.0
57200712886.0,Lei,Miao,male,Natural Sciences,10.1016/j.apsusc.2018.10.031,2019.0
57200712886.0,Lei,Miao,male,Natural Sciences,10.1016/j.apcatb.2019.02.047,2019.0
57200712886.0,Lei,Miao,male,Natural Sciences,10.1016/j.apsusc.2019.03.087,2019.0
57200712886.0,Lei,Miao,male,Natural Sciences,10.1016/j.scitotenv.2020.136651,2020.0
57191037466.0,Steven M.,Gray,male,Natural Sciences,10.3955/046.090.0309,2016.0
57191037466.0,Steven M.,Gray,male,Natural Sciences,10.3955/046.090.0309,2016.0
57204680449.0,,Zubair,male,Natural Sciences,10.1063/1.4969047,2016.0
57204680449.0,Md. Abdullah,Zubair,male,Natural Sciences,10.1016/j.jallcom.2016.07.134,2016.0
57204680449.0,,Zubair,male,Natural Sciences,10.1016/j.jallcom.2016.06.171,2016.0
57204680449.0,,Zubair,male,Natural Sciences,10.1063/1.4944817,2016.0
57191037466.0,Steven M.,Gray,male,Natural Sciences,10.1111/1365-2656.12680,2017.0
57204680449.0,,Zubair,male,Natural Sciences,10.1016/j.jallcom.2016.12.185,2017.0
57204680449.0,Md. Abdullah,Zubair,male,Natural Sciences,10.3934/matersci.2017.5.1095,2017.0
57204680449.0,,Zubair,male,Natural Sciences,10.1063/1.5006264,2017.0
57191037466.0,Steven M.,Gray,male,Natural Sciences,10.3389/fevo.2018.00049,2018.0
57204680449.0,,Zubair,male,Natural Sciences,10.1016/j.jallcom.2017.11.323,2018.0
57191037466.0,Steven M.,Gray,male,Natural Sciences,10.1093/forsci/fxz037,2019.0
57191037466.0,Steven M.,Gray,male,Natural Sciences,10.1093/forsci/fxz037,2019.0
57204680449.0,,Zubair,male,Natural Sciences,10.1038/s41598-019-41570-x,2019.0
57204680449.0,,Zubair,male,Natural Sciences,10.1063/1.5096594,2019.0
57204680449.0,,Zubair,male,Natural Sciences,10.1007/s10854-019-01665-7,2019.0
57191037466.0,,Gray,male,Natural Sciences,10.1111/acv.12520,2020.0
57204680449.0,,Zubair,male,Natural Sciences,10.1016/j.jmmm.2020.166449,2020.0
55328823200.0,Claudia,Costa,female,Medical and Health Sciences,10.1136/bcr.01.2012.5679,2012.0
55328823200.0,Cláudia,Costa,female,Medical and Health Sciences,10.1007/s10545-013-9623-1,2014.0
56467661000.0,Jang Su,Jeon,male,Medical and Health Sciences,10.1016/j.fct.2014.12.007,2015.0
56467661000.0,Jang Su,Jeon,male,Medical and Health Sciences,10.1021/tx500504n,2015.0
56467661000.0,Jang Su,Jeon,male,Medical and Health Sciences,10.1016/j.jpba.2016.09.009,2016.0
56467661000.0,Jang Su,Jeon,male,Medical and Health Sciences,10.1016/j.fct.2016.08.010,2016.0
56467661000.0,Jang Su,Jeon,male,Medical and Health Sciences,10.18632/oncotarget.20329,2017.0
56467661000.0,Jang Su,Jeon,male,Medical and Health Sciences,10.4062/biomolther.2017.054,2018.0
56467661000.0,Jang Su,Jeon,male,Medical and Health Sciences,10.1016/j.fct.2018.12.035,2019.0
55388002000.0,Duan,Gu,male,Natural Sciences,10.3788/HPLPB20122409.2183,2012.0
57202562880.0,Il Young,Lee,male,Medical and Health Sciences,10.1016/j.clinre.2012.10.010,2013.0
55388002000.0,Duan,Gu,male,Natural Sciences,10.11884/HPLPB201426.125101,2014.0
55388002000.0,Duan,Gu,male,Natural Sciences,10.1088/1674-1137/38/2/028101,2014.0
57202562880.0,Il Young,Lee,male,Medical and Health Sciences,10.1371/journal.pone.0133935,2015.0
55388002000.0,Duan,Gu,male,Natural Sciences,10.1007/s41365-017-0338-0,2018.0
55388002000.0,Duan,Gu,male,Natural Sciences,10.1016/j.nima.2018.07.033,2018.0
55388002000.0,Duan,Gu,male,Natural Sciences,10.11889/j.0253-3219.2018.hjs.41.030103,2018.0
55388002000.0,Duan,Gu,male,Natural Sciences,10.11884/HPLPB201830.170303,2018.0
55388002000.0,Duan,Gu,male,Natural Sciences,10.3788/CJL201946.0100005,2019.0
55388002000.0,Duan,Gu,male,Natural Sciences,10.1103/PhysRevAccelBeams.22.050703,2019.0
56926733600.0,,Cairnduff,female,Medical and Health Sciences,10.1111/jhn.12333,2016.0
56926733600.0,Victoria,Cairnduff,female,Medical and Health Sciences,10.1136/bmjopen-2016-013555,2016.0
56926733600.0,Victoria,Cairnduff,female,Medical and Health Sciences,10.4315/0362-028X.JFP-15-462,2016.0
56422110400.0,Eric,Marvin,male,Medical and Health Sciences,10.4103/0974-8237.188419,2016.0
56422110400.0,Eric,Marvin,male,Medical and Health Sciences,10.4103/2152-7806.173564,2016.0
56422110400.0,Eric,Marvin,male,Medical and Health Sciences,10.4103/0974-8237.188412,2016.0
56926733600.0,Victoria,Cairnduff,female,Medical and Health Sciences,10.1016/j.canep.2017.05.007,2017.0
56926733600.0,Victoria,Cairnduff,female,Medical and Health Sciences,10.1177/0269216316649127,2017.0
56422110400.0,Eric,Marvin,male,Medical and Health Sciences,10.4103/sni.sni_91_17,2017.0
56422110400.0,Eric,Marvin,male,Medical and Health Sciences,10.4103/sni.sni_69_17,2017.0
56926733600.0,Victoria,Cairnduff,female,Medical and Health Sciences,10.1136/bmjopen-2018-023870,2018.0
56926733600.0,Victoria,Cairnduff,female,Medical and Health Sciences,10.1017/S1478951517000876,2018.0
56422110400.0,Eric A.,Marvin,male,Medical and Health Sciences,10.1016/j.wneu.2017.11.129,2018.0
56422110400.0,Eric A.,Marvin,male,Medical and Health Sciences,10.1016/j.wneu.2017.11.129,2018.0
56422110400.0,Eric A.,Marvin,male,Medical and Health Sciences,10.1016/j.wneu.2017.11.129,2018.0
56422110400.0,Eric A.,Marvin,male,Medical and Health Sciences,10.1016/j.wneu.2017.11.129,2018.0
56422110400.0,Eric A.,Marvin,male,Medical and Health Sciences,10.1159/000493863,2018.0
56422110400.0,Eric A.,Marvin,male,Medical and Health Sciences,10.1159/000493863,2018.0
56422110400.0,Eric A.,Marvin,male,Medical and Health Sciences,10.1159/000493863,2018.0
56422110400.0,Eric A.,Marvin,male,Medical and Health Sciences,10.1159/000493863,2018.0
56422110400.0,Eric,Marvin,male,Medical and Health Sciences,10.1016/j.wneu.2018.02.019,2018.0
56422110400.0,Eric A.,Marvin,male,Medical and Health Sciences,10.1016/j.wneu.2018.08.202,2018.0
56422110400.0,Eric A.,Marvin,male,Medical and Health Sciences,10.1016/j.wneu.2018.08.202,2018.0
56422110400.0,Eric A.,Marvin,male,Medical and Health Sciences,10.1016/j.wneu.2018.08.202,2018.0
56422110400.0,Eric A.,Marvin,male,Medical and Health Sciences,10.1016/j.wneu.2018.08.202,2018.0
56422110400.0,Eric A.,Marvin,male,Medical and Health Sciences,,2019.0
56422110400.0,Eric A.,Marvin,male,Medical and Health Sciences,,2019.0
56422110400.0,Eric A.,Marvin,male,Medical and Health Sciences,,2019.0
56926733600.0,Victoria,Cairnduff,female,Medical and Health Sciences,10.1136/bmjopen-2018-025895,2019.0
56422110400.0,Eric A.,Marvin,male,Medical and Health Sciences,10.1016/j.wneu.2018.09.206,2019.0
56422110400.0,Eric A.,Marvin,male,Medical and Health Sciences,10.1016/j.wneu.2018.09.206,2019.0
56422110400.0,Eric A.,Marvin,male,Medical and Health Sciences,10.1016/j.wneu.2018.09.206,2019.0
56422110400.0,Eric A.,Marvin,male,Medical and Health Sciences,10.1016/j.wneu.2018.09.206,2019.0
56422110400.0,Eric A.,Marvin,male,Medical and Health Sciences,10.1016/j.wneu.2019.06.086,2019.0
56422110400.0,Eric A.,Marvin,male,Medical and Health Sciences,10.1016/j.wneu.2019.06.086,2019.0
56422110400.0,Eric A.,Marvin,male,Medical and Health Sciences,10.1016/j.wneu.2019.06.086,2019.0
56422110400.0,Eric A.,Marvin,male,Medical and Health Sciences,10.1016/j.wneu.2019.06.086,2019.0
56422110400.0,Eric A.,Marvin,male,Medical and Health Sciences,10.3389/fonc.2019.00694,2019.0
56422110400.0,Eric A.,Marvin,male,Medical and Health Sciences,10.3389/fonc.2019.00694,2019.0
56422110400.0,Eric A.,Marvin,male,Medical and Health Sciences,10.3389/fonc.2019.00694,2019.0
56422110400.0,Eric A.,Marvin,male,Medical and Health Sciences,10.3389/fonc.2019.00694,2019.0
56422110400.0,Eric A.,Marvin,male,Medical and Health Sciences,10.1016/j.wneu.2019.10.136,2020.0
56422110400.0,Eric A.,Marvin,male,Medical and Health Sciences,10.1159/000504060,2020.0
56422110400.0,Eric A.,Marvin,male,Medical and Health Sciences,10.1159/000504060,2020.0
56422110400.0,Eric A.,Marvin,male,Medical and Health Sciences,10.1159/000504060,2020.0
56422110400.0,Eric A.,Marvin,male,Medical and Health Sciences,10.1159/000504060,2020.0
57003805900.0,Yiqin,Zhang,female,Medical and Health Sciences,10.1021/acs.jmedchem.5b01227,2015.0
57003805900.0,Yiqin,Zhang,female,Medical and Health Sciences,10.1021/acs.jmedchem.5b01227,2015.0
56449786200.0,Hongjun,Shen,male,Medical and Health Sciences,10.1016/j.ijpharm.2014.12.015,2015.0
57003805900.0,Yiqin,Zhang,female,Medical and Health Sciences,10.1021/acs.jmedchem.7b01731,2018.0
57212184982.0,Yue,Lu,male,Natural Sciences,10.1155/2012/182584,2012.0
57197925158.0,Richard,Pope,male,Medical and Health Sciences,10.1016/j.jhsa.2011.12.005,2012.0
57212184982.0,Yue,Lu,male,Natural Sciences,10.1016/j.enpol.2012.12.070,2013.0
57212184982.0,Yue,Lu,male,Natural Sciences,10.1155/2013/809135,2013.0
57212184982.0,Yue,Lu,male,Natural Sciences,10.1155/2013/509160,2013.0
57137019800.0,Dong,Liu,male,Natural Sciences,10.4156/jcit.vol7.issue9.28,2012.0
57137019800.0,Dong,Liu,male,Natural Sciences,10.4156/jcit.vol7.issue9.28,2012.0
57137019800.0,Dong,Liu,male,Natural Sciences,10.4156/ijact.vol4.issue 12.24,2012.0
57137019800.0,Dong,Liu,male,Natural Sciences,10.4156/jdcta.vol6.issue15.3,2012.0
57137019800.0,Dong,Liu,male,Natural Sciences,10.1016/j.physa.2013.08.028,2013.0
57137019800.0,Dong,Liu,male,Natural Sciences,10.1016/j.physa.2013.08.028,2013.0
57137019800.0,Dong,Liu,male,Natural Sciences,10.1016/j.physa.2013.08.028,2013.0
57137019800.0,Dong,Liu,male,Natural Sciences,10.1016/j.physa.2014.08.051,2014.0
57137019800.0,Dong,Liu,male,Natural Sciences,10.1016/j.physa.2014.08.051,2014.0
57137019800.0,Dong,Liu,male,Natural Sciences,10.1016/j.physa.2014.08.051,2014.0
57137019800.0,Dong,Liu,male,Natural Sciences,10.1142/S0217979214502087,2014.0
57137019800.0,Dong,Liu,male,Natural Sciences,10.1016/j.physa.2015.05.028,2015.0
57137019800.0,Dong,Liu,male,Natural Sciences,10.1016/j.physa.2015.05.028,2015.0
57137019800.0,Dong,Liu,male,Natural Sciences,10.1016/j.physa.2015.05.028,2015.0
57137019800.0,Dong,Liu,male,Natural Sciences,10.1016/j.physa.2014.10.085,2015.0
57137019800.0,Dong,Liu,male,Natural Sciences,10.1016/j.physa.2014.10.085,2015.0
57137019800.0,Dong,Liu,male,Natural Sciences,10.1016/j.physa.2014.10.085,2015.0
57137019800.0,Dong,Liu,male,Natural Sciences,10.1155/2015/109671,2015.0
55600243000.0,Andre L.,Holder,male,Medical and Health Sciences,10.1186/s12245-016-0106-7,2016.0
55600243000.0,Andre L.,Holder,male,Medical and Health Sciences,10.1186/s12245-016-0106-7,2016.0
57137019800.0,Dong,Liu,male,Natural Sciences,10.1142/S0129183116501059,2016.0
57137019800.0,Dong,Liu,male,Natural Sciences,10.1142/S0129183116501059,2016.0
57137019800.0,Dong,Liu,male,Natural Sciences,10.1142/S0217979216500375,2016.0
57137019800.0,Dong,Liu,male,Natural Sciences,10.1142/S0217979216500375,2016.0
57137019800.0,Dong,Liu,male,Natural Sciences,10.1142/S0129183116500923,2016.0
55600243000.0,Andre,Holder,male,Medical and Health Sciences,10.1016/j.jelectrocard.2017.08.013,2017.0
55600243000.0,Andre L.,Holder,male,Medical and Health Sciences,10.1097/CCM.0000000000002708,2017.0
57137019800.0,Dong,Liu,male,Natural Sciences,10.1038/srep43330,2017.0
57137019800.0,Dong,Liu,male,Natural Sciences,10.1038/srep43330,2017.0
55600243000.0,Andre,Holder,male,Medical and Health Sciences,10.1097/CCM.0000000000002936,2018.0
57137019800.0,Dong,Liu,male,Natural Sciences,10.1016/j.sigpro.2017.08.018,2018.0
57137019800.0,Dong,Liu,male,Natural Sciences,10.1007/s11432-016-9070-4,2018.0
57137019800.0,Dong,Liu,male,Natural Sciences,10.1142/S0217979218501667,2018.0
57137019800.0,Dong,Liu,male,Natural Sciences,10.1142/S0217979218501667,2018.0
57137019800.0,Dong,Liu,male,Natural Sciences,10.1007/s11042-017-5437-8,2018.0
57137019800.0,Dong,Liu,male,Natural Sciences,10.1109/ACCESS.2018.2838568,2018.0
57137019800.0,Dong,Liu,male,Natural Sciences,10.1142/S0217979218503071,2018.0
57137019800.0,Dong,Liu,male,Natural Sciences,10.1142/S0217979218503071,2018.0
57137019800.0,Dong,Liu,male,Natural Sciences,10.1016/j.neucom.2019.06.030,2019.0
57137019800.0,Dong,Liu,male,Natural Sciences,10.1016/j.neucom.2019.06.030,2019.0
55206660900.0,Yong-Hua,Zhang,male,Natural Sciences,10.3732/ajb.1100495,2012.0
55206660900.0,Yong-Hua,Zhang,male,Natural Sciences,10.3732/ajb.1100495,2012.0
55981548200.0,Marieke G.P.,Van Haaren,female,Social Sciences,10.1016/j.lindif.2013.01.003,2014.0
55206660900.0,Yong-Hua,Zhang,male,Natural Sciences,10.1111/jse.12076,2014.0
55981548200.0,Marieke G. P.,Van Haaren,female,Social Sciences,,2014.0
55206660900.0,,Zhang,male,Natural Sciences,10.1038/hdy.2014.114,2015.0
55206660900.0,Yong-Hua,Zhang,male,Natural Sciences,10.1038/srep24041,2016.0
55206660900.0,Yonghua,Zhang,male,Natural Sciences,10.1111/1755-0998.12415,2016.0
55206660900.0,Yonghua,Zhang,male,Natural Sciences,10.17520/biods.2016292,2017.0
56937827400.0,William S.W.,Cheung,male,Natural Sciences,10.1080/00207217.2012.669713,2012.0
56625508900.0,,Davies,female,Medical and Health Sciences,10.1038/bjc.2014.242,2014.0
56625508900.0,Charlotte F,Davies,female,Medical and Health Sciences,10.1186/1471-2288-15-6,2015.0
56937827400.0,,Cheung,male,Natural Sciences,10.1063/1.4934840,2015.0
56937827400.0,,Cheung,male,Natural Sciences,10.1364/OE.23.015021,2015.0
56625508900.0,Charlotte F,Davies,female,Medical and Health Sciences,10.1038/bjc.2016.162,2016.0
56625508900.0,Charlotte F.,Davies,female,Medical and Health Sciences,10.1093/cid/ciw416,2016.0
56625508900.0,Charlotte F.,Davies,female,Medical and Health Sciences,10.1097/QAD.0000000000001458,2017.0
56625508900.0,Charlotte,Davies,female,Medical and Health Sciences,10.4269/ajtmh.17-0019,2017.0
56625508900.0,,Davies,female,Medical and Health Sciences,10.1093/pubmed/fdw007,2017.0
56625508900.0,Charlotte F.,Davies,female,Medical and Health Sciences,10.1093/IJE/DYX270,2018.0
56625508900.0,Charlotte F.,Davies,female,Medical and Health Sciences,10.1001/jama.2018.0154,2018.0
56625508900.0,Charlotte F.,Davies,female,Medical and Health Sciences,10.1186/s12875-018-0880-9,2018.0
56625508900.0,Charlotte F.,Davies,female,Medical and Health Sciences,10.1186/s12875-019-0962-3,2019.0
56625508900.0,Charlotte,Davies,female,Medical and Health Sciences,10.1136/bmjopen-2018-027744,2019.0
56625508900.0,Charlotte,Davies,female,Medical and Health Sciences,10.1136/bmjopen-2019-035505,2020.0
56625508900.0,Charlotte,Davies,female,Medical and Health Sciences,10.1186/s13561-020-0260-8,2020.0
56625508900.0,Charlotte F,Davies,female,Medical and Health Sciences,10.1016/S2214-109X(20)30003-6,2020.0
55043211800.0,Olga,Weisheit,female,Natural Sciences,10.1007/s10867-012-9264-x,2012.0
51863899500.0,Haiping,Hou,male,Natural Sciences,10.1007/s11270-011-0943-1,2012.0
57206665614.0,Ashutosh,Sharma,male,Natural Sciences,10.1186/1475-2859-11-150,2012.0
57206665614.0,Ashutosh,Sharma,male,Natural Sciences,10.1016/j.jep.2012.09.022,2012.0
57206665614.0,Ashutosh,Sharma,male,Natural Sciences,10.1016/j.jep.2012.09.022,2012.0
57206665614.0,Ashutosh,Sharma,male,Natural Sciences,10.1016/j.jep.2012.03.033,2012.0
55890721700.0,Alecia J.,Leonard,female,Medical and Health Sciences,10.1016/j.clnme.2013.07.001,2013.0
55890721700.0,Alecia J.,Leonard,female,Medical and Health Sciences,10.1016/j.clnme.2013.07.001,2013.0
55890721700.0,Alecia J.,Leonard,female,Medical and Health Sciences,10.1016/j.appet.2014.06.021,2014.0
55890721700.0,Alecia J.,Leonard,female,Medical and Health Sciences,10.1016/j.appet.2014.06.021,2014.0
55890721700.0,Alecia J.,Leonard,female,Medical and Health Sciences,10.3390/nu6062419,2014.0
55890721700.0,Alecia J.,Leonard,female,Medical and Health Sciences,10.3390/nu6041394,2014.0
55890721700.0,Alecia,Leonard,female,Medical and Health Sciences,10.1186/1745-6215-15-23,2014.0
57206665614.0,Ashutosh,Sharma,male,Natural Sciences,10.3389/fmicb.2015.00551,2015.0
57206665614.0,Ashutosh,Sharma,male,Natural Sciences,10.1155/2015/425329,2015.0
57206665614.0,Ashutosh,Sharma,male,Natural Sciences,10.1080/10495398.2014.989325,2015.0
57206665614.0,Ashutosh,Sharma,male,Natural Sciences,10.1155/2015/129159,2015.0
57206665614.0,Ashutosh,Sharma,male,Natural Sciences,10.1016/j.jep.2016.04.045,2017.0
57206665614.0,Ashutosh,Sharma,male,Natural Sciences,,2017.0
57206665614.0,Ashutosh,Sharma,male,Natural Sciences,10.1039/c7sm00016b,2017.0
57206665614.0,Ashutosh,Sharma,male,Natural Sciences,10.3390/mi9100536,2018.0
57206665614.0,Ashutosh,Sharma,male,Natural Sciences,10.15414/jmbfs.2018.8.2.812-814,2018.0
57206665614.0,Ashutosh,Sharma,male,Natural Sciences,10.1016/j.ijbiomac.2018.09.144,2018.0
57206665614.0,Ashutosh,Sharma,male,Natural Sciences,10.3390/molecules23112985,2018.0
57206665614.0,Ashutosh,Sharma,male,Natural Sciences,10.1007/s12601-018-0041-z,2018.0
57206665614.0,Ashutosh,Sharma,male,Natural Sciences,10.3390/molecules23112730,2018.0
57206665614.0,Ashutosh,Sharma,male,Natural Sciences,10.1007/s42770-019-00190-3,2019.0
57206665614.0,Ashutosh,Sharma,male,Natural Sciences,10.1139/cjps-2018-0296,2019.0
57206665614.0,Ashutosh,Sharma,male,Natural Sciences,10.1177/0021998319839128,2019.0
57206665614.0,Ashutosh,Sharma,male,Natural Sciences,10.32604/phyton.2019.05036,2019.0
57206665614.0,Ashutosh,Sharma,male,Natural Sciences,10.1021/acs.jnatprod.8b00677,2019.0
57206665614.0,Ashutosh,Sharma,male,Natural Sciences,10.1002/slct.201803674,2019.0
57206665614.0,Ashutosh,Sharma,male,Natural Sciences,10.1007/s13205-019-1627-6,2019.0
57206665614.0,Ashutoch,Sharma,male,Natural Sciences,10.1590/s1678-9946201961020,2019.0
57206665614.0,Ashutosh,Sharma,male,Natural Sciences,10.1039/c9tb00126c,2019.0
57206665614.0,Ashutosh,Sharma,male,Natural Sciences,10.1039/c9sm00533a,2019.0
57206665614.0,Ashutosh,Sharma,male,Natural Sciences,10.1016/j.colsurfb.2019.01.016,2019.0
57206665614.0,,Sharma,male,Natural Sciences,10.1007/s11033-019-04604-1,2019.0
57206665614.0,Ashutosh,Sharma,male,Natural Sciences,10.3390/life9030054,2019.0
57206665614.0,Ashutosh,Sharma,male,Natural Sciences,10.1007/s13205-019-2000-5,2020.0
57206665614.0,Ashutosh,Sharma,male,Natural Sciences,10.1007/s13204-019-01159-2,2020.0
57206665614.0,Ashutosh,Sharma,male,Natural Sciences,10.1007/s11064-019-02917-y,2020.0
57206665614.0,Ashutosh,Sharma,male,Natural Sciences,10.3390/ijerph17062078,2020.0
57206665614.0,Ashutosh,Sharma,male,Natural Sciences,10.1007/s10853-019-04121-3,2020.0
57206665614.0,Ashutosh,Sharma,male,Natural Sciences,10.1016/j.sajb.2019.12.030,2020.0
57206665614.0,Ashutosh,Sharma,male,Natural Sciences,10.3103/S0095452720010120,2020.0
57206665614.0,Ashutosh,Sharma,male,Natural Sciences,10.1002/jobm.201900323,2020.0
57206665614.0,Ashutosh,Sharma,male,Natural Sciences,10.1039/c9lc00751b,2020.0
37059646200.0,,Six,male,Natural Sciences,10.3168/jds.2011-4146,2012.0
37059646200.0,,Six,male,Natural Sciences,10.1016/j.jfoodeng.2011.12.005,2012.0
37059646200.0,Thierry,Six,male,Natural Sciences,10.1016/j.ces.2013.06.045,2013.0
55535308000.0,Ahmet Hamdi,Alpaslan,male,Medical and Health Sciences,10.1016/j.ridd.2013.09.010,2013.0
55535308000.0,Ahmet Hamdi,Alpaslan,male,Medical and Health Sciences,,2013.0
55535308000.0,Ahmet Hamdi,Alpaslan,male,Medical and Health Sciences,10.1017/neu.2013.22,2013.0
55535308000.0,Ahmet Hamdi,Alpaslan,male,Medical and Health Sciences,10.1016/j.childyouth.2012.11.002,2013.0
37059646200.0,Thierry,Six,male,Natural Sciences,10.1016/j.jfoodeng.2014.03.025,2014.0
55535308000.0,Ahmet Hamdi,Alpaslan,male,Medical and Health Sciences,10.1016/j.jflm.2014.10.002,2014.0
55535308000.0,Ahmet Hamdi,Alpaslan,male,Medical and Health Sciences,10.3109/09513590.2014.887066,2014.0
55535308000.0,Ahmet Hamdi,Alpaslan,male,Medical and Health Sciences,10.4172/Psychiatry.1000208,2015.0
55535308000.0,Ahmet Hamdi,Alpaslan,male,Medical and Health Sciences,10.5455/NYS.20151214020808,2015.0
55535308000.0,Ahmet Hamdi,Alpaslan,male,Medical and Health Sciences,10.1007/s40519-015-0197-9,2015.0
55535308000.0,Ahmet Hamdi,Alpaslan,male,Medical and Health Sciences,10.1016/j.psychres.2014.12.052,2015.0
37059646200.0,Thierry,Six,male,Natural Sciences,10.1155/2015/139638,2015.0
37059646200.0,Thierry,Six,male,Natural Sciences,10.1155/2015/139638,2015.0
37059646200.0,,Six,male,Natural Sciences,10.3168/jds.2016-10957,2016.0
55535308000.0,Ahmet Hamdi,Alpaslan,male,Medical and Health Sciences,10.1080/10538712.2016.1143073,2016.0
55535308000.0,Ahmet Hamdi,Alpaslan,male,Medical and Health Sciences,10.1016/j.jflm.2016.02.004,2016.0
55535308000.0,Ahmet Hamdi,Alpaslan,male,Medical and Health Sciences,10.1111/apa.13355,2016.0
55535308000.0,Ahmet Hamdi,Alpaslan,male,Medical and Health Sciences,10.1179/2047387715Y.0000000003,2016.0
55535308000.0,Ahmet Hamdi,Alpaslan,male,Medical and Health Sciences,10.1111/jcap.12131,2016.0
37059646200.0,Thierry,Six,male,Natural Sciences,10.1021/acsami.7b06709,2017.0
37059646200.0,Thierry,Six,male,Natural Sciences,10.1021/acsami.7b06709,2017.0
55535308000.0,Ahmet Hamdi,Alpaslan,male,Medical and Health Sciences,10.1007/s40519-015-0241-9,2017.0
37059646200.0,,Six,male,Natural Sciences,10.1016/j.idairyj.2017.10.002,2018.0
37059646200.0,,Six,male,Natural Sciences,10.1016/j.idairyj.2017.10.002,2018.0
37059646200.0,Thierry,Six,male,Natural Sciences,10.1016/j.jfoodeng.2018.02.009,2018.0
37059646200.0,Thierry,Six,male,Natural Sciences,10.1016/j.jfoodeng.2018.02.009,2018.0
37059646200.0,Thierry,Six,male,Natural Sciences,10.1016/j.apsusc.2018.06.006,2018.0
37059646200.0,Thierry,Six,male,Natural Sciences,10.1016/j.apsusc.2018.06.006,2018.0
37059646200.0,Thierry,Six,male,Natural Sciences,10.1016/j.jfoodeng.2019.07.022,2020.0
37059646200.0,,Six,male,Natural Sciences,10.1016/j.fbp.2020.02.005,2020.0
37059646200.0,,Six,male,Natural Sciences,10.1016/j.fbp.2020.02.005,2020.0
55317330600.0,Emma,Watson,female,Medical and Health Sciences,10.1108/17556221211236484,2012.0
55317330600.0,Emma,Watson,female,Medical and Health Sciences,10.1108/17556221211236466,2012.0
55317330600.0,Emma,Watson,female,Medical and Health Sciences,10.1108/17556221211236475,2012.0
55317330600.0,Emma,Watson,female,Medical and Health Sciences,10.1108/JMHTEP-04-2013-0015,2013.0
55317330600.0,Emma,Watson,female,Medical and Health Sciences,10.1108/MHSI-06-2014-0018,2014.0
55317330600.0,Emma,Watson,female,Medical and Health Sciences,10.1108/MHSI-08-2014-0030,2014.0
55317330600.0,Emma,Watson,female,Medical and Health Sciences,10.1108/JMHTEP-05-2014-0015,2014.0
57054305000.0,Yanyan,Ma,female,Medical and Health Sciences,10.3389/fmicb.2015.01332,2015.0
55317330600.0,Emma,Watson,female,Medical and Health Sciences,10.1108/MHSI-05-2015-0016,2015.0
55317330600.0,Emma,Watson,female,Medical and Health Sciences,10.1108/MHSI-10-2014-0036,2015.0
55317330600.0,Emma,Watson,female,Medical and Health Sciences,10.1108/MHSI-08-2015-0031,2015.0
57054305000.0,Yanyan,Ma,female,Medical and Health Sciences,10.1038/srep24776,2016.0
57054305000.0,Yanyan,Ma,female,Medical and Health Sciences,10.1038/srep34300,2016.0
57054305000.0,Yanyan,Ma,female,Medical and Health Sciences,10.1038/srep21943,2016.0
57054305000.0,Yanyan,Ma,female,Medical and Health Sciences,10.1038/srep28338,2016.0
57054305000.0,Yanyan,Ma,female,Medical and Health Sciences,10.1038/srep28338,2016.0
55317330600.0,Emma,Watson,female,Medical and Health Sciences,10.1108/MHSI-05-2016-0014,2016.0
55317330600.0,Emma,Watson,female,Medical and Health Sciences,10.1108/MHSI-01-2016-0001,2016.0
55317330600.0,Emma,Watson,female,Medical and Health Sciences,10.1108/MHSI-03-2017-0017,2017.0
55317330600.0,Emma,Watson,female,Medical and Health Sciences,10.1080/09638237.2017.1417559,2019.0
8424485100.0,,Kendrew,male,Medical and Health Sciences,10.1302/0301-620X.94B4.28602,2012.0
8424485100.0,,Kendrew,male,Medical and Health Sciences,10.1302/0301-620X.94B4.28602,2012.0
8424485100.0,,Kendrew,male,Medical and Health Sciences,10.1302/0301-620X.94B6.28359,2012.0
8424485100.0,,Kendrew,male,Medical and Health Sciences,10.1302/0301-620X.94B6.28359,2012.0
57211419441.0,Ying,Wang,female,Medical and Health Sciences,10.5114/wo.2012.31769,2012.0
8424485100.0,,Kendrew,male,Medical and Health Sciences,10.1016/j.mporth.2013.01.002,2013.0
8424485100.0,Jon,Kendrew,male,Medical and Health Sciences,10.1177/1460408613484683,2013.0
8424485100.0,Jon,Kendrew,male,Medical and Health Sciences,10.1177/1460408613484683,2013.0
8424485100.0,Jonathan M.,Kendrew,male,Medical and Health Sciences,10.1016/S0140-6736(13)61651-7,2013.0
8424485100.0,,Kendrew,male,Medical and Health Sciences,10.1302/0301-620X.95B1.30580,2013.0
8424485100.0,Jonathan,Kendrew,male,Medical and Health Sciences,10.1177/1460408614539925,2015.0
8424485100.0,,Kendrew,male,Medical and Health Sciences,10.1016/j.injury.2014.12.004,2015.0
8424485100.0,,Kendrew,male,Medical and Health Sciences,10.1136/jramc-2016-000699,2017.0
8424485100.0,Jon,Kendrew,male,Medical and Health Sciences,10.1016/j.injury.2020.01.006,2020.0
8424485100.0,Jon,Kendrew,male,Medical and Health Sciences,10.1016/j.injury.2020.01.006,2020.0
8424485100.0,Jon,Kendrew,male,Medical and Health Sciences,10.1016/j.injury.2020.01.006,2020.0
57191892066.0,Aiko,Sekita,female,Natural Sciences,10.1158/0008-5472.CAN-12-3837,2013.0
57189372805.0,Anna,Poretto,female,Medical and Health Sciences,10.1016/j.atherosclerosis.2016.05.036,2016.0
57191892066.0,Aiko,Sekita,female,Natural Sciences,10.1002/mrm.25918,2016.0
57191892066.0,Aiko,Sekita,female,Natural Sciences,10.2320/jinstmet.J2017005,2017.0
57191892066.0,Aiko,Sekita,female,Natural Sciences,10.1016/j.bone.2017.01.004,2017.0
57191892066.0,Aiko,Sekita,female,Natural Sciences,10.1016/j.jsb.2016.12.003,2017.0
57191892066.0,Aiko,Sekita,female,Natural Sciences,10.1016/j.scriptamat.2016.10.028,2017.0
57191892066.0,Aiko,Sekita,female,Natural Sciences,10.2320/matertrans.M2016383,2017.0
57191892066.0,Aiko,Sekita,female,Natural Sciences,10.2320/matertrans.M2016383,2017.0
57191892066.0,Aiko,Sekita,female,Natural Sciences,10.2320/jinstmet.J2017003,2017.0
57191892066.0,Aiko,Sekita,female,Natural Sciences,10.1038/srep44824,2017.0
57191892066.0,Aiko,Sekita,female,Natural Sciences,10.3390/ijms19113474,2018.0
57214621297.0,Roger D.,Whitley,male,Engineering and Technology,10.1021/ie500442r,2014.0
57214621297.0,Roger,Whitley,male,Engineering and Technology,10.1016/j.memsci.2014.02.013,2014.0
57192595818.0,Chong,Wang,male,Natural Sciences,10.1039/c5dt02624e,2015.0
57214621297.0,Roger D.,Whitley,male,Engineering and Technology,10.1021/acs.iecr.5b02151,2015.0
57192595818.0,Chong,Wang,male,Natural Sciences,10.1016/j.inoche.2015.12.003,2016.0
57214621297.0,Roger D.,Whitley,male,Engineering and Technology,10.1021/acs.iecr.5b03535,2016.0
57214621297.0,Roger D.,Whitley,male,Engineering and Technology,10.1021/acs.iecr.7b05410,2018.0
56521079400.0,Jae Woo,Kim,male,Medical and Health Sciences,10.3988/jcn.2013.9.4.237,2013.0
57200985678.0,Elana,Ben-Akiva,female,Natural Sciences,10.1021/nn4047925,2013.0
57200985678.0,Elana,Ben-Akiva,female,Natural Sciences,10.1021/nn4047925,2013.0
56521079400.0,Jae Woo,Kim,male,Medical and Health Sciences,10.1517/14656566.2015.1030336,2015.0
57200985678.0,Elana,Ben-Akiva,female,Natural Sciences,10.1002/adfm.201504385,2016.0
57200985678.0,Elana,Ben-Akiva,female,Natural Sciences,10.1016/j.addr.2017.05.005,2017.0
57200985678.0,Elana,Ben-Akiva,female,Natural Sciences,10.1016/j.addr.2017.05.005,2017.0
57200985678.0,Elana,Ben-Akiva,female,Natural Sciences,10.1016/j.addr.2017.05.005,2017.0
57200985678.0,Elana,Ben-Akiva,female,Natural Sciences,10.1016/j.addr.2017.05.005,2017.0
57200985678.0,Elana,Ben-Akiva,female,Natural Sciences,10.1016/j.actbio.2018.03.056,2018.0
57200985678.0,Elana,Ben-Akiva,female,Natural Sciences,10.1016/j.actbio.2018.03.056,2018.0
57200985678.0,Elana,Ben-Akiva,female,Natural Sciences,10.3791/58332,2018.0
57200985678.0,Elana,Ben-Akiva,female,Natural Sciences,10.1016/j.actbio.2019.07.054,2019.0
57200985678.0,Elana,Ben-Akiva,female,Natural Sciences,10.1016/j.actbio.2019.07.054,2019.0
57200985678.0,Elana,Ben-Akiva,female,Natural Sciences,10.1039/c8bm01285g,2019.0
57200985678.0,Elana,Ben-Akiva,female,Natural Sciences,10.1039/c8bm01285g,2019.0
57193259598.0,Jiao,Zeng,female,Medical and Health Sciences,10.13929/j.1672-8475.2016.06.011,2016.0
57056944100.0,Xinyu,Zhang,female,Medical and Health Sciences,10.3760/cma.j.issn.1009-9921.2016.02.002,2016.0
57056944100.0,Xin-Yu,Zhang,female,Medical and Health Sciences,10.1111/cas.13020,2016.0
57056944100.0,Xin-Yu,Zhang,female,Medical and Health Sciences,10.1111/cas.13020,2016.0
57193259598.0,Jiao,Zeng,female,Medical and Health Sciences,10.4103/JMU.JMU_6_17,2018.0
57056944100.0,Xin-Yu,Zhang,female,Medical and Health Sciences,10.1007/s00432-018-2771-9,2019.0
57056944100.0,Xin-Yu,Zhang,female,Medical and Health Sciences,10.1007/s00432-018-2771-9,2019.0
57056944100.0,Xin-Yu,Zhang,female,Medical and Health Sciences,10.3233/CBM-182193,2019.0
57056944100.0,Xin-Yu,Zhang,female,Medical and Health Sciences,10.3233/CBM-182193,2019.0
57056944100.0,Xin-Yu,Zhang,female,Medical and Health Sciences,10.3233/CBM-182193,2019.0
57095446500.0,Fadhaa,Ali,female,Natural Sciences,10.4310/SII.2016.v9.n3.a2,2016.0
57191675897.0,Alexandra,Demcsák,female,Medical and Health Sciences,10.1371/journal.pone.0165244,2016.0
57095446500.0,Fadhaa,Ali,female,Natural Sciences,10.1515/sagmb-2016-0022,2017.0
57191675897.0,Alexandra,Demcsák,female,Medical and Health Sciences,10.1371/journal.pone.0187526,2017.0
57191675897.0,Alexandra,Demcsák,female,Medical and Health Sciences,10.3389/fphys.2018.01550,2018.0
57191675897.0,Alexandra,Demcsák,female,Medical and Health Sciences,10.1038/s41598-019-45631-z,2019.0
57191675897.0,Alexandra,Demcsák,female,Medical and Health Sciences,10.1038/s41598-019-45631-z,2019.0
57191675897.0,Alexandra,Demcsák,female,Medical and Health Sciences,10.1016/j.pan.2019.12.020,2020.0
55584796709.0,Sumeet,Gupta,male,Medical and Health Sciences,10.1007/s00247-013-2663-8,2013.0
55584796709.0,Sumeet,Gupta,male,Medical and Health Sciences,10.1007/s00247-015-3319-7,2015.0
16432721300.0,Eric B.,Lewellyn,male,Natural Sciences,10.1091/mbc.E14-11-1540,2015.0
16432721300.0,Eric B.,Lewellyn,male,Natural Sciences,10.1016/j.devcel.2015.10.007,2015.0
16432721300.0,Eric B.,Lewellyn,male,Natural Sciences,10.1016/j.devcel.2015.10.007,2015.0
16432721300.0,Eric,Lewellyn,male,Natural Sciences,10.1111/febs.14493,2018.0
35333214700.0,Nachiappan,Valliappan,male,Engineering and Technology,10.1109/TCOMM.2013.061013.120459,2013.0
36652498000.0,Jean-Michel,Embry,male,Natural Sciences,10.1016/j.petlm.2016.05.005,2016.0
55748305900.0,Ozan,Yaşar,male,Medical and Health Sciences,10.1179/2045772313Y.0000000096,2013.0
57196288159.0,Jia,Liu,male,Medical and Health Sciences,10.1371/journal.pone.0109178,2014.0
55748305900.0,Ozan,Yašar,male,Medical and Health Sciences,10.4274/tod.04695,2014.0
55748305900.0,Ozan,Yaşar,male,Medical and Health Sciences,10.5606/ArchRheumatol.2014.3284,2014.0
55748305900.0,Ozan,Yaşar,male,Medical and Health Sciences,10.5606/ArchRheumatol.2014.3284,2014.0
57196288159.0,Jia,Liu,male,Medical and Health Sciences,10.1089/gtmb.2014.0241,2015.0
55748305900.0,Ozan,Yasar,male,Medical and Health Sciences,10.14712/18059694.2017.38,2016.0
57200974569.0,Cyril,Lynch,male,Social Sciences,10.1590/S0103-49792015000100003,2015.0
57207408827.0,Feng,Cheng,male,Natural Sciences,10.1002/pssb.201552159,2015.0
57207408827.0,Feng,Cheng,male,Natural Sciences,10.1007/s11665-016-2063-y,2016.0
57207408827.0,Feng,Cheng,male,Natural Sciences,,2016.0
57207408827.0,,Cheng,male,Natural Sciences,10.1179/1753555715Y.0000000044,2016.0
57207408827.0,Feng,Cheng,male,Natural Sciences,10.1016/j.physb.2016.07.028,2016.0
57207408827.0,Feng,Cheng,male,Natural Sciences,10.1088/1674-1056/25/6/067402,2016.0
57207408827.0,Feng,Cheng,male,Natural Sciences,10.1007/s11664-016-4865-y,2017.0
57207408827.0,Feng,Cheng,male,Natural Sciences,10.1080/10667857.2015.1132032,2017.0
57207408827.0,Feng,Cheng,male,Natural Sciences,10.1007/s11664-016-5014-3,2017.0
57207408827.0,Feng,Cheng,male,Natural Sciences,10.1007/s11664-016-5017-0,2017.0
57207408827.0,Feng,Cheng,male,Natural Sciences,10.1088/0256-307X/34/4/047401,2017.0
57207408827.0,Feng,Cheng,male,Natural Sciences,10.1021/acsnano.7b06909,2018.0
57207408827.0,Feng,Cheng,male,Natural Sciences,10.1002/smll.201704149,2018.0
57207408827.0,Feng,Cheng,male,Natural Sciences,10.1021/acsnano.7b07528,2018.0
57207408827.0,Feng,Cheng,male,Natural Sciences,10.1016/j.nanoen.2018.03.047,2018.0
57207408827.0,Feng,Cheng,male,Natural Sciences,10.1016/j.physb.2018.03.050,2018.0
57207408827.0,Feng,Cheng,male,Natural Sciences,10.1021/acs.jpcc.8b09096,2018.0
57207408827.0,Feng,Cheng,male,Natural Sciences,10.1016/j.nanoen.2018.08.022,2018.0
57207408827.0,Feng,Cheng,male,Natural Sciences,10.1039/c8ce01060a,2018.0
57207408827.0,Feng,Cheng,male,Natural Sciences,10.1007/s40820-019-0262-4,2019.0
57207408827.0,Feng,Cheng,male,Natural Sciences,10.1021/acs.jpcc.8b11425,2019.0
57207408827.0,Feng,Cheng,male,Natural Sciences,10.1002/advs.201802202,2019.0
57207408827.0,Feng,Cheng,male,Natural Sciences,10.1002/adom.201801744,2019.0
57207408827.0,Feng,Cheng,male,Natural Sciences,10.1021/acs.jpcc.9b06371,2019.0
57207408827.0,Feng,Cheng,male,Natural Sciences,10.1016/j.jallcom.2020.153697,2020.0
57207408827.0,Feng,Cheng,male,Natural Sciences,10.1016/j.nanoen.2019.104221,2020.0
57214596619.0,Wesley,Da Silva Borges,male,Medical and Health Sciences,10.1002/bab.1018,2012.0
57189581220.0,Shuang,Zhang,female,Natural Sciences,10.1515/ncrs-2015-0147,2016.0
57189581220.0,Shuang,Zhang,female,Natural Sciences,10.1515/ncrs-2015-0269,2016.0
54895355600.0,Maripaz L.,Perez,female,Natural Sciences,10.1016/j.marpol.2011.12.003,2012.0
57209457761.0,Guillaume,Millet,male,Engineering and Technology,10.1016/j.trc.2014.09.011,2015.0
54895355600.0,Maripaz,Perez,female,Natural Sciences,10.1016/j.marpol.2018.05.001,2018.0
54895355600.0,Maripaz,Perez,female,Natural Sciences,10.1016/j.marpol.2018.05.001,2018.0
55866884000.0,Katharina,Brauns,female,Medical and Health Sciences,10.1016/j.actaastro.2015.05.025,2015.0
57189350294.0,Li,Yin,male,Medical and Health Sciences,10.3760/cma.j.issn.1003-9406.2015.06.030,2015.0
55866884000.0,Katharina,Brauns,female,Medical and Health Sciences,10.3389/fphys.2018.01553,2018.0
55866884000.0,Katharina,Brauns,female,Medical and Health Sciences,10.3389/fphys.2018.01028,2018.0
55866884000.0,Katharina,Brauns,female,Medical and Health Sciences,10.1038/s41598-019-52555-1,2019.0
55497307900.0,Bo,Tan,male,Engineering and Technology,10.11776/cjam.31.03.B040,2014.0
55497307900.0,Bo,Tan,male,Engineering and Technology,10.11776/cjam.31.03.B040,2014.0
57192593428.0,Mohammedumer,Nagori,male,Natural Sciences,10.1371/journal.pone.0168073,2016.0
57192593428.0,Mohammedumer,Nagori,male,Natural Sciences,10.1371/journal.pone.0168073,2016.0
55229282500.0,Yang,Guangxu,male,Natural Sciences,10.4156/AISS.vol4.issue8.26,2012.0
55968250700.0,Ana,Castillo-Páez,female,Natural Sciences,10.1093/jhered/est067,2014.0
55968250700.0,Ana Castillo,Páez,female,Natural Sciences,10.3109/19401736.2014.958721,2016.0
55968250700.0,Ana Yonory,Castillo-Páez,female,Natural Sciences,10.3109/19401736.2014.1003880,2016.0
55968250700.0,Ana,Castillo-Páez,female,Natural Sciences,10.3109/19401736.2014.963800,2016.0
55968250700.0,Ana,Castillo-Páez,female,Natural Sciences,10.1093/icesjms/fsx021,2017.0
55968250700.0,Ana,Castillo-Páez,female,Natural Sciences,,2018.0
55968250700.0,Ana,Castillo-Páez,female,Natural Sciences,10.1080/23802359.2019.1643804,2019.0
7102346206.0,,Otto,male,Engineering and Technology,10.3139/217.2732,2013.0
55884175200.0,Maria Jose,Zambrano,female,Medical and Health Sciences,10.1155/2013/970946,2013.0
7102346206.0,Gerhard,Otto,male,Engineering and Technology,10.1051/mattech/2015032,2015.0
55884175200.0,Maria Jose,Zambrano,female,Medical and Health Sciences,10.1515/jpem-2017-0226,2017.0
55884175200.0,María José,Zambrano,female,Medical and Health Sciences,10.1177/1933719116667221,2017.0
55884175200.0,María J.,Zambrano,female,Medical and Health Sciences,10.1111/ijd.14281,2019.0
55884175200.0,María José,Zambrano,female,Medical and Health Sciences,10.1111/pde.13960,2019.0
56021210100.0,Sang Jae,Lee,male,Natural Sciences,10.1002/prot.24572,2014.0
56021210100.0,Sang Jae,Lee,male,Natural Sciences,10.1016/j.jsb.2014.08.010,2014.0
56021210100.0,Sang Jae,Lee,male,Natural Sciences,10.1016/j.jsb.2014.08.010,2014.0
56021210100.0,Sang Jae,Lee,male,Natural Sciences,10.1002/prot.24774,2015.0
56021210100.0,Sang Jae,Lee,male,Natural Sciences,10.1093/nar/gkv689,2015.0
56021210100.0,Sang Jae,Lee,male,Natural Sciences,10.1016/j.abb.2015.11.039,2016.0
57189326722.0,,Geay-Baillat,female,Medical and Health Sciences,10.1016/j.tracli.2016.07.002,2016.0
57189326722.0,Marie-Odile,Geay-Baillat,female,Medical and Health Sciences,10.1097/TA.0000000000001109,2016.0
55032216300.0,Noelia,Napoli,female,Medical and Health Sciences,10.1016/j.jvir.2011.12.007,2012.0
57198457229.0,Grace,Li,female,Natural Sciences,10.1186/1752-0509-6-78,2012.0
55032216300.0,,Napoli,female,Medical and Health Sciences,10.1016/j.rx.2015.08.002,2016.0
55032216300.0,,Napoli,female,Medical and Health Sciences,10.1016/j.rard.2016.10.002,2016.0
55032216300.0,,Napoli,female,Medical and Health Sciences,10.24245/gom.v85i12.1442,2017.0
55032216300.0,,Napoli,female,Medical and Health Sciences,10.1016/j.rx.2019.01.007,2019.0
55810577700.0,ZhiQiang,Wang,male,Natural Sciences,10.1007/s11430-013-4603-8,2013.0
55810577700.0,Zhiqiang,Wang,male,Natural Sciences,10.13745/j.esf.2014.06.026,2014.0
55810577700.0,Zhiqiang,Wang,male,Natural Sciences,10.1016/j.jseaes.2014.07.022,2014.0
55810577700.0,Zhiqiang,Wang,male,Natural Sciences,10.2475/01.2014.07,2014.0
55810577700.0,Zhi Qiang,Wang,male,Natural Sciences,,2014.0
56683920100.0,Kenta,Ishihara,male,Medical and Health Sciences,10.3169/mta.4.337,2016.0
56683920100.0,Kenta,Ishihara,male,Medical and Health Sciences,10.1016/j.compbiomed.2016.07.014,2016.0
55810577700.0,,Wang,male,Natural Sciences,10.1016/j.lithos.2016.01.009,2016.0
56683920100.0,Kenta,Ishihara,male,Medical and Health Sciences,10.1016/j.compbiomed.2017.03.007,2017.0
55810577700.0,Zhiqiang,Wang,male,Natural Sciences,,2017.0
56683920100.0,Kenta,Ishihara,male,Medical and Health Sciences,10.4251/wjgo.v10.i2.62,2018.0
56683920100.0,Kenta,Ishihara,male,Medical and Health Sciences,10.1007/s12678-018-0462-6,2018.0
55810577700.0,Zhiqiang,Wang,male,Natural Sciences,10.1016/j.oregeorev.2018.08.003,2018.0
56683920100.0,Kenta,Ishihara,male,Medical and Health Sciences,10.1007/s00535-018-1514-7,2019.0
55810577700.0,Zhiqiang,Wang,male,Natural Sciences,10.18654/1000-0569/2019.02.18,2019.0
55810577700.0,Zhiqiang,Wang,male,Natural Sciences,10.1016/j.precamres.2018.01.006,2019.0
55810577700.0,Zhi-qiang,Wang,male,Natural Sciences,10.1016/j.oregeorev.2019.102940,2019.0
55308677800.0,Yifan,Wu,male,Engineering and Technology,10.1155/2012/214783,2012.0
55308677800.0,Yifan,Wu,male,Engineering and Technology,10.1155/2012/753429,2012.0
55308677800.0,Yifan,Wu,male,Engineering and Technology,10.1039/c2cy20053h,2012.0
57194942011.0,Min,Kong,male,Natural Sciences,10.1016/j.aninu.2016.07.005,2016.0
57194942011.0,Min,Kong,male,Natural Sciences,10.1016/j.lwt.2019.108521,2019.0
57194942011.0,Min,Kong,male,Natural Sciences,10.1007/s12011-019-1638-5,2019.0
57194942011.0,Min,Kong,male,Natural Sciences,10.1007/s12011-019-01804-5,2020.0
57193075102.0,José Luis López,Sendón Moreno,male,Natural Sciences,10.1038/ejhg.2011.136,2012.0
55667968900.0,Liang,Cui,male,Medical and Health Sciences,10.3760/cma.j.issn.0376-2491.2013.14.011,2013.0
55667968900.0,Liang,Cui,male,Medical and Health Sciences,10.3748/wjg.v19.i31.5138,2013.0
55667968900.0,Liang,Cui,male,Medical and Health Sciences,10.3748/wjg.v20.i13.3628,2014.0
55667968900.0,Liang,Cui,male,Medical and Health Sciences,10.3748/wjg.v21.i24.7604,2015.0
55667968900.0,Liang,Cui,male,Medical and Health Sciences,10.1016/j.freeradbiomed.2015.04.016,2015.0
55667968900.0,Liang,Cui,male,Medical and Health Sciences,10.1074/jbc.M115.667717,2015.0
56427712400.0,Graziella,Rubino,female,Medical and Health Sciences,10.1016/j.jneuroim.2011.11.005,2012.0
57199852841.0,Peng,Xu,male,Engineering and Technology,10.1039/c4nr06726f,2015.0
56427712400.0,Graziella,Rubino,female,Medical and Health Sciences,10.1097/ICO.0000000000000288,2015.0
56427712400.0,Graziella,Rubino,female,Medical and Health Sciences,10.1016/j.baga.2015.09.001,2015.0
56427712400.0,Graziella,Rubino,female,Medical and Health Sciences,10.3389/fnins.2015.00172,2015.0
56427712400.0,Graziella,Rubino,female,Medical and Health Sciences,10.1007/s40520-018-0936-7,2019.0
56427712400.0,Graziella,Rubino,female,Medical and Health Sciences,10.1007/s40520-018-0936-7,2019.0
55313217200.0,,Li,male,Natural Sciences,10.5194/hess-16-2005-2012,2012.0
57196781509.0,Laura,Grant,female,Medical and Health Sciences,10.1016/j.whi.2012.06.004,2012.0
55313217200.0,Jinjian,Li,male,Natural Sciences,10.1007/s11269-014-0572-8,2014.0
55313217200.0,Jinjian,Li,male,Natural Sciences,10.1002/2016JD025276,2016.0
55313217200.0,Jinjian,Li,male,Natural Sciences,10.3354/cr01510,2018.0
55313217200.0,Jinjian,Li,male,Natural Sciences,10.3354/cr01510,2018.0
55313217200.0,Jinjian,Li,male,Natural Sciences,10.1002/joc.5690,2018.0
55313217200.0,Jinjian,Li,male,Natural Sciences,10.1155/2019/2820769,2019.0
55313217200.0,Jinjian,Li,male,Natural Sciences,10.1016/j.jhydrol.2018.10.071,2019.0
37108614200.0,Murat,Usta,male,Social Sciences,10.1080/15298868.2013.836133,2014.0
57190074502.0,Yi,Xu,male,Natural Sciences,10.1371/journal.pone.0158394,2016.0
57190074502.0,Yi,Xu,male,Natural Sciences,10.1016/j.jhydrol.2018.01.048,2018.0
57190074502.0,Yi,Xu,male,Natural Sciences,10.1016/j.scitotenv.2017.12.055,2018.0
57190074502.0,Yi,Xu,male,Natural Sciences,10.1016/j.scitotenv.2017.12.055,2018.0
57213798633.0,Jiwon,Jung,female,Natural Sciences,10.1111/joa.12077,2013.0
57203881379.0,Shiny,Joseph,female,Medical and Health Sciences,10.4103/0972-124X.153483,2015.0
57203881379.0,Shiny,Joseph,female,Medical and Health Sciences,10.1155/2015/812087,2015.0
57213798633.0,Jiwon,Jung,female,Natural Sciences,10.3390/ijms19061657,2018.0
57213798633.0,Jiwon,Jung,female,Natural Sciences,10.3390/cancers11030386,2019.0
54966149200.0,Anke,Höllig,female,Medical and Health Sciences,10.3171/2011.6.JNS081451,2012.0
56337024400.0,Arthur César de Medeiros,Alves,male,Medical and Health Sciences,10.1590/S1806-83242013005000006,2013.0
54966149200.0,Anke,Höllig,female,Medical and Health Sciences,10.1186/cc13715,2014.0
54966149200.0,Anke,Höllig,female,Medical and Health Sciences,10.3390/ijms151018175,2014.0
54966149200.0,Anke,Höllig,female,Medical and Health Sciences,10.3390/ijms151018175,2014.0
54966149200.0,,Höllig,female,Medical and Health Sciences,10.1007/s00101-014-2367-y,2014.0
54966149200.0,,Höllig,female,Medical and Health Sciences,10.1007/s00101-014-2367-y,2014.0
56337024400.0,Arthur César de Medeiros,Alves,male,Medical and Health Sciences,10.1016/j.ejwf.2014.06.001,2014.0
54966149200.0,Anke,Höllig,female,Medical and Health Sciences,10.1371/journal.pone.0123398,2015.0
54966149200.0,Anke,Höllig,female,Medical and Health Sciences,10.1371/journal.pone.0123398,2015.0
54966149200.0,Anke,Höllig,female,Medical and Health Sciences,10.1016/j.clineuro.2015.08.030,2015.0
54966149200.0,Anke,Höllig,female,Medical and Health Sciences,10.1016/j.clineuro.2015.08.030,2015.0
54966149200.0,Anke,Höllig,female,Medical and Health Sciences,10.2147/NDT.S46583,2015.0
54966149200.0,Anke,Höllig,female,Medical and Health Sciences,10.1186/s13054-015-0954-1,2015.0
54966149200.0,Anke,Höllig,female,Medical and Health Sciences,10.1186/s13054-015-0954-1,2015.0
54966149200.0,Anke,Höllig,female,Medical and Health Sciences,10.1097/CCM.0000000000001561,2016.0
54966149200.0,Anke,Höllig,female,Medical and Health Sciences,10.1097/CCM.0000000000001561,2016.0
54966149200.0,Anke,Höllig,female,Medical and Health Sciences,10.4103/2045-9912.179338,2016.0
54966149200.0,,Höllig,female,Medical and Health Sciences,10.1007/s00101-016-0235-7,2016.0
54966149200.0,,Höllig,female,Medical and Health Sciences,10.1093/bja/aew095,2016.0
54966149200.0,Anke,Höllig,female,Medical and Health Sciences,10.1515/bmt-2015-0059,2016.0
56337024400.0,Arthur César De Medeiros,Alves,male,Medical and Health Sciences,10.1016/j.ajodo.2016.05.006,2016.0
54966149200.0,Anke,Höllig,female,Medical and Health Sciences,10.1016/j.wneu.2017.03.062,2017.0
54966149200.0,Anke,Höllig,female,Medical and Health Sciences,10.3389/fneur.2017.00511,2017.0
54966149200.0,Anke,Höllig,female,Medical and Health Sciences,10.4103/2045-9912.208512,2017.0
54966149200.0,Anke,Höllig,female,Medical and Health Sciences,10.3389/fneur.2017.00694,2017.0
54966149200.0,Anke,Höllig,female,Medical and Health Sciences,10.1093/neuros/nyw132,2017.0
54966149200.0,Anke,Höllig,female,Medical and Health Sciences,10.1016/j.wneu.2017.05.021,2017.0
54966149200.0,Anke,Höllig,female,Medical and Health Sciences,10.3171/2016.3.JNS151731,2017.0
56337024400.0,Arthur César de Medeiros,Alves,male,Medical and Health Sciences,10.3290/j.qi.a37128,2017.0
56337024400.0,Arthur César de Medeiros,Alves,male,Medical and Health Sciences,10.1007/s00784-016-1943-8,2017.0
56337024400.0,Arthur César de Medeiros,Alves,male,Medical and Health Sciences,10.1590/2177-6709.22.3.055-063.oar,2017.0
54966149200.0,Anke,Höllig,female,Medical and Health Sciences,10.32598/bcn.9.10.235,2019.0
54966149200.0,Anke,Höllig,female,Medical and Health Sciences,10.1186/s13054-019-2493-7,2019.0
54966149200.0,Anke,Höllig,female,Medical and Health Sciences,10.1186/s13054-019-2493-7,2019.0
54966149200.0,Anke,Höllig,female,Medical and Health Sciences,10.3389/fneur.2019.00991,2019.0
56337024400.0,Arthur César de Medeiros,Alves,male,Medical and Health Sciences,10.1016/j.ajodo.2019.07.010,2020.0
55811890900.0,Setsuko,Fujii,female,Natural Sciences,10.1186/1472-6750-13-64,2013.0
55811890900.0,Setsuko,Fujii,female,Natural Sciences,10.1186/1472-6750-13-64,2013.0
55811890900.0,Setsuko,Fujii,female,Natural Sciences,10.1038/srep02944,2013.0
56982095500.0,Gang,Li,male,Natural Sciences,10.3724/SP.J.1145.2015.02027,2015.0
55811890900.0,Setsuko,Fujii,female,Natural Sciences,10.1038/srep09146,2015.0
55811890900.0,Setsuko,Fujii,female,Natural Sciences,10.1038/srep09146,2015.0
55811890900.0,Setsuko,Fujii,female,Natural Sciences,10.1016/j.bbrc.2015.11.039,2015.0
56982095500.0,Gang,Li,male,Natural Sciences,10.3724/SP.J.1145.2015.11032,2016.0
55992417200.0,Luciene G.,Da Silva,female,Natural Sciences,10.11646/zootaxa.3609.4.4,2013.0
56997874200.0,Lin,Lu,female,Medical and Health Sciences,10.1111/1751-2980.12217,2015.0
56997874200.0,Lin,Lu,female,Medical and Health Sciences,10.1007/s00464-015-4681-0,2016.0
56997874200.0,Lin,Lu,female,Medical and Health Sciences,10.1097/SLE.0000000000000368,2017.0
57198900581.0,Xiao,Song,male,Natural Sciences,10.1016/j.colsurfb.2014.01.010,2014.0
57198900581.0,Xiao,Song,male,Natural Sciences,10.1049/mnl.2014.0106,2014.0
57198900581.0,Xiao,Song,male,Natural Sciences,10.1049/mnl.2014.0014,2014.0
56396345400.0,Vu T.A.,Phan,male,Natural Sciences,10.12989/gae.2014.7.3.297,2014.0
56396345400.0,Vu To-Anh,Phan,male,Natural Sciences,10.1016/j.soildyn.2015.05.005,2015.0
56396345400.0,Vu To-Anh,Phan,male,Natural Sciences,10.1016/j.soildyn.2015.05.005,2015.0
56396345400.0,Vu To-Anh,Phan,male,Natural Sciences,10.1016/j.soildyn.2016.02.006,2016.0
56396345400.0,Vu To-Anh,Phan,male,Natural Sciences,10.12989/gae.2016.10.1.077,2016.0
56396345400.0,Vu To-Anh,Phan,male,Natural Sciences,10.1007/s10706-017-0435-1,2018.0
55065898900.0,José António,Gonçalves Pestana,male,Medical and Health Sciences,10.1186/1752-1947-6-57,2012.0
55616871300.0,Xiaoping,Xu,female,Natural Sciences,10.1063/1.4774308,2013.0
55616871300.0,Xiaoping,Xu,female,Natural Sciences,10.1063/1.4774308,2013.0
55616871300.0,Xiaoping,Xu,female,Natural Sciences,10.3724/SP.J.1123.2013.08009,2014.0
55619316830.0,Takashi,Yamamoto,male,Natural Sciences,10.1002/pssc.201100640,2012.0
57199418331.0,Xin,Cai,male,Agricultural Sciences,10.1371/journal.pone.0095228,2014.0
55619316830.0,Takashi,Yamamoto,male,Natural Sciences,10.1103/PhysRevB.93.245136,2016.0
55619316830.0,Takashi,Yamamoto,male,Natural Sciences,10.7566/JPSJ.86.014706,2017.0
56335493200.0,Laura,Gastellier,female,Medical and Health Sciences,10.1111/jtm.12154,2015.0
57191033225.0,Tsukasa,Kamitani,male,Medical and Health Sciences,10.2519/jospt.2016.6409,2016.0
57191033225.0,Tsukasa,Kamitani,male,Medical and Health Sciences,10.1093/ndt/gfx260,2018.0
57191033225.0,Tsukasa,Kamitani,male,Medical and Health Sciences,10.1093/ndt/gfx260,2018.0
57191033225.0,,Kamitani,male,Medical and Health Sciences,10.1007/s12603-019-1222-x,2019.0
57191033225.0,Tsukasa,Kamitani,male,Medical and Health Sciences,10.1177/0898264317721825,2019.0
57191033225.0,Tsukasa,Kamitani,male,Medical and Health Sciences,10.1177/0898264317721825,2019.0
57191033225.0,Tsukasa,Kamitani,male,Medical and Health Sciences,10.1016/j.jamda.2018.09.009,2019.0
57191033225.0,Tsukasa,Kamitani,male,Medical and Health Sciences,10.1053/j.jrn.2018.10.012,2019.0
57191033225.0,Tsukasa,Kamitani,male,Medical and Health Sciences,10.1111/jgh.14631,2019.0
57191033225.0,Tsukasa,Kamitani,male,Medical and Health Sciences,10.1007/s10067-018-4337-2,2019.0
57191033225.0,Tsukasa,Kamitani,male,Medical and Health Sciences,10.1055/s-0038-1672199,2019.0
57191033225.0,Tsukasa,Kamitani,male,Medical and Health Sciences,10.1007/s10067-019-04879-6,2019.0
57191033225.0,Tsukasa,Kamitani,male,Medical and Health Sciences,10.1016/j.knee.2019.01.016,2019.0
57191033225.0,Tsukasa,Kamitani,male,Medical and Health Sciences,10.1080/14397595.2018.1553228,2020.0
57191033225.0,Tsukasa,Kamitani,male,Medical and Health Sciences,10.1186/s12882-019-1674-6,2020.0
57191033225.0,Tsukasa,Kamitani,male,Medical and Health Sciences,10.1007/s00535-020-01683-x,2020.0
57214864816.0,Eliana Martins,Marcolino,female,Social Sciences,10.1590/S1414-32832012005000039,2012.0
55334243300.0,Juliana,Andrici,female,Medical and Health Sciences,10.1097/MD.0000000000001281,2015.0
55334243300.0,Juliana,Andrici,female,Medical and Health Sciences,10.1097/MD.0000000000002131,2015.0
55334243300.0,Juliana,Andrici,female,Medical and Health Sciences,10.1097/MD.0000000000002131,2015.0
55334243300.0,Juliana,Andrici,female,Medical and Health Sciences,10.1097/PAT.0000000000000250,2015.0
55334243300.0,Juliana,Andrici,female,Medical and Health Sciences,10.1038/modpathol.2015.87,2015.0
55334243300.0,Juliana,Andrici,female,Medical and Health Sciences,10.1038/modpathol.2015.87,2015.0
55334243300.0,Juliana,Andrici,female,Medical and Health Sciences,10.1016/j.jamcollsurg.2015.12.008,2016.0
55334243300.0,Juliana,Andrici,female,Medical and Health Sciences,10.1016/j.pathol.2016.03.002,2016.0
55334243300.0,Juliana,Andrici,female,Medical and Health Sciences,10.1016/j.pathol.2016.03.002,2016.0
55334243300.0,Juliana,Andrici,female,Medical and Health Sciences,10.1016/j.pathol.2016.03.002,2016.0
55334243300.0,Juliana,Andrici,female,Medical and Health Sciences,10.1016/j.pathol.2016.03.005,2016.0
55334243300.0,Juliana,Andrici,female,Medical and Health Sciences,10.1016/j.pathol.2016.03.005,2016.0
55334243300.0,Juliana,Andrici,female,Medical and Health Sciences,10.1016/j.humpath.2016.07.010,2016.0
55334243300.0,Juliana,Andrici,female,Medical and Health Sciences,10.1016/j.humpath.2016.07.010,2016.0
55334243300.0,Juliana,Andrici,female,Medical and Health Sciences,10.1016/j.humpath.2016.07.010,2016.0
55334243300.0,Juliana,Andrici,female,Medical and Health Sciences,10.1097/PAS.0000000000000573,2016.0
55334243300.0,Juliana,Andrici,female,Medical and Health Sciences,10.1097/PAS.0000000000000573,2016.0
55334243300.0,Juliana,Andrici,female,Medical and Health Sciences,10.1038/modpathol.2015.159,2016.0
55334243300.0,Juliana,Andrici,female,Medical and Health Sciences,10.1038/modpathol.2015.159,2016.0
55334243300.0,Juliana,Andrici,female,Medical and Health Sciences,10.1016/j.humpath.2016.04.018,2016.0
55334243300.0,Juliana,Andrici,female,Medical and Health Sciences,10.1016/j.humpath.2016.04.018,2016.0
55334243300.0,Juliana,Andrici,female,Medical and Health Sciences,10.1016/j.humpath.2016.04.018,2016.0
55334243300.0,Juliana,Andrici,female,Medical and Health Sciences,10.1371/journal.pone.0150338,2016.0
55334243300.0,Juliana,Andrici,female,Medical and Health Sciences,10.1371/journal.pone.0150338,2016.0
55334243300.0,Juliana,Andrici,female,Medical and Health Sciences,10.1371/journal.pone.0150338,2016.0
55334243300.0,Juliana,Andrici,female,Medical and Health Sciences,10.1016/j.humpath.2015.12.012,2016.0
55334243300.0,Juliana,Andrici,female,Medical and Health Sciences,10.1016/j.humpath.2015.12.012,2016.0
55334243300.0,Juliana,Andrici,female,Medical and Health Sciences,10.1097/MD.0000000000002491,2016.0
55334243300.0,Juliana,Andrici,female,Medical and Health Sciences,10.1097/MD.0000000000002491,2016.0
55334243300.0,Juliana,Andrici,female,Medical and Health Sciences,10.1097/PAS.0000000000000740,2017.0
55334243300.0,Juliana,Andrici,female,Medical and Health Sciences,10.1097/PAS.0000000000000740,2017.0
55334243300.0,Juliana,Andrici,female,Medical and Health Sciences,10.1097/PAS.0000000000000740,2017.0
55334243300.0,Juliana,Andrici,female,Medical and Health Sciences,10.1097/PAI.0000000000000333,2017.0
55334243300.0,Juliana,Andrici,female,Medical and Health Sciences,10.1097/PAI.0000000000000333,2017.0
55334243300.0,Juliana,Andrici,female,Medical and Health Sciences,10.1097/PAI.0000000000000333,2017.0
55334243300.0,Juliana A.,Andrici,female,Medical and Health Sciences,10.1097/PAS.0000000000000909,2017.0
55334243300.0,Juliana A.,Andrici,female,Medical and Health Sciences,10.1097/PAS.0000000000000909,2017.0
55334243300.0,Juliana A.,Andrici,female,Medical and Health Sciences,10.1097/PAS.0000000000000909,2017.0
55334243300.0,Juliana,Andrici,female,Medical and Health Sciences,10.1053/j.semdp.2017.05.004,2018.0
55334243300.0,Juliana,Andrici,female,Medical and Health Sciences,10.1111/imj.13713,2018.0
55334243300.0,Juliana,Andrici,female,Medical and Health Sciences,10.1111/imj.13713,2018.0
55334243300.0,Juliana,Andrici,female,Medical and Health Sciences,10.1097/PAS.0000000000001017,2019.0
55334243300.0,Juliana,Andrici,female,Medical and Health Sciences,10.1097/PAS.0000000000001017,2019.0
55334243300.0,Juliana,Andrici,female,Medical and Health Sciences,10.1097/PAS.0000000000001409,2019.0
57191487441.0,Chun-Han,Lai,male,Natural Sciences,10.1039/c5mh00228a,2016.0
56835156200.0,Beibei,Kong,female,Engineering and Technology,10.1016/j.matdes.2015.11.007,2016.0
57191487441.0,Chun-Han,Lai,male,Natural Sciences,10.1002/aenm.201601283,2017.0
57191487441.0,Chun-Han,Lai,male,Natural Sciences,10.1021/acs.langmuir.7b01110,2017.0
57191487441.0,Chun-Han,Lai,male,Natural Sciences,10.1016/j.joule.2017.08.012,2017.0
57191487441.0,Chun-Han,Lai,male,Natural Sciences,10.1111/jace.14781,2017.0
56835156200.0,Beibei,Kong,female,Engineering and Technology,10.1016/j.matchar.2017.05.001,2017.0
56835156200.0,Beibei,Kong,female,Engineering and Technology,10.1016/j.matdes.2017.05.005,2017.0
56835156200.0,Beibei,Kong,female,Engineering and Technology,10.1016/j.matdes.2017.05.005,2017.0
57191487441.0,Chun-Han,Lai,male,Natural Sciences,10.1021/acs.chemmater.7b05116,2018.0
57191487441.0,Chun-Han Matt,Lai,male,Natural Sciences,10.1002/aenm.201800058,2018.0
57191487441.0,Chun-Han (Matt),Lai,male,Natural Sciences,10.1002/aenm.201900226,2019.0
57191487441.0,Chun-Han,Lai,male,Natural Sciences,10.1016/j.jpowsour.2019.226841,2019.0
56835156200.0,Beibei,Kong,female,Engineering and Technology,10.1016/j.intermet.2019.106516,2019.0
56835156200.0,Beibei,Kong,female,Engineering and Technology,10.1016/j.intermet.2019.106516,2019.0
57191487441.0,Chun-Han,Lai,male,Natural Sciences,10.1021/acsami.0c02020,2020.0
24476309500.0,Fabien,Moutarde,male,Natural Sciences,10.1049/iet-its.2011.0157,2013.0
24476309500.0,,Moutarde,male,Natural Sciences,10.1145/2627729,2014.0
24476309500.0,Fabien,Moutarde,male,Natural Sciences,10.1515/jisys-2013-0079,2014.0
57206875526.0,Tao,Liu,male,Medical and Health Sciences,10.3969/j.issn.1001-1978.2015.06.022,2015.0
24476309500.0,Fabien,Moutarde,male,Natural Sciences,10.1016/j.promfg.2015.07.216,2015.0
24476309500.0,Fabien,Moutarde,male,Natural Sciences,10.1016/j.promfg.2015.07.952,2015.0
24476309500.0,Fabien,Moutarde,male,Natural Sciences,10.1016/j.promfg.2015.07.428,2015.0
24476309500.0,Fabien,Moutarde,male,Natural Sciences,10.1007/s13177-014-0099-7,2016.0
24476309500.0,Fabien,Moutarde,male,Natural Sciences,10.1007/s10514-018-9704-y,2019.0
42161853600.0,Michael C.,Scarbrough,male,Natural Sciences,10.1371/journal.pone.0033242,2012.0
57200095788.0,Andrew,Previc,male,Humanities,10.1080/17496535.2015.1005552,2015.0
54413112900.0,Katarzyna,Staçpor,female,Natural Sciences,10.1016/j.neucom.2011.04.033,2012.0
55746608100.0,Nathalie,Sakakini,female,Natural Sciences,10.1002/humu.22352,2013.0
55746608100.0,Nathalie,Sakakini,female,Natural Sciences,10.1002/humu.22352,2013.0
55746608100.0,Nathalie,Sakakini,female,Natural Sciences,10.1371/journal.pone.0081874,2013.0
55746608100.0,Nathalie,Sakakini,female,Natural Sciences,10.1371/journal.pone.0081874,2013.0
55746608100.0,Nathalie,Sakakini,female,Natural Sciences,10.1002/ijc.29318,2015.0
55746608100.0,Nathalie,Sakakini,female,Natural Sciences,10.1002/ijc.29318,2015.0
55746608100.0,Nathalie,Sakakini,female,Natural Sciences,10.1074/jbc.M116.720698,2016.0
55746608100.0,Nathalie,Sakakini,female,Natural Sciences,10.1074/jbc.M116.720698,2016.0
55746608100.0,Nathalie,Sakakini,female,Natural Sciences,10.1074/jbc.M116.720698,2016.0
55308112000.0,Madeleine,Kyrke-Smith,female,Natural Sciences,10.1371/journal.pone.0040538,2012.0
55308112000.0,Madeleine,Kyrke-Smith,female,Natural Sciences,10.1371/journal.pone.0040538,2012.0
55553643800.0,,Khudyaev,male,Natural Sciences,10.1134/S000143381207002X,2012.0
55553643800.0,,Khudyaev,male,Natural Sciences,10.1134/S199542551206008X,2012.0
55553643800.0,,Khudyaev,male,Natural Sciences,10.3103/S1062873813020093,2013.0
55553643800.0,,Khudyaev,male,Natural Sciences,10.3103/S1062873815010281,2015.0
55308112000.0,Madeleine,Kyrke-Smith,female,Natural Sciences,10.1016/j.cell.2017.12.024,2018.0
55308112000.0,Madeleine,Kyrke-Smith,female,Natural Sciences,10.3389/fnmol.2018.00369,2018.0
55308112000.0,Madeleine,Kyrke-Smith,female,Natural Sciences,10.3389/fnmol.2018.00369,2018.0
55308112000.0,Madeleine,Kyrke-Smith,female,Natural Sciences,10.3389/fnmol.2018.00369,2018.0
55553643800.0,Sergey,Khudyaev,male,Natural Sciences,10.1088/1748-9326/aac4d3,2018.0
55553643800.0,Sergey,Khudyaev,male,Natural Sciences,10.1111/gcb.14328,2018.0
55327358200.0,Liu,Hongtao,male,Engineering and Technology,10.3130/jaabe.11.269,2012.0
57189698802.0,Svenja,Scheffold,female,Medical and Health Sciences,10.1016/j.vetimm.2016.05.012,2016.0
57189698802.0,Svenja,Scheffold,female,Medical and Health Sciences,10.1177/1040638717712331,2017.0
57189698802.0,Svenja,Scheffold,female,Medical and Health Sciences,10.1016/j.vetimm.2018.04.008,2018.0
57189305196.0,Tao,Feng,male,Engineering and Technology,10.1021/acsnano.6b00043,2016.0
57189305196.0,Tao,Feng,male,Engineering and Technology,10.1021/acsami.6b06695,2016.0
56972876200.0,Xiaomei,Zheng,female,Natural Sciences,10.1016/j.fgb.2015.11.003,2016.0
57189305196.0,Tao,Feng,male,Engineering and Technology,10.1021/acsbiomaterials.7b00264,2017.0
57189305196.0,Tao,Feng,male,Engineering and Technology,10.1007/978-981-10-3299-8,2017.0
57189305196.0,Tao,Feng,male,Engineering and Technology,10.1007/978-981-10-3299-8_3,2017.0
57189305196.0,Tao,Feng,male,Engineering and Technology,10.1007/978-981-10-3299-8_2,2017.0
57189305196.0,Tao,Feng,male,Engineering and Technology,10.1007/978-981-10-3299-8_1,2017.0
57189305196.0,Tao,Feng,male,Engineering and Technology,10.1002/cnma.201700367,2018.0
56972876200.0,Xiaomei,Zheng,female,Natural Sciences,10.1007/s00253-018-9095-1,2018.0
56972876200.0,Xiaomei,Zheng,female,Natural Sciences,10.1007/s00253-018-9095-1,2018.0
56972876200.0,Xiaomei,Zheng,female,Natural Sciences,10.1021/acssynbio.7b00456,2018.0
56972876200.0,Xiaomei,Zheng,female,Natural Sciences,10.1021/acssynbio.7b00456,2018.0
56972876200.0,Xiaomei,Zheng,female,Natural Sciences,10.1016/j.ymben.2018.02.016,2018.0
56972876200.0,Xiaomei,Zheng,female,Natural Sciences,10.1016/j.ymben.2018.02.016,2018.0
57189305196.0,Tao,Feng,male,Engineering and Technology,10.1016/j.carbpol.2019.03.043,2019.0
57189305196.0,Tao,Feng,male,Engineering and Technology,10.1016/j.biomaterials.2019.05.024,2019.0
56972876200.0,Xiaomei,Zheng,female,Natural Sciences,10.1186/s12934-019-1064-6,2019.0
56972876200.0,Xiaomei,Zheng,female,Natural Sciences,10.1186/s12934-019-1064-6,2019.0
56972876200.0,Xiaomei,Zheng,female,Natural Sciences,10.1186/s12934-019-1153-6,2019.0
56972876200.0,Xiaomei,Zheng,female,Natural Sciences,10.1186/s12934-019-1153-6,2019.0
56972876200.0,Xiaomei,Zheng,female,Natural Sciences,10.1002/biot.201800315,2019.0
56972876200.0,Xiaomei,Zheng,female,Natural Sciences,10.1002/biot.201800315,2019.0
56972876200.0,Xiaomei,Zheng,female,Natural Sciences,10.13345/j.cjb.190217,2019.0
56972876200.0,Xiaomei,Zheng,female,Natural Sciences,10.13345/j.cjb.190217,2019.0
56972876200.0,Xiaomei,Zheng,female,Natural Sciences,10.13345/j.cjb.190217,2019.0
56972876200.0,Xiaomei,Zheng,female,Natural Sciences,10.1186/s40694-019-0081-x,2019.0
56972876200.0,Xiaomei,Zheng,female,Natural Sciences,10.1186/s40694-019-0081-x,2019.0
56972876200.0,Xiaomei,Zheng,female,Natural Sciences,10.1186/s40694-019-0081-x,2019.0
56972876200.0,Xiaomei,Zheng,female,Natural Sciences,10.1186/s13068-019-1400-4,2019.0
56972876200.0,Xiaomei,Zheng,female,Natural Sciences,10.1186/s13068-019-1400-4,2019.0
56972876200.0,Xiaomei,Zheng,female,Natural Sciences,10.1186/s13068-019-1473-0,2019.0
56972876200.0,Xiaomei,Zheng,female,Natural Sciences,10.1186/s13068-019-1473-0,2019.0
56972876200.0,Xiaomei,Zheng,female,Natural Sciences,10.1186/s13068-019-1473-0,2019.0
56972876200.0,Xiaomei,Zheng,female,Natural Sciences,10.1186/s12934-020-01334-z,2020.0
56972876200.0,Xiaomei,Zheng,female,Natural Sciences,10.1186/s12934-020-01334-z,2020.0
56972876200.0,Xiaomei,Zheng,female,Natural Sciences,10.1186/s12934-020-01334-z,2020.0
57203677779.0,Bernardo,Bonanni,male,Agricultural Sciences,10.1002/humu.22025,2012.0
55925252900.0,Lisa,Meng,female,Medical and Health Sciences,10.3109/21678421.2013.817587,2013.0
55925252900.0,Lisa,Meng,female,Medical and Health Sciences,10.3109/21678421.2013.822517,2013.0
57203677779.0,Giulia,Melloni,male,Agricultural Sciences,10.1371/journal.pgen.1003212,2013.0
55925252900.0,Lisa L.,Meng,female,Medical and Health Sciences,10.1177/1358863X14534516,2014.0
55925252900.0,Lisa,Meng,female,Medical and Health Sciences,10.1007/s13311-015-0345-y,2015.0
55925252900.0,Lisa,Meng,female,Medical and Health Sciences,10.3109/21678421.2016.1148169,2016.0
57203677779.0,Bernardo,Bonanni,male,Agricultural Sciences,10.18632/oncotarget.12818,2016.0
57203677779.0,Bernardo,Bonanni,male,Agricultural Sciences,10.1186/s13058-016-0771-8,2016.0
57203677779.0,Bernardo,Bonanni,male,Agricultural Sciences,10.1371/journal.pone.0158801,2016.0
57203677779.0,Bernardo,Bonanni,male,Agricultural Sciences,10.1093/jnci/djw302,2017.0
57203677779.0,Bernardo,Bonanni,male,Agricultural Sciences,10.1038/ng.3826,2017.0
57203677779.0,Bernardo,Bonanni,male,Agricultural Sciences,10.1038/ng.3785,2017.0
57203677779.0,Bernardo,Bonanni,male,Agricultural Sciences,10.18632/oncotarget.21800,2017.0
57203677779.0,Bernardo,Bonanni,male,Agricultural Sciences,10.1038/nature24284,2017.0
57203677779.0,Bernardo,Bonanni,male,Agricultural Sciences,10.1093/ije/dyx131,2017.0
55925252900.0,Lisa,Meng,female,Medical and Health Sciences,10.1001/jamaneurol.2017.3339,2018.0
55925252900.0,Lisa,Meng,female,Medical and Health Sciences,10.1080/21678421.2018.1426770,2018.0
55925252900.0,Lisa,Meng,female,Medical and Health Sciences,10.1002/mus.26017,2018.0
55925252900.0,Lisa,Meng,female,Medical and Health Sciences,10.1002/acn3.550,2018.0
55925252900.0,Lisa,Meng,female,Medical and Health Sciences,10.1080/21678421.2017.1363242,2018.0
55925252900.0,Lisa,Meng,female,Medical and Health Sciences,10.1080/21678421.2017.1418003,2018.0
57203677779.0,Bernardo,Bonanni,male,Agricultural Sciences,10.1002/humu.23406,2018.0
57203677779.0,Bernardo,Bonanni,male,Agricultural Sciences,10.1016/j.breast.2017.12.013,2018.0
57203677779.0,Bernardo,Bonanni,male,Agricultural Sciences,10.1002/humu.23411,2018.0
57203677779.0,Bernardo,Bonanni,male,Agricultural Sciences,10.1002/humu.23652,2018.0
57203677779.0,Bernardo,Bonanni,male,Agricultural Sciences,10.1016/j.jcpo.2018.07.001,2018.0
57203677779.0,Bernardo,Bonanni,male,Agricultural Sciences,10.3389/fonc.2018.00583,2018.0
55925252900.0,Lisa,Meng,female,Medical and Health Sciences,10.1080/21678421.2019.1612922,2019.0
57203677779.0,Bernardo,Bonanni,male,Agricultural Sciences,10.1016/j.ajhg.2018.11.002,2019.0
57203677779.0,Bernardo,Bonanni,male,Agricultural Sciences,10.1002/ijc.32106,2019.0
57203677779.0,Bernardo,Bonanni,male,Agricultural Sciences,10.1038/s41416-019-0393-x,2019.0
57203677779.0,Bernardo,Bonanni,male,Agricultural Sciences,10.1002/1878-0261.12455,2019.0
57203677779.0,Bernardo,Bonanni,male,Agricultural Sciences,10.1177/0300891619851865,2019.0
57203677779.0,Bernardo,Bonanni,male,Agricultural Sciences,10.3390/cancers11111641,2019.0
57203677779.0,Bernardo,Bonanni,male,Agricultural Sciences,10.1002/humu.23818,2019.0
57203677779.0,Bernardo,Bonanni,male,Agricultural Sciences,10.1038/s41523-019-0127-5,2019.0
57203677779.0,Bernardo,Bonanni,male,Agricultural Sciences,10.1530/EC-19-0225,2019.0
57203677779.0,Bernardo,Bonanni,male,Agricultural Sciences,10.3390/cancers12020292,2020.0
57203677779.0,Bernardo,Bonanni,male,Agricultural Sciences,10.1038/s41588-019-0537-1,2020.0
57203677779.0,Bernardo,Bonanni,male,Agricultural Sciences,10.1158/0008-5472.CAN-19-1840,2020.0
57203677779.0,Bernardo,Bonanni,male,Agricultural Sciences,10.1002/gepi.22288,2020.0
57204231313.0,Brendan P.,Orner,male,Natural Sciences,10.1021/ja4085034,2013.0
57204231313.0,Brendan P.,Orner,male,Natural Sciences,10.1039/c3cc40886h,2013.0
57204231313.0,Brendan P.,Orner,male,Natural Sciences,10.1093/jb/mvv065,2015.0
54890349200.0,Catherine,Dubois,female,Natural Sciences,10.1080/14693062.2014.937388,2015.0
54890349200.0,Catherine,Dubois,female,Natural Sciences,10.1016/j.foar.2014.12.002,2015.0
54890349200.0,Catherine,Dubois,female,Natural Sciences,10.3390/buildings6030028,2016.0
57204231313.0,Brendan P.,Orner,male,Natural Sciences,10.1016/j.actbio.2016.09.040,2016.0
57204231313.0,Brendan P.,Orner,male,Natural Sciences,10.1002/asia.201600769,2016.0
57204231313.0,Brendan P.,Orner,male,Natural Sciences,10.1021/acs.biochem.7b00312,2017.0
57204231313.0,Brendan P.,Orner,male,Natural Sciences,10.1021/acs.biochem.7b00312,2017.0
57204231313.0,Brendan P.,Orner,male,Natural Sciences,10.3390/molecules22122184,2017.0
57204231313.0,,Orner,male,Natural Sciences,10.1016/j.bmc.2018.03.036,2018.0
57204231313.0,,Orner,male,Natural Sciences,10.1016/j.bmc.2018.03.036,2018.0
57204231313.0,Brendan P.,Orner,male,Natural Sciences,10.1021/acs.biochem.7b01000,2018.0
57204231313.0,Brendan P.,Orner,male,Natural Sciences,10.1021/acs.biochem.7b01000,2018.0
57211970586.0,Dongkyu,Kim,male,Natural Sciences,10.1016/j.febslet.2013.01.008,2013.0
56419215500.0,Kaori,Sakai,female,Engineering and Technology,10.1115/1.4030080,2015.0
57211970586.0,Dong-Kyu,Kim,male,Natural Sciences,10.1080/15548627.2016.1207014,2016.0
57211970586.0,Dong-Kyu,Kim,male,Natural Sciences,10.1080/15548627.2016.1207014,2016.0
57211970586.0,Dong-Kyu,Kim,male,Natural Sciences,10.1038/emm.2016.89,2016.0
57211970586.0,Dong-Kyu,Kim,male,Natural Sciences,10.1038/emm.2016.89,2016.0
56419215500.0,Kaori,Sakai,female,Engineering and Technology,10.1115/1.4034888,2017.0
57211970586.0,Dong-Kyu,Kim,male,Natural Sciences,10.5607/en.2017.26.6.321,2017.0
57211970586.0,Dong-Kyu,Kim,male,Natural Sciences,10.1016/j.pneurobio.2018.06.010,2018.0
57211970586.0,Dong-Kyu,Kim,male,Natural Sciences,10.1038/s41467-018-05958-z,2018.0
57211970586.0,Dong-Kyu,Kim,male,Natural Sciences,10.1093/brain/awz205,2019.0
56091453500.0,Wenjing,Xian,female,Natural Sciences,10.1186/1742-2094-11-72,2014.0
56202284200.0,Chenguang,Qiu,male,Natural Sciences,10.1021/nl5001604,2014.0
56202284200.0,Chenguang,Qiu,male,Natural Sciences,10.1021/nn506806b,2015.0
56202284200.0,Chenguang,Qiu,male,Natural Sciences,10.1007/s12274-014-0582-0,2015.0
56202284200.0,Chenguang,Qiu,male,Natural Sciences,10.1063/1.4921400,2015.0
56091453500.0,Wenjing,Xian,female,Natural Sciences,10.1016/j.bbrc.2016.02.090,2016.0
56202284200.0,Chenguang,Qiu,male,Natural Sciences,10.1039/c6nr00713a,2016.0
56202284200.0,Chenguang,Qiu,male,Natural Sciences,10.1007/s12274-016-1071-4,2016.0
56202284200.0,Chenguang,Qiu,male,Natural Sciences,10.1063/1.4949336,2016.0
56091453500.0,Wen-Jing,Xian,female,Natural Sciences,10.11569/wcjd.v24.i12.1806,2016.0
56091453500.0,Wenjing,Xian,female,Natural Sciences,10.1136/bmjopen-2015-010902,2016.0
56091453500.0,Wenjing,Xian,female,Natural Sciences,10.1016/j.ijbiomac.2017.05.108,2017.0
56202284200.0,Chenguang,Qiu,male,Natural Sciences,10.1126/science.aaj1628,2017.0
56202284200.0,Chenguang,Qiu,male,Natural Sciences,10.1039/c7nr03223d,2017.0
56202284200.0,Chenguang,Qiu,male,Natural Sciences,10.1021/acsami.7b09408,2017.0
56091453500.0,Wenjing,Xian,female,Natural Sciences,10.1016/j.jns.2018.01.003,2018.0
56202284200.0,Chenguang,Qiu,male,Natural Sciences,10.1109/TED.2018.2836387,2018.0
56202284200.0,Chenguang,Qiu,male,Natural Sciences,10.1063/1.5017195,2018.0
56202284200.0,Chenguang,Qiu,male,Natural Sciences,10.1038/s41928-017-0003-y,2018.0
56202284200.0,Chenguang,Qiu,male,Natural Sciences,10.1126/science.aap9195,2018.0
56091453500.0,Wen-Jing,Xian,female,Natural Sciences,10.1155/2019/6051262,2019.0
56091453500.0,Wenjing,Xian,female,Natural Sciences,10.1016/j.brainres.2019.01.013,2019.0
56202284200.0,Chenguang,Qiu,male,Natural Sciences,10.1109/LED.2019.2944491,2019.0
56202284200.0,Chenguang,Qiu,male,Natural Sciences,10.1021/acs.nanolett.8b03696,2019.0
56202284200.0,Chenguang,Qiu,male,Natural Sciences,10.1021/acsnano.8b09488,2019.0
56202284200.0,Chenguang,Qiu,male,Natural Sciences,10.1109/TED.2019.2920846,2019.0
56202284200.0,Chenguang,Qiu,male,Natural Sciences,10.1038/s41928-019-0330-2,2019.0
56202284200.0,Chenguang,Qiu,male,Natural Sciences,10.1038/s41928-019-0330-2,2019.0
56202284200.0,Chenguang,Qiu,male,Natural Sciences,10.1002/aelm.201901289,2020.0
57213324528.0,Guangli,Suo,female,Natural Sciences,10.1021/am508117e,2015.0
56489121700.0,JiaQing,Fang,male,Medical and Health Sciences,10.1016/j.gene.2015.06.083,2015.0
56489121700.0,JiaQing,Fang,male,Medical and Health Sciences,10.1007/s13277-015-3377-3,2015.0
56489121700.0,Jiaqing,Fang,male,Medical and Health Sciences,10.3892/or.2014.3694,2015.0
56489121700.0,Jia-Qing,Fang,male,Medical and Health Sciences,10.1111/jgh.12691,2015.0
57213324528.0,Guangli,Suo,female,Natural Sciences,10.3109/17435390.2015.1133861,2016.0
57213324528.0,Guangli,Suo,female,Natural Sciences,10.13671/j.hjkxxb.2016.0115,2016.0
56489121700.0,Jiaqing,Fang,male,Medical and Health Sciences,10.1038/srep28301,2016.0
56489121700.0,Jiaqing,Fang,male,Medical and Health Sciences,10.1038/srep26679,2016.0
57213324528.0,Guangli,Suo,female,Natural Sciences,10.1016/j.colsurfb.2017.02.036,2017.0
57213324528.0,Guangli,Suo,female,Natural Sciences,10.1016/j.jhazmat.2017.05.025,2017.0
57213324528.0,,Suo,female,Natural Sciences,10.1039/c7en00123a,2017.0
57213324528.0,Guangli,Suo,female,Natural Sciences,10.1021/acsami.7b08460,2017.0
57213324528.0,Guangli,Suo,female,Natural Sciences,10.1016/j.colsurfb.2018.07.034,2018.0
56462246200.0,Dana,Case,female,Natural Sciences,10.1038/cr.2011.133,2012.0
56462246200.0,Dana,Case,female,Natural Sciences,10.1016/j.cell.2014.11.040,2014.0
57192933146.0,Song,Wang,female,Social Sciences,10.1214/16-AOAS977,2016.0
56462246200.0,Dana,Case,female,Natural Sciences,10.1016/j.cmet.2016.04.007,2016.0
57192933146.0,Song,Wang,female,Social Sciences,10.1177/1461444817744390,2018.0
56462246200.0,Dana,Case,female,Natural Sciences,10.1371/journal.pone.0200925,2018.0
56579336900.0,Chanyang,Kim,female,Natural Sciences,10.1507/endocrj.EJ14-0436,2015.0
57193099502.0,Ning,Li,male,Medical and Health Sciences,10.3969/j.issn.2095-4344.2016.27.003,2016.0
56579336900.0,Chanyang,Kim,female,Natural Sciences,10.1530/JME-16-0096,2016.0
57193099502.0,Ning,Li,male,Medical and Health Sciences,10.1007/s11684-016-0496-1,2017.0
56579336900.0,Chanyang,Kim,female,Natural Sciences,10.3390/ijms18030588,2017.0
56579336900.0,Chanyang,Kim,female,Natural Sciences,10.3390/ijms18091947,2017.0
56579336900.0,Chanyang,Kim,female,Natural Sciences,10.1530/EC-17-0350,2018.0
57193099502.0,Ning,Li,male,Medical and Health Sciences,10.1016/j.colsurfb.2019.110454,2019.0
57193099502.0,Ning,Li,male,Medical and Health Sciences,10.1016/j.colsurfb.2019.110454,2019.0
56465194800.0,Hong,Yu,male,Natural Sciences,10.1016/j.micromeso.2014.08.049,2014.0
56465194800.0,Hong,Yu,male,Natural Sciences,10.1016/j.biortech.2015.01.043,2015.0
56465194800.0,Hong,Yu,male,Natural Sciences,10.1016/j.biortech.2015.01.043,2015.0
56465194800.0,Hong,Yu,male,Natural Sciences,10.1016/j.colsurfb.2014.08.007,2015.0
57210909530.0,Yun,Chen,male,Natural Sciences,10.3964/j.issn.1000-0593(2016)06-1859-05,2016.0
56465194800.0,Hong,Yu,male,Natural Sciences,10.5004/dwt.2019.24370,2019.0
56496728900.0,Luca,Sacco,male,Medical and Health Sciences,10.1097/MPA.0000000000000288,2015.0
57204253064.0,Joshua,Suresh,male,Natural Sciences,10.1093/mnras/stu2762,2015.0
57204253064.0,Joshua,Suresh,male,Natural Sciences,10.1093/mnras/stv604,2015.0
56496728900.0,Luca,Sacco,male,Medical and Health Sciences,10.1080/2162402X.2016.1175800,2016.0
57204253064.0,Joshua,Suresh,male,Natural Sciences,10.1093/mnras/stw1582,2016.0
57204253064.0,Joshua,Suresh,male,Natural Sciences,10.1093/mnras/stw2499,2017.0
56496728900.0,Luca,Sacco,male,Medical and Health Sciences,10.1158/2326-6066.CIR-17-0712,2018.0
56496728900.0,Luca,Sacco,male,Medical and Health Sciences,10.1186/s12957-019-1660-2,2019.0
56496728900.0,,Sacco,male,Medical and Health Sciences,,2019.0
57204253064.0,Joshua,Suresh,male,Natural Sciences,10.1093/mnras/sty3402,2019.0
57204253064.0,Joshua,Suresh,male,Natural Sciences,10.1093/mnras/sty3402,2019.0
55192566400.0,Mandy,Schippers,female,Medical and Health Sciences,10.1186/1471-2296-13-31,2012.0
55192566400.0,Mandy,Schippers,female,Medical and Health Sciences,10.1186/1471-2296-13-31,2012.0
55192566400.0,Mandy,Schippers,female,Medical and Health Sciences,10.2147/CIA.S72731,2014.0
55192566400.0,Mandy,Schippers,female,Medical and Health Sciences,10.2147/CIA.S72731,2014.0
55192566400.0,Mandy,Schippers,female,Medical and Health Sciences,10.2147/CIA.S61732,2014.0
55192566400.0,Mandy,Schippers,female,Medical and Health Sciences,10.2147/CIA.S61732,2014.0
57215762976.0,Kaoru,Doh,female,Medical and Health Sciences,10.1253/circj.CJ-14-0842,2015.0
55192566400.0,Mandy,Schippers,female,Medical and Health Sciences,10.1155/2015/390352,2015.0
55192566400.0,Mandy,Schippers,female,Medical and Health Sciences,10.1155/2015/390352,2015.0
55192566400.0,,Schippers,female,Medical and Health Sciences,10.1111/obr.12492,2017.0
56089193900.0,Ling,Fan,female,Medical and Health Sciences,10.3233/BMR-140473,2014.0
56089193900.0,,Fan,female,Medical and Health Sciences,10.1007/s00198-014-2699-0,2014.0
56005325800.0,Yong,Yuan,male,Natural Sciences,10.1016/j.fluid.2013.12.012,2014.0
56902140500.0,Zhenli,Qiu,female,Natural Sciences,10.1038/srep15113,2015.0
56902140500.0,Zhenli,Qiu,female,Natural Sciences,10.1021/acsami.5b08742,2015.0
36713007100.0,Heather H.,Barto,female,Social Sciences,10.1002/joec.12005,2015.0
56902140500.0,Zhenli,Qiu,female,Natural Sciences,10.1016/j.bios.2015.10.044,2016.0
56902140500.0,Zhenli,Qiu,female,Natural Sciences,10.1021/acs.analchem.5b04005,2016.0
56902140500.0,Zhenli,Qiu,female,Natural Sciences,10.1016/j.bios.2015.08.026,2016.0
56902140500.0,Zhenli,Qiu,female,Natural Sciences,10.1021/acs.analchem.6b04461,2016.0
56902140500.0,Zhenli,Qiu,female,Natural Sciences,10.1021/acs.analchem.6b00262,2016.0
56902140500.0,Zhenli,Qiu,female,Natural Sciences,10.1016/j.bios.2016.08.003,2017.0
56902140500.0,Zhenli,Qiu,female,Natural Sciences,10.1016/j.bios.2016.10.043,2017.0
56902140500.0,Zhenli,Qiu,female,Natural Sciences,10.1021/acs.analchem.7b00989,2017.0
56902140500.0,Zhenli,Qiu,female,Natural Sciences,10.1021/acs.analchem.7b03491,2017.0
56902140500.0,Zhenli,Qiu,female,Natural Sciences,10.1021/acs.analchem.7b05296,2018.0
56902140500.0,Zhenli,Qiu,female,Natural Sciences,10.1039/c8cc04211j,2018.0
56902140500.0,Zhenli,Qiu,female,Natural Sciences,10.1021/acs.analchem.7b04479,2018.0
56902140500.0,Zhenli,Qiu,female,Natural Sciences,10.1021/acs.analchem.8b03011,2018.0
56902140500.0,Zhenli,Qiu,female,Natural Sciences,10.1021/acs.analchem.8b03446,2018.0
56902140500.0,Zhenli,Qiu,female,Natural Sciences,10.1039/c9cc00298g,2019.0
56902140500.0,Zhenli,Qiu,female,Natural Sciences,10.1021/acs.analchem.8b05455,2019.0
56902140500.0,Zhenli,Qiu,female,Natural Sciences,10.1039/c9tb02844g,2020.0
56902140500.0,Zhenli,Qiu,female,Natural Sciences,10.1039/c9tb02844g,2020.0
56171747300.0,Jingsong,Sun,female,Social Sciences,10.5539/ass.v8n8p213,2012.0
57210548048.0,Shannon,Ward,female,Social Sciences,10.1111/maq.12022,2013.0
54969875200.0,Agnieszka,Niedziela,female,Natural Sciences,10.1186/1471-2164-13-67,2012.0
56627135100.0,Jorge,Silva,male,Engineering and Technology,10.1115/1.4005890,2012.0
54969875200.0,,Niedziela,female,Natural Sciences,10.1007/s13353-013-0170-0,2014.0
54969875200.0,Agnieszka,Niedziela,female,Natural Sciences,10.5586/asbp.2014.022,2014.0
54969875200.0,Agnieszka,Niedziela,female,Natural Sciences,10.1007/s11032-015-0400-8,2015.0
54969875200.0,Agnieszka,Niedziela,female,Natural Sciences,10.1186/s40064-016-1997-8,2016.0
54969875200.0,Agnieszka,Niedziela,female,Natural Sciences,10.1186/s12870-017-1028-0,2017.0
54969875200.0,Agnieszka,Niedziela,female,Natural Sciences,10.1186/s12870-017-1028-0,2017.0
54969875200.0,Agnieszka,Niedziela,female,Natural Sciences,10.3389/fpls.2019.00762,2019.0
54969875200.0,Agnieszka,Niedziela,female,Natural Sciences,10.1016/j.ejbt.2019.11.001,2020.0
35293392400.0,Qiao-Zhen,Qi,female,Natural Sciences,10.3724/SP.J.1206.2012.00317,2013.0
57046062900.0,Ulises Miguel,García-Ventura,male,Engineering and Technology,10.1002/ceat.201500423,2016.0
57046062900.0,Ulises Miguel,García-Ventura,male,Engineering and Technology,10.1016/j.cep.2016.07.014,2016.0
35293392400.0,Qiaozhen,Qi,female,Natural Sciences,10.1016/j.heares.2015.10.018,2016.0
57213396686.0,C. R. Venkata,Subramani,male,Natural Sciences,10.1524/ract.2013.2055,2013.0
56258513200.0,Ricarda Sara,Berlin,female,Medical and Health Sciences,10.1155/2014/475859,2014.0
56258513200.0,,Berlin,female,Medical and Health Sciences,10.1111/idh.12062,2014.0
56016190900.0,Yingnan,Li,male,Medical and Health Sciences,10.2174/1574888X09666131217114927,2014.0
55992076100.0,Paula,Korkuć,female,Natural Sciences,10.1104/pp.113.229716,2014.0
56016190900.0,Yingnan,Li,male,Medical and Health Sciences,10.1016/j.imlet.2015.09.002,2015.0
55992076100.0,Paula,Korkuc,female,Natural Sciences,10.3389/fmolb.2015.00051,2015.0
55992076100.0,Paula,Korkuć,female,Natural Sciences,10.1002/prot.25001,2016.0
56016190900.0,Yingnan,Li,male,Medical and Health Sciences,10.1097/WNR.0000000000000661,2016.0
56016190900.0,Yingnan,Li,male,Medical and Health Sciences,10.1016/j.pep.2016.01.003,2016.0
56016190900.0,Yingnan,Li,male,Medical and Health Sciences,10.1038/srep41041,2017.0
55992076100.0,Paula,Korkuć,female,Natural Sciences,10.1002/prot.25200,2017.0
55992076100.0,Paula,Korkuc,female,Natural Sciences,10.1017/S0007114518002908,2018.0
55992076100.0,Paula,Korkuć,female,Natural Sciences,10.3389/fgene.2019.01129,2019.0
55992076100.0,Paula,Korkuć,female,Natural Sciences,10.1186/s12864-019-5659-4,2019.0
55992076100.0,Paula,Korkuć,female,Natural Sciences,10.3389/fgene.2019.00052,2019.0
56556449200.0,Aaron N.,Schad,male,Natural Sciences,10.1653/024.097.0329,2014.0
56556449200.0,Aaron N.,Schad,male,Natural Sciences,10.1080/01650424.2016.1191653,2016.0
56556449200.0,Aaron N.,Schad,male,Natural Sciences,10.1080/01650424.2016.1191653,2016.0
56681744200.0,Paul,Marshall,male,Medical and Health Sciences,10.1007/s00213-016-4373-z,2016.0
56681744200.0,Paul R.,Marshall,male,Medical and Health Sciences,10.1038/nn.4378,2016.0
56681744200.0,Paul R.,Marshall,male,Medical and Health Sciences,10.1038/nn.4378,2016.0
56556449200.0,Aaron N.,Schad,male,Natural Sciences,10.1080/10402381.2016.1167147,2016.0
56681744200.0,Paul,Marshall,male,Medical and Health Sciences,10.1002/dev.21487,2017.0
56681744200.0,Paul R.,Marshall,male,Medical and Health Sciences,10.1016/j.neuroscience.2017.11.018,2018.0
56681744200.0,Paul R.,Marshall,male,Medical and Health Sciences,10.1021/acschemneuro.8b00197,2018.0
56556449200.0,Aaron N.,Schad,male,Natural Sciences,10.1080/10402381.2018.1475434,2018.0
56681744200.0,Paul R.,Marshall,male,Medical and Health Sciences,10.1016/j.nlm.2019.04.002,2019.0
56681744200.0,Paul R.,Marshall,male,Medical and Health Sciences,10.1007/s00213-018-5084-4,2019.0
56681744200.0,Paul R.,Marshall,male,Medical and Health Sciences,10.1016/j.psyneuen.2018.08.032,2019.0
56681744200.0,Paul R.,Marshall,male,Medical and Health Sciences,10.1523/JNEUROSCI.2024-18.2018,2019.0
56681744200.0,Paul R.,Marshall,male,Medical and Health Sciences,10.1038/s41593-019-0339-x,2019.0
57197285544.0,Dan,Li,male,Natural Sciences,10.1007/s11633-012-0682-9,2012.0
57215359121.0,Hessa,Alhajri,female,Medical and Health Sciences,10.4137/CMBD.S24631,2015.0
56276486900.0,Elitza,Ivanova,female,Natural Sciences,10.1038/icb.2014.60,2014.0
55500290600.0,Xiaojie,Huang,female,Natural Sciences,10.1016/j.media.2013.10.012,2014.0
55500290600.0,Xiaojie,Huang,female,Natural Sciences,10.1109/TMI.2014.2308894,2014.0
56276486900.0,Elitza,Ivanova,female,Natural Sciences,10.3389/fmicb.2015.00836,2015.0
56276486900.0,Elitza,Ivanova,female,Natural Sciences,10.1016/j.molimm.2016.03.006,2016.0
56276486900.0,Elitza,Ivanova,female,Natural Sciences,10.1016/j.cmet.2019.01.019,2019.0
55228723600.0,Antonios N.,Gargalionis,male,Natural Sciences,10.1016/j.biocel.2012.05.002,2012.0
55228723600.0,Antonios N.,Gargalionis,male,Natural Sciences,10.2174/15680266113139990098,2013.0
55228723600.0,Antonios,Gargalionis,male,Natural Sciences,10.1007/s12017-013-8254-x,2014.0
55228723600.0,Antonios N.,Gargalionis,male,Natural Sciences,10.2174/1389201015666140519123609,2014.0
55228723600.0,Antonios N.,Gargalionis,male,Natural Sciences,10.1002/ijc.28299,2014.0
57207013277.0,Wei,Qi,male,Natural Sciences,10.3969/j.issn1000-4874.2014.04.014,2014.0
57207013277.0,Wei,Qi,male,Natural Sciences,,2015.0
57207013277.0,Wei,Qi,male,Natural Sciences,,2015.0
55228723600.0,Antonios N.,Gargalionis,male,Natural Sciences,10.1093/carcin/bgv052,2015.0
55228723600.0,Antonios N.,Gargalionis,male,Natural Sciences,10.1002/ijc.29140,2015.0
55228723600.0,Antonios N.,Gargalionis,male,Natural Sciences,10.2174/0929867322666150520095008,2015.0
55228723600.0,Antonis,Gargalionis,male,Natural Sciences,10.1371/journal.pone.0115101,2015.0
57207013277.0,,Qi,male,Natural Sciences,10.1080/07373937.2015.1047953,2016.0
55228723600.0,Antonios N,Gargalionis,male,Natural Sciences,10.1177/1535370216648806,2016.0
55228723600.0,Antonios,Gargalionis,male,Natural Sciences,10.2174/1381612822666160607064118,2016.0
55228723600.0,Antonios N.,Gargalionis,male,Natural Sciences,10.1186/s12885-016-2213-5,2016.0
55228723600.0,Antonios N.,Gargalionis,male,Natural Sciences,10.1007/s00018-015-2091-z,2016.0
55228723600.0,Antonios N.,Gargalionis,male,Natural Sciences,10.1007/s00018-016-2394-8,2017.0
55228723600.0,Antonios N.,Gargalionis,male,Natural Sciences,10.1007/s12017-017-8455-9,2017.0
55228723600.0,Antonios N.,Gargalionis,male,Natural Sciences,10.1002/jcb.25660,2017.0
55228723600.0,Antonios N.,Gargalionis,male,Natural Sciences,10.1016/j.bbadis.2018.07.036,2018.0
55228723600.0,Antonios N.,Gargalionis,male,Natural Sciences,10.1002/jcb.26786,2018.0
55228723600.0,Antonios N.,Gargalionis,male,Natural Sciences,10.2174/0929867325666171129125712,2018.0
55228723600.0,Antonios N.,Gargalionis,male,Natural Sciences,10.1111/jcmm.14506,2019.0
55228723600.0,Antonios N.,Gargalionis,male,Natural Sciences,10.3390/ijms20010104,2019.0
55228723600.0,Antonios N.,Gargalionis,male,Natural Sciences,10.1002/jcb.28127,2019.0
55228723600.0,Antonios N.,Gargalionis,male,Natural Sciences,10.3390/ijms20092182,2019.0
57214262876.0,Cláudia,Alves,female,Medical and Health Sciences,10.4137/CCRep.S31958,2015.0
56403321500.0,Philip,Arandjelovic,male,Natural Sciences,10.1111/exd.12755,2015.0
56403321500.0,Philip,Arandjelovic,male,Natural Sciences,10.1038/s41418-017-0031-1,2018.0
56403321500.0,Philip,Arandjelovic,male,Natural Sciences,10.1038/s41418-017-0031-1,2018.0
56403321500.0,Philip,Arandjelovic,male,Natural Sciences,10.1016/j.coph.2019.03.013,2019.0
56403321500.0,Philip,Arandjelovic,male,Natural Sciences,10.1016/j.coph.2019.03.013,2019.0
56403321500.0,Philip,Arandjelovic,male,Natural Sciences,10.1016/j.celrep.2020.03.032,2020.0
56403321500.0,Philip,Arandjelovic,male,Natural Sciences,10.1016/j.celrep.2020.03.032,2020.0
57198149067.0,Johanna,Morin,female,Medical and Health Sciences,10.1016/j.jagp.2012.10.020,2013.0
57202997507.0,Peggy Pei-Chia,Chiang,female,Medical and Health Sciences,10.1016/S0140-6736(14)60497-9,2014.0
57198149067.0,Johanna,Morin,female,Medical and Health Sciences,10.1093/ageing/aft136,2014.0
57202997507.0,Peggy Pei-Chia,Chiang,female,Medical and Health Sciences,10.1016/S0140-6736(14)60844-8,2014.0
57202997507.0,Peggy P.,Chiang,female,Medical and Health Sciences,10.1016/S0140-6736(15)60692-4,2015.0
57202997507.0,Peggy P.,Chiang,female,Medical and Health Sciences,10.1016/S0140-6736(15)61340-X,2015.0
57202997507.0,,Chiang,female,Medical and Health Sciences,10.1016/S0140-6736(15)00128-2,2015.0
57202997507.0,Peggy Pei-Chia,Chiang,female,Medical and Health Sciences,10.1016/S0140-6736(14)61682-2,2015.0
57202997507.0,,Chiang,female,Medical and Health Sciences,10.1016/S2352-3018(16)30087-X,2016.0
57202997507.0,,Chiang,female,Medical and Health Sciences,10.1016/S0140-6736(16)31012-1,2016.0
57202997507.0,,Chiang,female,Medical and Health Sciences,10.1016/S0140-6736(16)31460-X,2016.0
57202997507.0,,Chiang,female,Medical and Health Sciences,10.1016/S0140-6736(16)31467-2,2016.0
57202997507.0,,Chiang,female,Medical and Health Sciences,10.1016/S0140-6736(16)31678-6,2016.0
57202997507.0,,Chiang,female,Medical and Health Sciences,10.1016/S0140-6736(16)31679-8,2016.0
57202997507.0,Peggy,Chiang,female,Medical and Health Sciences,10.1001/jamaoncol.2016.5688,2017.0
57202997507.0,Peggy Pei-Chia,Chiang,female,Medical and Health Sciences,10.1016/S0140-6736(17)31833-0,2017.0
57202997507.0,Peggy Pei-Chia,Chiang,female,Medical and Health Sciences,10.1016/S0140-6736(18)30994-2,2018.0
57202997507.0,Peggy Pei-Chia,Chiang,female,Medical and Health Sciences,10.1016/S0140-6736(18)31891-9,2018.0
57202997507.0,Peggy Pei-Chia,Chiang,female,Medical and Health Sciences,10.1016/S0140-6736(18)32203-7,2018.0
57202997507.0,Peggy Pei-Chia,Chiang,female,Medical and Health Sciences,10.1016/S0140-6736(18)32278-5,2018.0
57202997507.0,Peggy Pei-Chia,Chiang,female,Medical and Health Sciences,10.1016/S0140-6736(18)32281-5,2018.0
57202997507.0,Peggy Pei-Chia,Chiang,female,Medical and Health Sciences,10.1016/S0140-6736(18)32335-3,2018.0
57202997507.0,Peggy Pei-Chia,Chiang,female,Medical and Health Sciences,10.1016/S0140-6736(18)32279-7,2018.0
57202997507.0,Peggy Pei-Chia,Chiang,female,Medical and Health Sciences,10.1016/S0140-6736(18)32225-6,2018.0
57202997507.0,Peggy Pei-Chia,Chiang,female,Medical and Health Sciences,10.1016/S1474-4422(19)30034-1,2019.0
57202997507.0,Peggy Pei-Chia,Chiang,female,Medical and Health Sciences,10.1016/S1474-4422(18)30499-X,2019.0
57202997507.0,Peggy Pei-Chia,Chiang,female,Medical and Health Sciences,10.1001/jamaoncol.2019.2996,2019.0
57202997507.0,Peggy Pei-Chia,Chiang,female,Medical and Health Sciences,10.1016/S2468-1253(19)30345-0,2019.0
57214026341.0,Gregory P.,Boivin,male,Natural Sciences,10.1016/j.fct.2012.01.001,2012.0
6701437736.0,Nicholas,Sizemore,male,Natural Sciences,10.1021/jo4004025,2013.0
57214026341.0,,Boivin,male,Natural Sciences,10.1038/onc.2013.207,2013.0
57214026341.0,,Boivin,male,Natural Sciences,10.1038/onc.2013.207,2013.0
6701437736.0,Nicholas,Sizemore,male,Natural Sciences,10.1021/ol4033495,2014.0
6701437736.0,Nicholas,Sizemore,male,Natural Sciences,10.1021/acs.orglett.6b00881,2016.0
6701437736.0,Nicholas,Sizemore,male,Natural Sciences,10.1021/acs.orglett.6b00881,2016.0
57214026341.0,Gregory P.,Boivin,male,Natural Sciences,10.18632/oncotarget.23792,2018.0
56431046800.0,Benson Chellakkan,Selvanesan,male,Medical and Health Sciences,10.1007/s13402-014-0207-3,2014.0
56640315700.0,Li-Hui,Han,female,Natural Sciences,10.7314/APJCP.2015.16.6.2245,2015.0
56431046800.0,Benson Chellakkan,Selvanesan,male,Medical and Health Sciences,10.1016/j.micres.2015.06.007,2015.0
56640315700.0,Lihui,Han,female,Natural Sciences,10.1016/j.bbrc.2015.07.109,2015.0
56640315700.0,,Han,female,Natural Sciences,10.1111/dote.12401,2016.0
56640315700.0,Lihui,Han,female,Natural Sciences,10.1007/s13277-015-4152-1,2016.0
56640315700.0,Lihui,Han,female,Natural Sciences,10.1038/bjc.2015.463,2016.0
56640315700.0,Lihui,Han,female,Natural Sciences,10.3892/or.2016.4819,2016.0
56640315700.0,Lihui,Han,female,Natural Sciences,10.1038/srep25722,2016.0
56640315700.0,Lihui,Han,female,Natural Sciences,10.18632/oncotarget.13351,2016.0
56431046800.0,Benson Chellakkan,Selvanesan,male,Medical and Health Sciences,10.1186/s12885-016-2466-z,2016.0
56431046800.0,Benson Chellakkan,Selvanesan,male,Medical and Health Sciences,10.1177/1933719115607995,2016.0
56640315700.0,Lihui,Han,female,Natural Sciences,10.1007/s13277-015-4271-8,2016.0
56640315700.0,Lihui,Han,female,Natural Sciences,10.3109/1354750X.2016.1160291,2016.0
56640315700.0,Lihui,Han,female,Natural Sciences,10.18632/oncotarget.17266,2017.0
56640315700.0,Lihui,Han,female,Natural Sciences,10.18632/oncotarget.15651,2017.0
56431046800.0,,Selvanesan,male,Medical and Health Sciences,10.1177/0960327116657601,2017.0
56431046800.0,Benson Chellakkan,Selvanesan,male,Medical and Health Sciences,10.1080/2162402X.2017.1342025,2017.0
56431046800.0,Benson Chellakkan,Selvanesan,male,Medical and Health Sciences,10.18632/oncotarget.15117,2017.0
56431046800.0,Benson Chellakkan,Selvanesan,male,Medical and Health Sciences,10.1002/jcp.25808,2017.0
56431046800.0,Benson Chellakkan,Selvanesan,male,Medical and Health Sciences,10.1016/j.canlet.2018.08.019,2018.0
56479648300.0,,Anderson,male,Natural Sciences,10.1007/JHEP06(2015)116,2015.0
56479648300.0,,Anderson,male,Natural Sciences,10.1007/JHEP07(2015)042,2015.0
56479648300.0,,Anderson,male,Natural Sciences,10.1007/JHEP09(2015)201,2015.0
56479648300.0,,Anderson,male,Natural Sciences,10.1007/JHEP11(2015)189,2015.0
56479648300.0,,Anderson,male,Natural Sciences,10.1103/PhysRevD.92.072006,2015.0
56479648300.0,,Anderson,male,Natural Sciences,10.1103/PhysRevD.92.072010,2015.0
56479648300.0,,Anderson,male,Natural Sciences,10.1007/JHEP11(2015)071,2015.0
56479648300.0,,Anderson,male,Natural Sciences,10.1007/JHEP12(2015)178,2015.0
56479648300.0,,Anderson,male,Natural Sciences,10.1007/JHEP10(2015)144,2015.0
56479648300.0,,Anderson,male,Natural Sciences,10.1007/JHEP10(2015)128,2015.0
56479648300.0,,Anderson,male,Natural Sciences,10.1103/PhysRevC.92.034911,2015.0
56479648300.0,,Anderson,male,Natural Sciences,10.1007/JHEP09(2015)137,2015.0
56479648300.0,,Anderson,male,Natural Sciences,10.1007/JHEP11(2015)018,2015.0
56479648300.0,,Anderson,male,Natural Sciences,10.1103/PhysRevLett.114.191803,2015.0
56479648300.0,Dustin,Anderson,male,Natural Sciences,10.1016/j.nima.2014.11.041,2015.0
56479648300.0,,Anderson,male,Natural Sciences,10.1103/PhysRevD.92.032008,2015.0
56479648300.0,,Anderson,male,Natural Sciences,10.1016/j.physletb.2015.09.062,2015.0
56479648300.0,,Anderson,male,Natural Sciences,10.1016/j.physletb.2015.07.010,2015.0
56479648300.0,,Anderson,male,Natural Sciences,10.1016/j.physletb.2015.10.004,2015.0
56479648300.0,,Anderson,male,Natural Sciences,10.1016/j.nima.2015.04.013,2015.0
57190225779.0,Worner,Fernando,male,Natural Sciences,10.1371/journal.pone.0159207,2016.0
56479648300.0,,Anderson,male,Natural Sciences,10.1103/PhysRevC.94.064904,2016.0
56479648300.0,,Anderson,male,Natural Sciences,10.1007/JHEP01(2016)166,2016.0
56479648300.0,,Anderson,male,Natural Sciences,10.1007/JHEP01(2016)006,2016.0
56479648300.0,,Anderson,male,Natural Sciences,10.1088/1748-0221/11/01/P01019,2016.0
56479648300.0,,Anderson,male,Natural Sciences,10.1016/j.physletb.2016.02.002,2016.0
56479648300.0,,Anderson,male,Natural Sciences,10.1016/j.physletb.2015.12.039,2016.0
56479648300.0,,Anderson,male,Natural Sciences,10.1140/epjc/s10052-016-4156-z,2016.0
56479648300.0,,Anderson,male,Natural Sciences,10.1007/JHEP08(2016)119,2016.0
56479648300.0,,Anderson,male,Natural Sciences,10.1007/JHEP08(2016)139,2016.0
56479648300.0,,Anderson,male,Natural Sciences,10.1140/epjc/s10052-016-4261-z,2016.0
56479648300.0,,Anderson,male,Natural Sciences,10.1016/j.physletb.2016.03.046,2016.0
56479648300.0,,Anderson,male,Natural Sciences,10.1007/JHEP04(2016)073,2016.0
56479648300.0,,Anderson,male,Natural Sciences,10.1140/epjc/s10052-016-3956-5,2016.0
56479648300.0,,Anderson,male,Natural Sciences,10.1140/epjc/s10052-016-4067-z,2016.0
56479648300.0,,Anderson,male,Natural Sciences,10.1140/epjc/s10052-016-4105-x,2016.0
56479648300.0,,Anderson,male,Natural Sciences,10.1103/PhysRevD.94.072002,2016.0
56479648300.0,,Anderson,male,Natural Sciences,10.1140/epjc/s10052-016-4292-5,2016.0
56479648300.0,,Anderson,male,Natural Sciences,10.1016/j.physletb.2015.11.042,2016.0
56479648300.0,,Anderson,male,Natural Sciences,10.1103/PhysRevLett.116.052002,2016.0
56479648300.0,,Anderson,male,Natural Sciences,10.1007/JHEP03(2016)125,2016.0
56479648300.0,,Anderson,male,Natural Sciences,10.1103/PhysRevD.93.052007,2016.0
56479648300.0,,Anderson,male,Natural Sciences,10.1140/epjc/s10052-016-3988-x,2016.0
56479648300.0,,Anderson,male,Natural Sciences,10.1016/j.physletb.2016.05.044,2016.0
56479648300.0,,Anderson,male,Natural Sciences,10.1103/PhysRevLett.116.172302,2016.0
56479648300.0,,Anderson,male,Natural Sciences,10.1103/PhysRevD.93.092006,2016.0
56479648300.0,,Anderson,male,Natural Sciences,10.1140/epjc/s10052-016-4083-z,2016.0
56479648300.0,,Anderson,male,Natural Sciences,10.1007/JHEP01(2016)096,2016.0
56479648300.0,,Anderson,male,Natural Sciences,10.1140/epjc/s10052-016-4206-6,2016.0
56479648300.0,,Anderson,male,Natural Sciences,10.1007/JHEP06(2016)177,2016.0
56479648300.0,,Anderson,male,Natural Sciences,10.1140/epjc/s10052-016-4205-7,2016.0
56479648300.0,,Anderson,male,Natural Sciences,10.1007/JHEP07(2016)027,2016.0
56479648300.0,,Anderson,male,Natural Sciences,10.1016/j.physletb.2016.07.006,2016.0
56479648300.0,,Anderson,male,Natural Sciences,10.1140/epjc/s10052-016-4219-1,2016.0
56479648300.0,,Anderson,male,Natural Sciences,10.1016/j.physletb.2016.06.080,2016.0
56479648300.0,,Anderson,male,Natural Sciences,10.1103/PhysRevD.93.092009,2016.0
56479648300.0,,Anderson,male,Natural Sciences,10.1140/epjc/s10052-016-4149-y,2016.0
56479648300.0,,Anderson,male,Natural Sciences,10.1103/PhysRevLett.117.031802,2016.0
56479648300.0,,Anderson,male,Natural Sciences,10.1140/epjc/s10052-015-3853-3,2016.0
56479648300.0,,Anderson,male,Natural Sciences,10.1007/JHEP02(2016)156,2016.0
56479648300.0,,Anderson,male,Natural Sciences,10.1007/JHEP04(2016)005,2016.0
56479648300.0,,Anderson,male,Natural Sciences,10.1007/JHEP04(2016)035,2016.0
56479648300.0,,Anderson,male,Natural Sciences,10.1007/JHEP01(2016)079,2016.0
56479648300.0,,Anderson,male,Natural Sciences,10.1016/j.physletb.2016.03.039,2016.0
56479648300.0,,Anderson,male,Natural Sciences,10.1103/PhysRevD.93.052011,2016.0
56479648300.0,,Anderson,male,Natural Sciences,10.1103/PhysRevLett.116.071801,2016.0
56479648300.0,,Anderson,male,Natural Sciences,10.1103/PhysRevD.93.034014,2016.0
56479648300.0,,Anderson,male,Natural Sciences,10.1103/PhysRevD.93.032005,2016.0
56479648300.0,,Anderson,male,Natural Sciences,10.1103/PhysRevLett.116.032301,2016.0
56479648300.0,,Anderson,male,Natural Sciences,10.1103/PhysRevD.93.032004,2016.0
56479648300.0,,Anderson,male,Natural Sciences,10.1103/PhysRevD.93.072004,2016.0
56479648300.0,,Anderson,male,Natural Sciences,10.1007/JHEP02(2016)122,2016.0
56479648300.0,,Anderson,male,Natural Sciences,10.1016/j.physletb.2016.06.027,2016.0
56479648300.0,,Anderson,male,Natural Sciences,10.1016/j.physletb.2016.06.004,2016.0
56479648300.0,,Anderson,male,Natural Sciences,10.1103/PhysRevD.93.112009,2016.0
56479648300.0,,Anderson,male,Natural Sciences,10.1016/j.physletb.2016.07.046,2016.0
56479648300.0,,Anderson,male,Natural Sciences,10.1007/JHEP09(2016)051,2016.0
56479648300.0,,Anderson,male,Natural Sciences,10.1016/j.physletb.2016.10.007,2016.0
56479648300.0,,Anderson,male,Natural Sciences,10.1007/JHEP12(2016)123,2016.0
56479648300.0,,Anderson,male,Natural Sciences,10.1007/JHEP12(2016)088,2016.0
56479648300.0,,Anderson,male,Natural Sciences,10.1007/JHEP12(2016)083,2016.0
56479648300.0,,Anderson,male,Natural Sciences,10.1007/JHEP02(2016)145,2016.0
56479648300.0,,Anderson,male,Natural Sciences,10.1016/j.physletb.2016.10.054,2016.0
56479648300.0,,Anderson,male,Natural Sciences,10.1007/JHEP08(2016)029,2016.0
56479648300.0,,Anderson,male,Natural Sciences,10.1016/j.physletb.2016.06.039,2016.0
56479648300.0,,Anderson,male,Natural Sciences,10.1007/JHEP10(2016)129,2016.0
56479648300.0,,Anderson,male,Natural Sciences,10.1103/PhysRevD.94.052012,2016.0
56479648300.0,,Anderson,male,Natural Sciences,10.1140/epjc/s10052-016-4286-3,2016.0
56479648300.0,,Anderson,male,Natural Sciences,10.1016/j.physletb.2016.07.065,2016.0
56479648300.0,,Anderson,male,Natural Sciences,10.1103/PhysRevLett.117.051802,2016.0
56479648300.0,,Anderson,male,Natural Sciences,10.1103/PhysRevD.94.052006,2016.0
56479648300.0,,Anderson,male,Natural Sciences,10.1007/JHEP10(2016)006,2016.0
56479648300.0,,Anderson,male,Natural Sciences,10.1140/epjc/s10052-016-4346-8,2016.0
56479648300.0,,Anderson,male,Natural Sciences,10.1007/JHEP11(2016)055,2016.0
56479648300.0,,Anderson,male,Natural Sciences,10.1140/epjc/s10052-016-4293-4,2016.0
56479648300.0,,Anderson,male,Natural Sciences,10.1016/j.physletb.2016.09.062,2016.0
56479648300.0,,Anderson,male,Natural Sciences,10.1007/JHEP04(2016)169,2016.0
56479648300.0,,Anderson,male,Natural Sciences,10.1007/JHEP08(2016)045,2016.0
56479648300.0,,Anderson,male,Natural Sciences,10.1007/JHEP08(2016)122,2016.0
56479648300.0,,Anderson,male,Natural Sciences,10.1007/JHEP09(2016)027,2016.0
56479648300.0,,Anderson,male,Natural Sciences,10.1103/PhysRevD.93.012001,2016.0
56479648300.0,,Anderson,male,Natural Sciences,10.1007/JHEP11(2016)147,2016.0
56479648300.0,,Anderson,male,Natural Sciences,10.1007/JHEP12(2016)013,2016.0
56479648300.0,,Anderson,male,Natural Sciences,10.1103/PhysRevD.93.012003,2016.0
56479648300.0,,Anderson,male,Natural Sciences,10.1103/PhysRevD.94.112009,2016.0
56479648300.0,,Anderson,male,Natural Sciences,10.1103/PhysRevD.94.112005,2016.0
56479648300.0,,Anderson,male,Natural Sciences,10.1103/PhysRevC.94.064904,2016.0
56479648300.0,,Anderson,male,Natural Sciences,10.1103/PhysRevD.94.112004,2016.0
56479648300.0,,Anderson,male,Natural Sciences,10.1016/j.physletb.2016.03.060,2016.0
56479648300.0,,Anderson,male,Natural Sciences,10.1016/j.physletb.2016.05.005,2016.0
56479648300.0,,Anderson,male,Natural Sciences,10.1016/j.physletb.2016.05.087,2016.0
56479648300.0,,Anderson,male,Natural Sciences,10.1016/j.physletb.2016.05.002,2016.0
56479648300.0,,Anderson,male,Natural Sciences,10.1016/j.physletb.2016.05.033,2016.0
56479648300.0,,Anderson,male,Natural Sciences,10.1016/j.physletb.2015.12.017,2016.0
56479648300.0,,Anderson,male,Natural Sciences,10.1016/j.physletb.2016.01.056,2016.0
56479648300.0,,Anderson,male,Natural Sciences,10.1016/j.physletb.2015.10.067,2016.0
56479648300.0,,Anderson,male,Natural Sciences,10.1016/j.physletb.2016.05.088,2016.0
56479648300.0,,Anderson,male,Natural Sciences,10.1016/j.physletb.2016.05.003,2016.0
56479648300.0,,Anderson,male,Natural Sciences,10.1016/j.physletb.2015.12.020,2016.0
56479648300.0,,Anderson,male,Natural Sciences,10.1016/j.physletb.2016.01.010,2016.0
56479648300.0,Dustin,Anderson,male,Natural Sciences,10.1109/TNS.2016.2528166,2016.0
56479648300.0,,Anderson,male,Natural Sciences,10.1088/1748-0221/11/04/P04012,2016.0
56479648300.0,Dustin,Anderson,male,Natural Sciences,10.1016/j.nima.2015.11.129,2016.0
56479648300.0,,Anderson,male,Natural Sciences,10.1140/epjc/s10052-016-4573-z,2017.0
56479648300.0,,Anderson,male,Natural Sciences,10.1016/j.physletb.2017.02.010,2017.0
56479648300.0,,Anderson,male,Natural Sciences,10.1140/epjc/s10052-016-4504-z,2017.0
56479648300.0,,Anderson,male,Natural Sciences,10.1007/JHEP10(2017)005,2017.0
56479648300.0,,Anderson,male,Natural Sciences,10.1140/epjc/s10052-017-5182-1,2017.0
56479648300.0,,Anderson,male,Natural Sciences,10.1007/JHEP05(2017)013,2017.0
56479648300.0,,Anderson,male,Natural Sciences,10.1140/epjc/s10052-017-4853-2,2017.0
56479648300.0,,Anderson,male,Natural Sciences,10.1016/j.physletb.2017.06.053,2017.0
56479648300.0,,Anderson,male,Natural Sciences,10.1140/epjc/s10052-017-5192-z,2017.0
56479648300.0,,Anderson,male,Natural Sciences,10.1088/1748-0221/12/10/P10003,2017.0
56479648300.0,,Anderson,male,Natural Sciences,10.1016/j.physletb.2016.12.009,2017.0
56479648300.0,,Anderson,male,Natural Sciences,10.1007/JHEP01(2017)076,2017.0
56479648300.0,,Anderson,male,Natural Sciences,10.1016/j.physletb.2017.01.027,2017.0
56479648300.0,,Anderson,male,Natural Sciences,10.1140/epjc/s10052-017-5140-y,2017.0
56479648300.0,,Anderson,male,Natural Sciences,10.1088/1748-0221/12/01/P01020,2017.0
56479648300.0,,Anderson,male,Natural Sciences,10.1007/JHEP02(2017)028,2017.0
56479648300.0,,Anderson,male,Natural Sciences,10.1007/JHEP02(2017)048,2017.0
56479648300.0,,Anderson,male,Natural Sciences,10.1103/PhysRevLett.118.012301,2017.0
56479648300.0,,Anderson,male,Natural Sciences,10.1016/j.physletb.2017.02.007,2017.0
56479648300.0,,Anderson,male,Natural Sciences,10.1016/j.physletb.2016.11.001,2017.0
56479648300.0,,Anderson,male,Natural Sciences,10.1103/PhysRevD.96.032003,2017.0
56479648300.0,,Anderson,male,Natural Sciences,10.1016/j.physletb.2017.01.011,2017.0
56479648300.0,,Anderson,male,Natural Sciences,10.1103/PhysRevLett.118.021802,2017.0
56479648300.0,,Anderson,male,Natural Sciences,10.1007/JHEP02(2017)096,2017.0
56479648300.0,,Anderson,male,Natural Sciences,10.1007/JHEP02(2017)079,2017.0
56479648300.0,,Anderson,male,Natural Sciences,10.1007/JHEP03(2017)101,2017.0
56479648300.0,,Anderson,male,Natural Sciences,10.1103/PhysRevD.95.012009,2017.0
56479648300.0,,Anderson,male,Natural Sciences,10.1007/JHEP05(2017)029,2017.0
56479648300.0,,Anderson,male,Natural Sciences,10.1140/epjc/s10052-017-5030-3,2017.0
56479648300.0,,Anderson,male,Natural Sciences,10.1016/j.physletb.2017.07.022,2017.0
56479648300.0,,Anderson,male,Natural Sciences,10.1007/JHEP07(2017)003,2017.0
56479648300.0,,Anderson,male,Natural Sciences,10.1007/JHEP07(2017)001,2017.0
56479648300.0,,Anderson,male,Natural Sciences,10.1007/JHEP07(2017)013,2017.0
56479648300.0,,Anderson,male,Natural Sciences,10.1103/PhysRevC.96.015202,2017.0
56479648300.0,,Anderson,male,Natural Sciences,10.1016/j.physletb.2017.04.005,2017.0
56479648300.0,,Anderson,male,Natural Sciences,10.1016/j.physletb.2017.07.047,2017.0
56479648300.0,,Anderson,male,Natural Sciences,10.1007/JHEP07(2017)121,2017.0
56479648300.0,,Anderson,male,Natural Sciences,10.1038/nature23004,2017.0
56479648300.0,,Anderson,male,Natural Sciences,10.1103/PhysRevD.96.012004,2017.0
56479648300.0,,Anderson,male,Natural Sciences,10.1103/PhysRevD.96.012004,2017.0
56479648300.0,,Anderson,male,Natural Sciences,10.1103/PhysRevC.96.014915,2017.0
56479648300.0,,Anderson,male,Natural Sciences,10.1016/j.physletb.2017.02.040,2017.0
56479648300.0,,Anderson,male,Natural Sciences,10.1016/j.physletb.2017.01.075,2017.0
56479648300.0,,Anderson,male,Natural Sciences,10.1103/PhysRevD.95.012011,2017.0
56479648300.0,,Anderson,male,Natural Sciences,10.1016/j.physletb.2017.04.071,2017.0
56479648300.0,,Anderson,male,Natural Sciences,10.1088/1748-0221/12/04/P04023,2017.0
56479648300.0,,Anderson,male,Natural Sciences,10.1007/JHEP03(2017)162,2017.0
56479648300.0,,Anderson,male,Natural Sciences,10.1007/JHEP03(2017)156,2017.0
56479648300.0,,Anderson,male,Natural Sciences,10.1016/j.physletb.2017.04.050,2017.0
56479648300.0,,Anderson,male,Natural Sciences,10.1007/JHEP02(2017)135,2017.0
56479648300.0,,Anderson,male,Natural Sciences,10.1140/epjc/s10052-017-4787-8,2017.0
56479648300.0,,Anderson,male,Natural Sciences,10.1016/j.physletb.2017.04.031,2017.0
56479648300.0,,Anderson,male,Natural Sciences,10.1007/JHEP03(2017)032,2017.0
56479648300.0,,Anderson,male,Natural Sciences,10.1007/JHEP04(2017)022,2017.0
56479648300.0,,Anderson,male,Natural Sciences,10.1103/PhysRevD.95.071103,2017.0
56479648300.0,,Anderson,male,Natural Sciences,10.1103/PhysRevLett.118.212301,2017.0
56479648300.0,,Anderson,male,Natural Sciences,10.1103/PhysRevD.95.052002,2017.0
56479648300.0,,Anderson,male,Natural Sciences,10.1103/PhysRevC.95.034907,2017.0
56479648300.0,,Anderson,male,Natural Sciences,10.1007/JHEP03(2017)061,2017.0
56479648300.0,,Anderson,male,Natural Sciences,10.1007/JHEP03(2017)077,2017.0
56479648300.0,,Anderson,male,Natural Sciences,10.1140/epjc/s10052-017-4730-z,2017.0
56479648300.0,,Anderson,male,Natural Sciences,10.1007/JHEP04(2017)039,2017.0
56479648300.0,,Anderson,male,Natural Sciences,10.1103/PhysRevD.95.012003,2017.0
56479648300.0,,Anderson,male,Natural Sciences,10.1140/epjc/s10052-017-4912-8,2017.0
56479648300.0,,Anderson,male,Natural Sciences,10.1103/PhysRevLett.118.162301,2017.0
56479648300.0,,Anderson,male,Natural Sciences,10.1016/j.physletb.2017.02.012,2017.0
56479648300.0,,Anderson,male,Natural Sciences,10.1103/PhysRevD.95.092001,2017.0
56479648300.0,,Anderson,male,Natural Sciences,10.1007/JHEP04(2017)136,2017.0
56479648300.0,,Anderson,male,Natural Sciences,10.1103/PhysRevLett.118.122301,2017.0
56479648300.0,,Anderson,male,Natural Sciences,10.1016/j.physletb.2017.05.074,2017.0
56479648300.0,,Anderson,male,Natural Sciences,10.1140/epjc/s10052-017-4781-1,2017.0
56479648300.0,,Anderson,male,Natural Sciences,10.1016/j.physletb.2017.06.009,2017.0
56479648300.0,,Anderson,male,Natural Sciences,10.1007/JHEP06(2017)106,2017.0
56479648300.0,,Anderson,male,Natural Sciences,10.1007/JHEP07(2017)014,2017.0
56479648300.0,,Anderson,male,Natural Sciences,10.1140/epjc/s10052-017-4984-5,2017.0
56479648300.0,,Anderson,male,Natural Sciences,10.1007/JHEP08(2017)046,2017.0
56479648300.0,,Anderson,male,Natural Sciences,10.1007/JHEP08(2017)029,2017.0
56479648300.0,,Anderson,male,Natural Sciences,10.1103/PhysRevLett.119.062301,2017.0
56479648300.0,,Anderson,male,Natural Sciences,10.1103/PhysRevD.96.072004,2017.0
56479648300.0,,Anderson,male,Natural Sciences,10.1140/epjc/s10052-017-5286-7,2017.0
56479648300.0,,Anderson,male,Natural Sciences,10.1007/JHEP11(2017)010,2017.0
56479648300.0,,Anderson,male,Natural Sciences,10.1103/PhysRevC.96.054904,2017.0
56479648300.0,,Anderson,male,Natural Sciences,10.1007/JHEP10(2017)072,2017.0
56479648300.0,,Anderson,male,Natural Sciences,10.1007/JHEP12(2017)142,2017.0
56479648300.0,,Anderson,male,Natural Sciences,10.1016/j.physletb.2017.09.053,2017.0
56479648300.0,,Anderson,male,Natural Sciences,10.1016/j.physletb.2017.04.043,2017.0
56479648300.0,,Anderson,male,Natural Sciences,10.1016/j.physletb.2017.07.001,2017.0
56479648300.0,,Anderson,male,Natural Sciences,10.1007/JHEP08(2017)073,2017.0
56479648300.0,,Anderson,male,Natural Sciences,10.1007/JHEP10(2017)006,2017.0
56479648300.0,,Anderson,male,Natural Sciences,10.1103/PhysRevLett.119.141802,2017.0
56479648300.0,,Anderson,male,Natural Sciences,10.1007/JHEP10(2017)019,2017.0
56479648300.0,,Anderson,male,Natural Sciences,10.1016/j.physletb.2017.11.001,2017.0
56479648300.0,,Anderson,male,Natural Sciences,10.1007/JHEP10(2017)180,2017.0
56479648300.0,,Anderson,male,Natural Sciences,10.1007/JHEP04(2017)018,2017.0
56479648300.0,,Anderson,male,Natural Sciences,10.1103/PhysRevLett.119.151802,2017.0
56479648300.0,,Anderson,male,Natural Sciences,10.1103/PhysRevLett.119.152301,2017.0
56479648300.0,,Anderson,male,Natural Sciences,10.1016/j.physletb.2017.10.021,2017.0
56479648300.0,,Anderson,male,Natural Sciences,10.1103/PhysRevC.96.024905,2017.0
56479648300.0,,Anderson,male,Natural Sciences,10.1007/JHEP11(2017)047,2017.0
56479648300.0,,Anderson,male,Natural Sciences,10.1140/epjc/s10052-017-5079-z,2017.0
56479648300.0,,Anderson,male,Natural Sciences,10.1088/1748-0221/12/02/P02014,2017.0
56479648300.0,,Anderson,male,Natural Sciences,10.1007/JHEP10(2017)076,2017.0
56479648300.0,,Anderson,male,Natural Sciences,10.1007/JHEP10(2017)073,2017.0
56479648300.0,,Anderson,male,Natural Sciences,10.1103/PhysRevC.96.044904,2017.0
56479648300.0,,Anderson,male,Natural Sciences,10.1140/epjc/s10052-017-4718-8,2017.0
56479648300.0,,Anderson,male,Natural Sciences,10.1007/JHEP11(2017)029,2017.0
56479648300.0,,Anderson,male,Natural Sciences,10.1140/epjc/s10052-017-4828-3,2017.0
56479648300.0,,Anderson,male,Natural Sciences,10.1007/JHEP10(2017)131,2017.0
56479648300.0,,Anderson,male,Natural Sciences,10.1007/JHEP11(2017)085,2017.0
56479648300.0,,Anderson,male,Natural Sciences,10.1016/j.physletb.2017.10.020,2017.0
56479648300.0,,Anderson,male,Natural Sciences,10.1103/PhysRevLett.119.082301,2017.0
56479648300.0,,Anderson,male,Natural Sciences,10.1140/epjc/s10052-017-5267-x,2017.0
56479648300.0,,Anderson,male,Natural Sciences,10.1016/j.physletb.2017.06.062,2017.0
56479648300.0,,Anderson,male,Natural Sciences,10.1016/j.physletb.2017.08.069,2017.0
56479648300.0,,Anderson,male,Natural Sciences,10.1016/j.physletb.2017.05.019,2017.0
56479648300.0,,Anderson,male,Natural Sciences,10.1007/JHEP09(2017)051,2017.0
56479648300.0,,Anderson,male,Natural Sciences,10.1140/epjc/s10052-017-5317-4,2017.0
56479648300.0,,Anderson,male,Natural Sciences,10.1016/j.physletb.2017.06.064,2017.0
56479648300.0,,Anderson,male,Natural Sciences,10.1103/PhysRevD.96.072005,2017.0
56479648300.0,,Anderson,male,Natural Sciences,10.1103/PhysRevLett.119.111802,2017.0
56479648300.0,,Anderson,male,Natural Sciences,10.1007/JHEP09(2017)053,2017.0
56479648300.0,,Anderson,male,Natural Sciences,10.1016/j.physletb.2017.04.078,2017.0
56479648300.0,,Anderson,male,Natural Sciences,10.1103/PhysRevLett.119.221802,2017.0
56479648300.0,,Anderson,male,Natural Sciences,10.1016/j.physletb.2017.09.083,2017.0
56479648300.0,,Anderson,male,Natural Sciences,10.1103/PhysRevLett.119.242001,2017.0
56479648300.0,,Anderson,male,Natural Sciences,10.1103/PhysRevC.96.064902,2017.0
56479648300.0,,Anderson,male,Natural Sciences,10.1103/PhysRevD.96.112003,2017.0
56479648300.0,,Anderson,male,Natural Sciences,10.1103/PhysRevD.96.032002,2017.0
56479648300.0,,Anderson,male,Natural Sciences,10.1016/j.physletb.2018.03.019,2018.0
56479648300.0,,Anderson,male,Natural Sciences,10.1016/j.physletb.2018.02.050,2018.0
56479648300.0,,Anderson,male,Natural Sciences,10.1016/j.physletb.2018.04.030,2018.0
56479648300.0,,Anderson,male,Natural Sciences,10.1103/PhysRevD.97.072006,2018.0
56479648300.0,,Anderson,male,Natural Sciences,10.1007/JHEP07(2018)161,2018.0
56479648300.0,,Anderson,male,Natural Sciences,10.1007/JHEP03(2018)160,2018.0
56479648300.0,,Anderson,male,Natural Sciences,10.1007/JHEP01(2018)097,2018.0
56479648300.0,,Anderson,male,Natural Sciences,10.1103/PhysRevD.97.012007,2018.0
56479648300.0,,Anderson,male,Natural Sciences,10.1140/epjc/s10052-018-5607-5,2018.0
56479648300.0,,Anderson,male,Natural Sciences,10.1016/j.physletb.2017.12.006,2018.0
56479648300.0,,Anderson,male,Natural Sciences,10.1016/j.physletb.2018.02.025,2018.0
56479648300.0,,Anderson,male,Natural Sciences,10.1103/PhysRevC.98.044902,2018.0
56479648300.0,,Anderson,male,Natural Sciences,10.1088/1748-0221/13/10/P10005,2018.0
56479648300.0,,Anderson,male,Natural Sciences,10.1007/JHEP06(2018)128,2018.0
56479648300.0,,Anderson,male,Natural Sciences,10.1103/PhysRevC.97.064912,2018.0
56479648300.0,,Anderson,male,Natural Sciences,10.1007/JHEP08(2018)016,2018.0
56479648300.0,,Anderson,male,Natural Sciences,10.1088/1748-0221/13/05/P05011,2018.0
56479648300.0,,Anderson,male,Natural Sciences,10.1007/JHEP03(2018)181,2018.0
56479648300.0,,Anderson,male,Natural Sciences,10.1007/JHEP03(2018)166,2018.0
56479648300.0,,Anderson,male,Natural Sciences,10.1016/j.physletb.2018.07.061,2018.0
56479648300.0,,Anderson,male,Natural Sciences,10.1007/JHEP06(2018)001,2018.0
56479648300.0,,Anderson,male,Natural Sciences,10.1007/JHEP03(2018)076,2018.0
56479648300.0,,Anderson,male,Natural Sciences,10.1007/JHEP06(2018)002,2018.0
56479648300.0,,Anderson,male,Natural Sciences,10.1007/JHEP06(2018)027,2018.0
56479648300.0,,Anderson,male,Natural Sciences,10.1140/epjc/s10052-018-5929-3,2018.0
56479648300.0,,Anderson,male,Natural Sciences,10.1007/JHEP06(2018)031,2018.0
56479648300.0,,Anderson,male,Natural Sciences,10.1007/JHEP08(2018)130,2018.0
56479648300.0,,Anderson,male,Natural Sciences,10.1007/JHEP09(2018)007,2018.0
56479648300.0,,Anderson,male,Natural Sciences,10.1140/epjc/s10052-018-6373-0,2018.0
56479648300.0,,Anderson,male,Natural Sciences,10.1007/JHEP11(2018)185,2018.0
56479648300.0,,Anderson,male,Natural Sciences,10.1007/JHEP11(2018)151,2018.0
56479648300.0,,Anderson,male,Natural Sciences,10.1103/PhysRevD.98.092014,2018.0
56479648300.0,,Anderson,male,Natural Sciences,10.1103/PhysRevLett.120.062301,2018.0
56479648300.0,,Anderson,male,Natural Sciences,10.1007/JHEP01(2018)045,2018.0
56479648300.0,,Anderson,male,Natural Sciences,10.1007/JHEP02(2018)032,2018.0
56479648300.0,,Anderson,male,Natural Sciences,10.1007/JHEP01(2018)054,2018.0
56479648300.0,,Anderson,male,Natural Sciences,10.1103/PhysRevLett.120.071802,2018.0
56479648300.0,,Anderson,male,Natural Sciences,10.1007/JHEP02(2018)067,2018.0
56479648300.0,,Anderson,male,Natural Sciences,10.1140/epjc/s10052-018-5567-9,2018.0
56479648300.0,,Anderson,male,Natural Sciences,10.1016/j.physletb.2017.11.043,2018.0
56479648300.0,,Anderson,male,Natural Sciences,10.1016/j.physletb.2017.11.041,2018.0
56479648300.0,,Anderson,male,Natural Sciences,10.1016/j.physletb.2017.12.069,2018.0
56479648300.0,,Anderson,male,Natural Sciences,10.1016/j.physletb.2018.03.084,2018.0
56479648300.0,,Anderson,male,Natural Sciences,10.1007/JHEP03(2018)172,2018.0
56479648300.0,,Anderson,male,Natural Sciences,10.1140/epjc/s10052-018-5752-x,2018.0
56479648300.0,,Anderson,male,Natural Sciences,10.1103/PhysRevC.97.044912,2018.0
56479648300.0,,Anderson,male,Natural Sciences,10.1007/JHEP04(2018)033,2018.0
56479648300.0,,Anderson,male,Natural Sciences,10.1103/PhysRevLett.120.231801,2018.0
56479648300.0,,Anderson,male,Natural Sciences,10.1007/JHEP07(2018)075,2018.0
56479648300.0,,Anderson,male,Natural Sciences,10.1007/JHEP06(2018)101,2018.0
56479648300.0,,Anderson,male,Natural Sciences,10.1140/epjc/s10052-018-5950-6,2018.0
56479648300.0,,Anderson,male,Natural Sciences,10.1016/j.physletb.2018.05.076,2018.0
56479648300.0,,Anderson,male,Natural Sciences,10.1103/PhysRevLett.121.032301,2018.0
56479648300.0,,Anderson,male,Natural Sciences,10.1007/JHEP07(2018)115,2018.0
56479648300.0,,Anderson,male,Natural Sciences,10.1103/PhysRevD.97.112003,2018.0
56479648300.0,,Anderson,male,Natural Sciences,10.1016/j.physletb.2018.06.028,2018.0
56479648300.0,,Anderson,male,Natural Sciences,10.1007/JHEP06(2018)127,2018.0
56479648300.0,,Anderson,male,Natural Sciences,10.1088/1748-0221/13/06/P06015,2018.0
56479648300.0,,Anderson,male,Natural Sciences,10.1016/j.physletb.2018.07.013,2018.0
56479648300.0,,Anderson,male,Natural Sciences,10.1103/PhysRevLett.120.092301,2018.0
56479648300.0,,Anderson,male,Natural Sciences,10.1103/PhysRevD.97.032004,2018.0
56479648300.0,,Anderson,male,Natural Sciences,10.1140/epjc/s10052-018-5740-1,2018.0
56479648300.0,,Anderson,male,Natural Sciences,10.1103/PhysRevD.97.032009,2018.0
56479648300.0,,Anderson,male,Natural Sciences,10.1103/PhysRevD.97.032007,2018.0
56479648300.0,,Anderson,male,Natural Sciences,10.1103/PhysRevLett.120.081801,2018.0
56479648300.0,,Anderson,male,Natural Sciences,10.1007/JHEP04(2018)060,2018.0
56479648300.0,,Anderson,male,Natural Sciences,10.1016/j.physletb.2018.02.033,2018.0
56479648300.0,,Anderson,male,Natural Sciences,10.1103/PhysRevD.97.072010,2018.0
56479648300.0,,Anderson,male,Natural Sciences,10.1103/PhysRevD.97.072008,2018.0
56479648300.0,,Anderson,male,Natural Sciences,10.1016/j.physletb.2018.02.069,2018.0
56479648300.0,,Anderson,male,Natural Sciences,10.1007/JHEP03(2018)003,2018.0
56479648300.0,,Anderson,male,Natural Sciences,10.1016/j.physletb.2018.02.045,2018.0
56479648300.0,,Anderson,male,Natural Sciences,10.1016/j.physletb.2018.03.028,2018.0
56479648300.0,,Anderson,male,Natural Sciences,10.1007/JHEP04(2018)073,2018.0
56479648300.0,,Anderson,male,Natural Sciences,10.1007/JHEP05(2018)006,2018.0
56479648300.0,,Anderson,male,Natural Sciences,10.1016/j.physletb.2018.04.007,2018.0
56479648300.0,,Anderson,male,Natural Sciences,10.1007/JHEP03(2018)115,2018.0
56479648300.0,,Anderson,male,Natural Sciences,10.1016/j.physletb.2018.01.049,2018.0
56479648300.0,,Anderson,male,Natural Sciences,10.1007/JHEP05(2018)088,2018.0
56479648300.0,,Anderson,male,Natural Sciences,10.1140/epjc/s10052-018-5691-6,2018.0
56479648300.0,,Anderson,male,Natural Sciences,10.1103/PhysRevLett.120.201801,2018.0
56479648300.0,,Anderson,male,Natural Sciences,10.1007/JHEP05(2018)025,2018.0
56479648300.0,,Anderson,male,Natural Sciences,10.1016/j.physletb.2018.01.077,2018.0
56479648300.0,,Anderson,male,Natural Sciences,10.1016/j.physletb.2018.02.004,2018.0
56479648300.0,,Anderson,male,Natural Sciences,10.1103/PhysRevC.97.054909,2018.0
56479648300.0,,Anderson,male,Natural Sciences,10.1103/PhysRevLett.120.221801,2018.0
56479648300.0,,Anderson,male,Natural Sciences,10.1016/j.physletb.2018.01.001,2018.0
56479648300.0,,Anderson,male,Natural Sciences,10.1007/JHEP05(2018)127,2018.0
56479648300.0,,Anderson,male,Natural Sciences,10.1016/j.physletb.2018.04.036,2018.0
56479648300.0,,Anderson,male,Natural Sciences,10.1103/PhysRevLett.120.142302,2018.0
56479648300.0,,Anderson,male,Natural Sciences,10.1103/PhysRevLett.120.202301,2018.0
56479648300.0,,Anderson,male,Natural Sciences,10.1103/PhysRevLett.120.202005,2018.0
56479648300.0,,Anderson,male,Natural Sciences,10.1007/JHEP05(2018)148,2018.0
56479648300.0,,Anderson,male,Natural Sciences,10.1103/PhysRevLett.120.142301,2018.0
56479648300.0,,Anderson,male,Natural Sciences,10.1016/j.physletb.2018.05.062,2018.0
56479648300.0,,Anderson,male,Natural Sciences,10.1103/PhysRevLett.120.241801,2018.0
56479648300.0,,Anderson,male,Natural Sciences,10.1016/j.physletb.2018.05.074,2018.0
56479648300.0,,Anderson,male,Natural Sciences,10.1103/PhysRevD.97.092005,2018.0
56479648300.0,,Anderson,male,Natural Sciences,10.1007/JHEP07(2018)032,2018.0
56479648300.0,,Anderson,male,Natural Sciences,10.1140/epjc/s10052-018-6033-4,2018.0
56479648300.0,,Anderson,male,Natural Sciences,10.1007/JHEP03(2018)167,2018.0
56479648300.0,,Anderson,male,Natural Sciences,10.1103/PhysRevC.98.014910,2018.0
56479648300.0,,Anderson,male,Natural Sciences,10.1103/PhysRevLett.121.082301,2018.0
56479648300.0,,Anderson,male,Natural Sciences,10.1007/JHEP08(2018)177,2018.0
56479648300.0,,Anderson,male,Natural Sciences,10.1103/PhysRevD.98.032013,2018.0
56479648300.0,,Anderson,male,Natural Sciences,10.1103/PhysRevD.98.032011,2018.0
56479648300.0,,Anderson,male,Natural Sciences,10.1103/PhysRevC.98.034918,2018.0
56479648300.0,,Anderson,male,Natural Sciences,10.1007/JHEP11(2018)042,2018.0
56479648300.0,,Anderson,male,Natural Sciences,10.1140/epjc/s10052-018-6390-z,2018.0
56479648300.0,,Anderson,male,Natural Sciences,10.1007/JHEP11(2018)161,2018.0
56479648300.0,,Anderson,male,Natural Sciences,10.1007/JHEP11(2018)113,2018.0
56479648300.0,,Anderson,male,Natural Sciences,10.1007/JHEP11(2018)079,2018.0
56479648300.0,,Anderson,male,Natural Sciences,10.1007/JHEP11(2018)115,2018.0
56479648300.0,,Anderson,male,Natural Sciences,10.1103/PhysRevLett.121.241802,2018.0
56479648300.0,,Anderson,male,Natural Sciences,10.1007/JHEP12(2018)117,2018.0
56479648300.0,,Anderson,male,Natural Sciences,10.1103/PhysRevLett.121.242301,2018.0
56479648300.0,,Anderson,male,Natural Sciences,10.1007/JHEP11(2018)152,2018.0
56479648300.0,,Anderson,male,Natural Sciences,10.1103/PhysRevD.98.112011,2018.0
56479648300.0,,Anderson,male,Natural Sciences,10.1103/PhysRevD.98.112009,2018.0
56479648300.0,,Anderson,male,Natural Sciences,10.1103/PhysRevD.98.112014,2018.0
56479648300.0,,Anderson,male,Natural Sciences,10.1103/PhysRevD.98.032005,2018.0
56479648300.0,,Anderson,male,Natural Sciences,10.1103/PhysRevLett.121.141801,2018.0
56479648300.0,,Anderson,male,Natural Sciences,10.1140/epjc/s10052-018-6049-9,2018.0
56479648300.0,,Anderson,male,Natural Sciences,10.1103/PhysRevLett.121.092002,2018.0
56479648300.0,,Anderson,male,Natural Sciences,10.1007/JHEP09(2018)046,2018.0
56479648300.0,,Anderson,male,Natural Sciences,10.1016/j.physletb.2018.07.066,2018.0
56479648300.0,,Anderson,male,Natural Sciences,10.1007/JHEP09(2018)101,2018.0
56479648300.0,,Anderson,male,Natural Sciences,10.1007/JHEP11(2018)018,2018.0
56479648300.0,,Anderson,male,Natural Sciences,10.1007/JHEP09(2018)065,2018.0
56479648300.0,,Anderson,male,Natural Sciences,10.1016/j.physletb.2018.08.057,2018.0
56479648300.0,,Anderson,male,Natural Sciences,10.1103/PhysRevLett.121.141802,2018.0
56479648300.0,,Anderson,male,Natural Sciences,10.1103/PhysRevLett.121.062002,2018.0
56479648300.0,,Anderson,male,Natural Sciences,10.1007/JHEP07(2018)153,2018.0
56479648300.0,,Anderson,male,Natural Sciences,10.1103/PhysRevC.98.014915,2018.0
56479648300.0,,Anderson,male,Natural Sciences,10.1007/JHEP08(2018)113,2018.0
56479648300.0,,Anderson,male,Natural Sciences,10.1007/JHEP08(2018)011,2018.0
56479648300.0,,Anderson,male,Natural Sciences,10.1007/JHEP08(2018)066,2018.0
56479648300.0,,Anderson,male,Natural Sciences,10.1016/j.physletb.2018.01.012,2018.0
56479648300.0,,Anderson,male,Natural Sciences,10.1007/JHEP10(2018)117,2018.0
56479648300.0,,Anderson,male,Natural Sciences,10.1007/JHEP08(2018)152,2018.0
56479648300.0,,Anderson,male,Natural Sciences,10.1103/PhysRevLett.121.132301,2018.0
56479648300.0,,Anderson,male,Natural Sciences,10.1016/j.physletb.2018.09.029,2018.0
56479648300.0,,Anderson,male,Natural Sciences,10.1103/PhysRevLett.121.121801,2018.0
56479648300.0,,Anderson,male,Natural Sciences,10.1140/epjc/s10052-018-6242-x,2018.0
56479648300.0,,Anderson,male,Natural Sciences,10.1007/JHEP10(2018)138,2018.0
56479648300.0,,Anderson,male,Natural Sciences,10.1140/epjc/s10052-018-6144-y,2018.0
56479648300.0,,Anderson,male,Natural Sciences,10.1140/epjc/s10052-018-6148-7,2018.0
56479648300.0,,Anderson,male,Natural Sciences,10.1140/epjc/s10052-018-6143-z,2018.0
56479648300.0,,Anderson,male,Natural Sciences,10.1140/epjc/s10052-018-6146-9,2018.0
56479648300.0,,Anderson,male,Natural Sciences,10.1007/JHEP09(2018)148,2018.0
56479648300.0,,Anderson,male,Natural Sciences,10.1088/1748-0221/13/10/P10034,2018.0
56479648300.0,,Anderson,male,Natural Sciences,10.1007/JHEP10(2018)161,2018.0
56479648300.0,,Anderson,male,Natural Sciences,10.1140/epjc/s10052-018-6332-9,2018.0
56479648300.0,,Anderson,male,Natural Sciences,10.1103/PhysRevD.98.091103,2018.0
56479648300.0,,Anderson,male,Natural Sciences,10.1103/PhysRevD.98.092011,2018.0
56479648300.0,,Anderson,male,Natural Sciences,10.1103/PhysRevLett.121.221802,2018.0
56479648300.0,,Anderson,male,Natural Sciences,10.1103/PhysRevD.98.092001,2018.0
56479648300.0,,Anderson,male,Natural Sciences,10.1007/JHEP11(2018)172,2018.0
56479648300.0,,Anderson,male,Natural Sciences,10.1007/JHEP06(2018)102,2018.0
56479648300.0,,Anderson,male,Natural Sciences,10.1007/JHEP06(2018)120,2018.0
56479648300.0,,Anderson,male,Natural Sciences,10.1088/1748-0221/14/07/P07004,2019.0
56479648300.0,,Anderson,male,Natural Sciences,10.1016/j.physletb.2019.134992,2019.0
56479648300.0,,Anderson,male,Natural Sciences,10.1016/j.physletb.2018.11.007,2019.0
56479648300.0,,Anderson,male,Natural Sciences,10.1016/j.physletb.2018.10.056,2019.0
56479648300.0,,Anderson,male,Natural Sciences,10.1103/PhysRevLett.122.011803,2019.0
56479648300.0,,Anderson,male,Natural Sciences,10.1140/epjc/s10052-019-6688-5,2019.0
56479648300.0,,Anderson,male,Natural Sciences,10.1007/JHEP03(2019)031,2019.0
56479648300.0,,Anderson,male,Natural Sciences,10.1140/epjc/s10052-019-6863-8,2019.0
56479648300.0,,Anderson,male,Natural Sciences,10.1007/JHEP04(2019)114,2019.0
56479648300.0,,Anderson,male,Natural Sciences,10.1016/j.physletb.2019.03.064,2019.0
56479648300.0,,Anderson,male,Natural Sciences,10.1016/j.physletb.2019.05.046,2019.0
56479648300.0,,Anderson,male,Natural Sciences,10.1103/PhysRevC.99.044918,2019.0
56479648300.0,,Anderson,male,Natural Sciences,10.1140/epjc/s10052-019-6861-x,2019.0
56479648300.0,,Anderson,male,Natural Sciences,10.1103/PhysRevLett.122.151802,2019.0
56479648300.0,,Anderson,male,Natural Sciences,10.1016/j.physletb.2019.05.042,2019.0
56479648300.0,,Anderson,male,Natural Sciences,10.1007/JHEP05(2019)210,2019.0
56479648300.0,,Anderson,male,Natural Sciences,10.1103/PhysRevLett.122.152001,2019.0
56479648300.0,,Anderson,male,Natural Sciences,10.1103/PhysRevLett.122.172301,2019.0
56479648300.0,,Anderson,male,Natural Sciences,10.1007/JHEP05(2019)043,2019.0
56479648300.0,,Anderson,male,Natural Sciences,10.1016/j.physletb.2018.10.075,2019.0
56479648300.0,,Anderson,male,Natural Sciences,10.1007/JHEP03(2019)082,2019.0
56479648300.0,,Anderson,male,Natural Sciences,10.1103/PhysRevC.99.034908,2019.0
56479648300.0,,Anderson,male,Natural Sciences,10.1016/j.physletb.2019.01.069,2019.0
56479648300.0,,Anderson,male,Natural Sciences,10.1007/JHEP04(2019)112,2019.0
56479648300.0,,Anderson,male,Natural Sciences,10.1007/JHEP03(2019)127,2019.0
56479648300.0,,Anderson,male,Natural Sciences,10.1016/j.physletb.2019.01.005,2019.0
56479648300.0,,Anderson,male,Natural Sciences,10.1007/JHEP01(2019)051,2019.0
56479648300.0,,Anderson,male,Natural Sciences,10.1016/j.physletb.2018.11.063,2019.0
56479648300.0,,Anderson,male,Natural Sciences,10.1007/JHEP01(2019)122,2019.0
56479648300.0,,Anderson,male,Natural Sciences,10.1016/j.physletb.2019.01.006,2019.0
56479648300.0,,Anderson,male,Natural Sciences,10.1007/JHEP02(2019)074,2019.0
56479648300.0,,Anderson,male,Natural Sciences,10.1007/JHEP03(2019)101,2019.0
56479648300.0,,Anderson,male,Natural Sciences,10.1140/epjc/s10052-019-6752-1,2019.0
56479648300.0,,Anderson,male,Natural Sciences,10.1140/epjc/s10052-019-6774-8,2019.0
56479648300.0,,Anderson,male,Natural Sciences,10.1140/epjc/s10052-019-6730-7,2019.0
56479648300.0,,Anderson,male,Natural Sciences,10.1007/JHEP03(2019)141,2019.0
56479648300.0,,Anderson,male,Natural Sciences,10.1007/JHEP02(2019)179,2019.0
56479648300.0,,Anderson,male,Natural Sciences,10.1007/JHEP02(2019)149,2019.0
56479648300.0,,Anderson,male,Natural Sciences,10.1016/j.physletb.2018.12.073,2019.0
56479648300.0,,Anderson,male,Natural Sciences,10.1140/epjc/s10052-018-6482-9,2019.0
56479648300.0,,Anderson,male,Natural Sciences,10.1103/PhysRevLett.122.021801,2019.0
56479648300.0,,Anderson,male,Natural Sciences,10.1140/epjc/s10052-019-6562-5,2019.0
56479648300.0,,Anderson,male,Natural Sciences,10.1140/epjc/s10052-019-6556-3,2019.0
56479648300.0,,Anderson,male,Natural Sciences,10.1007/JHEP01(2019)183,2019.0
56479648300.0,,Anderson,male,Natural Sciences,10.1007/JHEP01(2019)154,2019.0
56479648300.0,,Anderson,male,Natural Sciences,10.1007/JHEP03(2019)170,2019.0
56479648300.0,,Anderson,male,Natural Sciences,10.1016/j.physletb.2019.02.018,2019.0
56479648300.0,,Anderson,male,Natural Sciences,10.1007/JHEP04(2019)015,2019.0
56479648300.0,,Anderson,male,Natural Sciences,10.1140/epjc/s10052-019-6800-x,2019.0
56479648300.0,,Anderson,male,Natural Sciences,10.1007/JHEP04(2019)031,2019.0
56479648300.0,,Anderson,male,Natural Sciences,10.1140/epjc/s10052-019-6788-2,2019.0
56479648300.0,,Anderson,male,Natural Sciences,10.1007/JHEP01(2019)040,2019.0
56479648300.0,,Anderson,male,Natural Sciences,10.1103/PhysRevD.99.012010,2019.0
56479648300.0,,Anderson,male,Natural Sciences,10.1103/PhysRevD.99.012005,2019.0
56479648300.0,,Anderson,male,Natural Sciences,10.1103/PhysRevD.99.032011,2019.0
56479648300.0,,Anderson,male,Natural Sciences,10.1103/PhysRevD.99.032014,2019.0
56479648300.0,,Anderson,male,Natural Sciences,10.1103/PhysRevLett.122.132001,2019.0
56479648300.0,,Anderson,male,Natural Sciences,10.1007/JHEP03(2019)026,2019.0
56479648300.0,,Anderson,male,Natural Sciences,10.1103/PhysRevLett.122.081804,2019.0
56479648300.0,,Anderson,male,Natural Sciences,10.1140/epjc/s10052-019-6620-z,2019.0
56479648300.0,,Anderson,male,Natural Sciences,10.1016/j.physletb.2019.01.055,2019.0
56479648300.0,,Anderson,male,Natural Sciences,10.1016/j.physletb.2019.01.058,2019.0
56479648300.0,,Anderson,male,Natural Sciences,10.1103/PhysRevLett.122.132003,2019.0
56479648300.0,,Anderson,male,Natural Sciences,10.1016/j.physletb.2019.03.059,2019.0
56479648300.0,,Anderson,male,Natural Sciences,10.1103/PhysRevD.99.052002,2019.0
56479648300.0,,Anderson,male,Natural Sciences,10.1103/PhysRevLett.122.121803,2019.0
56479648300.0,,Anderson,male,Natural Sciences,10.1016/j.physletb.2019.01.072,2019.0
56479648300.0,,Anderson,male,Natural Sciences,10.1103/PhysRevD.99.051102,2019.0
56479648300.0,,Anderson,male,Natural Sciences,10.1016/j.physletb.2019.04.025,2019.0
56479648300.0,,Anderson,male,Natural Sciences,10.1007/JHEP05(2019)088,2019.0
56479648300.0,,Anderson,male,Natural Sciences,10.1140/epjc/s10052-019-6909-y,2019.0
56479648300.0,,Anderson,male,Natural Sciences,10.1140/epjc/s10052-019-6926-x,2019.0
56479648300.0,,Anderson,male,Natural Sciences,10.1007/JHEP04(2019)122,2019.0
56479648300.0,,Anderson,male,Natural Sciences,10.1007/JHEP06(2019)093,2019.0
56479648300.0,,Anderson,male,Natural Sciences,10.1140/epjc/s10052-019-7202-9,2019.0
56479648300.0,,Anderson,male,Natural Sciences,10.1103/PhysRevLett.123.022001,2019.0
56479648300.0,,Anderson,male,Natural Sciences,10.1016/j.physletb.2019.06.021,2019.0
56479648300.0,,Anderson,male,Natural Sciences,10.1016/j.physletb.2019.07.013,2019.0
56479648300.0,,Anderson,male,Natural Sciences,10.1088/1748-0221/14/06/P06032,2019.0
56479648300.0,,Anderson,male,Natural Sciences,10.1016/j.physletb.2019.07.014,2019.0
56479648300.0,,Anderson,male,Natural Sciences,10.1007/JHEP06(2019)143,2019.0
56479648300.0,,Anderson,male,Natural Sciences,10.1140/epjc/s10052-019-7058-z,2019.0
56479648300.0,,Anderson,male,Natural Sciences,10.1007/JHEP07(2019)142,2019.0
56479648300.0,,Anderson,male,Natural Sciences,10.1103/PhysRevC.99.064905,2019.0
56479648300.0,,Anderson,male,Natural Sciences,10.1103/PhysRevC.100.014902,2019.0
56479648300.0,,Anderson,male,Natural Sciences,10.1103/PhysRevD.99.112003,2019.0
56479648300.0,,Anderson,male,Natural Sciences,10.1016/j.physletb.2019.134826,2019.0
56479648300.0,,Anderson,male,Natural Sciences,10.1016/j.physletb.2019.134811,2019.0
56479648300.0,,Anderson,male,Natural Sciences,10.1103/PhysRevC.100.024902,2019.0
56479648300.0,,Anderson,male,Natural Sciences,10.1103/PhysRevC.100.044902,2019.0
56479648300.0,,Anderson,male,Natural Sciences,10.1103/PhysRevLett.123.132302,2019.0
56479648300.0,,Anderson,male,Natural Sciences,10.1140/epjc/s10052-019-7276-4,2019.0
56479648300.0,,Anderson,male,Natural Sciences,10.1016/j.physletb.2019.134876,2019.0
56479648300.0,,Anderson,male,Natural Sciences,10.1103/PhysRevD.100.012004,2019.0
56479648300.0,,Anderson,male,Natural Sciences,10.1103/PhysRevD.99.092005,2019.0
56479648300.0,,Anderson,male,Natural Sciences,10.1140/epjc/s10052-019-6855-8,2019.0
56479648300.0,,Anderson,male,Natural Sciences,10.1016/j.physletb.2019.134917,2019.0
56479648300.0,,Anderson,male,Natural Sciences,10.1016/j.physletb.2019.134975,2019.0
56479648300.0,,Anderson,male,Natural Sciences,10.1103/PhysRevLett.123.132301,2019.0
56479648300.0,,Anderson,male,Natural Sciences,10.1103/PhysRevLett.123.131802,2019.0
56479648300.0,,Anderson,male,Natural Sciences,10.1016/j.physletb.2019.134985,2019.0
56479648300.0,,Anderson,male,Natural Sciences,10.1016/j.physletb.2019.134952,2019.0
56479648300.0,,Anderson,male,Natural Sciences,10.1103/PhysRevD.100.052003,2019.0
56479648300.0,,Anderson,male,Natural Sciences,10.1103/PhysRevD.100.052009,2019.0
56479648300.0,,Anderson,male,Natural Sciences,10.1103/PhysRevD.100.052005,2019.0
56479648300.0,,Anderson,male,Natural Sciences,10.1007/JHEP08(2019)150,2019.0
56479648300.0,,Anderson,male,Natural Sciences,10.1140/epjc/s10052-019-7451-7,2019.0
56479648300.0,,Anderson,male,Natural Sciences,10.1103/PhysRevLett.123.162301,2019.0
56479648300.0,,Anderson,male,Natural Sciences,10.1007/JHEP10(2019)139,2019.0
56479648300.0,,Anderson,male,Natural Sciences,10.1007/JHEP10(2019)125,2019.0
56479648300.0,,Anderson,male,Natural Sciences,10.1140/epjc/s10052-019-7402-3,2019.0
56479648300.0,,Anderson,male,Natural Sciences,10.1140/epjc/s10052-019-7387-y,2019.0
56479648300.0,,Anderson,male,Natural Sciences,10.1103/PhysRevD.100.072001,2019.0
56479648300.0,,Anderson,male,Natural Sciences,10.1103/PhysRevD.100.072007,2019.0
56479648300.0,,Anderson,male,Natural Sciences,10.1103/PhysRevD.100.072002,2019.0
56479648300.0,,Anderson,male,Natural Sciences,10.1016/j.physletb.2019.135049,2019.0
56479648300.0,,Anderson,male,Natural Sciences,10.1007/JHEP10(2019)244,2019.0
56479648300.0,,Anderson,male,Natural Sciences,10.1007/JHEP11(2019)109,2019.0
56479648300.0,,Anderson,male,Natural Sciences,10.1103/PhysRevD.100.112007,2019.0
56479648300.0,,Anderson,male,Natural Sciences,10.1103/PhysRevC.100.064908,2019.0
56479648300.0,,Anderson,male,Natural Sciences,10.1007/JHEP12(2019)061,2019.0
56479648300.0,,Anderson,male,Natural Sciences,10.1007/JHEP12(2019)062,2019.0
56479648300.0,,Anderson,male,Natural Sciences,10.1007/JHEP11(2019)082,2019.0
56479648300.0,,Anderson,male,Natural Sciences,10.1103/PhysRevD.100.112002,2019.0
56479648300.0,,Anderson,male,Natural Sciences,10.1103/PhysRevD.100.112003,2019.0
56479648300.0,,Anderson,male,Natural Sciences,10.1103/PhysRevLett.123.241801,2019.0
56479648300.0,,Anderson,male,Natural Sciences,10.1007/JHEP12(2019)100,2019.0
56479648300.0,,Anderson,male,Natural Sciences,10.1103/PhysRevLett.123.231803,2019.0
56479648300.0,,Anderson,male,Natural Sciences,10.1007/JHEP12(2019)059,2019.0
56479648300.0,,Anderson,male,Natural Sciences,10.1016/j.physletb.2019.135087,2020.0
56479648300.0,,Anderson,male,Natural Sciences,10.1016/j.physletb.2019.135042,2020.0
56479648300.0,,Anderson,male,Natural Sciences,10.1140/epjc/s10052-019-7499-4,2020.0
56479648300.0,,Anderson,male,Natural Sciences,10.1140/epjc/s10052-019-7493-x,2020.0
56479648300.0,,Anderson,male,Natural Sciences,10.1016/j.physletb.2019.135048,2020.0
56479648300.0,,Anderson,male,Natural Sciences,10.1140/epjc/s10052-019-7593-7,2020.0
56479648300.0,,Anderson,male,Natural Sciences,10.1103/PhysRevC.101.014912,2020.0
56479648300.0,,Anderson,male,Natural Sciences,10.1140/epjc/s10052-019-7541-6,2020.0
56479648300.0,,Anderson,male,Natural Sciences,10.1140/epjc/s10052-019-7585-7,2020.0
56479648300.0,,Anderson,male,Natural Sciences,10.1007/JHEP01(2020)096,2020.0
56479648300.0,,Anderson,male,Natural Sciences,10.1007/JHEP01(2020)036,2020.0
56479648300.0,,Anderson,male,Natural Sciences,10.1016/j.physletb.2020.135203,2020.0
56479648300.0,,Anderson,male,Natural Sciences,10.1016/j.physletb.2020.135285,2020.0
56479648300.0,,Anderson,male,Natural Sciences,10.1140/epjc/s10052-020-7739-7,2020.0
56479648300.0,,Anderson,male,Natural Sciences,10.1007/JHEP02(2020)191,2020.0
56479648300.0,,Anderson,male,Natural Sciences,10.1103/PhysRevLett.124.041803,2020.0
56479648300.0,,Anderson,male,Natural Sciences,10.1007/JHEP02(2020)015,2020.0
56479648300.0,,Anderson,male,Natural Sciences,10.1016/j.physletb.2020.135263,2020.0
56479648300.0,,Anderson,male,Natural Sciences,10.1016/j.physletb.2020.135328,2020.0
56479648300.0,,Anderson,male,Natural Sciences,10.1007/JHEP03(2020)014,2020.0
56479648300.0,,Anderson,male,Natural Sciences,10.1103/PhysRevC.101.024905,2020.0
56479648300.0,,Anderson,male,Natural Sciences,10.1007/JHEP03(2020)131,2020.0
56479648300.0,,Anderson,male,Natural Sciences,10.1007/JHEP03(2020)025,2020.0
56479648300.0,,Anderson,male,Natural Sciences,10.1016/j.physletb.2020.135409,2020.0
56479648300.0,,Anderson,male,Natural Sciences,10.1038/s41567-020-0799-7,2020.0
56479648300.0,,Anderson,male,Natural Sciences,10.1016/j.physletb.2020.135345,2020.0
56479648300.0,,Anderson,male,Natural Sciences,10.1007/JHEP03(2020)034,2020.0
56479648300.0,,Anderson,male,Natural Sciences,10.1007/JHEP03(2020)055,2020.0
56479648300.0,,Anderson,male,Natural Sciences,10.1140/epjc/s10052-020-7773-5,2020.0
56479648300.0,,Anderson,male,Natural Sciences,10.1007/JHEP03(2020)103,2020.0
56479648300.0,,Anderson,male,Natural Sciences,10.1007/JHEP03(2020)056,2020.0
56479648300.0,,Anderson,male,Natural Sciences,10.1007/JHEP03(2020)051,2020.0
56479648300.0,,Anderson,male,Natural Sciences,10.1007/JHEP03(2020)065,2020.0
56479648300.0,,Anderson,male,Natural Sciences,10.1103/PhysRevD.101.052004,2020.0
56417743000.0,Mustafa,Naseem,male,Medical and Health Sciences,10.3390/ma8020717,2015.0
56417743000.0,Mustafa,Naseem,male,Medical and Health Sciences,10.4103/1305-7456.178297,2016.0
56417743000.0,Mustafa,Naseem,male,Medical and Health Sciences,10.2174/1874210601610010166,2016.0
56417743000.0,Mustafa,Naseem,male,Medical and Health Sciences,10.1016/j.jsps.2015.02.015,2016.0
57191964071.0,Nancy Elena,Angulo-Cubillan,female,Engineering and Technology,10.17533/udea.redin.n80a08,2016.0
56417743000.0,Mustafa,Naseem,male,Medical and Health Sciences,10.1016/j.sjdr.2015.11.002,2016.0
56417743000.0,Mustafa,Naseem,male,Medical and Health Sciences,10.3390/biom7040080,2017.0
56417743000.0,Mustafa,Naseem,male,Medical and Health Sciences,10.1166/jbt.2017.1674,2017.0
56417743000.0,Mustafa,Naseem,male,Medical and Health Sciences,10.1166/jbt.2017.1680,2017.0
56417743000.0,Mustafa,Naseem,male,Medical and Health Sciences,10.3390/proteomes5030021,2017.0
56417743000.0,Mustafa,Naseem,male,Medical and Health Sciences,10.2174/1381612824666180403114615,2018.0
56417743000.0,Mustafa,Naseem,male,Medical and Health Sciences,10.3390/dj6030044,2018.0
56417743000.0,Mustafa,Naseem,male,Medical and Health Sciences,10.1016/j.pdpdt.2018.02.019,2018.0
56417743000.0,Mustafa,Naseem,male,Medical and Health Sciences,10.12669/pjms.342.14491,2018.0
56417743000.0,Mustafa,Naseem,male,Medical and Health Sciences,10.1089/pho.2018.4437,2018.0
56417743000.0,Mustafa,Naseem,male,Medical and Health Sciences,10.1016/j.pdpdt.2018.08.002,2018.0
56417743000.0,Mustafa,Naseem,male,Medical and Health Sciences,10.3290/j.ohpd.a40983,2018.0
56417743000.0,Mustafa,Naseem,male,Medical and Health Sciences,10.1016/j.pdpdt.2018.08.016,2018.0
56417743000.0,Mustafa,Naseem,male,Medical and Health Sciences,10.1177/2280800019880691,2019.0
56417743000.0,Mustafa,Naseem,male,Medical and Health Sciences,10.1016/j.pdpdt.2019.01.015,2019.0
56417743000.0,Mustafa,Naseem,male,Medical and Health Sciences,10.1089/photob.2018.4582,2019.0
56417743000.0,Mustafa,Naseem,male,Medical and Health Sciences,10.1016/j.pdpdt.2019.08.014,2019.0
56417743000.0,Mustafa,Naseem,male,Medical and Health Sciences,10.1089/photob.2019.4661,2020.0
56417743000.0,Mustafa,Naseem,male,Medical and Health Sciences,10.1080/07448481.2019.1709476,2020.0
56417743000.0,Mustafa,Naseem,male,Medical and Health Sciences,10.1080/07448481.2019.1709476,2020.0
56417743000.0,Mustafa,Naseem,male,Medical and Health Sciences,10.1016/j.pdpdt.2020.101716,2020.0
56417743000.0,Mustafa,Naseem,male,Medical and Health Sciences,10.12669/pjms.36.2.1284,2020.0
56417743000.0,Mustafa,Naseem,male,Medical and Health Sciences,10.1111/phpp.12499,2020.0
57198386003.0,Elaine K.,Swift,female,Medical and Health Sciences,10.1016/j.ijmedinf.2012.01.012,2013.0
57199404909.0,Eldho K.,Thomas,male,Natural Sciences,10.3934/amc.2014.8.139,2014.0
57199404909.0,Eldho K.,Thomas,male,Natural Sciences,10.3934/amc.2016047,2016.0
57199404909.0,Eldho K.,Thomas,male,Natural Sciences,10.1109/LCOMM.2017.2650918,2017.0
55433768800.0,João Bosco,De Lima Gimaque,male,Medical and Health Sciences,10.4269/ajtmh.2012.12-0083,2012.0
56727215900.0,Soon Cheon,Kwon,female,Natural Sciences,10.4014/jmb.1504.04027,2015.0
55561203500.0,Anitra D. M.,Koopman,female,Medical and Health Sciences,10.2340/16501977-1072,2013.0
55561203500.0,Anitra D. M.,Koopman,female,Medical and Health Sciences,10.2340/16501977-1072,2013.0
55763080400.0,Ian D.,Duarte,male,Natural Sciences,10.1016/j.envpol.2013.05.017,2013.0
55561203500.0,Anitra D.,Koopman,female,Medical and Health Sciences,10.1007/s00125-014-3216-x,2014.0
55561203500.0,Anitra D.,Koopman,female,Medical and Health Sciences,10.1007/s00125-014-3216-x,2014.0
55763080400.0,Ian Drumond,Duarte,male,Natural Sciences,10.1007/s10646-014-1191-0,2014.0
55763080400.0,Ian Drumond,Duarte,male,Natural Sciences,10.1016/j.chemosphere.2014.02.066,2014.0
55561203500.0,Anitra D.,Koopman,female,Medical and Health Sciences,10.1016/j.socscimed.2014.08.009,2014.0
55561203500.0,Anitra D.,Koopman,female,Medical and Health Sciences,10.1016/j.socscimed.2014.08.009,2014.0
55561203500.0,Anitra D.M.,Koopman,female,Medical and Health Sciences,10.3109/10253890.2015.1064891,2015.0
55561203500.0,Anitra D.M.,Koopman,female,Medical and Health Sciences,10.3109/10253890.2015.1064891,2015.0
55763080400.0,Ian D.,Duarte,male,Natural Sciences,10.1016/j.marpolbul.2015.02.032,2015.0
55763080400.0,,Duarte,male,Natural Sciences,10.1007/s11356-016-6201-8,2016.0
55763080400.0,,Duarte,male,Natural Sciences,10.1016/j.chemosphere.2016.05.054,2016.0
55561203500.0,Anitra D.M.,Koopman,female,Medical and Health Sciences,10.1371/journal.pone.0171816,2017.0
55561203500.0,Anitra D.M.,Koopman,female,Medical and Health Sciences,10.1177/0748730417713572,2017.0
55561203500.0,Anitra D.M.,Koopman,female,Medical and Health Sciences,10.1177/0748730417713572,2017.0
55561203500.0,,Koopman,female,Medical and Health Sciences,10.1155/2017/5134602,2017.0
55561203500.0,,Koopman,female,Medical and Health Sciences,10.1155/2017/5134602,2017.0
55561203500.0,Anitra D. M.,Koopman,female,Medical and Health Sciences,10.1007/s12020-016-1126-z,2017.0
55561203500.0,Anitra D. M.,Koopman,female,Medical and Health Sciences,10.1007/s12020-016-1126-z,2017.0
55763080400.0,Ian Drumond,Duarte,male,Natural Sciences,10.1007/s11356-017-8721-2,2017.0
55763080400.0,Ian Drumond,Duarte,male,Natural Sciences,10.1016/j.chemosphere.2017.06.007,2017.0
55561203500.0,,Koopman,female,Medical and Health Sciences,10.1371/journal.pone.0191114,2018.0
55561203500.0,,Koopman,female,Medical and Health Sciences,10.1371/journal.pone.0191114,2018.0
55561203500.0,Anitra D.M.,Koopman,female,Medical and Health Sciences,10.1016/j.sleep.2018.07.022,2018.0
55561203500.0,Anitra D.M.,Koopman,female,Medical and Health Sciences,10.1016/j.sleep.2018.07.022,2018.0
55561203500.0,Anitra D. M.,Koopman,female,Medical and Health Sciences,10.1155/2018/9264204,2018.0
55561203500.0,Anitra D. M.,Koopman,female,Medical and Health Sciences,10.1155/2018/9264204,2018.0
55561203500.0,Anitra D. M.,Koopman,female,Medical and Health Sciences,10.1111/cen.13977,2019.0
55561203500.0,Anitra D. M.,Koopman,female,Medical and Health Sciences,10.1007/s00125-019-4906-1,2019.0
55561203500.0,Anitra,Koopman,female,Medical and Health Sciences,10.1016/j.jhep.2019.05.032,2019.0
55561203500.0,Anitra D.M.,Koopman,female,Medical and Health Sciences,10.1016/j.metabol.2019.03.001,2019.0
55763080400.0,Ian D.,Duarte,male,Natural Sciences,10.1016/j.scitotenv.2018.12.142,2019.0
55561203500.0,Anitra D. M,Koopman,female,Medical and Health Sciences,10.1210/clinem/dgz065,2020.0
55675373800.0,Daan,Van Der Zwaag,male,Natural Sciences,10.1002/adfm.201300131,2013.0
55675373800.0,Daan,Van Der Zwaag,male,Natural Sciences,10.1002/adfm.201300131,2013.0
56294600400.0,Chenyang,Ye,male,Medical and Health Sciences,10.3978/j.issn.2072-1439.2014.11.37,2014.0
55675373800.0,Daan,Van Der Zwaag,male,Natural Sciences,10.1126/science.1250945,2014.0
55675373800.0,Daan,Van Der Zwaag,male,Natural Sciences,10.1126/science.1250945,2014.0
56294600400.0,,Ye,male,Medical and Health Sciences,10.4103/1119-3077.151075,2015.0
56294600400.0,Chenyang,Ye,male,Medical and Health Sciences,10.1186/s13019-015-0240-y,2015.0
56294600400.0,Chenyang,Ye,male,Medical and Health Sciences,10.1097/MAJ.0000000000000414,2015.0
55675373800.0,Daan,Vanderzwaag,male,Natural Sciences,10.1002/anie.201503104,2015.0
55675373800.0,Daan,Van Der Zwaag,male,Natural Sciences,10.1126/science.aad0194,2015.0
55675373800.0,Daan,Van Der Zwaag,male,Natural Sciences,10.1021/jacs.5b08138,2015.0
55675373800.0,Daan,Van Der Zwaag,male,Natural Sciences,10.1021/jacs.5b08138,2015.0
56294600400.0,Chenyang,Ye,male,Medical and Health Sciences,10.1016/j.athoracsur.2015.06.042,2016.0
56294600400.0,Chenyang,Ye,male,Medical and Health Sciences,10.2147/OTT.S121923,2016.0
55675373800.0,Daan,Van Der Zwaag,male,Natural Sciences,10.1038/ncomms11561,2016.0
55675373800.0,Daan,Van Der Zwaag,male,Natural Sciences,10.1021/acsami.6b00811,2016.0
55675373800.0,Daan,Van Der Zwaag,male,Natural Sciences,10.1021/acsami.6b00811,2016.0
55675373800.0,Daan,Van Der Zwaag,male,Natural Sciences,10.1021/acsnano.6b01017,2016.0
55675373800.0,Daan,Van Der Zwaag,male,Natural Sciences,10.1039/c6py01656a,2016.0
55675373800.0,Daan,Van Der Zwaag,male,Natural Sciences,10.1039/c6py01656a,2016.0
56294600400.0,Chenyang,Ye,male,Medical and Health Sciences,10.18632/oncotarget.13653,2017.0
56294600400.0,Chenyang,Ye,male,Medical and Health Sciences,10.18632/oncotarget.12537,2017.0
56294600400.0,Chenyang,Ye,male,Medical and Health Sciences,10.1016/j.amjsurg.2017.03.042,2017.0
56294600400.0,Chenyang,Ye,male,Medical and Health Sciences,10.18632/oncotarget.15171,2017.0
56294600400.0,Chenyang,Ye,male,Medical and Health Sciences,10.18632/oncotarget.14891,2017.0
56294600400.0,Chenyang,Ye,male,Medical and Health Sciences,10.18632/oncotarget.20557,2017.0
56294600400.0,Chenyang,Ye,male,Medical and Health Sciences,10.1038/s41598-017-03692-y,2017.0
56294600400.0,Chenyang,Ye,male,Medical and Health Sciences,10.18632/oncotarget.20801,2017.0
56294600400.0,Chenyang,Ye,male,Medical and Health Sciences,10.1093/carcin/bgy115,2018.0
56294600400.0,Chenyang,Ye,male,Medical and Health Sciences,10.1097/MD.0000000000013584,2018.0
56294600400.0,Chenyang,Ye,male,Medical and Health Sciences,10.1038/s41419-019-1554-9,2019.0
56294600400.0,Chenyang,Ye,male,Medical and Health Sciences,10.7150/jca.33433,2019.0
56294600400.0,Chenyang,Ye,male,Medical and Health Sciences,10.7150/jca.33433,2019.0
56294600400.0,Chenyang,Ye,male,Medical and Health Sciences,10.1186/s13045-019-0747-0,2019.0
55675373800.0,,van der Zwaag,male,Natural Sciences,10.1038/s41467-019-09595-y,2019.0
55675373800.0,,van der Zwaag,male,Natural Sciences,10.1038/s41467-019-09595-y,2019.0
55675373800.0,,van der Zwaag,male,Natural Sciences,10.1038/s41467-019-09595-y,2019.0
56294600400.0,Chenyang,Ye,male,Medical and Health Sciences,10.1186/s12964-020-0513-5,2020.0
57191638057.0,Junwei,Zhao,male,Natural Sciences,10.1111/jipb.12173,2014.0
56559152400.0,Panfeng,Xu,male,Natural Sciences,10.1007/s10934-015-9938-4,2015.0
56559152400.0,Panfeng,Xu,male,Natural Sciences,10.11999/JEIT151050,2016.0
56559152400.0,Panfeng,Xu,male,Natural Sciences,10.11896/j.issn.1005-023X.2016.05.003,2016.0
56559152400.0,Panfeng,Xu,male,Natural Sciences,10.1016/j.apsusc.2016.06.069,2016.0
56559152400.0,Panfeng,Xu,male,Natural Sciences,10.1016/j.jlumin.2016.11.049,2017.0
56559152400.0,Panfeng,Xu,male,Natural Sciences,10.1016/j.jlumin.2017.10.069,2018.0
56559152400.0,Panfeng,Xu,male,Natural Sciences,10.11999/JEIT170794,2018.0
56559152400.0,Panfeng,Xu,male,Natural Sciences,10.1155/2018/9678694,2018.0
57191638057.0,Junwei,Zhao,male,Natural Sciences,10.1016/j.jplph.2018.06.001,2018.0
56559152400.0,Panfeng,Xu,male,Natural Sciences,10.1016/j.jlumin.2019.01.013,2019.0
57191638057.0,Junwei,Zhao,male,Natural Sciences,10.1007/s00122-019-03290-8,2019.0
55344494300.0,Xue,Hui-Jie,female,Natural Sciences,10.1016/j.optcom.2012.07.108,2012.0
7003804741.0,Sivaraman,Chandrasekharan,male,Natural Sciences,10.1016/j.marpolbul.2014.09.012,2014.0
7003804741.0,Sivaraman,Chandrasekharan,male,Natural Sciences,10.1016/j.marpolbul.2014.09.012,2014.0
35933181900.0,Mohmmad,Haidari,male,Medical and Health Sciences,10.7314/APJCP.2012.13.7.3335,2012.0
35933181900.0,Mohammad,Heidari,male,Medical and Health Sciences,10.7314/APJCP.2013.14.3.1807,2013.0
35933181900.0,,Heidari,male,Medical and Health Sciences,,2013.0
35933181900.0,Mohammad,Heidari,male,Medical and Health Sciences,,2014.0
57206580274.0,Jie,Zhao,male,Engineering and Technology,10.1016/j.measurement.2014.09.049,2015.0
35933181900.0,Mohammad,Heidari,male,Medical and Health Sciences,,2016.0
35933181900.0,Mohammad,Heidari,male,Medical and Health Sciences,,2016.0
35933181900.0,Mohammad,Heidari,male,Medical and Health Sciences,10.17795/semj38237,2016.0
35933181900.0,Mohammad,Heidari,male,Medical and Health Sciences,10.5812/ircmj.42071,2017.0
35933181900.0,Mohammad,Heidari,male,Medical and Health Sciences,10.5812/ircmj.43061,2017.0
35933181900.0,,Heidari,male,Medical and Health Sciences,,2019.0
35933181900.0,Mohammad,Heidari,male,Medical and Health Sciences,10.1007/s13760-019-01101-x,2019.0
35933181900.0,Mohammad,Heidari,male,Medical and Health Sciences,10.25122/jml-2018-0087,2019.0
57215976841.0,Heloisa Barbosa,Paglione,female,Medical and Health Sciences,10.1590/S0080-62342012000500016,2012.0
57215976841.0,Heloisa Barbozahelo,Paglione,female,Medical and Health Sciences,10.1590/S0104-07072013000200033,2013.0
55872361900.0,Jing,Wang,female,Medical and Health Sciences,10.1111/jpc.13175,2016.0
55872361900.0,Jing,Wang,female,Medical and Health Sciences,10.1007/s11684-020-0772-y,2020.0
55757306200.0,Bárbara,Horta e Costa,female,Natural Sciences,10.1371/journal.pone.0065057,2013.0
55757306200.0,Bárbara,Horta e Costa,female,Natural Sciences,10.1371/journal.pone.0065057,2013.0
55757306200.0,Bárbara Horta E.,Costa,female,Natural Sciences,10.3354/meps10204,2013.0
55757306200.0,Bárbara Horta E.,Costa,female,Natural Sciences,10.3354/meps10204,2013.0
55757306200.0,Bárbara,Horta e Costa,female,Natural Sciences,10.1016/j.fishres.2013.08.001,2013.0
55757306200.0,Bárbara,Horta e Costa,female,Natural Sciences,10.1016/j.fishres.2013.08.001,2013.0
55757306200.0,Bárbara,Horta E Costa,female,Natural Sciences,10.1017/S1755267213000055,2013.0
55757306200.0,Bárbara,Horta E Costa,female,Natural Sciences,10.1017/S1755267213000055,2013.0
55757306200.0,Bárbara,Horta E Costa,female,Natural Sciences,10.3354/meps10749,2014.0
55757306200.0,Bárbara,Horta E Costa,female,Natural Sciences,10.3354/meps10749,2014.0
57212781269.0,Lisa K.,Simone,female,Medical and Health Sciences,10.1097/NHH.0000000000000107,2014.0
55757306200.0,Bárbara,Horta e Costa,female,Natural Sciences,10.1007/s10211-015-0212-1,2015.0
55757306200.0,Bárbara,Horta e Costa,female,Natural Sciences,10.1007/s10211-015-0212-1,2015.0
55757306200.0,,Horta e Costa,female,Natural Sciences,10.1016/j.fishres.2015.07.020,2015.0
55757306200.0,,Horta e Costa,female,Natural Sciences,10.1016/j.fishres.2015.07.020,2015.0
55757306200.0,Bárbara,Horta E Costa,female,Natural Sciences,10.3354/meps11054,2015.0
55757306200.0,Bárbara,Horta E Costa,female,Natural Sciences,10.3354/meps11054,2015.0
55757306200.0,Bárbara Horta e,Costa,female,Natural Sciences,10.1080/17451000.2014.889306,2015.0
55757306200.0,Bárbara Horta e,Costa,female,Natural Sciences,10.1080/17451000.2014.889306,2015.0
55757306200.0,Bárbara,Horta e Costa,female,Natural Sciences,10.1016/j.marpol.2016.06.021,2016.0
55757306200.0,Bárbara,Horta e Costa,female,Natural Sciences,10.1016/j.marpol.2016.06.021,2016.0
55757306200.0,Bárbara,Horta e Costa,female,Natural Sciences,10.1016/j.marpol.2016.06.021,2016.0
55757306200.0,Bárbara,Horta e Costa,female,Natural Sciences,10.1016/j.marpol.2016.06.021,2016.0
55757306200.0,Barbara,Horta e Costa,female,Natural Sciences,10.1016/j.marpol.2016.11.025,2017.0
55757306200.0,Barbara,Horta e Costa,female,Natural Sciences,10.1016/j.marpol.2016.11.025,2017.0
55757306200.0,Barbara,Horta e Costa,female,Natural Sciences,10.1016/j.marpol.2016.11.025,2017.0
55757306200.0,Barbara,Horta e Costa,female,Natural Sciences,10.1016/j.marpol.2016.11.025,2017.0
55757306200.0,Bárbara,Horta e Costa,female,Natural Sciences,10.1002/fee.1934,2018.0
55757306200.0,Bárbara,Horta e Costa,female,Natural Sciences,10.1002/fee.1934,2018.0
55757306200.0,Bárbara,Horta e Costa,female,Natural Sciences,10.1002/fee.1934,2018.0
55757306200.0,Bárbara,Horta e Costa,female,Natural Sciences,10.1002/fee.1934,2018.0
55757306200.0,Bárbara,Horta e Costa,female,Natural Sciences,10.1016/j.marpol.2019.103553,2019.0
55757306200.0,Barbara,Horta e Costa,female,Natural Sciences,10.1016/j.aaf.2020.01.005,2020.0
55757306200.0,Barbara,Horta e Costa,female,Natural Sciences,10.1007/s10531-019-01929-y,2020.0
56653237700.0,Mitsuru,Oshiro,male,Medical and Health Sciences,10.4993/acrt.21.26,2013.0
56653237700.0,Mitsuru,Oshiro,male,Medical and Health Sciences,,2013.0
56653237700.0,Mitsuru,Oshiro,male,Medical and Health Sciences,10.1007/s00280-015-2767-y,2015.0
56609662500.0,Qipeng,Tang,male,Engineering and Technology,10.1109/TIE.2015.2505679,2016.0
56609662500.0,Qipeng,Tang,male,Engineering and Technology,10.1080/00207217.2015.1036379,2016.0
56653237700.0,Mitsuru,Oshiro,male,Medical and Health Sciences,10.14994/tohoigaku.2016.002,2016.0
56653237700.0,Mitsuru,Oshiro,male,Medical and Health Sciences,10.1007/s10147-015-0911-7,2016.0
56609662500.0,Qipeng,Tang,male,Engineering and Technology,10.1109/TPEL.2016.2583787,2017.0
56653237700.0,Mitsuru,Oshiro,male,Medical and Health Sciences,10.4993/acrt.25.92,2017.0
56609662500.0,Qipeng,Tang,male,Engineering and Technology,10.1109/TPEL.2017.2743106,2018.0
56609662500.0,Qipeng,Tang,male,Engineering and Technology,10.1109/TPEL.2018.2811126,2018.0
56653237700.0,Mitsuru,Oshiro,male,Medical and Health Sciences,10.7150/jca.24733,2018.0
56653237700.0,Mitsuru,Oshiro,male,Medical and Health Sciences,10.1007/s00595-019-1771-y,2019.0
56609662500.0,Qipeng,Tang,male,Engineering and Technology,10.6113/JPE.2019.19.5.1224,2019.0
56609662500.0,Qipeng,Tang,male,Engineering and Technology,10.1109/TPEL.2019.2913684,2020.0
56609662500.0,Qipeng,Tang,male,Engineering and Technology,10.1109/TIE.2018.2890487,2020.0
57199677170.0,Fang,Cheng,female,Medical and Health Sciences,10.3980/j.issn.1672-5123.2013.05.08,2013.0
56896581200.0,Achintya A.,Patel,male,Natural Sciences,10.1016/j.bbacli.2015.09.001,2015.0
56896581200.0,Achintya A.,Patel,male,Natural Sciences,10.3978/j.issn.2306-9759.2016.01.02,2016.0
56896581200.0,Achintya A.,Patel,male,Natural Sciences,10.1210/en.2016-1819,2017.0
57201266413.0,Li,Wang,male,Natural Sciences,10.1038/cmi.2014.80,2015.0
57201266413.0,Li,Wang,male,Natural Sciences,10.1016/j.febslet.2015.11.011,2015.0
57201266413.0,Li,Wang,male,Natural Sciences,10.4049/jimmunol.1400583,2015.0
55686346500.0,Min-Young,Kim,female,Medical and Health Sciences,10.3389/fnhum.2015.00381,2015.0
55686346500.0,Min-Young,Kim,female,Medical and Health Sciences,10.1097/WNR.0000000000000494,2015.0
55686346500.0,Min-Young,Kim,female,Medical and Health Sciences,10.3988/jcn.2015.11.4.319,2015.0
57201266413.0,Li,Wang,male,Natural Sciences,10.1016/j.vaccine.2015.11.069,2016.0
57201266413.0,Li,Wang,male,Natural Sciences,10.1074/jbc.M115.693101,2016.0
57201266413.0,Li,Wang,male,Natural Sciences,10.1016/j.bbrc.2016.01.173,2016.0
55686346500.0,Min-Young,Kim,female,Medical and Health Sciences,10.1016/j.jneumeth.2015.09.012,2016.0
55686346500.0,Min-Young,Kim,female,Medical and Health Sciences,10.1016/j.eplepsyres.2016.08.013,2016.0
55686346500.0,Min-Young,Kim,female,Medical and Health Sciences,10.3389/fncom.2016.00120,2016.0
57201266413.0,,Wang,male,Natural Sciences,10.1111/cei.12907,2017.0
57201266413.0,Li,Wang,male,Natural Sciences,10.1159/000460294,2017.0
57201266413.0,Li,Wang,male,Natural Sciences,10.1111/imm.12712,2017.0
57201266413.0,Li,Wang,male,Natural Sciences,10.1016/j.biomaterials.2017.04.035,2017.0
57201266413.0,Li,Wang,male,Natural Sciences,10.3389/fimmu.2017.00129,2017.0
55686346500.0,,Kim,female,Medical and Health Sciences,10.1088/1361-6668/aa718e,2017.0
55686346500.0,,Kim,female,Medical and Health Sciences,10.1016/j.irbm.2017.03.002,2017.0
55686346500.0,Min-Young,Kim,female,Medical and Health Sciences,10.3389/fninf.2017.00050,2017.0
55686346500.0,Min-Young,Kim,female,Medical and Health Sciences,10.1016/j.compbiomed.2017.12.020,2018.0
55686346500.0,Min-Young,Kim,female,Medical and Health Sciences,10.1002/hbm.23977,2018.0
57201266413.0,Li,Wang,male,Natural Sciences,10.1016/j.intimp.2019.02.048,2019.0
55686346500.0,Min-Young,Kim,female,Medical and Health Sciences,10.1038/s41598-018-36498-7,2019.0
55686346500.0,Min-Young,Kim,female,Medical and Health Sciences,10.1016/j.jneumeth.2020.108688,2020.0
55686346500.0,Min-Young,Kim,female,Medical and Health Sciences,10.1109/ACCESS.2019.2961122,2020.0
54585166000.0,Ranga,Gunapala,male,Medical and Health Sciences,10.1111/j.1464-410X.2012.11546.x,2012.0
54585166000.0,,Gunapala,male,Medical and Health Sciences,10.1016/j.clon.2012.03.015,2012.0
54585166000.0,,Gunapala,male,Medical and Health Sciences,10.1016/j.ejca.2011.10.033,2012.0
54585166000.0,,Gunapala,male,Medical and Health Sciences,10.1111/j.1365-2354.2012.01373.x,2013.0
54585166000.0,Ranga,Gunapala,male,Medical and Health Sciences,10.1177/1357633X13483258,2013.0
54585166000.0,Ranga,Gunapala,male,Medical and Health Sciences,10.1186/1471-2407-14-674,2014.0
54585166000.0,,Gunapala,male,Medical and Health Sciences,10.1136/bmjresp-2014-000061,2014.0
56595838200.0,Xiaoyue,Yu,female,Natural Sciences,10.1371/journal.pone.0134237,2015.0
56595838200.0,Xiaoyue,Yu,female,Natural Sciences,10.1111/mpp.12248,2015.0
54585166000.0,Ranga,Gunapala,male,Medical and Health Sciences,10.1186/s12885-015-1156-6,2015.0
54585166000.0,,Gunapala,male,Medical and Health Sciences,10.1136/bmjopen-2014-006440,2015.0
56595838200.0,Xiaoyue,Yu,female,Natural Sciences,10.3389/fpls.2016.00933,2016.0
56595838200.0,Xiaoyue,Yu,female,Natural Sciences,10.1002/ps.4080,2016.0
56595838200.0,Xiaoyue,Yu,female,Natural Sciences,10.1094/PHYTO-12-15-0328-R,2016.0
56595838200.0,Xiaoyue,Yu,female,Natural Sciences,10.1094/PHYTO-12-15-0328-R,2016.0
54585166000.0,Ranga,Gunapala,male,Medical and Health Sciences,10.1007/s00280-015-2950-1,2016.0
54585166000.0,,Gunapala,male,Medical and Health Sciences,10.1016/j.ejca.2016.03.078,2016.0
54585166000.0,,Gunapala,male,Medical and Health Sciences,10.1111/ecc.12402,2017.0
54585166000.0,Ranga,Gunapala,male,Medical and Health Sciences,10.1007/s10689-017-9965-1,2017.0
54585166000.0,,Gunapala,male,Medical and Health Sciences,10.1093/annonc/mdy292.087,2018.0
56595838200.0,Xiaoyue,Yu,female,Natural Sciences,10.1111/mpp.12503,2018.0
54585166000.0,Ranga,Gunapala,male,Medical and Health Sciences,10.1371/journal.pone.0225509,2019.0
54585166000.0,Ranga,Gunapala,male,Medical and Health Sciences,10.1259/bjr.20190184,2019.0
54585166000.0,Ranga,Gunapala,male,Medical and Health Sciences,10.1016/j.ijrobp.2019.11.402,2020.0
56539576500.0,Sidra,Kanwal,female,Natural Sciences,10.1007/s11356-015-4271-7,2015.0
57213432095.0,Jing,Xu,female,Natural Sciences,10.1002/ppsc.201600150,2016.0
57213432095.0,Jing,Xu,female,Natural Sciences,10.1039/c6nr07207k,2016.0
57213432095.0,Jing,Xu,female,Natural Sciences,10.1039/c6nr07207k,2016.0
57213432095.0,Jing,Xu,female,Natural Sciences,10.1002/ppsc.201600420,2017.0
57213432095.0,Jing,Xu,female,Natural Sciences,10.1039/c6ce02165d,2017.0
57213432095.0,Jing,Xu,female,Natural Sciences,10.1016/j.snb.2017.05.124,2017.0
57213432095.0,Jing,Xu,female,Natural Sciences,10.1002/tcr.201700026,2018.0
57213432095.0,Jing,Xu,female,Natural Sciences,10.1002/adfm.201707500,2018.0
57213432095.0,Jing,Xu,female,Natural Sciences,10.1002/slct.201801800,2018.0
57213432095.0,Jing,Xu,female,Natural Sciences,10.1002/adfm.201801573,2018.0
57213432095.0,Jing,Xu,female,Natural Sciences,10.1002/adfm.201801573,2018.0
57213432095.0,Jing,Xu,female,Natural Sciences,10.1039/c8ta05976d,2018.0
56539576500.0,,Kanwal,female,Natural Sciences,10.1016/j.renene.2018.04.012,2018.0
55363736100.0,Shai,Davidai,male,Social Sciences,10.1073/pnas.1211695109,2012.0
55363736100.0,Shai,Davidai,male,Social Sciences,10.1002/bdm.1865,2015.0
55363736100.0,Shai,Davidai,male,Social Sciences,10.1177/1745691614562005,2015.0
57202568725.0,,Frei,male,Natural Sciences,10.3847/0067-0049/227/2/14,2016.0
57202568725.0,,Frei,male,Natural Sciences,10.1103/PhysRevX.6.041015,2016.0
57202568725.0,,Frei,male,Natural Sciences,10.1103/PhysRevX.6.041014,2016.0
57202568725.0,,Frei,male,Natural Sciences,10.1103/PhysRevD.94.064035,2016.0
57202568725.0,,Frei,male,Natural Sciences,10.1103/PhysRevD.94.102001,2016.0
57202568725.0,,Frei,male,Natural Sciences,10.3847/2041-8205/832/2/L21,2016.0
57202568725.0,,Frei,male,Natural Sciences,10.1017/S1743921317000734,2016.0
57202568725.0,,Frei,male,Natural Sciences,10.1017/S1743921317000734,2016.0
55363736100.0,Shai,Davidai,male,Social Sciences,,2016.0
57202568725.0,,Frei,male,Natural Sciences,10.1103/PhysRevD.94.102002,2016.0
55363736100.0,Shai,Davidai,male,Social Sciences,10.1037/pspa0000066,2016.0
57202568725.0,,Frei,male,Natural Sciences,10.1103/PhysRevLett.119.161101,2017.0
57202568725.0,,Frei,male,Natural Sciences,10.1088/1361-6382/aa51f4,2017.0
57202568725.0,,Frei,male,Natural Sciences,10.3847/2041-8213/aa9a35,2017.0
57202568725.0,,Frei,male,Natural Sciences,10.1103/PhysRevD.96.122004,2017.0
57202568725.0,,Frei,male,Natural Sciences,10.1002/andp.201600209,2017.0
57202568725.0,,Frei,male,Natural Sciences,10.3847/2041-8205/833/1/L1,2017.0
57202568725.0,,Frei,male,Natural Sciences,10.1103/PhysRevD.95.082005,2017.0
57202568725.0,,Frei,male,Natural Sciences,10.1103/PhysRevD.95.042003,2017.0
57202568725.0,,Frei,male,Natural Sciences,10.1103/PhysRevD.95.122003,2017.0
57202568725.0,,Frei,male,Natural Sciences,10.1103/PhysRevD.95.062003,2017.0
57202568725.0,,Frei,male,Natural Sciences,10.1103/PhysRevD.96.022001,2017.0
57202568725.0,,Frei,male,Natural Sciences,10.1103/PhysRevD.96.022005,2017.0
57202568725.0,,Frei,male,Natural Sciences,10.1088/1361-6382/aa6854,2017.0
57202568725.0,,Frei,male,Natural Sciences,10.1103/PhysRevLett.118.221101,2017.0
57202568725.0,,Frei,male,Natural Sciences,10.1103/PhysRevLett.118.121101,2017.0
57202568725.0,,Frei,male,Natural Sciences,10.1103/PhysRevLett.118.121102,2017.0
57202568725.0,,Frei,male,Natural Sciences,10.3847/1538-4357/aa677f,2017.0
57202568725.0,,Frei,male,Natural Sciences,10.3847/1538-4357/aa6c47,2017.0
57202568725.0,,Frei,male,Natural Sciences,10.1103/PhysRevLett.119.141101,2017.0
57202568725.0,,Frei,male,Natural Sciences,10.1103/PhysRevD.96.062002,2017.0
57202568725.0,,Frei,male,Natural Sciences,10.3847/2041-8213/aa920c,2017.0
57202568725.0,,Frei,male,Natural Sciences,10.3847/2041-8213/aa91c9,2017.0
57202568725.0,,Frei,male,Natural Sciences,10.3847/2041-8213/aa9478,2017.0
57202568725.0,,Frei,male,Natural Sciences,10.1038/nature24471,2017.0
57202568725.0,,Frei,male,Natural Sciences,10.3847/2041-8213/aa93fc,2017.0
57202568725.0,,Frei,male,Natural Sciences,10.3847/1538-4357/aa86f0,2017.0
57202568725.0,,Frei,male,Natural Sciences,10.3847/2041-8213/aa9aed,2017.0
57202568725.0,,Frei,male,Natural Sciences,10.3847/2041-8213/aa9f0c,2017.0
57202568725.0,,Frei,male,Natural Sciences,10.1103/PhysRevD.96.122006,2017.0
55363736100.0,Shai,Davidai,male,Social Sciences,10.1037/pspa0000105,2017.0
57202568725.0,,Frei,male,Natural Sciences,10.1007/s41114-018-0012-9,2018.0
57202568725.0,,Frei,male,Natural Sciences,10.1103/PhysRevLett.120.091101,2018.0
57202568725.0,,Frei,male,Natural Sciences,10.1103/PhysRevD.97.102003,2018.0
57202568725.0,Zsolt,Frei,male,Natural Sciences,10.3847/1538-4357/aaad0e,2018.0
57202568725.0,,Frei,male,Natural Sciences,10.1103/PhysRevLett.120.031104,2018.0
57202568725.0,,Frei,male,Natural Sciences,10.1088/1361-6382/aaab76,2018.0
57202568725.0,,Frei,male,Natural Sciences,10.1088/1361-6382/aaaafa,2018.0
57202568725.0,,Frei,male,Natural Sciences,10.1103/PhysRevLett.120.201102,2018.0
57202568725.0,,Frei,male,Natural Sciences,10.1103/PhysRevD.97.102002,2018.0
57202568725.0,,Frei,male,Natural Sciences,10.1103/PhysRevLett.121.161101,2018.0
57202568725.0,,Frei,male,Natural Sciences,10.1103/PhysRevLett.121.231103,2018.0
57202568725.0,,Frei,male,Natural Sciences,10.1093/MNRAS/STY1703,2018.0
57202568725.0,,Frei,male,Natural Sciences,10.1093/MNRAS/STY1703,2018.0
57202568725.0,Zsolt,Frei,male,Natural Sciences,10.3847/1538-4357/aabfee,2018.0
57202568725.0,Zsolt,Frei,male,Natural Sciences,10.3847/1538-4357/aabfee,2018.0
55363736100.0,Shai,Davidai,male,Social Sciences,,2018.0
55363736100.0,Shai,Davidai,male,Social Sciences,10.1037/emo0000326,2018.0
55363736100.0,Shai,Davidai,male,Social Sciences,10.1016/j.jesp.2018.07.012,2018.0
57202568725.0,,Frei,male,Natural Sciences,10.3847/1538-4357/ab0f3d,2019.0
57202568725.0,,Frei,male,Natural Sciences,10.1103/PhysRevD.100.104036,2019.0
57202568725.0,,Frei,male,Natural Sciences,10.1103/PhysRevD.100.062001,2019.0
57202568725.0,,Frei,male,Natural Sciences,10.1103/PhysRevX.9.031040,2019.0
57202568725.0,,Frei,male,Natural Sciences,10.1103/PhysRevLett.122.061104,2019.0
57202568725.0,,Frei,male,Natural Sciences,10.3847/1538-4357/ab113b,2019.0
57202568725.0,,Frei,male,Natural Sciences,10.3847/2041-8213/ab14f1,2019.0
57202568725.0,,Frei,male,Natural Sciences,10.1103/PhysRevX.9.011001,2019.0
57202568725.0,,Frei,male,Natural Sciences,10.3847/1538-4357/aaf21d,2019.0
57202568725.0,,Frei,male,Natural Sciences,10.3847/1538-4357/aaf726,2019.0
57202568725.0,,Frei,male,Natural Sciences,10.3847/1538-4357/ab0e15,2019.0
57202568725.0,,Frei,male,Natural Sciences,10.1103/PhysRevD.99.104033,2019.0
57202568725.0,,Frei,male,Natural Sciences,10.3847/1538-4357/ab0e8f,2019.0
57202568725.0,,Frei,male,Natural Sciences,10.1103/PhysRevLett.123.011102,2019.0
57202568725.0,,Frei,male,Natural Sciences,10.1103/PhysRevD.99.122002,2019.0
57202568725.0,,Frei,male,Natural Sciences,10.3847/1538-4357/ab20cb,2019.0
57202568725.0,,Frei,male,Natural Sciences,10.1103/PhysRevD.100.064064,2019.0
57202568725.0,,Frei,male,Natural Sciences,10.1103/PhysRevD.100.024004,2019.0
57202568725.0,,Frei,male,Natural Sciences,10.1103/PhysRevD.100.024017,2019.0
57202568725.0,,Frei,male,Natural Sciences,10.1103/PhysRevD.100.061101,2019.0
57202568725.0,,Frei,male,Natural Sciences,10.3847/2041-8213/ab3800,2019.0
57202568725.0,Zsolt,Frei,male,Natural Sciences,10.1016/j.nima.2018.08.039,2019.0
57202568725.0,,Frei,male,Natural Sciences,10.3847/1538-4357/ab3c2d,2019.0
57202568725.0,,Frei,male,Natural Sciences,10.1103/PhysRevLett.123.161102,2019.0
57202568725.0,,Frei,male,Natural Sciences,10.3847/1538-4357/ab4b48,2019.0
57202568725.0,,Frei,male,Natural Sciences,10.1103/PhysRevD.100.122002,2019.0
57202568725.0,Zsolt,Frei,male,Natural Sciences,10.1002/asna.201913673,2019.0
55363736100.0,Shai,Davidai,male,Social Sciences,10.1037/xge0000580,2019.0
55363736100.0,Shai,Davidai,male,Social Sciences,10.1126/sciadv.aay3761,2019.0
57202568725.0,,Frei,male,Natural Sciences,10.1088/1361-6382/ab685e,2020.0
57202568725.0,,Frei,male,Natural Sciences,10.1088/1361-6382/ab5f7c,2020.0
55111622000.0,Kenji,Takada,male,Natural Sciences,10.1007/s10157-012-0690-7,2013.0
57192484050.0,Hong,Zhang,male,Medical and Health Sciences,10.1016/j.brainres.2014.02.032,2014.0
55111622000.0,Kenji,Takada,male,Natural Sciences,10.1371/journal.pone.0157356,2016.0
57191638079.0,Jing,Zhao,female,Natural Sciences,10.1016/j.bbrc.2013.12.136,2014.0
57192255069.0,David,Wathen,male,Medical and Health Sciences,10.1542/pir.2016-0083,2016.0
56125186400.0,Yongtao,Du,male,Natural Sciences,10.1007/s00128-014-1345-z,2014.0
56125186400.0,Yongtao,Du,male,Natural Sciences,10.1080/19443994.2014.911115,2015.0
55816371000.0,Noman,Ashraf,male,Engineering and Technology,10.1016/j.energy.2016.07.136,2016.0
55816371000.0,Noman,Ashraf,male,Engineering and Technology,10.1016/j.apenergy.2016.04.014,2016.0
55816371000.0,Noman,Ashraf,male,Engineering and Technology,10.1080/09613218.2019.1696171,2019.0
56872171800.0,Weihua,Jiang,male,Natural Sciences,10.1109/TPS.2015.2429688,2015.0
57075249100.0,,Chen,male,Natural Sciences,10.1038/ncomms10712,2016.0
57075249100.0,,Chen,male,Natural Sciences,10.1103/PhysRevB.93.045118,2016.0
57075249100.0,,Chen,male,Natural Sciences,10.1103/PhysRevB.93.045118,2016.0
57075249100.0,,Chen,male,Natural Sciences,10.1103/PhysRevLett.116.157201,2016.0
57075249100.0,,Chen,male,Natural Sciences,10.1088/0953-8984/28/14/14LT01,2016.0
57075249100.0,,Chen,male,Natural Sciences,10.1088/0953-8984/28/14/14LT01,2016.0
57075249100.0,,Chen,male,Natural Sciences,10.1103/PhysRevB.93.245152,2016.0
57075249100.0,,Chen,male,Natural Sciences,10.1103/PhysRevB.93.245152,2016.0
57075249100.0,Kuan Wen,Chen,male,Natural Sciences,10.3390/cryst6100128,2016.0
57075249100.0,Kuan Wen,Chen,male,Natural Sciences,10.3390/cryst6100128,2016.0
57075249100.0,Kuan-Wen,Chen,male,Natural Sciences,10.1126/science.aaf3762,2016.0
57075249100.0,Kuan-Wen,Chen,male,Natural Sciences,10.1021/jacs.7b05569,2017.0
57075249100.0,,Chen,male,Natural Sciences,10.1103/PhysRevB.96.085141,2017.0
57075249100.0,,Chen,male,Natural Sciences,10.1103/PhysRevB.96.014421,2017.0
57075249100.0,,Chen,male,Natural Sciences,10.1103/PhysRevB.96.014421,2017.0
57075249100.0,,Chen,male,Natural Sciences,10.1103/PhysRevB.96.041101,2017.0
57075249100.0,,Chen,male,Natural Sciences,10.1103/PhysRevB.96.041101,2017.0
57075249100.0,,Chen,male,Natural Sciences,10.1088/0953-8984/29/2/024004,2017.0
57075249100.0,Kuan-Wen,Chen,male,Natural Sciences,10.1073/pnas.1710192114,2017.0
57075249100.0,,Chen,male,Natural Sciences,10.1103/PhysRevB.95.174438,2017.0
57075249100.0,,Chen,male,Natural Sciences,10.1103/PhysRevB.96.121108,2017.0
57075249100.0,,Chen,male,Natural Sciences,10.1103/PhysRevB.95.041107,2017.0
57075249100.0,,Chen,male,Natural Sciences,10.1103/PhysRevMaterials.1.044404,2017.0
57075249100.0,,Chen,male,Natural Sciences,10.1103/PhysRevMaterials.1.044404,2017.0
57075249100.0,,Chen,male,Natural Sciences,10.1103/PhysRevMaterials.1.034801,2017.0
57075249100.0,,Chen,male,Natural Sciences,10.1103/PhysRevMaterials.1.034801,2017.0
57075249100.0,,Chen,male,Natural Sciences,10.1103/PhysRevB.97.165112,2018.0
57075249100.0,,Chen,male,Natural Sciences,10.1103/PhysRevB.97.165112,2018.0
57075249100.0,,Chen,male,Natural Sciences,10.1103/PhysRevB.97.235154,2018.0
57075249100.0,,Chen,male,Natural Sciences,10.1103/PhysRevB.97.235154,2018.0
57075249100.0,,Chen,male,Natural Sciences,10.1103/PhysRevLett.120.206401,2018.0
57075249100.0,,Chen,male,Natural Sciences,10.1103/PhysRevLett.120.206401,2018.0
57075249100.0,Kuan-Wen,Chen,male,Natural Sciences,10.1126/sciadv.aaw6183,2019.0
57075249100.0,Kuan-Wen,Chen,male,Natural Sciences,10.1126/sciadv.aaw6183,2019.0
57075249100.0,Kuan-Wen,Chen,male,Natural Sciences,10.1103/PhysRevMaterials.3.041201,2019.0
57075249100.0,Kuan-Wen,Chen,male,Natural Sciences,10.1103/PhysRevMaterials.3.041201,2019.0
57075249100.0,,Chen,male,Natural Sciences,10.1103/PhysRevB.99.235146,2019.0
57075249100.0,,Chen,male,Natural Sciences,10.1103/PhysRevB.99.235146,2019.0
57075249100.0,,Chen,male,Natural Sciences,10.1103/PhysRevB.100.115138,2019.0
57075249100.0,,Chen,male,Natural Sciences,10.1103/PhysRevB.100.115138,2019.0
57075249100.0,,Chen,male,Natural Sciences,10.1103/PhysRevB.100.125112,2019.0
57075249100.0,,Chen,male,Natural Sciences,10.1103/PhysRevB.100.125112,2019.0
57075249100.0,Kuan-Wen,Chen,male,Natural Sciences,10.1038/s41598-020-60545-x,2020.0
57075249100.0,Kuan-Wen,Chen,male,Natural Sciences,10.1038/s41598-020-60545-x,2020.0
56512339600.0,Mehmet,Yücens,male,Medical and Health Sciences,10.1016/j.injury.2014.10.048,2014.0
56814159200.0,Wenjun,Tan,male,Engineering and Technology,10.1016/j.polymer.2015.08.025,2015.0
56512339600.0,,Yucens,male,Medical and Health Sciences,10.1302/0301-620X.97B5.34959,2015.0
56814159200.0,Wenjun,Tan,male,Engineering and Technology,10.1002/app.43727,2016.0
56814159200.0,Wenjun,Tan,male,Engineering and Technology,10.1007/s10853-017-1099-1,2017.0
56814159200.0,Wenjun,Tan,male,Engineering and Technology,10.1002/app.45497,2017.0
56512339600.0,Mehmet,Yücens,male,Medical and Health Sciences,10.3906/sag-1505-84,2017.0
56814159200.0,Wenjun,Tan,male,Engineering and Technology,10.1007/s10853-017-1932-6,2018.0
56814159200.0,Wenjun,Tan,male,Engineering and Technology,10.1016/j.cclet.2017.12.015,2018.0
56814159200.0,Wenjun,Tan,male,Engineering and Technology,10.1007/s10853-018-2366-5,2018.0
56814159200.0,Wenjun,Tan,male,Engineering and Technology,10.1177/0954008317744868,2018.0
56814159200.0,Wenjun,Tan,male,Engineering and Technology,10.1177/0954008317744868,2018.0
56512339600.0,Mehmet,Yücens,male,Medical and Health Sciences,,2019.0
56814159200.0,Wenjun,Tan,male,Engineering and Technology,10.1088/1361-6528/aaf520,2019.0
56512339600.0,Mehmet,Yucens,male,Medical and Health Sciences,10.1055/s-0038-1655764,2019.0
56512339600.0,Mehmet,Yücens,male,Medical and Health Sciences,10.3906/sag-1806-72,2019.0
56512339600.0,Mehmet,Yücens,male,Medical and Health Sciences,10.5606/ehc.2019.62471,2019.0
56512339600.0,,Yucens,male,Medical and Health Sciences,10.1016/j.hansur.2019.07.003,2019.0
56512339600.0,Mehmet,Yücens,male,Medical and Health Sciences,10.1007/s12011-019-01913-1,2019.0
56512339600.0,Mehmet,Yucens,male,Medical and Health Sciences,10.1590/1413-785220202801222851,2020.0
57193886194.0,Yong-Sung,Park,male,Medical and Health Sciences,10.3938/jkps.60.1977,2012.0
56457528900.0,Sheila,Barker,female,Humanities,10.1179/1462971215Z.00000000018,2015.0
57193886194.0,Yong Sung,Park,male,Medical and Health Sciences,10.1002/jcu.22472,2017.0
57193886194.0,Yong Sung,Park,male,Medical and Health Sciences,10.1259/bjr.20170181,2017.0
57193886194.0,Yong Sung,Park,male,Medical and Health Sciences,10.1259/bjr.20170345,2017.0
57193886194.0,Yong Sung,Park,male,Medical and Health Sciences,10.2214/AJR.16.17718,2017.0
57193886194.0,Yong Sung,Park,male,Medical and Health Sciences,10.1007/s00330-017-5017-3,2018.0
57193886194.0,Yong Sung,Park,male,Medical and Health Sciences,10.1007/s00256-017-2811-6,2018.0
57193886194.0,Yong Sung,Park,male,Medical and Health Sciences,10.1016/j.clinimag.2018.06.003,2018.0
6506975381.0,Ivan,Chmúrny,male,Engineering and Technology,10.4028/www.scientific.net/AMR.1057.3,2014.0
57192485231.0,Huiling,Zhang,female,Natural Sciences,10.1109/TPDS.2015.2449299,2016.0
55211773900.0,Yafei,Wang,male,Natural Sciences,10.1504/IJWMC.2012.046778,2012.0
56413148800.0,Feng,Wang,male,Medical and Health Sciences,10.1136/jmedgenet-2013-101558,2013.0
56413148800.0,Feng,Wang,male,Medical and Health Sciences,10.1136/jmedgenet-2013-101558,2013.0
56413148800.0,Feng,Wang,male,Medical and Health Sciences,10.1007/s11427-013-4443-y,2013.0
56413148800.0,Feng,Wang,male,Medical and Health Sciences,10.1167/iovs.13-11672,2013.0
56413148800.0,Feng,Wang,male,Medical and Health Sciences,10.1167/iovs.13-11672,2013.0
56413148800.0,Feng,Wang,male,Medical and Health Sciences,10.1371/journal.pone.0089695,2014.0
56413148800.0,Feng,Wang,male,Medical and Health Sciences,10.1371/journal.pone.0089695,2014.0
56413148800.0,Feng,Wang,male,Medical and Health Sciences,10.1167/iovs.14-15520,2014.0
56413148800.0,Feng,Wang,male,Medical and Health Sciences,10.1167/iovs.14-15520,2014.0
56413148800.0,Feng,Wang,male,Medical and Health Sciences,10.1007/s00439-013-1381-5,2014.0
56413148800.0,Feng,Wang,male,Medical and Health Sciences,10.1007/s00439-013-1381-5,2014.0
56413148800.0,Feng,Wang,male,Medical and Health Sciences,,2014.0
56413148800.0,Feng,Wang,male,Medical and Health Sciences,10.1016/j.gdata.2014.06.016,2014.0
56413148800.0,Feng,Wang,male,Medical and Health Sciences,10.1016/j.gdata.2014.06.016,2014.0
56413148800.0,Feng,Wang,male,Medical and Health Sciences,10.1167/iovs.15-16778,2015.0
56413148800.0,Feng,Wang,male,Medical and Health Sciences,10.1167/iovs.15-16778,2015.0
56413148800.0,Feng,Wang,male,Medical and Health Sciences,10.1167/iovs.14-16065,2015.0
56413148800.0,Feng,Wang,male,Medical and Health Sciences,10.1167/iovs.14-16065,2015.0
56413148800.0,Feng,Wang,male,Medical and Health Sciences,10.1038/gim.2014.174,2015.0
56413148800.0,Feng,Wang,male,Medical and Health Sciences,10.1038/gim.2014.174,2015.0
56413148800.0,Feng,Wang,male,Medical and Health Sciences,10.1167/iovs.14-15382,2015.0
56413148800.0,Feng,Wang,male,Medical and Health Sciences,10.1167/iovs.14-15382,2015.0
56413148800.0,Feng,Wang,male,Medical and Health Sciences,10.1091/mbc.E14-09-1343,2015.0
56413148800.0,Feng,Wang,male,Medical and Health Sciences,10.1007/s00439-014-1512-7,2015.0
56413148800.0,Feng,Wang,male,Medical and Health Sciences,10.1007/s00439-014-1512-7,2015.0
56413148800.0,Feng,Wang,male,Medical and Health Sciences,10.1007/s00439-015-1586-x,2015.0
56413148800.0,Feng,Wang,male,Medical and Health Sciences,10.1007/s00439-015-1586-x,2015.0
56413148800.0,Feng,Wang,male,Medical and Health Sciences,10.1371/journal.pone.0127904,2015.0
56413148800.0,Feng,Wang,male,Medical and Health Sciences,10.1371/journal.pone.0126993,2015.0
56413148800.0,Feng,Wang,male,Medical and Health Sciences,10.1038/srep18287,2015.0
56413148800.0,Feng,Wang,male,Medical and Health Sciences,10.1038/srep18287,2015.0
55211773900.0,Ya-Fei,Wang,male,Natural Sciences,10.11897/SP.J.1016.2015.02390,2015.0
55211773900.0,Ya-Fei,Wang,male,Natural Sciences,10.11897/SP.J.1016.2015.02390,2015.0
55211773900.0,Yafei,Wang,male,Natural Sciences,10.1016/j.knosys.2016.07.038,2016.0
55211773900.0,Yafei,Wang,male,Natural Sciences,10.1016/j.knosys.2016.07.038,2016.0
56413148800.0,Feng,Wang,male,Medical and Health Sciences,10.1002/humu.22940,2016.0
56413148800.0,Feng,Wang,male,Medical and Health Sciences,10.1002/humu.22940,2016.0
56413148800.0,Feng,Wang,male,Medical and Health Sciences,10.1016/j.ajhg.2016.10.008,2016.0
56413148800.0,Feng,Wang,male,Medical and Health Sciences,10.1016/j.ajhg.2016.10.008,2016.0
56413148800.0,Feng,Wang,male,Medical and Health Sciences,10.1101/gr.198911.115,2016.0
56413148800.0,Feng,Wang,male,Medical and Health Sciences,10.1101/gr.198911.115,2016.0
56413148800.0,Feng,Wang,male,Medical and Health Sciences,10.1093/hmg/ddw022,2016.0
56413148800.0,Feng,Wang,male,Medical and Health Sciences,10.1093/hmg/ddw022,2016.0
56413148800.0,Feng,Wang,male,Medical and Health Sciences,10.1002/anie.201601984,2016.0
56413148800.0,Feng,Wang,male,Medical and Health Sciences,10.1101/gr.204255.116,2016.0
55211773900.0,Yafei,Wang,male,Natural Sciences,10.1016/j.knosys.2017.10.010,2018.0
55211773900.0,Yafei,Wang,male,Natural Sciences,10.1016/j.knosys.2017.10.010,2018.0
56413148800.0,Feng,Wang,male,Medical and Health Sciences,10.1002/ajmg.a.38501,2018.0
56413148800.0,Feng,Wang,male,Medical and Health Sciences,10.1093/nar/gky892,2018.0
55211773900.0,Yafei,Wang,male,Natural Sciences,10.3390/s19061287,2019.0
55211773900.0,Yafei,Wang,male,Natural Sciences,10.3390/s19061287,2019.0
55207715300.0,Joseph,Held,male,Natural Sciences,10.1007/s13361-011-0308-4,2012.0
55989726900.0,Juan Carlos,Pineda,male,Medical and Health Sciences,10.1016/j.pbb.2013.06.003,2013.0
55989726900.0,Juan C.,Pineda,male,Medical and Health Sciences,10.1097/WNR.0000000000000324,2015.0
55207715300.0,Joseph,Held,male,Natural Sciences,10.1255/ejms.1310,2015.0
55989726900.0,Juan Carlos,Pineda,male,Medical and Health Sciences,10.7705/biomedica.v38i3.3688,2018.0
55207715300.0,Joseph,Held,male,Natural Sciences,10.1021/acs.jctc.8b00358,2018.0
55989726900.0,Juan Carlos,Pineda,male,Medical and Health Sciences,10.1097/WNR.0000000000001366,2019.0
55449791600.0,Hui Dong,Kang,female,Medical and Health Sciences,10.1097/SHK.0b013e3182764195,2013.0
55449791600.0,Hui Dong,Kang,female,Medical and Health Sciences,10.1097/SHK.0b013e3182764195,2013.0
55449791600.0,Hui Dong,Kang,female,Medical and Health Sciences,10.1097/PEC.0000000000000213,2014.0
55449791600.0,Hui Dong,Kang,female,Medical and Health Sciences,10.1097/WNQ.0000000000000013,2015.0
57191226473.0,Hung-Ju,Lin,male,Natural Sciences,10.1016/j.sna.2016.09.015,2016.0
57191226473.0,,Lin,male,Natural Sciences,10.1063/1.4994311,2017.0
57191226473.0,Hung-Ju,Lin,male,Natural Sciences,10.1021/acs.nanolett.8b01956,2018.0
55449791600.0,Hui Dong,Kang,female,Medical and Health Sciences,10.1089/ther.2018.0010,2018.0
55449791600.0,Hui Dong,Kang,female,Medical and Health Sciences,,2019.0
57191226473.0,Hung-Ju,Lin,male,Natural Sciences,10.1039/c9nr02113b,2019.0
57191226473.0,Hung-Ju,Lin,male,Natural Sciences,10.1063/1.5088944,2019.0
57204194467.0,Bo,Qiu,male,Natural Sciences,10.1007/s00382-015-2964-8,2016.0
57204194467.0,Bo,Qiu,male,Natural Sciences,10.1007/s00382-015-2964-8,2016.0
57204194467.0,Bo,Qiu,male,Natural Sciences,10.1002/2016JD025328,2016.0
57204194467.0,Bo,Qiu,male,Natural Sciences,10.1002/2016JD025328,2016.0
57207026419.0,Wei,Qin,male,Natural Sciences,10.1002/crat.201600012,2016.0
57204194467.0,Bo,Qiu,male,Natural Sciences,10.5194/acp-17-4989-2017,2017.0
57204194467.0,Bo,Qiu,male,Natural Sciences,10.5194/acp-17-4989-2017,2017.0
57204194467.0,Bo,Qiu,male,Natural Sciences,10.3390/rs90201014,2017.0
57204194467.0,Bo,Qiu,male,Natural Sciences,10.1002/2017GB005744,2018.0
57204194467.0,Bo,Qiu,male,Natural Sciences,10.1002/2017GB005744,2018.0
57204194467.0,Bo,Qiu,male,Natural Sciences,10.1002/2017GB005744,2018.0
57204194467.0,Bo,Qiu,male,Natural Sciences,10.1038/s41467-018-06762-5,2018.0
57204194467.0,Bo,Qiu,male,Natural Sciences,10.1038/s41467-018-06762-5,2018.0
57204194467.0,Bo,Qiu,male,Natural Sciences,10.1016/j.rse.2019.111373,2019.0
57204194467.0,Bo,Qiu,male,Natural Sciences,10.1016/j.rse.2019.111373,2019.0
57204194467.0,Bo,Qiu,male,Natural Sciences,10.1016/j.rse.2019.111373,2019.0
57204194467.0,Bo,Qiu,male,Natural Sciences,10.1016/j.scitotenv.2019.133627,2019.0
57204194467.0,Bo,Qiu,male,Natural Sciences,10.1016/j.scitotenv.2019.133627,2019.0
57204194467.0,Bo,Qiu,male,Natural Sciences,10.1016/j.agrformet.2019.02.045,2019.0
57204194467.0,Bo,Qiu,male,Natural Sciences,10.1016/j.agrformet.2019.02.045,2019.0
57204194467.0,Bo,Qiu,male,Natural Sciences,10.1016/j.agrformet.2019.02.045,2019.0
57204194467.0,Bo,Qiu,male,Natural Sciences,10.11834/jrs.20197485,2019.0
57204194467.0,Bo,Qiu,male,Natural Sciences,10.11834/jrs.20197485,2019.0
57204194467.0,Bo,Qiu,male,Natural Sciences,10.3390/rs11080973,2019.0
57204194467.0,Bo,Qiu,male,Natural Sciences,10.3390/rs11080973,2019.0
57204194467.0,Bo,Qiu,male,Natural Sciences,10.1002/joc.6407,2019.0
57204194467.0,Bo,Qiu,male,Natural Sciences,10.1002/joc.6407,2019.0
57204194467.0,Bo,Qiu,male,Natural Sciences,10.1029/2019GL086569,2020.0
57204194467.0,Bo,Qiu,male,Natural Sciences,10.1029/2019GL086569,2020.0
54404599800.0,Feifei,Chu,female,Natural Sciences,10.1007/s00253-013-4924-8,2014.0
57191619077.0,Zhu,Jun,male,Engineering and Technology,10.1587/elex.13.20161079,2016.0
55022863000.0,,Hellstern,male,Natural Sciences,10.1002/fuce.201100187,2012.0
55022863000.0,Thomas,Hellstern,male,Natural Sciences,10.1021/am201408t,2012.0
55022863000.0,Thomas,Hellstern,male,Natural Sciences,10.1016/j.ijhydene.2013.09.073,2013.0
55022863000.0,Thomas R.,Hellstern,male,Natural Sciences,10.1021/cs500923c,2014.0
56841367800.0,Melba,Estrella,female,Medical and Health Sciences,10.1016/j.jaad.2015.05.011,2015.0
55022863000.0,Thomas R.,Hellstern,male,Natural Sciences,10.1039/c5ta04863j,2015.0
55022863000.0,Thomas R.,Hellstern,male,Natural Sciences,10.1002/cssc.201500334,2015.0
55022863000.0,Thomas R.,Hellstern,male,Natural Sciences,10.1016/j.susc.2015.04.007,2016.0
55022863000.0,Thomas R.,Hellstern,male,Natural Sciences,10.1002/aenm.201501758,2016.0
56841367800.0,Melba,Estrella,female,Medical and Health Sciences,10.1016/j.jaad.2016.11.060,2017.0
55022863000.0,Thomas R.,Hellstern,male,Natural Sciences,10.1021/acscatal.7b02133,2017.0
55022863000.0,Thomas R.,Hellstern,male,Natural Sciences,10.1021/acsami.7b10749,2017.0
55022863000.0,Thomas R.,Hellstern,male,Natural Sciences,10.1002/aenm.201701515,2017.0
55022863000.0,Thomas R.,Hellstern,male,Natural Sciences,10.1002/celc.201700334,2017.0
55022863000.0,Thomas R.,Hellstern,male,Natural Sciences,10.1021/acsenergylett.8b00237,2018.0
55022863000.0,Thomas R.,Hellstern,male,Natural Sciences,10.1021/acsenergylett.8b00237,2018.0
55022863000.0,Thomas R.,Hellstern,male,Natural Sciences,10.1002/adfm.201800852,2018.0
56841367800.0,Melba,Estrella,female,Medical and Health Sciences,10.4103/0028-3886.253612,2019.0
55022863000.0,Thomas R.,Hellstern,male,Natural Sciences,10.1002/aenm.201901824,2019.0
55022863000.0,Thomas R.,Hellstern,male,Natural Sciences,10.1021/acsaem.8b01562,2019.0
55022863000.0,Thomas R.,Hellstern,male,Natural Sciences,10.1021/acsanm.8b01966,2019.0
55022863000.0,Thomas R.,Hellstern,male,Natural Sciences,10.1038/s41565-019-0550-7,2019.0
55022863000.0,Thomas R.,Hellstern,male,Natural Sciences,10.1038/s41565-019-0550-7,2019.0
55971723800.0,Mika,Karasawa,male,Medical and Health Sciences,10.1016/j.archoralbio.2014.02.012,2014.0
55971723800.0,Mika,Karasawa,male,Medical and Health Sciences,10.1007/s12565-014-0236-z,2014.0
55971723800.0,Mika,Karasawa,male,Medical and Health Sciences,10.1093/chemse/bjt053,2014.0
56666306500.0,Yanting,Luo,female,Natural Sciences,10.1155/2014/784706,2014.0
55971723800.0,,Karasawa,male,Medical and Health Sciences,10.1016/j.neuroscience.2014.04.050,2014.0
55971723800.0,Mika,Karasawa,male,Medical and Health Sciences,10.1016/j.archoralbio.2014.12.002,2015.0
55971723800.0,Mika,Karasawa,male,Medical and Health Sciences,10.1093/chemse/bju062,2015.0
55971723800.0,Mika,Karasawa,male,Medical and Health Sciences,10.3171/2014.9.JNS141451,2015.0
55971723800.0,Mika,Karasawa,male,Medical and Health Sciences,10.1080/01616412.2016.1275461,2017.0
55971723800.0,Mika,Karasawa,male,Medical and Health Sciences,10.1016/j.jocn.2017.11.016,2018.0
55971723800.0,Mika,Karasawa,male,Medical and Health Sciences,10.1016/j.jocn.2017.11.016,2018.0
56666306500.0,Yanting,Luo,female,Natural Sciences,10.1371/journal.pcbi.1006034,2018.0
56666306500.0,Yanting,Luo,female,Natural Sciences,10.1371/journal.pcbi.1006034,2018.0
56666306500.0,Yanting,Luo,female,Natural Sciences,10.1371/journal.pcbi.1006034,2018.0
55971723800.0,Mika,Karasawa,male,Medical and Health Sciences,10.1016/j.jocn.2018.11.020,2019.0
56666306500.0,Yanting,Luo,female,Natural Sciences,10.1186/s13072-019-0310-9,2019.0
56666306500.0,Yanting,Luo,female,Natural Sciences,10.1016/j.gpb.2018.07.008,2020.0
56666306500.0,Yanting,Luo,female,Natural Sciences,10.1016/j.gpb.2018.07.008,2020.0
55236281900.0,,Mohiuddin,male,Medical and Health Sciences,10.1111/j.1365-2303.2012.00991.x,2013.0
55236281900.0,Yaseen,Mohiuddin,male,Medical and Health Sciences,10.5858/arpa.2012-0291-RS,2013.0
57206462072.0,Ke,Xiao,male,Engineering and Technology,10.7673/j.issn.1006-2793.2014.01.002,2014.0
54581853500.0,Kareem,Tawfik,male,Medical and Health Sciences,10.1097/MAO.0b013e3182595269,2012.0
56554418800.0,Ping-Ping,Song,female,Medical and Health Sciences,10.1080/19338244.2013.859120,2015.0
54581853500.0,Kareem O.,Tawfik,male,Medical and Health Sciences,10.5664/jcsm.4852,2015.0
54581853500.0,Kareem O.,Tawfik,male,Medical and Health Sciences,10.1002/lary.24963,2015.0
54581853500.0,Kareem O.,Tawfik,male,Medical and Health Sciences,10.1179/1754762815Y.0000000010,2016.0
54581853500.0,Kareem O.,Tawfik,male,Medical and Health Sciences,10.1177/0003489416656204,2016.0
54581853500.0,Kareem O.,Tawfik,male,Medical and Health Sciences,10.1177/0003489416656204,2016.0
54581853500.0,Kareem O.,Tawfik,male,Medical and Health Sciences,10.1177/0194599817699599,2017.0
54581853500.0,Kareem O.,Tawfik,male,Medical and Health Sciences,10.1007/s00247-017-3801-5,2017.0
54581853500.0,Kareem O.,Tawfik,male,Medical and Health Sciences,10.1177/0194599817699401,2017.0
54581853500.0,Kareem O.,Tawfik,male,Medical and Health Sciences,10.1002/ajmg.c.31587,2017.0
54581853500.0,Kareem O.,Tawfik,male,Medical and Health Sciences,10.1002/lary.26608,2017.0
54581853500.0,Kareem O.,Tawfik,male,Medical and Health Sciences,10.1002/lary.26608,2017.0
54581853500.0,Kareem O.,Tawfik,male,Medical and Health Sciences,10.1177/0003489418783781,2018.0
54581853500.0,Kareem O.,Tawfik,male,Medical and Health Sciences,10.1177/0194599818758271,2018.0
54581853500.0,Kareem O.,Tawfik,male,Medical and Health Sciences,10.1016/j.ijporl.2017.10.031,2018.0
54581853500.0,Kareem O.,Tawfik,male,Medical and Health Sciences,10.1177/0003489418761456,2018.0
54581853500.0,Kareem,Tawfik,male,Medical and Health Sciences,10.1177/0003489417742921,2018.0
54581853500.0,Kareem O.,Tawfik,male,Medical and Health Sciences,10.1002/lary.26968,2018.0
54581853500.0,Kareem O.,Tawfik,male,Medical and Health Sciences,10.1177/0194599818824306,2019.0
54581853500.0,Kareem O.,Tawfik,male,Medical and Health Sciences,10.1002/lary.27558,2019.0
54581853500.0,Kareem O.,Tawfik,male,Medical and Health Sciences,10.1177/0003489418803969,2019.0
54581853500.0,Kareem O.,Tawfik,male,Medical and Health Sciences,10.1097/MAO.0000000000002035,2019.0
54581853500.0,Kareem O.,Tawfik,male,Medical and Health Sciences,10.1002/jnr.24426,2019.0
54581853500.0,Kareem O.,Tawfik,male,Medical and Health Sciences,10.1097/MAO.0000000000002397,2019.0
54581853500.0,Kareem O.,Tawfik,male,Medical and Health Sciences,10.1055/s-0038-1675752,2019.0
54581853500.0,Kareem O.,Tawfik,male,Medical and Health Sciences,10.1097/MAO.0000000000002546,2020.0
55341794400.0,,Kakavand,male,Agricultural Sciences,10.1016/j.scient.2012.06.019,2012.0
55341794400.0,,Kakavand,male,Agricultural Sciences,10.1016/j.scient.2012.12.016,2013.0
56152970700.0,Wen,Sun,male,Natural Sciences,10.1587/transinf.E97.D.1379,2014.0
56152970700.0,Wen,Sun,male,Natural Sciences,10.1371/journal.pone.0116312,2015.0
56152970700.0,Wen,Sun,male,Natural Sciences,10.1371/journal.pone.0116312,2015.0
56152970700.0,Wen,Sun,male,Natural Sciences,10.1016/j.patcog.2016.07.033,2017.0
56152970700.0,Wen,Sun,male,Natural Sciences,10.1016/j.patcog.2016.07.033,2017.0
56152970700.0,Wen,Sun,male,Natural Sciences,10.1109/TIP.2018.2837341,2018.0
56152970700.0,Wen,Sun,male,Natural Sciences,10.1016/j.neucom.2018.06.042,2018.0
55341794400.0,Farshad,Kakavand,male,Agricultural Sciences,10.1016/j.euromechsol.2018.07.005,2019.0
55341794400.0,Farshad,Kakavand,male,Agricultural Sciences,10.1016/j.scienta.2018.08.034,2019.0
55341794400.0,Farshad,Kakavand,male,Agricultural Sciences,10.12989/scs.2019.32.2.239,2019.0
55341794400.0,Farshad,Kakavand,male,Agricultural Sciences,10.1016/j.scienta.2018.11.064,2019.0
55341794400.0,Farshad,Kakavand,male,Agricultural Sciences,10.1007/s40430-020-2200-2,2020.0
55341794400.0,Farshad,Kakavand,male,Agricultural Sciences,10.22055/JACM.2019.29442.1598,2020.0
57194204710.0,Maura L.,Quezada,female,Natural Sciences,10.1007/s10113-013-0548-x,2014.0
57194204710.0,Maura L.,Quezada,female,Natural Sciences,10.1007/s10113-013-0548-x,2014.0
56818149500.0,Hua-bin,Zhang,male,Medical and Health Sciences,10.1007/s12031-015-0634-2,2015.0
56818149500.0,Hua-bin,Zhang,male,Medical and Health Sciences,10.1007/s11064-016-1994-x,2016.0
56818149500.0,Hua-Bin,Zhang,male,Medical and Health Sciences,10.1097/MD.0000000000003906,2016.0
56818149500.0,Huabin,Zhang,male,Medical and Health Sciences,,2017.0
57194204710.0,Maura,Quezada,female,Natural Sciences,10.1007/s11295-017-1147-7,2017.0
56818149500.0,Hua-bin,Zhang,male,Medical and Health Sciences,10.1016/j.jstrokecerebrovasdis.2019.104375,2019.0
56818149500.0,Hua-bin,Zhang,male,Medical and Health Sciences,10.1007/s11655-020-3183-7,2020.0
57188753853.0,Ubaid,Ali,male,Social Sciences,10.5901/mjss.2014.v5n27p1728,2014.0
56338023700.0,Shilin,Kong,male,Natural Sciences,10.1002/cjoc.201400420,2014.0
56338023700.0,Shi-Lin,Kong,male,Natural Sciences,10.1039/c4ra05812g,2014.0
57188753853.0,Ubaid,Ali,male,Social Sciences,10.1016/j.ijdrr.2016.03.008,2016.0
57188753853.0,Ubaid,Ali,male,Social Sciences,10.1080/08832323.2016.1145623,2016.0
56338023700.0,Shi-Lin,Kong,male,Natural Sciences,10.1016/j.bmcl.2017.03.010,2017.0
57188753853.0,Ubaid,Ali,male,Social Sciences,10.1016/j.kjss.2017.06.001,2018.0
56338023700.0,Shi-Lin,Kong,male,Natural Sciences,10.1016/j.ejmech.2019.01.004,2019.0
55511551600.0,Carmen,Petermann,female,Medical and Health Sciences,10.1016/j.bandc.2012.09.011,2013.0
55511551600.0,Carmen,Petermann,female,Medical and Health Sciences,10.1002/hbm.22246,2014.0
55511551600.0,,Petermann,female,Medical and Health Sciences,,2014.0
55511551600.0,Carmen,Petermann,female,Medical and Health Sciences,10.1080/10803548.2015.1029290,2015.0
57205605408.0,Nancy Y.,Chen,female,Medical and Health Sciences,10.1542/hpeds.2015-0274,2016.0
57205605408.0,Nancy Y.,Chen,female,Medical and Health Sciences,10.1542/hpeds.2016-0014,2016.0
37014510800.0,Ayoung,Kim,female,Natural Sciences,10.1016/j.bios.2012.02.010,2012.0
55361912600.0,Jun-Young,Jung,female,Medical and Health Sciences,10.7150/ijms.4369,2012.0
55361912600.0,Jun-Young,Jung,female,Medical and Health Sciences,10.7150/ijms.8585,2014.0
56444460000.0,Francis Jackson de,Oliveira Paludo,male,Medical and Health Sciences,10.1016/j.cyto.2014.10.020,2015.0
57190337768.0,Guoxiang,Yang,male,No_discipline_assigned,10.1007/s12250-016-3786-5,2016.0
57190337768.0,Guoxiang,Yang,male,No_discipline_assigned,10.1038/srep29888,2016.0
57190337768.0,Guo-Xiang,Yang,male,No_discipline_assigned,10.1186/s12985-016-0648-6,2016.0
57190337768.0,Guoxiang,Yang,male,No_discipline_assigned,10.1038/s41426-017-0012-y,2018.0
55866889700.0,Qingbao,Zhou,male,Natural Sciences,10.1016/j.jappgeo.2013.08.016,2013.0
55866889700.0,Qingbao,Zhou,male,Natural Sciences,10.1007/s00034-014-9752-2,2014.0
55866889700.0,Qingbao,Zhou,male,Natural Sciences,10.1142/S0218396X15400020,2015.0
55866889700.0,Qingbao,Zhou,male,Natural Sciences,10.1142/S0218396X15400020,2015.0
57193692276.0,Diego A.,Espinoza,male,Natural Sciences,10.1038/srep22629,2016.0
55866889700.0,Qingbao,Zhou,male,Natural Sciences,10.1109/TGRS.2015.2490158,2016.0
55866889700.0,Qingbao,Zhou,male,Natural Sciences,10.1109/TGRS.2015.2490158,2016.0
55866889700.0,Qingbao,Zhou,male,Natural Sciences,10.1109/TGRS.2015.2490158,2016.0
57193692276.0,Diego A.,Espinoza,male,Natural Sciences,10.1182/blood-2016-07-728691,2017.0
57193692276.0,Diego A.,Espinoza,male,Natural Sciences,10.1182/blood-2016-08-734285,2017.0
57193692276.0,Diego A.,Espinoza,male,Natural Sciences,10.1084/jem.20171341,2018.0
57193692276.0,Diego A.,Espinoza,male,Natural Sciences,10.1182/blood-2017-08-802033,2018.0
57193692276.0,Diego A.,Espinoza,male,Natural Sciences,10.1126/sciimmunol.aat9781,2018.0
57193692276.0,Diego A.,Espinoza,male,Natural Sciences,10.1126/sciimmunol.aat9781,2018.0
57193692276.0,Diego A.,Espinoza,male,Natural Sciences,10.1016/j.omtm.2018.10.009,2018.0
57193692276.0,Diego A.,Espinoza,male,Natural Sciences,10.1016/j.ymthe.2019.04.003,2019.0
57193692276.0,Diego A.,Espinoza,male,Natural Sciences,10.1016/j.ymthe.2019.04.003,2019.0
57193692276.0,Diego A.,Espinoza,male,Natural Sciences,10.3389/fimmu.2019.02381,2019.0
57193692276.0,Diego A.,Espinoza,male,Natural Sciences,10.3389/fimmu.2019.02381,2019.0
55224583500.0,Jan-Hendrik,Pöhls,male,Natural Sciences,10.1016/j.carbon.2012.04.067,2012.0
55224583500.0,Jan-Hendrik,Pöhls,male,Natural Sciences,10.1016/j.carbon.2012.04.067,2012.0
55224583500.0,Jan-Hendrik,Pöhls,male,Natural Sciences,10.1016/j.carbon.2012.04.067,2012.0
55224583500.0,Jan-Hendrik,Pöhls,male,Natural Sciences,10.1038/ncomms3400,2013.0
55224583500.0,Jan-Hendrik,Pöhls,male,Natural Sciences,10.1039/c5tc01440a,2015.0
56298367200.0,Xiaohua,Wu,female,Engineering and Technology,10.1016/j.measurement.2016.05.069,2016.0
55224583500.0,Jan-Hendrik,Pöhls,male,Natural Sciences,10.1039/c5ta10330d,2016.0
55224583500.0,Jan-Hendrik,Pöhls,male,Natural Sciences,10.1039/c5tc04339e,2016.0
55224583500.0,Jan-Hendrik,Pöhls,male,Natural Sciences,10.1039/c5cp06575e,2016.0
56298367200.0,Xiaohua,Wu,female,Engineering and Technology,10.1109/TPEL.2016.2570204,2017.0
56298367200.0,Xiaohua,Wu,female,Engineering and Technology,10.6113/JPE.2017.17.2.453,2017.0
56298367200.0,Xiaohua,Wu,female,Engineering and Technology,10.3390/en10010063,2017.0
56298367200.0,Xiaohua,Wu,female,Engineering and Technology,10.1109/TIE.2017.2703685,2017.0
56298367200.0,Xiaohua,Wu,female,Engineering and Technology,10.3390/en10111751,2017.0
55224583500.0,Jan-Hendrik,Pöhls,male,Natural Sciences,10.1039/c7tc03948d,2017.0
55224583500.0,Jan-Hendrik,Pöhls,male,Natural Sciences,10.1002/adfm.201606361,2017.0
55224583500.0,Jan-Hendrik,Pöhls,male,Natural Sciences,10.1016/j.mtphys.2017.04.002,2017.0
56298367200.0,Xiaohua,Wu,female,Engineering and Technology,10.1109/TPEL.2017.2756688,2018.0
56298367200.0,Xiaohua,Wu,female,Engineering and Technology,10.1016/j.neucom.2018.06.028,2018.0
56298367200.0,Xiaohua,Wu,female,Engineering and Technology,10.6113/JPE.2018.18.1.23,2018.0
56298367200.0,Xiaohua,Wu,female,Engineering and Technology,10.1155/2018/5672171,2018.0
56298367200.0,Xiaohua,Wu,female,Engineering and Technology,10.3390/electronics7100261,2018.0
56298367200.0,Xiaohua,Wu,female,Engineering and Technology,10.3390/en11071684,2018.0
56298367200.0,Xiaohua,Wu,female,Engineering and Technology,10.3390/en11113111,2018.0
55224583500.0,Jan-Hendrik,Pöhls,male,Natural Sciences,10.1039/c8ta06470a,2018.0
55224583500.0,Jan-Hendrik,Pöhls,male,Natural Sciences,10.1016/j.jssc.2018.05.041,2018.0
55224583500.0,Jan-Hendrik,Pöhls,male,Natural Sciences,10.1039/c8ta09660k,2019.0
55224583500.0,Jan-Hendrik,Pöhls,male,Natural Sciences,10.1016/j.carbon.2018.12.047,2019.0
55224583500.0,Jan-Hendrik,Pöhls,male,Natural Sciences,10.1016/j.carbon.2018.12.047,2019.0
55224583500.0,Jan-Hendrik,Pöhls,male,Natural Sciences,10.1103/PhysRevB.100.214115,2019.0
55224583500.0,Jan-Hendrik,Pöhls,male,Natural Sciences,10.1002/zaac.201800351,2019.0
55224583500.0,Jan-Hendrik,Pöhls,male,Natural Sciences,10.1063/1.5095247,2019.0
56298367200.0,Xiaohua,Wu,female,Engineering and Technology,10.1109/ACCESS.2018.2885330,2019.0
56298367200.0,Xiaohua,Wu,female,Engineering and Technology,10.1142/S0218126619500336,2019.0
56298367200.0,Xiaohua,Wu,female,Engineering and Technology,10.1142/S1793962319500247,2019.0
56298367200.0,Xiaohua,Wu,female,Engineering and Technology,10.1109/TIE.2018.2878191,2019.0
56298367200.0,Xiaohua,Wu,female,Engineering and Technology,10.1142/S0218126619500580,2019.0
56298367200.0,Xiaohua,Wu,female,Engineering and Technology,10.1109/TMAG.2019.2893655,2019.0
56298367200.0,Xiaohua,Wu,female,Engineering and Technology,10.3390/en13020347,2020.0
55758724500.0,Thibault,Maillot,male,Natural Sciences,10.1051/cocv/2012043,2013.0
55758724500.0,Thibault,Maillot,male,Natural Sciences,10.1007/s10883-014-9222-y,2014.0
57015683100.0,Jingna,Liu,female,Natural Sciences,10.1016/j.ijbiomac.2015.10.014,2016.0
55758724500.0,Thibault,Maillot,male,Natural Sciences,10.3390/rs10050761,2018.0
7801565396.0,Nuha,Ceesay,female,Medical and Health Sciences,10.1089/aid.2013.0092,2013.0
7801565396.0,Nuha,Ceesay,female,Medical and Health Sciences,10.1177/0956462413498858,2014.0
7801565396.0,Nuha,Ceesay,female,Medical and Health Sciences,10.1097/QAI.0000000000000453,2015.0
7801565396.0,Nuha,Ceesay,female,Medical and Health Sciences,10.7717/peerj.1076,2015.0
7801565396.0,Nuha,Ceesay,female,Medical and Health Sciences,10.1093/jhuman/huu026,2015.0
7801565396.0,Nuha,Ceesay,female,Medical and Health Sciences,10.1186/s12889-015-1583-y,2015.0
57191594056.0,Peng,Shu,male,Natural Sciences,10.3969/j.issn.0253-4967.2016.03.006,2016.0
57191594056.0,Peng,Shu,male,Natural Sciences,10.3969/j.issn.0253-4967.2016.03.002,2016.0
7801565396.0,Nuha,Ceesay,female,Medical and Health Sciences,10.1177/0020764016663969,2016.0
57191594056.0,Peng,Shu,male,Natural Sciences,10.3969/j.issn.0253-4967.2017.04.002,2017.0
7801565396.0,Nuha,Ceesay,female,Medical and Health Sciences,10.1371/journal.pmed.1002422,2017.0
57191594056.0,Peng,Shu,male,Natural Sciences,10.1016/j.jseaes.2017.10.038,2018.0
57191594056.0,Peng,Shu,male,Natural Sciences,10.1016/j.jseaes.2017.10.038,2018.0
57191594056.0,Peng,Shu,male,Natural Sciences,10.1360/N972018-00961,2019.0
57192624468.0,Xiong,Wang,male,Natural Sciences,10.1007/s11596-012-1012-8,2012.0
56719770900.0,,Al-Farga,male,Natural Sciences,10.3989/gya.0944142,2015.0
56719770900.0,,Al-Farga,male,Natural Sciences,10.3989/gya.0944142,2015.0
56719770900.0,Ammar,Al-Farga,male,Natural Sciences,10.1016/j.foodchem.2016.05.016,2016.0
56719770900.0,,Al-Farga,male,Natural Sciences,,2017.0
56719770900.0,Ammar,AL-Farga,male,Natural Sciences,10.1098/rsos.172164,2018.0
56719770900.0,Ammar,AL-Farga,male,Natural Sciences,10.1038/s41598-019-49206-w,2019.0
56719770900.0,Ammar,Al-Farga,male,Natural Sciences,10.4103/2221-1691.273090,2020.0
56660274400.0,Michelle Miranda Araújo De Carvalho,Ribeiro,female,Natural Sciences,10.1016/j.talanta.2013.08.020,2013.0
56660274400.0,Michelle M. A. C.,Ribeiro,female,Natural Sciences,10.1002/jssc.201401387,2015.0
57192643036.0,Miao,Zhang,female,Natural Sciences,10.1186/s13717-014-0029-2,2015.0
57192643036.0,Miao,Zhang,female,Natural Sciences,10.3724/SP.J.1145.2016.02001,2016.0
57192643036.0,Miao,Zhang,female,Natural Sciences,10.3724/SP.J.1145.2016.02001,2016.0
57192643036.0,Miao,Zhang,female,Natural Sciences,10.1186/s40064-016-2121-9,2016.0
56660274400.0,Michelle M.A.C.,Ribeiro,female,Natural Sciences,10.1016/j.chroma.2016.10.031,2016.0
56660274400.0,Michelle M. A. C.,Ribeiro,female,Natural Sciences,10.1039/c6ay00943c,2016.0
57192643036.0,Miao,Zhang,female,Natural Sciences,10.1016/j.ecoleng.2017.03.011,2017.0
57192643036.0,Miao,Zhang,female,Natural Sciences,10.1007/s11284-017-1518-4,2017.0
56660274400.0,Michelle M. A. C.,Ribeiro,female,Natural Sciences,10.1002/jssc.201601275,2017.0
56660274400.0,Michelle M. A. C.,Ribeiro,female,Natural Sciences,10.21577/0103-5053.20180073,2018.0
57192643036.0,Miao,Zhang,female,Natural Sciences,10.1007/s11368-017-1725-1,2018.0
56660274400.0,Michelle Miranda A. C.,Ribeiro,female,Natural Sciences,10.1002/jssc.201801042,2019.0
56660274400.0,Michelle M. A. C.,Ribeiro,female,Natural Sciences,10.1002/elan.201800716,2019.0
57192643036.0,Miao,Zhang,female,Natural Sciences,10.1002/rra.3411,2019.0
56660274400.0,Michelle M. A. C.,Ribeiro,female,Natural Sciences,10.1080/17597269.2020.1728912,2020.0
57192643036.0,Miao,Zhang,female,Natural Sciences,10.1080/02705060.2019.1670744,2020.0
57206959836.0,Chih-Cheng,Chien,male,Natural Sciences,10.1105/tpc.112.095778,2012.0
57206959836.0,Chih-Cheng,Chien,male,Natural Sciences,10.4161/psb.22611,2013.0
57206959836.0,Chih-Cheng,Chien,male,Natural Sciences,10.4161/psb.22611,2013.0
57190006088.0,Samaya,Pillai,female,Social Sciences,10.17485/ijst/2016/v9i21/95122,2016.0
57190006088.0,Samaya,Pillai,female,Social Sciences,10.1007/s40171-016-0137-1,2016.0
57190006088.0,Samaya,Pillai,female,Social Sciences,,2017.0
57190006088.0,Samaya,Pillai,female,Social Sciences,10.1108/LHTN-08-2019-0052,2019.0
57190006088.0,Samaya,Pillai,female,Social Sciences,,2020.0
55328417200.0,Šarka,Šímackova,female,Humanities,10.1017/S0025100312000102,2012.0
56270580600.0,Jing,Zhou,female,Natural Sciences,10.1142/S0129055X14300064,2014.0
55328417200.0,Šárka,Šimáčková,female,Humanities,10.1515/rela-2016-0009,2016.0
55328417200.0,Šárka,Šimáčková,female,Humanities,10.1515/topling-2016-0003,2016.0
55328417200.0,Šárka,Šimáčková,female,Humanities,10.1515/rela-2017-0022,2017.0
55328417200.0,Šárka,Šimáčková,female,Humanities,10.2478/rela-2018-0009,2018.0
55328417200.0,Šárka,Šimáčková,female,Humanities,10.2478/rela-2019-0014,2020.0
55735035800.0,Solmaz,Setayeshgar,female,Medical and Health Sciences,10.1155/2013/276564,2013.0
55735035800.0,Solmaz,Setayeshgar,female,Medical and Health Sciences,10.3390/nu7095338,2015.0
55735035800.0,Solmaz,Setayeshgar,female,Medical and Health Sciences,10.1139/apnm-2015-0074,2015.0
55735035800.0,Solmaz,Setayeshgar,female,Medical and Health Sciences,10.1139/apnm-2015-0074,2015.0
57195543091.0,Karen,Whysall,female,Medical and Health Sciences,10.1093/bja/aew316,2016.0
55735035800.0,Solmaz,Setayeshgar,female,Medical and Health Sciences,10.1017/S1368980016002500,2017.0
55735035800.0,Solmaz,Setayeshgar,female,Medical and Health Sciences,10.1017/S1368980016002846,2017.0
55735035800.0,Solmaz,Setayeshgar,female,Medical and Health Sciences,10.1371/journal.pone.0177848,2017.0
55735035800.0,Solmaz,Setayeshgar,female,Medical and Health Sciences,10.1139/apnm-2016-0215,2017.0
55735035800.0,Solmaz,Setayeshgar,female,Medical and Health Sciences,10.1016/j.msard.2018.07.012,2018.0
55735035800.0,Solmaz,Setayeshgar,female,Medical and Health Sciences,10.1016/j.msard.2018.11.004,2019.0
55735035800.0,Solmaz,Setayeshgar,female,Medical and Health Sciences,10.20945/2359-3997000000100,2019.0
55735035800.0,Solmaz,Setayeshgar,female,Medical and Health Sciences,10.1002/glia.23711,2020.0
54790637200.0,Marjan,Diricx,male,Natural Sciences,10.1016/j.cbpa.2012.07.012,2012.0
54790637200.0,Marjan,Diricx,male,Natural Sciences,10.1016/j.aquatox.2012.02.027,2012.0
54790637200.0,Marjan,Diricx,male,Natural Sciences,10.1016/j.aquatox.2012.05.013,2012.0
54790637200.0,Marjan,Diricx,male,Natural Sciences,10.1016/j.aquatox.2011.11.002,2012.0
54790637200.0,Marjan,Diricx,male,Natural Sciences,10.1016/j.cbpa.2013.02.009,2013.0
54790637200.0,Marjan,Diricx,male,Natural Sciences,10.1016/j.aquatox.2013.08.007,2013.0
56515647300.0,Jimin,Ma,female,Engineering and Technology,10.1109/TMAG.2014.2361871,2015.0
56515647300.0,Jimin,Ma,female,Engineering and Technology,10.1109/TMAG.2014.2361871,2015.0
54790637200.0,Marjan,Diricx,male,Natural Sciences,10.1016/j.cbpa.2014.09.017,2015.0
56515647300.0,Jimin,Ma,female,Engineering and Technology,10.1109/TIA.2017.2727438,2017.0
56515647300.0,Jimin,Ma,female,Engineering and Technology,10.1109/TIA.2017.2727438,2017.0
56515647300.0,Jimin,Ma,female,Engineering and Technology,10.19595/j.cnki.1000-6753.tces.171145,2018.0
56515647300.0,Jimin,Ma,female,Engineering and Technology,10.5370/JEET.2018.13.3.1285,2018.0
56515647300.0,Jimin,Ma,female,Engineering and Technology,10.3233/JAE-180019,2018.0
56515647300.0,Jimin,Ma,female,Engineering and Technology,10.1155/2019/4261304,2019.0
7004894449.0,Sandy,Wynn,female,Medical and Health Sciences,10.5365/WPSAR.2014.5.2.009,2014.0
57190847945.0,Xianfeng,Que,male,Natural Sciences,10.1007/s10853-016-0294-9,2016.0
57190847945.0,Xianfeng,Que,male,Natural Sciences,10.1016/j.eurpolymj.2018.04.033,2018.0
57190847945.0,Xianfeng,Que,male,Natural Sciences,10.1177/0954008318821710,2019.0
57190847945.0,Xianfeng,Que,male,Natural Sciences,10.1063/1.5134918,2020.0
56753858100.0,Stephen E.,Messier,male,Natural Sciences,10.1016/j.plefa.2015.05.003,2015.0
56753858100.0,Stephen E.,Messier,male,Natural Sciences,10.1016/j.plefa.2015.05.003,2015.0
57190018162.0,Jun,Xu,male,Medical and Health Sciences,10.1007/s00405-016-4185-0,2016.0
57190018162.0,Jun,Xu,male,Medical and Health Sciences,10.1007/s00405-016-4185-0,2016.0
57190018162.0,Jun,Xu,male,Medical and Health Sciences,10.1371/journal.pone.0161013,2016.0
57190018162.0,Jun,Xu,male,Medical and Health Sciences,10.1371/journal.pone.0161013,2016.0
56753858100.0,Stephen E.,Messier,male,Natural Sciences,10.1007/s11745-016-4130-4,2016.0
56753858100.0,Stephen E.,Messier,male,Natural Sciences,10.1007/s11745-016-4130-4,2016.0
57190018162.0,Jun,Xu,male,Medical and Health Sciences,10.1002/lary.26130,2016.0
57190018162.0,Jun,Xu,male,Medical and Health Sciences,10.1002/lary.26130,2016.0
57190018162.0,Jun,Xu,male,Medical and Health Sciences,10.1002/alr.22007,2017.0
57190018162.0,Jun,Xu,male,Medical and Health Sciences,10.1002/alr.22007,2017.0
57190018162.0,Jun,Xu,male,Medical and Health Sciences,10.1007/s00405-017-4468-0,2017.0
57190018162.0,Jun,Xu,male,Medical and Health Sciences,10.1155/2017/3908049,2017.0
57190018162.0,Jun,Xu,male,Medical and Health Sciences,10.1371/journal.pone.0181806,2017.0
57190018162.0,Jun,Xu,male,Medical and Health Sciences,10.1371/journal.pone.0181806,2017.0
57190018162.0,Jun,Xu,male,Medical and Health Sciences,10.1016/j.anl.2017.06.004,2018.0
57190018162.0,Jun,Xu,male,Medical and Health Sciences,10.1016/j.anl.2017.06.004,2018.0
57190018162.0,Jun,Xu,male,Medical and Health Sciences,10.1016/j.clim.2018.07.014,2018.0
57190018162.0,Jun,Xu,male,Medical and Health Sciences,10.1016/j.clim.2018.07.014,2018.0
57190018162.0,Jun,Xu,male,Medical and Health Sciences,10.1016/j.clim.2018.07.014,2018.0
57190018162.0,Jun,Xu,male,Medical and Health Sciences,10.1002/alr.22155,2018.0
57190018162.0,Jun,Xu,male,Medical and Health Sciences,10.1002/alr.22155,2018.0
57190018162.0,Jun,Xu,male,Medical and Health Sciences,10.21053/ceo.2018.00717,2019.0
57190018162.0,Jun,Xu,male,Medical and Health Sciences,10.21053/ceo.2018.00717,2019.0
7004743911.0,Ivy Castro Campos de de,Souza,female,Medical and Health Sciences,10.1590/0037-8682-0105-2014,2014.0
56534395800.0,Yujun,Zhou,male,Natural Sciences,10.1039/c4ay03079f,2015.0
56534395800.0,Yujun,Zhou,male,Natural Sciences,10.1039/c4ay03079f,2015.0
56534395800.0,Yujun,Zhou,male,Natural Sciences,10.1094/PHYTO-08-15-0186-R,2016.0
56534395800.0,Yujun,Zhou,male,Natural Sciences,10.1094/PHYTO-09-15-0235-R,2016.0
55303818000.0,Ravindra,Rajarao,male,Natural Sciences,10.1080/00958972.2012.699046,2012.0
55303818000.0,Ravindra,Rajarao,male,Natural Sciences,10.1007/s11706-012-0183-3,2012.0
55303818000.0,Ravindra,Rajarao,male,Natural Sciences,,2012.0
55303818000.0,Ravindra,Rajarao,male,Natural Sciences,10.2355/isijinternational.53.2259,2013.0
55303818000.0,,Rajarao,male,Natural Sciences,,2013.0
55303818000.0,Ravindra,Rajarao,male,Natural Sciences,10.1080/15533174.2013.778876,2013.0
55303818000.0,Ravindra,Rajarao,male,Natural Sciences,10.1166/jnn.2013.7090,2013.0
7004977371.0,Stan,Feinberg,male,Medical and Health Sciences,10.1097/SLA.0000000000000595,2014.0
55303818000.0,Ravindra,Rajarao,male,Natural Sciences,10.1016/j.fuel.2014.05.054,2014.0
55303818000.0,,Rajarao,male,Natural Sciences,10.1016/j.wasman.2014.05.004,2014.0
55303818000.0,Ravindra,Rajarao,male,Natural Sciences,10.1016/j.matlet.2013.10.105,2014.0
55303818000.0,Ravindra,Rajarao,male,Natural Sciences,10.1016/j.jaap.2013.09.014,2014.0
55303818000.0,Ravindra,Rajarao,male,Natural Sciences,10.1016/j.matlet.2014.01.018,2014.0
7004977371.0,Stanley M.,Feinberg,male,Medical and Health Sciences,10.1186/s12957-014-0425-1,2015.0
7004977371.0,Stanley M.,Feinberg,male,Medical and Health Sciences,10.1186/s12957-014-0425-1,2015.0
55303818000.0,,Rajarao,male,Natural Sciences,10.1007/s40831-014-0002-4,2015.0
55303818000.0,Ravindra,Rajarao,male,Natural Sciences,10.1039/c5ra03720d,2015.0
55303818000.0,,Rajarao,male,Natural Sciences,10.1016/j.fuproc.2015.03.004,2015.0
55303818000.0,Ravindra,Rajarao,male,Natural Sciences,10.1016/j.molcata.2015.08.012,2015.0
55303818000.0,Ravindra,Rajarao,male,Natural Sciences,10.1016/j.jiec.2015.04.006,2015.0
7004977371.0,Stan,Feinberg,male,Medical and Health Sciences,10.1503/cjs.014015,2016.0
7004977371.0,Stan,Feinberg,male,Medical and Health Sciences,10.1503/cjs.014015,2016.0
55303818000.0,Ravindra,Rajarao,male,Natural Sciences,10.1016/j.electacta.2016.06.077,2016.0
55303818000.0,Ravindra,Rajarao,male,Natural Sciences,10.1016/j.jclepro.2016.06.029,2016.0
55303818000.0,Ravindra,Rajarao,male,Natural Sciences,10.1007/s40831-016-0051-y,2016.0
55303818000.0,Ravindra,Rajarao,male,Natural Sciences,10.1177/0734242X15617010,2016.0
55303818000.0,,Rajarao,male,Natural Sciences,10.1016/j.wasman.2015.12.004,2016.0
55303818000.0,Ravindra,Rajarao,male,Natural Sciences,10.1016/j.jaap.2016.04.010,2016.0
55303818000.0,Ravindra,Rajarao,male,Natural Sciences,10.1007/s40831-016-0087-z,2016.0
55303818000.0,Ravindra,Rajarao,male,Natural Sciences,10.1016/j.wasman.2015.11.016,2016.0
55303818000.0,Ravindra,Rajarao,male,Natural Sciences,10.1021/acssuschemeng.6b02253,2017.0
55303818000.0,Ravindra,Rajarao,male,Natural Sciences,10.1016/j.jclepro.2017.03.074,2017.0
55303818000.0,Ravindra,Rajarao,male,Natural Sciences,10.1016/j.jclepro.2016.12.139,2017.0
55303818000.0,Ravindra,Rajarao,male,Natural Sciences,10.1016/j.conbuildmat.2017.04.009,2017.0
55303818000.0,Ravindra,Rajarao,male,Natural Sciences,10.1016/j.optmat.2017.06.051,2017.0
55303818000.0,Ravindra,Rajarao,male,Natural Sciences,10.1088/1555-6611/aa7370,2017.0
55303818000.0,Ravindra,Rajarao,male,Natural Sciences,10.1016/j.coco.2017.05.002,2017.0
55303818000.0,Ravindra,Rajarao,male,Natural Sciences,10.1016/j.jclepro.2017.04.115,2017.0
55303818000.0,Ravindra,Rajarao,male,Natural Sciences,10.2355/isijinternational.ISIJINT-2017-199,2017.0
55303818000.0,Ravindra,Rajarao,male,Natural Sciences,10.1038/s41598-017-17240-1,2017.0
55303818000.0,Ravindra,Rajarao,male,Natural Sciences,10.1016/j.fuproc.2017.06.013,2017.0
7004977371.0,Stanley M.,Feinberg,male,Medical and Health Sciences,10.1007/s00384-017-2950-1,2018.0
7004977371.0,Stanley M.,Feinberg,male,Medical and Health Sciences,10.1007/s00384-017-2950-1,2018.0
55303818000.0,Ravindra,Rajarao,male,Natural Sciences,10.3390/met8010078,2018.0
55303818000.0,Ravindra,Rajarao,male,Natural Sciences,10.1016/j.jclepro.2018.02.250,2018.0
55303818000.0,Ravindra,Rajarao,male,Natural Sciences,10.1016/j.jclepro.2018.06.055,2018.0
55303818000.0,Ravindra,Rajarao,male,Natural Sciences,10.1016/j.jclepro.2018.03.295,2018.0
55303818000.0,Ravindra,Rajarao,male,Natural Sciences,10.3390/met8040290,2018.0
55303818000.0,Ravindra,Rajarao,male,Natural Sciences,10.1016/j.jiec.2018.05.011,2018.0
55303818000.0,Ravindra,Rajarao,male,Natural Sciences,10.1016/j.matdes.2017.12.032,2018.0
55303818000.0,Ravindra,Rajarao,male,Natural Sciences,10.3390/nano8090717,2018.0
55303818000.0,Ravindra,Rajarao,male,Natural Sciences,10.1007/s40831-018-0194-0,2018.0
55303818000.0,Ravindra,Rajarao,male,Natural Sciences,10.1016/j.optmat.2019.01.076,2019.0
55303818000.0,Ravindra,Rajarao,male,Natural Sciences,10.1007/s11356-019-05596-y,2019.0
55303818000.0,Ravindra,Rajarao,male,Natural Sciences,10.1021/acssuschemeng.8b05503,2019.0
55303818000.0,Ravindra,Rajarao,male,Natural Sciences,10.1016/j.jclepro.2018.11.158,2019.0
55062319300.0,Shira,Tibon Czopp,female,Natural Sciences,10.1080/00223891.2011.653064,2012.0
55062319300.0,Shira,Tibon Czopp,female,Natural Sciences,10.1080/00223891.2011.653064,2012.0
56047114100.0,Yosuke,Ikari,male,Medical and Health Sciences,10.1007/s00520-014-2179-2,2014.0
55062319300.0,Shira,Tibon Czopp,female,Natural Sciences,10.1007/s10726-013-9368-0,2014.0
55062319300.0,Shira,Tibon Czopp,female,Natural Sciences,10.1007/s10726-013-9368-0,2014.0
55062319300.0,Shira,Tibon Czopp,female,Natural Sciences,10.1080/13554794.2013.826694,2014.0
55062319300.0,Shira,Tibon Czopp,female,Natural Sciences,10.1080/13554794.2013.826694,2014.0
56047114100.0,Yosuke,Ikari,male,Medical and Health Sciences,10.1007/s12185-015-1811-3,2015.0
55062319300.0,Shira,Tibon Czopp,female,Natural Sciences,10.1080/00223891.2015.1131162,2016.0
55062319300.0,,Tibon-Czopp,female,Natural Sciences,10.1007/s10726-015-9432-z,2016.0
56047114100.0,,Ikari,male,Medical and Health Sciences,10.1007/s10147-017-1117-y,2017.0
55062319300.0,Shira,Tibon-Czopp,female,Natural Sciences,10.1108/JACPR-05-2016-0231,2017.0
56333127400.0,Kristine,Stadskleiv,female,Medical and Health Sciences,10.3389/fpsyg.2014.00992,2014.0
56333127400.0,Kristine,Stadskleiv,female,Medical and Health Sciences,10.3389/fpsyg.2014.00992,2014.0
56333127400.0,Kristine,Stadskleiv,female,Medical and Health Sciences,10.1093/hmg/ddv305,2015.0
56486880200.0,Chuncheng,Wang,male,Natural Sciences,10.1103/PhysRevE.92.062203,2015.0
56486880200.0,Chuncheng,Wang,male,Natural Sciences,10.1016/j.ces.2014.12.059,2015.0
56486880200.0,,Wang,male,Natural Sciences,10.1016/j.jnoncrysol.2015.04.026,2015.0
56333127400.0,Kristine,Stadskleiv,female,Medical and Health Sciences,10.1007/s10882-016-9500-6,2016.0
56333127400.0,Kristine,Stadskleiv,female,Medical and Health Sciences,10.1007/s10882-016-9500-6,2016.0
56333127400.0,Kristine,Stadskleiv,female,Medical and Health Sciences,10.1590/S1413-65382216000300003,2016.0
56333127400.0,Kristine,Stadskleiv,female,Medical and Health Sciences,10.1590/S1413-65382216000300003,2016.0
56333127400.0,Kristine,Stadskleiv,female,Medical and Health Sciences,10.3109/07434618.2016.1160150,2016.0
56486880200.0,Chuncheng,Wang,male,Natural Sciences,10.1016/j.ces.2016.07.013,2016.0
56486880200.0,,Wang,male,Natural Sciences,10.1007/s10035-016-0612-6,2016.0
56486880200.0,,Wang,male,Natural Sciences,10.1007/s10035-016-0612-6,2016.0
56333127400.0,Kristine,Stadskleiv,female,Medical and Health Sciences,10.1080/15017419.2015.1091035,2016.0
56333127400.0,Kristine,Stadskleiv,female,Medical and Health Sciences,10.1007/s10882-017-9549-x,2017.0
56333127400.0,Kristine,Stadskleiv,female,Medical and Health Sciences,10.1080/07434618.2016.1276960,2017.0
56333127400.0,Kristine,Stadskleiv,female,Medical and Health Sciences,10.1080/23311908.2016.1275416,2017.0
56333127400.0,Kristine,Stadskleiv,female,Medical and Health Sciences,10.1080/17518423.2017.1282054,2018.0
56333127400.0,Kristine,Stadskleiv,female,Medical and Health Sciences,10.1080/07434618.2017.1420690,2018.0
56333127400.0,Kristine,Stadskleiv,female,Medical and Health Sciences,10.1080/07434618.2017.1422017,2018.0
56333127400.0,Kristine,Stadskleiv,female,Medical and Health Sciences,10.1080/07434618.2017.1422019,2018.0
56333127400.0,Kristine,Stadskleiv,female,Medical and Health Sciences,10.1080/07434618.2017.1420691,2018.0
56333127400.0,Kristine,Stadskleiv,female,Medical and Health Sciences,10.1080/07434618.2017.1420689,2018.0
56333127400.0,Kristine,Stadskleiv,female,Medical and Health Sciences,10.1080/07434618.2017.1422018,2018.0
56333127400.0,Kristine,Stadskleiv,female,Medical and Health Sciences,10.1111/dmcn.14463,2020.0
56333127400.0,Kristine,Stadskleiv,female,Medical and Health Sciences,10.1111/dmcn.14463,2020.0
56333127400.0,Kristine,Stadskleiv,female,Medical and Health Sciences,10.1111/apa.15188,2020.0
56333127400.0,Kristine,Stadskleiv,female,Medical and Health Sciences,10.1111/apa.15188,2020.0
56371369200.0,Sara A.,Simpson,female,Medical and Health Sciences,10.1177/1941874415569072,2015.0
57189056051.0,Haiyan,Jiang,male,Medical and Health Sciences,10.1099/jgv.0.000428,2016.0
57189056051.0,Haiyan,Jiang,male,Medical and Health Sciences,10.1016/j.virol.2016.02.006,2016.0
56371369200.0,Sara,Simpson,female,Medical and Health Sciences,10.1136/bmjopen-2018-021521,2018.0
56926118700.0,Bo Yeong,Moon,male,Natural Sciences,10.4014/mbl.1507.07003,2015.0
57197284587.0,Dongxu,Li,male,Medical and Health Sciences,10.3109/08830185.2014.936587,2015.0
56926118700.0,Bo Yeong,Moon,male,Natural Sciences,10.1002/fsn3.1270,2019.0
57197567493.0,Yan,Dong,male,Natural Sciences,10.1016/j.cnsns.2011.12.017,2012.0
56012092700.0,Jun-Ho,Lee,male,Natural Sciences,10.1016/j.renene.2013.08.027,2014.0
56012092700.0,Jun Ho,Lee,male,Natural Sciences,10.1063/1.4896319,2014.0
54880309500.0,Xiaorong,Liu,male,Medical and Health Sciences,10.1016/j.bmc.2011.12.006,2012.0
55645620500.0,Zhidao,Wu,male,Natural Sciences,10.4209/aaqr.2012.07.0199,2013.0
55645620500.0,Zhidao,Wu,male,Natural Sciences,10.4209/aaqr.2012.07.0199,2013.0
56992718600.0,Jiashen,Teh,male,Natural Sciences,10.1049/iet-gtd.2015.0601,2015.0
56992718600.0,Jiashen,Teh,male,Natural Sciences,10.1049/iet-gtd.2015.0351,2015.0
56344789900.0,Kan,Zhong,male,Natural Sciences,10.1016/j.sysarc.2016.06.007,2016.0
56344789900.0,Kan,Zhong,male,Natural Sciences,10.1016/j.sysarc.2016.06.007,2016.0
56992718600.0,Jiashen,Teh,male,Natural Sciences,10.1109/TR.2015.2495173,2016.0
56992718600.0,Jiashen,Teh,male,Natural Sciences,10.1109/TR.2015.2495173,2016.0
56344789900.0,Kan,Zhong,male,Natural Sciences,10.1016/j.future.2016.05.026,2017.0
56344789900.0,Kan,Zhong,male,Natural Sciences,10.1016/j.future.2016.05.026,2017.0
56344789900.0,Kan,Zhong,male,Natural Sciences,10.1109/TPDS.2017.2713780,2017.0
56344789900.0,Kan,Zhong,male,Natural Sciences,10.1109/TPDS.2017.2713780,2017.0
56344789900.0,Kan,Zhong,male,Natural Sciences,10.1109/TC.2017.2711620,2017.0
56344789900.0,Kan,Zhong,male,Natural Sciences,10.1109/TC.2017.2711620,2017.0
56344789900.0,Kan,Zhong,male,Natural Sciences,10.1109/TPDS.2016.2586059,2017.0
56344789900.0,Kan,Zhong,male,Natural Sciences,10.1109/TPDS.2016.2586059,2017.0
56992718600.0,Jiashen,Teh,male,Natural Sciences,10.3390/en10081128,2017.0
56992718600.0,Jiashen,Teh,male,Natural Sciences,10.3934/energy.2017.6.930,2017.0
56992718600.0,Jiashen,Teh,male,Natural Sciences,10.1109/TR.2017.2740158,2017.0
56344789900.0,Kan,Zhong,male,Natural Sciences,10.1016/j.physa.2018.05.149,2018.0
56992718600.0,Jiashen,Teh,male,Natural Sciences,10.3390/en11030623,2018.0
56992718600.0,Jiashen,Teh,male,Natural Sciences,10.1109/ACCESS.2018.2824238,2018.0
56992718600.0,Jiashen,Teh,male,Natural Sciences,10.3390/en11040815,2018.0
56992718600.0,Jiashen,Teh,male,Natural Sciences,10.3934/energy.2018.1.170,2018.0
56992718600.0,Jiashen,Teh,male,Natural Sciences,10.3390/en11020466,2018.0
56992718600.0,Jiashen,Teh,male,Natural Sciences,10.3390/en11051050,2018.0
56992718600.0,Jiashen,Teh,male,Natural Sciences,10.3390/en11051152,2018.0
56992718600.0,Jiashen,Teh,male,Natural Sciences,10.1109/TR.2018.2837114,2018.0
56992718600.0,Jiashen,Teh,male,Natural Sciences,10.3390/en11071749,2018.0
56992718600.0,Jiashen,Teh,male,Natural Sciences,10.1109/ACCESS.2018.2884189,2018.0
56992718600.0,Jiashen,Teh,male,Natural Sciences,10.3390/en11082155,2018.0
56992718600.0,Jiashen,Teh,male,Natural Sciences,10.3390/en11102649,2018.0
56992718600.0,Jiashen,Teh,male,Natural Sciences,10.3390/en11092278,2018.0
56992718600.0,Jiashen,Teh,male,Natural Sciences,10.3390/en11092417,2018.0
56992718600.0,Jiashen,Teh,male,Natural Sciences,,2019.0
56344789900.0,Kan,Zhong,male,Natural Sciences,10.1109/TPDS.2018.2886906,2019.0
56344789900.0,Kan,Zhong,male,Natural Sciences,10.1109/TPDS.2018.2886906,2019.0
56992718600.0,Jiashen,Teh,male,Natural Sciences,10.1109/ACCESS.2019.2945568,2019.0
56992718600.0,Jiashen,Teh,male,Natural Sciences,10.1109/ACCESS.2018.2885083,2019.0
56992718600.0,Jiashen,Teh,male,Natural Sciences,10.1109/ACCESS.2019.2955112,2019.0
56992718600.0,Jiashen,Teh,male,Natural Sciences,10.1016/j.segan.2019.100268,2019.0
56992718600.0,Jiashen,Teh,male,Natural Sciences,10.1109/ACCESS.2019.2916168,2019.0
56992718600.0,Jiashen,Teh,male,Natural Sciences,10.1109/ACCESS.2019.2891780,2019.0
56992718600.0,Jiashen,Teh,male,Natural Sciences,10.1109/ACCESS.2019.2907980,2019.0
56992718600.0,Jiashen,Teh,male,Natural Sciences,10.1109/ACCESS.2019.2921575,2019.0
56344789900.0,Kan,Zhong,male,Natural Sciences,10.1109/TCAD.2018.2878182,2020.0
56344789900.0,Kan,Zhong,male,Natural Sciences,10.1109/TCAD.2018.2878182,2020.0
56992718600.0,Jiashen,Teh,male,Natural Sciences,10.1002/er.5075,2020.0
56992718600.0,Jiashen,Teh,male,Natural Sciences,10.1109/ACCESS.2020.2970598,2020.0
56992718600.0,Jiashen,Teh,male,Natural Sciences,10.3390/en13051234,2020.0
56992718600.0,Jiashen,Teh,male,Natural Sciences,10.1063/1.5095811,2020.0
56992718600.0,Jiashen,Teh,male,Natural Sciences,10.1109/aCCESS.2020.2966922,2020.0
56992718600.0,Jiashen,Teh,male,Natural Sciences,10.1109/ACCESS.2020.2969546,2020.0
55469968700.0,Xiao,Yuan,male,Natural Sciences,10.1016/j.ijhydene.2012.04.011,2012.0
57199304301.0,Qinglin,Wu,female,Natural Sciences,10.1007/128_2011_297,2012.0
57192615326.0,Wenjing,Wang,female,Natural Sciences,10.1007/s10646-013-1086-5,2013.0
57192615326.0,Wenjing,Wang,female,Natural Sciences,10.1016/j.bse.2015.04.016,2015.0
57192615326.0,Wenjing,Wang,female,Natural Sciences,10.1016/j.bse.2015.04.016,2015.0
57192615326.0,Wenjing,Wang,female,Natural Sciences,10.1016/j.jes.2015.03.003,2015.0
57203439514.0,Meng,Wang,female,Natural Sciences,10.13801/j.cnki.fhclxb.20160127.002,2016.0
57203439514.0,Meng,Wang,female,Natural Sciences,10.13801/j.cnki.fhclxb.20160127.002,2016.0
57192615326.0,Wenjing,Wang,female,Natural Sciences,10.1007/s10811-015-0531-7,2016.0
57192615326.0,Wenjing,Wang,female,Natural Sciences,10.1007/s10811-015-0659-5,2016.0
57192615326.0,Wenjing,Wang,female,Natural Sciences,10.1007/s10811-015-0659-5,2016.0
57203439514.0,Meng,Wang,female,Natural Sciences,10.1002/pen.24747,2018.0
57203439514.0,Meng,Wang,female,Natural Sciences,10.1002/pen.24747,2018.0
57203439514.0,Meng,Wang,female,Natural Sciences,10.3390/polym11010050,2018.0
57203439514.0,Meng,Wang,female,Natural Sciences,10.11896/j.issn.1005-023X.2018.12.017,2018.0
57203439514.0,Meng,Wang,female,Natural Sciences,10.11896/j.issn.1005-023X.2018.12.017,2018.0
57203439514.0,Meng,Wang,female,Natural Sciences,10.11896/j.issn.1005-023X.2018.08.026,2018.0
57203439514.0,Meng,Wang,female,Natural Sciences,10.16865/j.cnki.1000-7555.2020.0023,2020.0
57192659366.0,Jill,Pell,female,Natural Sciences,10.1371/journal.pgen.1004508,2014.0
56843954700.0,Yan-Yan,Zhou,female,Natural Sciences,10.3109/19401736.2015.1060454,2016.0
56843954700.0,Yanyan,Zhou,female,Natural Sciences,10.3109/19401736.2015.1043736,2016.0
56843954700.0,Yanyan,Zhou,female,Natural Sciences,10.3109/19401736.2015.1060443,2016.0
56843954700.0,Yanyan,Zhou,female,Natural Sciences,10.3109/19401736.2015.1079856,2016.0
56843954700.0,Yanyan,Zhou,female,Natural Sciences,10.3109/19401736.2015.1066368,2016.0
56843954700.0,Yanyan,Zhou,female,Natural Sciences,10.3109/19401736.2015.1053128,2016.0
56843954700.0,Yan-Yan,Zhou,female,Natural Sciences,10.3109/19401736.2015.1079832,2016.0
56843954700.0,,Zhou,female,Natural Sciences,10.1111/tan.12945,2017.0
56843954700.0,Yanyan,Zhou,female,Natural Sciences,10.1080/23802359.2018.1532834,2018.0
56843954700.0,,Zhou,female,Natural Sciences,10.1111/tan.13257,2018.0
56843954700.0,,Zhou,female,Natural Sciences,10.1111/tan.13255,2018.0
30467734400.0,Shingo,Hayashi,male,Natural Sciences,10.1039/c3ta11345k,2013.0
57193221497.0,Po-Chun,Lee,male,Natural Sciences,10.6314/JIMT.2016.27(5).01,2016.0
57193221497.0,Po-Chun,Lee,male,Natural Sciences,10.1039/c8an02440e,2019.0
55910247700.0,Elizabeth,McMillan,female,Natural Sciences,10.1016/j.cell.2013.09.041,2013.0
55910247700.0,Elizabeth A.,McMillan,female,Natural Sciences,10.1091/mbc.E13-06-0316,2014.0
55910247700.0,Elizabeth A.,McMillan,female,Natural Sciences,10.1038/nchembio.1797,2015.0
55910247700.0,Elizabeth,McMillan,female,Natural Sciences,10.15252/msb.20156308,2015.0
55910247700.0,Elizabeth,McMillan,female,Natural Sciences,10.1158/0008-5472.CAN-14-1329,2015.0
55910247700.0,Elizabeth A.,McMillan,female,Natural Sciences,10.1038/ncomms7744,2015.0
56644151800.0,Travis J,Lund,male,Social Sciences,10.1186/s40594-015-0026-8,2015.0
56644151800.0,Travis J.,Lund,male,Social Sciences,10.1187/cbe.14-10-0168,2015.0
55910247700.0,Elizabeth,McMillan,female,Natural Sciences,10.1016/j.celrep.2016.07.023,2016.0
55910247700.0,Elizabeth,Mcmillan,female,Natural Sciences,10.1093/bioinformatics/btw010,2016.0
55910247700.0,Elizabeth A.,McMillan,female,Natural Sciences,10.1016/j.molcel.2015.11.004,2016.0
55910247700.0,Elizabeth,McMillan,female,Natural Sciences,10.1016/j.cell.2015.12.034,2016.0
55910247700.0,Elizabeth,McMillan,female,Natural Sciences,10.1038/nature19771,2016.0
55910247700.0,Elizabeth,McMillan,female,Natural Sciences,10.1038/ncomms14356,2017.0
55910247700.0,Elizabeth A.,McMillan,female,Natural Sciences,10.1158/2159-8290.CD-16-0955,2017.0
55910247700.0,Elizabeth A.,McMillan,female,Natural Sciences,10.1038/s41467-017-02332-3,2017.0
55910247700.0,Elizabeth A.,McMillan,female,Natural Sciences,10.1158/0008-5472.CAN-17-0829,2017.0
55910247700.0,Elizabeth A.,McMillan,female,Natural Sciences,10.1016/j.cell.2018.03.028,2018.0
55910247700.0,Elizabeth A.,McMillan,female,Natural Sciences,10.1158/0008-5472.CAN-18-1377,2018.0
55910247700.0,Elizabeth A.,McMillan,female,Natural Sciences,10.1038/s41467-019-12872-5,2019.0
55910247700.0,Elizabeth A.,McMillan,female,Natural Sciences,10.1016/j.chembiol.2019.07.008,2019.0
55910247700.0,Elizabeth A.,McMillan,female,Natural Sciences,10.1016/j.molcel.2019.08.028,2019.0
54407187600.0,Arthur F.,Lutz,male,Natural Sciences,10.1016/j.palaeo.2011.11.003,2012.0
54407187600.0,,Lutz,male,Natural Sciences,10.5194/hess-17-3661-2013,2013.0
6506418853.0,Lillian,Lopez-Villafuerte,female,Medical and Health Sciences,10.1111/ijd.12339,2014.0
54407187600.0,,Lutz,male,Natural Sciences,10.1038/nclimate2237,2014.0
54407187600.0,,Lutz,male,Natural Sciences,10.1038/nclimate2237,2014.0
54407187600.0,,Lutz,male,Natural Sciences,10.5194/hess-19-4673-2015,2015.0
54407187600.0,,Lutz,male,Natural Sciences,10.5194/gmd-8-2009-2015,2015.0
54407187600.0,,Lutz,male,Natural Sciences,10.1371/journal.pone.0165630,2016.0
54407187600.0,,Lutz,male,Natural Sciences,10.1371/journal.pone.0165630,2016.0
54407187600.0,Arthur F.,Lutz,male,Natural Sciences,10.1002/joc.4608,2016.0
54407187600.0,Arthur F.,Lutz,male,Natural Sciences,10.1002/joc.4608,2016.0
54407187600.0,Arthur F.,Lutz,male,Natural Sciences,10.1371/journal.pone.0190224,2017.0
54407187600.0,,Lutz,male,Natural Sciences,10.1038/nature23878,2017.0
54407187600.0,,Lutz,male,Natural Sciences,10.1038/nature23878,2017.0
54407187600.0,Arthur,Friedrich Lutz,male,Natural Sciences,10.5194/hess-22-6297-2018,2018.0
54407187600.0,,Lutz,male,Natural Sciences,10.1038/s41893-019-0305-3,2019.0
54407187600.0,,Lutz,male,Natural Sciences,10.1038/s41893-019-0305-3,2019.0
54407187600.0,Arthur F.,Lutz,male,Natural Sciences,10.3390/atmos10040171,2019.0
54407187600.0,Arthur F.,Lutz,male,Natural Sciences,10.3389/feart.2019.00143,2019.0
54407187600.0,Arthur F.,Lutz,male,Natural Sciences,10.3389/feart.2019.00143,2019.0
54407187600.0,Arthur F.,Lutz,male,Natural Sciences,10.1038/s41558-019-0502-0,2019.0
54407187600.0,Arthur F.,Lutz,male,Natural Sciences,10.1038/s41558-019-0502-0,2019.0
54407187600.0,Arthur F.,Lutz,male,Natural Sciences,10.5194/hess-23-1483-2019,2019.0
54407187600.0,Arthur F.,Lutz,male,Natural Sciences,10.1007/s10113-018-1433-4,2019.0
54407187600.0,Arthur,Lutz,male,Natural Sciences,10.1016/j.wasec.2019.100033,2019.0
54407187600.0,Arthur,Lutz,male,Natural Sciences,10.1080/17565529.2019.1682490,2019.0
54407187600.0,Arthur,Lutz,male,Natural Sciences,10.1080/17565529.2019.1682490,2019.0
54407187600.0,Arthur F.,Lutz,male,Natural Sciences,10.1002/joc.6298,2020.0
54407187600.0,Arthur F.,Lutz,male,Natural Sciences,10.1002/joc.6298,2020.0
54407187600.0,,Lutz,male,Natural Sciences,10.1038/s41586-019-1822-y,2020.0
54407187600.0,,Lutz,male,Natural Sciences,10.1038/s41586-019-1822-y,2020.0
36969128000.0,,Bryzgalov,male,Medical and Health Sciences,10.7868/S0044467714030095,2014.0
36969128000.0,,Bryzgalov,male,Medical and Health Sciences,10.7868/S0044467714030095,2014.0
36969128000.0,Dmitri V.,Bryzgalov,male,Medical and Health Sciences,10.1037/h0101029,2015.0
36969128000.0,Dmitri V.,Bryzgalov,male,Medical and Health Sciences,10.3389/fnhum.2015.00673,2015.0
36969128000.0,Dmitri V.,Bryzgalov,male,Medical and Health Sciences,10.3389/fnhum.2015.00673,2015.0
57189470798.0,Takeru,Shimazaki,male,Medical and Health Sciences,10.1371/journal.pone.0159650,2016.0
57189470798.0,Takeru,Shimazaki,male,Medical and Health Sciences,10.1111/aos.13089,2016.0
36969128000.0,Dmitri V.,Bryzgalov,male,Medical and Health Sciences,10.1097/WNR.0000000000000623,2016.0
36969128000.0,Dmitri V.,Bryzgalov,male,Medical and Health Sciences,10.1097/WNR.0000000000000623,2016.0
57189470798.0,Takeru,Shimazaki,male,Medical and Health Sciences,10.1111/aos.13274,2017.0
57189470798.0,Takeru,Shimazaki,male,Medical and Health Sciences,10.1111/aos.13575,2018.0
36969128000.0,Dmitri V.,Bryzgalov,male,Medical and Health Sciences,10.1097/WNR.0000000000000960,2018.0
36969128000.0,Dmitri V.,Bryzgalov,male,Medical and Health Sciences,10.1097/WNR.0000000000000960,2018.0
57199828639.0,Jing,Peng,female,Natural Sciences,10.1080/03067319.2010.510602,2012.0
6603323211.0,,Crossin,female,Medical and Health Sciences,10.1111/j.1445-5994.2012.02789.x,2013.0
6603323211.0,Jane,Crossin,female,Medical and Health Sciences,10.1259/bjr.20160016,2016.0
56673093400.0,Cheng,Chen,male,Medical and Health Sciences,10.1038/aps.2013.34,2013.0
55605080500.0,Risa,Tona,female,Medical and Health Sciences,10.5631/jibirin.106.155,2013.0
55605080500.0,Risa,Tona,female,Medical and Health Sciences,10.1016/j.anl.2013.12.003,2014.0
55605080500.0,Risa,Tona,female,Medical and Health Sciences,10.1016/j.anl.2014.05.017,2014.0
55605080500.0,Risa,Tona,female,Medical and Health Sciences,10.1016/j.anl.2014.05.017,2014.0
55605080500.0,Risa,Tona,female,Medical and Health Sciences,10.3109/00016489.2013.831993,2014.0
55605080500.0,Risa,Tona,female,Medical and Health Sciences,10.3950/jibiinkoka.117.1477,2014.0
55605080500.0,Risa,Tona,female,Medical and Health Sciences,10.1093/jjco/hyt223,2014.0
55605080500.0,Risa,Tona,female,Medical and Health Sciences,10.1093/jjco/hyt223,2014.0
55605080500.0,Risa,Tona,female,Medical and Health Sciences,10.5631/jibirin.107.147,2014.0
55605080500.0,Risa,Tona,female,Medical and Health Sciences,10.5631/jibirin.107.121,2014.0
55605080500.0,Risa,Tona,female,Medical and Health Sciences,10.5631/jibirin.107.53,2014.0
55605080500.0,Risa,Tona,female,Medical and Health Sciences,10.3109/00016489.2013.852690,2014.0
56673093400.0,Cheng,Chen,male,Medical and Health Sciences,10.3867/j.issn.1000-3002.2015.03.007,2015.0
56673093400.0,Cheng,Chen,male,Medical and Health Sciences,10.1016/j.nlm.2015.05.005,2015.0
55605080500.0,Risa,Tona,female,Medical and Health Sciences,10.1016/j.anl.2014.08.018,2015.0
55605080500.0,Risa,Tona,female,Medical and Health Sciences,10.1016/j.ijporl.2015.09.016,2015.0
55605080500.0,Risa,Tona,female,Medical and Health Sciences,10.1016/j.ijporl.2015.09.016,2015.0
55605080500.0,Risa,Tona,female,Medical and Health Sciences,10.1016/j.ijporl.2015.09.016,2015.0
55605080500.0,Risa,Tona,female,Medical and Health Sciences,10.1002/hed.23784,2015.0
56673093400.0,Cheng,Chen,male,Medical and Health Sciences,10.1016/j.pbb.2015.11.003,2016.0
56673093400.0,Cheng,Chen,male,Medical and Health Sciences,10.1016/j.bbr.2016.04.020,2016.0
56673093400.0,Cheng,Chen,male,Medical and Health Sciences,10.1016/j.neuropharm.2016.08.007,2016.0
55605080500.0,Risa,Tona,female,Medical and Health Sciences,10.1002/hed.24032,2016.0
55605080500.0,Risa,Tona,female,Medical and Health Sciences,10.1016/j.anl.2016.12.005,2017.0
55605080500.0,Risa,Tona,female,Medical and Health Sciences,10.1016/j.anl.2016.12.005,2017.0
55942853600.0,Masaaki,Matoba,male,Medical and Health Sciences,10.1017/dmp.2013.77,2013.0
55942853600.0,Masaaki,Matoba,male,Medical and Health Sciences,,2016.0
43762226100.0,Qiyue,Yang,female,Natural Sciences,10.1016/j.actao.2015.10.004,2015.0
43762226100.0,Qiyue,Yang,female,Natural Sciences,10.1007/s11258-016-0639-0,2016.0
43762226100.0,Qiyue,Yang,female,Natural Sciences,10.1007/s11284-016-1376-5,2016.0
43762226100.0,Qiyue,Yang,female,Natural Sciences,10.1016/j.jhydrol.2016.04.042,2016.0
43762226100.0,Qiyue,Yang,female,Natural Sciences,10.1007/s10265-016-0835-y,2016.0
43762226100.0,Qiyue,Yang,female,Natural Sciences,10.1007/s10265-016-0835-y,2016.0
43762226100.0,Qiyue,Yang,female,Natural Sciences,10.5846/stxb201705250970,2018.0
43762226100.0,Qiyue,Yang,female,Natural Sciences,10.1111/oik.04630,2018.0
43762226100.0,Qiyue,Yang,female,Natural Sciences,10.1016/j.jhydrol.2018.11.004,2019.0
43762226100.0,Qiyue,Yang,female,Natural Sciences,10.2136/vzj2018.10.0189,2019.0
43762226100.0,Qiyue,Yang,female,Natural Sciences,10.5194/hess-23-4685-2019,2019.0
43762226100.0,Qiyue,Yang,female,Natural Sciences,10.5194/hess-23-4685-2019,2019.0
43762226100.0,Qiyue,Yang,female,Natural Sciences,10.1016/j.scitotenv.2019.135829,2020.0
43762226100.0,Qiyue,Yang,female,Natural Sciences,10.1016/j.scitotenv.2019.135829,2020.0
57204683301.0,Hiroshi,Kawakami,male,Medical and Health Sciences,10.1159/000368823,2014.0
57204683301.0,Hiroshi,Kawakami,male,Medical and Health Sciences,10.1111/1346-8138.12862,2015.0
57204683301.0,Hiroshi,Kawakami,male,Medical and Health Sciences,10.1111/ijd.12767,2015.0
57204683301.0,Hiroshi,Kawakami,male,Medical and Health Sciences,10.1111/1346-8138.13047,2016.0
57204683301.0,Hiroshi,Kawakami,male,Medical and Health Sciences,10.3109/09546634.2015.1052036,2016.0
57204683301.0,Hiroshi,Kawakami,male,Medical and Health Sciences,10.1016/j.jdermsci.2018.08.008,2018.0
57204683301.0,Hiroshi,Kawakami,male,Medical and Health Sciences,10.2336/nishinihonhifu.80.368,2018.0
57204683301.0,Hiroshi,Kawakami,male,Medical and Health Sciences,10.1111/1346-8138.14717,2019.0
57194437773.0,Jacob,Søholm,male,Natural Sciences,10.1080/00365521.2016.1193217,2016.0
57194437773.0,Jacob,Søholm,male,Natural Sciences,10.1371/journal.pone.0220297,2019.0
57194437773.0,Jacob,Søholm,male,Natural Sciences,10.1371/journal.pone.0220297,2019.0
57194437773.0,Jacob,Søholm,male,Natural Sciences,10.1371/journal.pone.0220297,2019.0
54684671100.0,Natalia,Nocelli,female,Natural Sciences,10.1016/j.apsoil.2011.11.010,2012.0
54684671100.0,Natalia,Nocelli,female,Natural Sciences,10.3389/fmicb.2016.01085,2016.0
54684671100.0,Natalia,Nocelli,female,Natural Sciences,10.3390/ma9060418,2016.0
54684671100.0,Natalia,Nocelli,female,Natural Sciences,10.1016/j.colsurfb.2019.110621,2020.0
54684671100.0,Natalia,Nocelli,female,Natural Sciences,10.1016/j.colsurfb.2019.110621,2020.0
57200109894.0,Yixiong,Zhang,male,Medical and Health Sciences,10.3760/cma.j.issn.2095-4352.2016.04.008,2016.0
57200109894.0,Yi-Xiong,Zhang,male,Medical and Health Sciences,10.12659/MSM.904597,2017.0
57200109894.0,Yixiong,Zhang,male,Medical and Health Sciences,10.12114/j.issn.1007-9572.2019.00.213,2019.0
57200109894.0,Yixiong,Zhang,male,Medical and Health Sciences,10.12114/j.issn.1007-9572.2019.00.213,2019.0
55616618000.0,Satoshi,Takada,male,Natural Sciences,10.1103/PhysRevE.90.062207,2014.0
55616618000.0,Satoshi,Takada,male,Natural Sciences,10.1103/PhysRevB.92.224512,2015.0
55616618000.0,Satoshi,Takada,male,Natural Sciences,10.1039/c5sm01160d,2015.0
55616618000.0,Satoshi,Takada,male,Natural Sciences,10.1103/PhysRevE.94.012906,2016.0
55616618000.0,Satoshi,Takada,male,Natural Sciences,10.1103/PhysRevE.94.012906,2016.0
55616618000.0,Satoshi,Takada,male,Natural Sciences,10.1063/1.4993620,2017.0
55616618000.0,Satoshi,Takada,male,Natural Sciences,10.1063/1.4993620,2017.0
55616618000.0,Satoshi,Takada,male,Natural Sciences,10.1063/1.4993620,2017.0
55616618000.0,Satoshi,Takada,male,Natural Sciences,10.1103/PhysRevE.96.042903,2017.0
55616618000.0,Satoshi,Takada,male,Natural Sciences,10.1103/PhysRevE.96.042903,2017.0
55616618000.0,Satoshi,Takada,male,Natural Sciences,10.1061/(ASCE)EM.1943-7889.0001054,2017.0
55616618000.0,Satoshi,Takada,male,Natural Sciences,10.1103/PhysRevLett.119.031601,2017.0
55616618000.0,Satoshi,Takada,male,Natural Sciences,10.1103/PhysRevLett.119.031601,2017.0
55616618000.0,Satoshi,Takada,male,Natural Sciences,10.1103/PhysRevE.97.042902,2018.0
55616618000.0,Satoshi,Takada,male,Natural Sciences,10.1103/PhysRevE.97.042902,2018.0
55616618000.0,Satoshi,Takada,male,Natural Sciences,10.7566/JPSJ.87.094802,2018.0
55616618000.0,Satoshi,Takada,male,Natural Sciences,10.1016/j.icarus.2018.06.021,2019.0
55616618000.0,Satoshi,Takada,male,Natural Sciences,10.1016/j.physletb.2019.134999,2019.0
55616618000.0,Satoshi,Takada,male,Natural Sciences,10.1016/j.physletb.2019.134999,2019.0
55616618000.0,Satoshi,Takada,male,Natural Sciences,10.1093/ptep/ptz075,2019.0
55616618000.0,Satoshi,Takada,male,Natural Sciences,10.1093/ptep/ptz075,2019.0
55616618000.0,Satoshi,Takada,male,Natural Sciences,10.1093/ptep/ptz075,2019.0
55616618000.0,Satoshi,Takada,male,Natural Sciences,10.1103/PhysRevD.100.085006,2019.0
55616618000.0,Satoshi,Takada,male,Natural Sciences,10.1007/s10035-019-0973-8,2020.0
55616618000.0,Satoshi,Takada,male,Natural Sciences,10.1007/s10035-019-0973-8,2020.0
11640464300.0,Karen J.,Woittiez,female,Medical and Health Sciences,10.1136/bcr-2012-006499,2012.0
11640464300.0,Karen Jante,Woittiez,female,Medical and Health Sciences,10.1136/bcr-2014-208189,2015.0
11640464300.0,Karen,Woittiez,female,Medical and Health Sciences,10.1097/TP.0000000000002701,2019.0
24485236000.0,Xianguang,Gu,male,Engineering and Technology,10.1007/s00158-013-0921-x,2013.0
24485236000.0,Xianguang,Gu,male,Engineering and Technology,10.1007/s00158-013-0921-x,2013.0
24485236000.0,Xianguang,Gu,male,Engineering and Technology,10.1007/s00158-012-0811-7,2013.0
24485236000.0,Xianguang,Gu,male,Engineering and Technology,10.1007/s00158-012-0811-7,2013.0
24485236000.0,Xianguang,Gu,male,Engineering and Technology,10.1016/j.compind.2014.07.003,2014.0
24485236000.0,Xianguang,Gu,male,Engineering and Technology,10.1007/s00158-014-1150-7,2015.0
24485236000.0,Xianguang,Gu,male,Engineering and Technology,10.1016/j.tws.2015.05.014,2015.0
24485236000.0,Xianguang,Gu,male,Engineering and Technology,10.1016/j.tws.2015.05.014,2015.0
24485236000.0,Xianguang,Gu,male,Engineering and Technology,10.3969/j.issn.1004-132X.2015.07.022,2015.0
24485236000.0,Xianguang,Gu,male,Engineering and Technology,10.11776/cjam.32.01.C064,2015.0
24485236000.0,Xianguang,Gu,male,Engineering and Technology,10.1080/13588265.2016.1155527,2016.0
24485236000.0,Xianguang,Gu,male,Engineering and Technology,10.1080/13588265.2016.1155527,2016.0
24485236000.0,Xianguang,Gu,male,Engineering and Technology,10.3901/JME.2016.10.142,2016.0
24485236000.0,Xianguang,Gu,male,Engineering and Technology,10.3901/JME.2016.10.142,2016.0
24485236000.0,Xianguang,Gu,male,Engineering and Technology,10.1016/j.tws.2017.04.018,2017.0
24485236000.0,Xianguang,Gu,male,Engineering and Technology,10.1016/j.tws.2017.04.018,2017.0
24485236000.0,Xianguang,Gu,male,Engineering and Technology,10.1016/j.tws.2017.04.018,2017.0
24485236000.0,Xianguang,Gu,male,Engineering and Technology,10.1016/j.tws.2017.04.018,2017.0
24485236000.0,Xianguang,Gu,male,Engineering and Technology,10.13801/j.cnki.fhclxb.20161024.001,2017.0
24485236000.0,Xianguang,Gu,male,Engineering and Technology,10.7527/S1000-6893.2017.221022,2017.0
24485236000.0,Xianguang,Gu,male,Engineering and Technology,10.1080/13588265.2016.1215585,2017.0
24485236000.0,Xianguang,Gu,male,Engineering and Technology,10.1080/13588265.2016.1215585,2017.0
24485236000.0,Xianguang,Gu,male,Engineering and Technology,10.1016/j.commatsci.2016.12.013,2017.0
24485236000.0,Xianguang,Gu,male,Engineering and Technology,10.1007/s10409-017-0708-1,2018.0
24485236000.0,Xianguang,Gu,male,Engineering and Technology,10.19562/j.chinasae.qcgc.2018.07.007,2018.0
24485236000.0,Xianguang,Gu,male,Engineering and Technology,10.19562/j.chinasae.qcgc.2018.07.007,2018.0
24485236000.0,Xianguang,Gu,male,Engineering and Technology,10.1177/1687814018811239,2018.0
24485236000.0,Xianguang,Gu,male,Engineering and Technology,10.1177/1687814018811239,2018.0
24485236000.0,Xianguang,Gu,male,Engineering and Technology,10.1080/0305215X.2017.1334774,2018.0
24485236000.0,Xianguang,Gu,male,Engineering and Technology,10.1080/0305215X.2017.1334774,2018.0
24485236000.0,Xianguang,Gu,male,Engineering and Technology,10.1007/s00158-017-1811-4,2018.0
24485236000.0,Xianguang,Gu,male,Engineering and Technology,10.1080/0305215X.2017.1417401,2018.0
24485236000.0,Xianguang,Gu,male,Engineering and Technology,10.1080/13588265.2019.1634335,2019.0
24485236000.0,Xianguang,Gu,male,Engineering and Technology,10.1080/13588265.2019.1634335,2019.0
24485236000.0,Xianguang,Gu,male,Engineering and Technology,10.19562/j.chinasae.qcgc.2020.02.012,2020.0
57023639300.0,Nicole,Ackermann,female,Medical and Health Sciences,10.1016/j.socscimed.2015.08.012,2015.0
57023639300.0,Nicole,Ackermann,female,Medical and Health Sciences,10.5888/pcd13.150260,2016.0
57023639300.0,Nicole,Ackermann,female,Medical and Health Sciences,10.1007/s11524-016-0063-8,2016.0
57023639300.0,Nicole,Ackermann,female,Medical and Health Sciences,10.1016/j.pmedr.2018.10.011,2018.0
57023639300.0,Nicole,Ackermann,female,Medical and Health Sciences,10.2196/jmir.9829,2018.0
57023639300.0,Nicole,Ackermann,female,Medical and Health Sciences,10.1177/0272989X19879704,2019.0
57023639300.0,Nicole,Ackermann,female,Medical and Health Sciences,10.1002/jcop.22239,2019.0
57023639300.0,Nicole,Ackermann,female,Medical and Health Sciences,10.1016/j.orcp.2019.04.004,2019.0
57206311386.0,Qiqing,Tao,female,Natural Sciences,10.1371/journal.pone.0044719,2012.0
55849503700.0,João Carlos Soriano Sampaio,Januário,male,Natural Sciences,10.4025/actascitechnol.v35i2.12534,2013.0
55849503700.0,João C.S.S.,Januário,male,Natural Sciences,,2013.0
55849503700.0,João,Januário,male,Natural Sciences,10.1364/JOCN.7.00A421,2015.0
55849503700.0,Joao Carlos Soriano Sampaio,Januario,male,Natural Sciences,10.1109/LPT.2016.2592098,2016.0
55849503700.0,Joao Carlos Soriano Sampaio,Januario,male,Natural Sciences,10.1109/LPT.2016.2592098,2016.0
55849503700.0,Joao Carlos Soriano Sampaio,Januario,male,Natural Sciences,10.1109/JLT.2019.2891078,2019.0
55849503700.0,Joao Carlos Soriano Sampaio,Januario,male,Natural Sciences,10.1109/JLT.2019.2891078,2019.0
57193795159.0,,Sarraf,male,Medical and Health Sciences,10.3823/1685,2015.0
57193795159.0,,Sarraf,male,Medical and Health Sciences,10.3823/1685,2015.0
57193795159.0,Jonathan S.,Sarraf,male,Medical and Health Sciences,10.1159/000479733,2017.0
57193795159.0,Jonathan S.,Sarraf,male,Medical and Health Sciences,10.1159/000479733,2017.0
57193795159.0,Jonathan Souza,Sarraf,male,Medical and Health Sciences,10.1371/journal.pone.0174439,2017.0
57193795159.0,Jonathan Souza,Sarraf,male,Medical and Health Sciences,10.1371/journal.pone.0174439,2017.0
57193795159.0,Jonathan Souza,Sarraf,male,Medical and Health Sciences,10.2174/1874434601711010135,2017.0
57193795159.0,Jonathan Souza,Sarraf,male,Medical and Health Sciences,10.1590/1413-812320182411.01012018,2019.0
57193795159.0,Jonathan Souza,Sarraf,male,Medical and Health Sciences,10.1186/s13643-019-1011-y,2019.0
57193795159.0,Jonathan Souza,Sarraf,male,Medical and Health Sciences,10.1186/s13643-019-1011-y,2019.0
57193795159.0,Jonathan Souza,Sarraf,male,Medical and Health Sciences,10.1186/s13643-019-1011-y,2019.0
57193795159.0,Jonathan Souza,Sarraf,male,Medical and Health Sciences,10.1186/s13643-019-1011-y,2019.0
56326948600.0,Ha Rim,Kook,female,Medical and Health Sciences,10.1016/j.juro.2014.03.107,2014.0
56326948600.0,Ha Rim,Kook,female,Medical and Health Sciences,10.1245/s10434-014-4183-7,2015.0
56326948600.0,Ha Rim,Kook,female,Medical and Health Sciences,10.3892/or.2015.4537,2016.0
56326948600.0,Ha Rim,Kook,female,Medical and Health Sciences,10.4111/icu.2016.57.1.50,2016.0
56326948600.0,Ha Rim,Kook,female,Medical and Health Sciences,10.4111/icu.2016.57.1.50,2016.0
56326948600.0,Harim,Kook,female,Medical and Health Sciences,10.4111/icu.2017.58.4.247,2017.0
56326948600.0,Harim,Kook,female,Medical and Health Sciences,10.4111/icu.2017.58.4.247,2017.0
8426534800.0,Zuber,Farooqui,male,Natural Sciences,10.4209/aaqr.2011.11.0205,2013.0
8426534800.0,Zuber M.,Farooqui,male,Natural Sciences,10.5094/APR.2013.004,2013.0
8426534800.0,Zuber M.,Farooqui,male,Natural Sciences,10.1007/s40030-017-0238-7,2017.0
57197030042.0,Fanxin,Meng,female,Medical and Health Sciences,10.1139/cjpp-2015-0246,2016.0
55607852000.0,Patrick,Marcinek,male,Natural Sciences,10.1016/j.humimm.2013.01.001,2013.0
55607852000.0,Patrick,Marcinek,male,Natural Sciences,10.1371/journal.pone.0073103,2013.0
55607852000.0,Patrick,Marcinek,male,Natural Sciences,10.1016/j.ebiom.2015.11.020,2015.0
55581581500.0,Kailin,Chi,female,Natural Sciences,10.1016/j.apsusc.2013.01.131,2013.0
55581581500.0,Kailin,Chi,female,Natural Sciences,10.1016/j.jcrysgro.2013.05.013,2013.0
55581581500.0,Kailin,Chi,female,Natural Sciences,10.1016/j.tsf.2013.08.077,2013.0
55581581500.0,Kailin,Chi,female,Natural Sciences,10.1016/j.matlet.2013.12.019,2014.0
55581581500.0,Kailin,Chi,female,Natural Sciences,10.1039/c3ce42589d,2014.0
55581581500.0,Kailin,Chi,female,Natural Sciences,10.1039/c3ra45446k,2014.0
55581581500.0,Kailin,Chi,female,Natural Sciences,10.1016/j.matlet.2017.02.023,2017.0
55581581500.0,Kailin,Chi,female,Natural Sciences,10.1007/s10853-017-1213-4,2017.0
56061234600.0,Hamid Shamsi,Baghbanan,male,Medical and Health Sciences,10.5812/ircmj.16548,2014.0
56061234600.0,Hamid,Shamsi-Baghbanan,male,Medical and Health Sciences,10.5812/ircmj.12313,2014.0
35174720500.0,Gero,Greiner,male,Natural Sciences,10.1007/s00224-013-9477-9,2014.0
55908970900.0,Xiaojun,Sun,female,Medical and Health Sciences,10.1002/jsfa.6419,2014.0
55908970900.0,Xiaojun,Sun,female,Medical and Health Sciences,10.1002/jsfa.6419,2014.0
55908970900.0,Xiaojun,Sun,female,Medical and Health Sciences,10.1007/s12257-013-0490-2,2014.0
55908970900.0,Xiaojun,Sun,female,Medical and Health Sciences,10.1007/s12257-013-0490-2,2014.0
56020440700.0,Takahiro,Hayashi,male,Engineering and Technology,10.1016/j.mssp.2014.01.033,2014.0
56020440700.0,Takahiro,Hayashi,male,Engineering and Technology,10.1016/j.materresbull.2014.11.040,2015.0
57191255695.0,Andia M.,Azimi,female,Social Sciences,10.1111/dar.12385,2016.0
57191255695.0,Andia,Azimi,female,Social Sciences,10.1891/0886-6708.VV-D-14-00037,2016.0
57191255695.0,Andia M.,Azimi,female,Social Sciences,10.1080/01639625.2017.1286190,2018.0
57191255695.0,Andia,Azimi,female,Social Sciences,10.1080/15388220.2018.1459631,2019.0
57191255695.0,Andia M.,Azimi,female,Social Sciences,10.1177/0886260519876021,2019.0
57191255695.0,Andia M.,Azimi,female,Social Sciences,10.1891/0886-6708.VV-D-18-00167,2020.0
57213100936.0,Rhian,Schröder,female,Medical and Health Sciences,10.3205/zma001034,2016.0
57189872961.0,Scott,Anderson,male,Medical and Health Sciences,10.1016/j.pmedr.2016.06.014,2016.0
57189872961.0,Scott,Anderson,male,Medical and Health Sciences,10.5820/aian.2305.2016.1,2016.0
57189872961.0,Scott,Anderson,male,Medical and Health Sciences,10.1186/s40463-017-0190-6,2017.0
57189872961.0,Scott,Anderson,male,Medical and Health Sciences,10.1186/s40463-017-0237-8,2017.0
57189872961.0,,Anderson,male,Medical and Health Sciences,10.1186/s40463-018-0285-8,2018.0
57189872961.0,,Anderson,male,Medical and Health Sciences,10.1186/s40463-018-0285-8,2018.0
57189872961.0,,Anderson,male,Medical and Health Sciences,10.1186/s40463-018-0285-8,2018.0
57192474355.0,Xuejiao,Chen,female,Agricultural Sciences,10.1080/09583157.2012.724382,2012.0
55990819700.0,Christine L.,Pao,female,Medical and Health Sciences,10.1136/bcr-2013-010966,2013.0
55990819700.0,Christine L.,Pao,female,Medical and Health Sciences,10.1136/neurintsurg-2013-010966.rep,2014.0
55990819700.0,Christine L.,Pao,female,Medical and Health Sciences,10.1016/j.clineuro.2014.05.025,2014.0
56418419800.0,Salam,Nazhan,male,Natural Sciences,10.1109/LPT.2015.2489467,2016.0
56418419800.0,Salam,Nazhan,male,Natural Sciences,10.1063/1.4940766,2016.0
56418419800.0,Salam,Nazhan,male,Natural Sciences,10.1088/0022-3727/49/14/145107,2016.0
56418419800.0,Salam,Nazhan,male,Natural Sciences,10.1109/JQE.2017.2718550,2017.0
56418419800.0,Salam,Nazhan,male,Natural Sciences,10.1364/JOSAB.35.001615,2018.0
56418419800.0,Salam,Nazhan,male,Natural Sciences,10.1364/AO.58.009491,2019.0
55181652400.0,Peifen,Zhuang,female,Social Sciences,10.1080/08974438.2012.665791,2012.0
55018581800.0,Guo,Shuai,male,Natural Sciences,10.4156/jcit.vol7.issue2.25,2012.0
55018581800.0,Guo,Shuai,male,Natural Sciences,10.4156/jcit.vol7.issue10.9,2012.0
55018581800.0,Guo,Shuai,male,Natural Sciences,10.1063/1.4773545,2013.0
55018581800.0,Guo,Shuai,male,Natural Sciences,10.1016/j.rcim.2015.04.001,2016.0
55018581800.0,Guo,Shuai,male,Natural Sciences,10.1049/iet-rsn.2017.0476,2018.0
55163213200.0,Xiangqing,Yao,female,Natural Sciences,10.2741/4005,2012.0
43360949800.0,Lina,Bai,female,Engineering and Technology,10.4156/ijact.vol4.issue21.12,2012.0
43360949800.0,Lina,Bai,female,Engineering and Technology,10.1088/2053-1591/aa75df,2017.0
43360949800.0,Lina,Bai,female,Engineering and Technology,10.1016/j.msea.2018.09.074,2018.0
57211150118.0,Yunbo,Yang,male,Medical and Health Sciences,10.1038/ki.2014.295,2015.0
55307517400.0,Yunsung,Lim,male,Natural Sciences,10.1299/jtst.7.90,2012.0
55307517400.0,Yunsung,Lim,male,Natural Sciences,10.1016/j.energy.2012.06.039,2012.0
55307517400.0,Yunsung,Lim,male,Natural Sciences,10.1016/j.fuproc.2012.09.004,2013.0
55307517400.0,Yun Sung,Lim,male,Natural Sciences,10.1016/j.fuproc.2012.12.019,2013.0
55307517400.0,Yunsung,Lim,male,Natural Sciences,10.1016/j.fuproc.2013.10.013,2014.0
55307517400.0,Yunsung,Lim,male,Natural Sciences,10.1016/j.fuel.2017.08.063,2017.0
55307517400.0,Yunsung,Lim,male,Natural Sciences,10.1016/j.scs.2019.101925,2020.0
55307517400.0,Yunsung,Lim,male,Natural Sciences,10.1016/j.fuel.2019.116406,2020.0
56642557000.0,Laura A.,Haag,female,Natural Sciences,10.1038/ncomms8234,2015.0
55780082100.0,Denis,Bachand,male,Social Sciences,10.1080/02722011.2013.795026,2013.0
55780082100.0,Denis,Bachand,male,Social Sciences,10.1080/02722011.2013.795030,2013.0
57213611179.0,Byung S.,Gim,male,Natural Sciences,10.1242/dev.122341,2015.0
57213611179.0,Byung S.,Gim,male,Natural Sciences,10.1242/dev.122341,2015.0
57211043738.0,Tae Seen,Kang,male,Medical and Health Sciences,10.1016/j.ajo.2015.12.004,2016.0
57211043738.0,Tae Seen,Kang,male,Medical and Health Sciences,10.1371/journal.pone.0187093,2017.0
57211043738.0,Tae-Seen,Kang,male,Medical and Health Sciences,10.3341/jkos.2018.59.1.81,2018.0
57211043738.0,Tae-Seen,Kang,male,Medical and Health Sciences,10.3341/jkos.2019.60.7.692,2019.0
57212315950.0,Min Sun,Kim,male,Natural Sciences,10.1002/rcm.7165,2015.0
57196291741.0,Juan,Liu,male,Medical and Health Sciences,10.5301/jn.5000201,2013.0
57196291741.0,Juan,Liu,male,Medical and Health Sciences,10.5301/jn.5000201,2013.0
57170851600.0,Elizabeth,Eykman,female,Medical and Health Sciences,10.1186/s12913-016-1331-8,2016.0
57170851600.0,Elizabeth,Eykman,female,Medical and Health Sciences,10.1186/s12913-018-3653-1,2018.0
57170851600.0,Elizabeth,Eykman,female,Medical and Health Sciences,10.1002/lary.27726,2019.0
56655762800.0,Siyuan,Wang,male,Natural Sciences,10.1002/celc.201500049,2015.0
56364441400.0,Kay,Townsend,male,Medical and Health Sciences,10.12968/bjon.2014.23.14.771,2014.0
56364441400.0,,Townsend,male,Medical and Health Sciences,10.1111/jhn.12656,2019.0
56364441400.0,Kay,Townsend,male,Medical and Health Sciences,10.1111/jocn.14972,2019.0
56364441400.0,Kay,Townsend,male,Medical and Health Sciences,10.1016/j.pec.2019.08.031,2020.0
54415369500.0,Grace,Bahng,female,Social Sciences,10.1002/jid.1848,2013.0
54415369500.0,Grace,Bahng,female,Social Sciences,10.1080/15236803.2015.12001816,2015.0
54415369500.0,Grace,Bahng,female,Social Sciences,10.1002/pa.1712,2018.0
57199481151.0,Qiong,Wang,female,Natural Sciences,10.3969/j.issn.1674-8115.2015.11.012,2015.0
56818910900.0,Maria Paola,Ciliberti,female,Medical and Health Sciences,10.1186/s13256-015-0565-0,2015.0
56818910900.0,Maria Paola,Ciliberti,female,Medical and Health Sciences,10.1186/s40001-016-0226-9,2016.0
56818910900.0,Maria Paola,Ciliberti,female,Medical and Health Sciences,10.4081/oncol.2018.354,2018.0
56740599700.0,Heikki T.,Turunen,male,Natural Sciences,10.1016/j.celrep.2015.07.019,2015.0
56740599700.0,Heikki T.,Turunen,male,Natural Sciences,10.1016/j.celrep.2015.07.019,2015.0
56740599700.0,Heikki T.,Turunen,male,Natural Sciences,10.3389/fnins.2017.00503,2017.0
56740599700.0,Heikki T.,Turunen,male,Natural Sciences,10.3389/fnins.2017.00503,2017.0
56740599700.0,Heikki T.,Turunen,male,Natural Sciences,10.3389/fnins.2017.00503,2017.0
56740599700.0,Heikki,Turunen,male,Natural Sciences,10.1016/j.ymthe.2017.04.001,2017.0
56740599700.0,Heikki T.,Turunen,male,Natural Sciences,10.1089/hum.2019.144,2020.0
35331969300.0,Stephanie H.,Hernandez,female,Medical and Health Sciences,10.3109/15563650.2015.1100305,2015.0
35331969300.0,Stephanie,Hernandez,female,Medical and Health Sciences,10.1007/s13311-015-0373-7,2015.0
35331969300.0,Stephanie,Hernandez,female,Medical and Health Sciences,10.1097/ADM.0000000000000118,2015.0
54796687000.0,Martin,Korinek,male,Medical and Health Sciences,10.1016/j.cca.2011.08.038,2012.0
55197257600.0,Jyrki,Lötöjnen,male,Medical and Health Sciences,10.1159/000332600,2012.0
55197257600.0,Jyrki,Lötöjnen,male,Medical and Health Sciences,10.1159/000335381,2012.0
55874755000.0,Beibei,Meng,female,Natural Sciences,10.1016/j.carbpol.2013.06.056,2013.0
55874755000.0,Beibei,Meng,female,Natural Sciences,10.1021/acs.orglett.9b03894,2019.0
56272673900.0,Zeinab A.,Hussein,female,Medical and Health Sciences,10.1016/j.ejmhg.2014.02.008,2014.0
56272673900.0,Zeinab Ahmed,Hussein,female,Medical and Health Sciences,10.1016/j.ejmhg.2016.01.002,2016.0
56272673900.0,Zeinab,Hussein,female,Medical and Health Sciences,10.1007/s13277-016-5123-x,2016.0
56272673900.0,Zeinab Ahmed,Hussein,female,Medical and Health Sciences,10.1016/j.ejmhg.2016.02.008,2017.0
56272673900.0,Zeinab A.,Hussein,female,Medical and Health Sciences,10.1016/j.ejmhg.2018.04.005,2018.0
57193012860.0,Yongchang,Li,female,Natural Sciences,10.1038/ja.2013.52,2013.0
57193012860.0,Yongchang,Li,female,Natural Sciences,10.1038/ja.2013.52,2013.0
57193012860.0,Yongchang,Li,female,Natural Sciences,10.1128/genomeA.00173-16,2016.0
57193012860.0,Yongchang,Li,female,Natural Sciences,10.1128/genomeA.00001-16,2016.0
57193012860.0,Yongchang,Li,female,Natural Sciences,10.1128/genomeA.00001-16,2016.0
56829478700.0,Kelly M.,Frain,female,Natural Sciences,10.1016/j.bbabio.2015.08.010,2016.0
56829478700.0,Kelly M.,Frain,female,Natural Sciences,10.1016/j.bbamcr.2016.10.018,2017.0
56829478700.0,Kelly M.,Frain,female,Natural Sciences,10.1007/s10930-019-09859-y,2019.0
56829478700.0,Kelly M.,Frain,female,Natural Sciences,10.1128/ecosalplus.ESP-0040-2018,2019.0
56053368000.0,Xiao-Wei,Jiang,male,Natural Sciences,10.1016/j.jss.2013.04.051,2013.0
56053368000.0,Xiao-wei,Jiang,male,Natural Sciences,10.1016/j.imlet.2016.09.009,2016.0
56053368000.0,Xiaowei,Jiang,male,Natural Sciences,10.1016/j.gendis.2017.07.003,2017.0
56053368000.0,Xiaowei,Jiang,male,Natural Sciences,10.3892/mmr.2017.6138,2017.0
56053368000.0,Xiaowei,Jiang,male,Natural Sciences,10.3892/mmr.2017.6138,2017.0
56053368000.0,Xiaowei,Jiang,male,Natural Sciences,10.1002/cbin.10883,2018.0
55392388900.0,Aref,Sadeghi Nik,male,Engineering and Technology,10.1007/s12046-012-0103-3,2012.0
55392388900.0,Aref Sadeghi,Nik,male,Engineering and Technology,,2012.0
55392388900.0,,Sadeghi Nik,male,Engineering and Technology,,2012.0
55392388900.0,Aref,Sadeghi Nik,male,Engineering and Technology,10.1016/j.matdes.2013.03.046,2013.0
55392388900.0,Aref,Sadeghi Nik,male,Engineering and Technology,10.1016/j.conbuildmat.2013.03.082,2013.0
55392388900.0,,SADEGHI NIK,male,Engineering and Technology,10.1007/s12046-014-0294-x,2015.0
55392388900.0,,Sadeghi Nik,male,Engineering and Technology,10.1007/s40009-014-0316-6,2015.0
55392388900.0,Aref,Sadeghi-Nik,male,Engineering and Technology,10.1007/s40010-015-0244-y,2016.0
55392388900.0,Aref,Sadeghi-Nik,male,Engineering and Technology,10.1007/s40010-015-0244-y,2016.0
55392388900.0,Aref,Sadeghi-Nik,male,Engineering and Technology,10.1061/(ASCE)MT.1943-5533.0001671,2016.0
55392388900.0,Aref,Sadeghi-Nik,male,Engineering and Technology,10.1016/j.jclepro.2015.09.107,2016.0
55392388900.0,Aref,Sadeghi-Nik,male,Engineering and Technology,10.1016/j.conbuildmat.2017.08.107,2017.0
55392388900.0,Aref,Sadeghi-Nik,male,Engineering and Technology,10.1016/j.conbuildmat.2017.12.073,2018.0
55392388900.0,Aref,Sadeghi-Nik,male,Engineering and Technology,10.1007/s40996-018-0182-4,2019.0
55392388900.0,Aref,Sadeghi-Nik,male,Engineering and Technology,10.1016/j.conbuildmat.2019.117264,2020.0
57198736360.0,Ming,Zhou,male,Medical and Health Sciences,10.3892/ol.2014.1815,2014.0
54684432200.0,Glauciane,Lacerda-Miranda,female,Medical and Health Sciences,10.1016/j.regpep.2011.11.002,2012.0
54684432200.0,Glauciane,Lacerda-Miranda,female,Medical and Health Sciences,10.1016/j.peptides.2012.02.025,2012.0
54684432200.0,,Lacerda-Miranda,female,Medical and Health Sciences,10.1016/j.numecd.2015.07.009,2015.0
54684432200.0,Glauciane,Lacerda-Miranda,female,Medical and Health Sciences,10.2174/2210315506666160725154815,2016.0
54684432200.0,Glauciane,Lacerda-Miranda,female,Medical and Health Sciences,10.2174/2210315506666160725154815,2016.0
56462312500.0,Brandie,Rhodes,female,Natural Sciences,10.1016/j.combustflame.2014.07.032,2015.0
56462312500.0,,Rhodes,female,Natural Sciences,10.1016/j.cplett.2017.12.053,2018.0
56462312500.0,,Rhodes,female,Natural Sciences,10.1016/j.cplett.2017.12.053,2018.0
57196289225.0,Jun,Liu,male,Natural Sciences,10.12733/jcis7902,2013.0
57196289225.0,Jun,Liu,male,Natural Sciences,,2013.0
57212925080.0,Jae Ho,Lee,male,Medical and Health Sciences,10.3109/00365548.2014.880183,2014.0
57198760878.0,Hyunuk,Jung,male,Natural Sciences,10.1055/s-0034-1381045,2015.0
57198760878.0,Hyunuk,Jung,male,Natural Sciences,10.1002/ejoc.201701229,2017.0
57198760878.0,Hyunuk,Jung,male,Natural Sciences,10.1021/acs.orglett.7b03930,2018.0
57198760878.0,Hyunuk,Jung,male,Natural Sciences,10.1002/ejoc.202000130,2020.0
56472945200.0,Jian,Sun,male,Natural Sciences,10.1016/j.sigpro.2011.10.016,2012.0
56472945200.0,Jian,Sun,male,Natural Sciences,10.3724/SP.J.1004.2012.00183,2012.0
56472945200.0,Jian,Sun,male,Natural Sciences,10.1016/j.asoc.2013.10.010,2014.0
56472945200.0,Jian,Sun,male,Natural Sciences,10.1016/j.ijepes.2014.12.058,2015.0
56472945200.0,Jian,Sun,male,Natural Sciences,10.1016/j.ijepes.2014.12.058,2015.0
56472945200.0,Jian,Sun,male,Natural Sciences,10.1016/j.jfranklin.2015.07.016,2015.0
56472945200.0,Jian,Sun,male,Natural Sciences,10.1016/j.jfranklin.2015.07.016,2015.0
56472945200.0,Jian,Sun,male,Natural Sciences,10.1016/j.jfranklin.2015.07.016,2015.0
56472945200.0,Jian,Sun,male,Natural Sciences,10.1016/j.ijepes.2015.11.105,2016.0
56472945200.0,Jian,Sun,male,Natural Sciences,10.1016/j.ijepes.2015.11.105,2016.0
56472945200.0,Jian,Sun,male,Natural Sciences,10.1016/j.ijepes.2015.11.105,2016.0
56472945200.0,Jian,Sun,male,Natural Sciences,10.1109/TSG.2016.2582878,2016.0
56472945200.0,Jian,Sun,male,Natural Sciences,10.3390/app7070688,2017.0
56472945200.0,Jian,Sun,male,Natural Sciences,10.1016/j.simpat.2017.10.005,2018.0
56472945200.0,Jian,Sun,male,Natural Sciences,10.1016/j.simpat.2017.10.005,2018.0
56472945200.0,Jian,Sun,male,Natural Sciences,10.1155/2018/5950678,2018.0
56472945200.0,Jian,Sun,male,Natural Sciences,10.1155/2018/5950678,2018.0
56472945200.0,Jian,Sun,male,Natural Sciences,10.1504/IJSPM.2018.091691,2018.0
56472945200.0,Jian,Sun,male,Natural Sciences,10.1504/IJSPM.2018.091691,2018.0
56472945200.0,Jian,Sun,male,Natural Sciences,10.1016/j.simpat.2019.101987,2019.0
56472945200.0,Jian,Sun,male,Natural Sciences,10.1016/j.ijepes.2019.04.011,2019.0
56472945200.0,Jian,Sun,male,Natural Sciences,10.3390/app9112217,2019.0
57194324999.0,Daniel,Burkitt,male,Natural Sciences,10.1002/adfm.201203014,2013.0
57194324999.0,Daniel,Burkitt,male,Natural Sciences,10.1049/iet-rpg.2016.0683,2017.0
57194324999.0,Daniel,Burkitt,male,Natural Sciences,10.1098/rsos.172158,2018.0
57194324999.0,Daniel,Burkitt,male,Natural Sciences,10.3390/ma11112106,2018.0
57194324999.0,Dan,Burkitt,male,Natural Sciences,10.1103/PhysRevApplied.11.044005,2019.0
57194324999.0,Daniel,Burkitt,male,Natural Sciences,10.1039/c9ra06631d,2019.0
57194324999.0,Daniel,Burkitt,male,Natural Sciences,10.1016/j.mtcomm.2019.100808,2020.0
56575093100.0,Yonatan,Kassel,male,Medical and Health Sciences,10.1186/s13023-015-0252-7,2015.0
56575093100.0,Yonatan,Kassel,male,Medical and Health Sciences,,2017.0
56575093100.0,Yonatan,Kassel,male,Medical and Health Sciences,,2017.0
56575093100.0,Yonatan,Kassel,male,Medical and Health Sciences,10.1016/j.ejmg.2018.08.013,2019.0
56575093100.0,Yonatan,Kassel,male,Medical and Health Sciences,10.1016/j.ejmg.2018.08.013,2019.0
57209690721.0,Jan-Peter,Böttcher,male,Medical and Health Sciences,10.1371/journal.ppat.1003373,2013.0
57209690721.0,Jan-Peter,Böttcher,male,Medical and Health Sciences,10.1093/infdis/jiz078,2019.0
57209690721.0,Jan-Peter,Böttcher,male,Medical and Health Sciences,10.1093/infdis/jiz078,2019.0
55512110200.0,Bin,Zhou,male,Engineering and Technology,10.3969/j.issn.1006-7043.201311054,2014.0
55512110200.0,Bin,Zhou,male,Engineering and Technology,10.3969/j.issn.1001-506X.2014.12.08,2014.0
55512110200.0,Bin,Zhou,male,Engineering and Technology,10.3969/j.issn.1001-506X.2014.12.08,2014.0
55512110200.0,Bin,Zhou,male,Engineering and Technology,10.13229/j.cnki.jdxbgxb201603045,2016.0
55512110200.0,Bin,Zhou,male,Engineering and Technology,10.13229/j.cnki.jdxbgxb201603045,2016.0
55512110200.0,Bin,Zhou,male,Engineering and Technology,10.1155/2018/8249245,2018.0
55512110200.0,,Zhou,male,Engineering and Technology,10.1134/S1063771019020106,2019.0
55512110200.0,,Zhou,male,Engineering and Technology,10.1134/S1063771019020106,2019.0
56081826800.0,Sangman,Park,male,Natural Sciences,10.1039/c4ee01216j,2014.0
56081826800.0,Sangman,Park,male,Natural Sciences,10.1080/15421406.2014.937283,2014.0
56081826800.0,Sangman,Park,male,Natural Sciences,10.1080/15421406.2014.937283,2014.0
56081826800.0,Sangman,Park,male,Natural Sciences,10.1080/15421406.2014.933385,2014.0
56081826800.0,Sangman,Park,male,Natural Sciences,10.1080/15421406.2014.933385,2014.0
56081826800.0,Sangman,Park,male,Natural Sciences,10.1063/1.4866398,2014.0
56081826800.0,Sangman,Park,male,Natural Sciences,10.1002/adma.201500523,2015.0
56081826800.0,Sangman,Park,male,Natural Sciences,10.1166/jnn.2016.11095,2016.0
56081826800.0,Sangman,Park,male,Natural Sciences,10.1166/jnn.2016.11095,2016.0
56081826800.0,Sangman,Park,male,Natural Sciences,10.1166/jnn.2016.11093,2016.0
56963798100.0,Stefan,Heber,male,Medical and Health Sciences,10.1155/2015/165078,2015.0
56963798100.0,Stefan,Heber,male,Medical and Health Sciences,10.1249/MSS.0000000000000882,2016.0
56963798100.0,Stefan,Heber,male,Medical and Health Sciences,10.1002/mus.25490,2017.0
56963798100.0,Stefan,Heber,male,Medical and Health Sciences,10.1111/jcpe.12980,2018.0
56963798100.0,,Heber,male,Medical and Health Sciences,10.1038/s41598-019-55391-5,2019.0
56963798100.0,Stefan,Heber,male,Medical and Health Sciences,10.1016/j.jtcvs.2018.11.104,2019.0
56963798100.0,Stefan,Heber,male,Medical and Health Sciences,10.1182/bloodadvances.2018026385,2019.0
56963798100.0,Stefan,Heber,male,Medical and Health Sciences,10.1055/s-0039-1693693,2019.0
56963798100.0,Stefan,Heber,male,Medical and Health Sciences,10.1016/j.ijcard.2019.03.003,2019.0
56963798100.0,Stefan,Heber,male,Medical and Health Sciences,10.1177/0333102418793636,2019.0
56963798100.0,Stefan,Heber,male,Medical and Health Sciences,10.1523/JNEUROSCI.3048-18.2019,2019.0
56963798100.0,Stefan,Heber,male,Medical and Health Sciences,10.1111/sms.13462,2019.0
56963798100.0,Stefan,Heber,male,Medical and Health Sciences,10.1111/sms.13462,2019.0
56963798100.0,Stefan,Heber,male,Medical and Health Sciences,10.1007/s00784-019-03049-x,2019.0
56963798100.0,Stefan,Heber,male,Medical and Health Sciences,10.1136/heartjnl-2019-315130,2020.0
56963798100.0,Stefan,Heber,male,Medical and Health Sciences,10.1136/heartjnl-2019-315130,2020.0
55250670400.0,Xue,Cao,female,No_discipline_assigned,10.1007/s12204-012-1258-0,2012.0
56434723700.0,Ming,Liu,male,Natural Sciences,10.1021/jf503513n,2014.0
56434723700.0,Ming,Liu,male,Natural Sciences,10.7503/cjcu20150100,2015.0
56434723700.0,Ming,Liu,male,Natural Sciences,10.1002/cjoc.201500620,2015.0
56434723700.0,Ming,Liu,male,Natural Sciences,10.1002/cjoc.201600460,2016.0
56434723700.0,Ming,Liu,male,Natural Sciences,10.1007/s40242-016-6253-9,2016.0
56434723700.0,Ming,Liu,male,Natural Sciences,10.1039/c5ra25765d,2016.0
56434723700.0,Ming,Liu,male,Natural Sciences,10.1002/cjoc.201600438,2016.0
56434723700.0,Ming,Liu,male,Natural Sciences,10.1002/cjoc.201600539,2016.0
56434723700.0,Ming,Liu,male,Natural Sciences,10.6023/cjoc201601011,2016.0
56434723700.0,Ming,Liu,male,Natural Sciences,10.2174/1570180812666150819003514,2016.0
56434723700.0,Ming,Liu,male,Natural Sciences,10.1007/s40242-016-6029-2,2016.0
56434723700.0,Ming,Liu,male,Natural Sciences,10.1007/s40242-016-6041-6,2016.0
56434723700.0,Ming,Liu,male,Natural Sciences,10.1007/s40242-016-5480-4,2016.0
56434723700.0,Ming,Liu,male,Natural Sciences,10.1016/j.cclet.2017.02.021,2017.0
56434723700.0,Ming,Liu,male,Natural Sciences,10.6023/cjoc201607029,2017.0
55777216100.0,Daniela,Stanga,female,Natural Sciences,10.1016/j.ajhg.2013.05.028,2013.0
55777216100.0,Daniela,Stanga,female,Natural Sciences,10.1091/mbc.E15-08-0557,2016.0
55777216100.0,Daniela,Stanga,female,Natural Sciences,10.1371/journal.pgen.1005785,2016.0
55777216100.0,Daniela,Stanga,female,Natural Sciences,10.1136/jmedgenet-2018-105441,2018.0
55777216100.0,Daniela,Stanga,female,Natural Sciences,10.1111/tra.12640,2019.0
55777216100.0,Daniela,Stanga,female,Natural Sciences,10.1038/s41598-019-50415-6,2019.0
55777216100.0,Daniela,Stanga,female,Natural Sciences,10.1093/brain/awz374,2020.0
56764947200.0,Quan,Zhang,male,Engineering and Technology,10.15918/j.tbit1001-0645.2016.02.017,2016.0
56764947200.0,Quan,Zhang,male,Engineering and Technology,10.15918/j.tbit1001-0645.2016.02.017,2016.0
56764947200.0,Quan,Zhang,male,Engineering and Technology,10.1177/1748006X17693518,2017.0
56764947200.0,Quan,Zhang,male,Engineering and Technology,10.1177/1748006X17693518,2017.0
56764947200.0,Quan,Zhang,male,Engineering and Technology,10.1177/1748006X19887651,2019.0
57196199060.0,Yong,Zhang,male,Natural Sciences,10.1002/cjoc.201180488,2012.0
55315085100.0,Simone,Möbitz,female,Natural Sciences,10.1021/ja305518h,2012.0
55315085100.0,Simone,Möbitz,female,Natural Sciences,10.1016/j.bpj.2015.08.033,2015.0
55315085100.0,Simone,Möbitz,female,Natural Sciences,10.1021/acs.langmuir.7b00651,2017.0
55315085100.0,Simone,Möbitz,female,Natural Sciences,10.1021/acs.langmuir.7b00651,2017.0
55315085100.0,Simone,Möbitz,female,Natural Sciences,10.1016/j.bbamem.2018.01.016,2018.0
55315085100.0,Simone,Möbitz,female,Natural Sciences,10.1016/j.bpj.2018.01.021,2018.0
55315085100.0,Simone,Möbitz,female,Natural Sciences,10.1002/cbic.201800776,2019.0
55315085100.0,Simone,Möbitz,female,Natural Sciences,10.1002/chem.201901861,2019.0
55315085100.0,Simone,Möbitz,female,Natural Sciences,10.1039/c9cp06468k,2020.0
56115144500.0,Sharif,Alarayedh,male,Medical and Health Sciences,10.1136/bcr-2014-203652,2014.0
55695147700.0,Yan,Jiang,male,Natural Sciences,10.3969/j.issn.1001-2400.2012.05.029,2012.0
55695147700.0,Yan,Jiang,male,Natural Sciences,10.3969/j.issn.1001-2400.2012.05.029,2012.0
55695147700.0,Yan,Jiang,male,Natural Sciences,10.3969/j.issn.1001-2400.2012.05.029,2012.0
56194247900.0,Jing,Huang,female,Medical and Health Sciences,10.2174/1381612820666140128204132,2014.0
56194247900.0,,Huang,female,Medical and Health Sciences,10.1038/bjc.2014.1,2014.0
56194247900.0,Jing,Huang,female,Medical and Health Sciences,,2014.0
55931578500.0,,Klimko,male,Medical and Health Sciences,10.1111/jam.12322,2013.0
55931578500.0,,Klimko,male,Medical and Health Sciences,10.1111/jam.12644,2014.0
55931578500.0,Christopher P.,Klimko,male,Medical and Health Sciences,10.1371/journal.pone.0115951,2014.0
55931578500.0,Christopher P.,Klimko,male,Medical and Health Sciences,10.1371/journal.pone.0124667,2015.0
55931578500.0,Christopher P.,Klimko,male,Medical and Health Sciences,10.3389/fcimb.2016.00021,2016.0
55931578500.0,,Klimko,male,Medical and Health Sciences,10.1111/jam.13418,2017.0
55931578500.0,Christopher P.,Klimko,male,Medical and Health Sciences,10.1371/journal.pone.0172627,2017.0
55931578500.0,,Klimko,male,Medical and Health Sciences,10.1371/journal.pone.0171363,2017.0
55931578500.0,,Klimko,male,Medical and Health Sciences,10.1007/s00203-016-1303-8,2017.0
55931578500.0,Christopher P.,Klimko,male,Medical and Health Sciences,10.3201/eid2404.171646,2018.0
55931578500.0,Christopher P.,Klimko,male,Medical and Health Sciences,10.1371/journal.pone.0208277,2018.0
55931578500.0,Christopher P.,Klimko,male,Medical and Health Sciences,10.1128/AEM.00106-18,2018.0
55931578500.0,Christopher P.,Klimko,male,Medical and Health Sciences,10.3389/fmicb.2019.01343,2019.0
55931578500.0,Christopher P.,Klimko,male,Medical and Health Sciences,10.3390/vaccines7040196,2019.0
55931578500.0,Christopher P.,Klimko,male,Medical and Health Sciences,10.3390/vaccines7040205,2019.0
55931578500.0,Christopher P.,Klimko,male,Medical and Health Sciences,10.3201/eid2505.180928,2019.0
55931578500.0,Christopher P.,Klimko,male,Medical and Health Sciences,10.1016/j.micpath.2020.104050,2020.0
55931578500.0,Christopher P.,Klimko,male,Medical and Health Sciences,10.3390/pathogens9020113,2020.0
56472732800.0,Tomás,Donoso,male,Medical and Health Sciences,10.1016/j.joms.2014.08.039,2015.0
57190407595.0,,Kamynin,male,Humanities,10.17059/2015-2-7,2015.0
57190407595.0,Vladimir D.,Kamynin,male,Humanities,10.13187/bg.2017.2.542,2017.0
57190407595.0,Vladimir D.,Kamynin,male,Humanities,10.13187/bg.2017.3.1110,2017.0
57190407595.0,Vladimir,Kamynin,male,Humanities,10.15826/qr.2019.1.360,2019.0
57061860300.0,,Marin,female,Medical and Health Sciences,10.1111/sms.12610,2016.0
57061860300.0,Josefa,Marin,female,Medical and Health Sciences,10.1080/17461391.2017.1294620,2017.0
57061860300.0,Josefa,Marin,female,Medical and Health Sciences,10.1007/s00421-017-3546-8,2017.0
57061860300.0,Josefa,Marin,female,Medical and Health Sciences,10.1007/s10554-019-01633-6,2019.0
56676303300.0,Markus,Bradke,male,Natural Sciences,10.1016/j.asr.2015.04.029,2015.0
56676303300.0,,Bradke,male,Natural Sciences,10.5194/amt-9-79-2016,2016.0
35199643400.0,,Brown,male,Natural Sciences,10.1177/8756087912467028,2013.0
35199643400.0,Wyatt,Brown,male,Natural Sciences,10.4315/0362-028X.JFP-13-117,2014.0
35199643400.0,,Brown,male,Natural Sciences,10.1016/j.foodcont.2015.09.014,2016.0
35199643400.0,Wyatt,Brown,male,Natural Sciences,10.1177/8756087915590190,2016.0
35199643400.0,Wyatt,Brown,male,Natural Sciences,10.1016/j.foodcont.2020.107158,2020.0
55241386100.0,Wang,Jian,male,Natural Sciences,10.4156/AISS.vol4.issue9.1,2012.0
55241386100.0,Wang,Jian,male,Natural Sciences,10.4156/AISS.vol4.issue9.1,2012.0
56384870600.0,Carol,Li,female,Medical and Health Sciences,10.3389/fneur.2014.00223,2014.0
56384870600.0,Carol,Li,female,Medical and Health Sciences,10.1097/MAO.0000000000000544,2015.0
56384870600.0,Carol,Li,female,Medical and Health Sciences,10.1097/MAO.0000000000000610,2015.0
56384870600.0,Carol,Li,female,Medical and Health Sciences,10.1016/j.clinph.2015.01.008,2015.0
56384870600.0,Carol,Li,female,Medical and Health Sciences,10.1016/j.apmr.2014.09.017,2015.0
56384870600.0,Carol,Li,female,Medical and Health Sciences,10.1155/2016/1865038,2016.0
56384870600.0,Carol,Li,female,Medical and Health Sciences,10.1002/lary.25927,2016.0
56384870600.0,Carol,Li,female,Medical and Health Sciences,10.1007/s40271-015-0156-6,2016.0
55388970000.0,Xiangyu,Zhao,female,Engineering and Technology,10.3969/j.issn.1000-1026.2012.16.014,2012.0
55993330100.0,Jinkyung,Ha,female,Medical and Health Sciences,10.1007/s10985-011-9210-4,2012.0
55993330100.0,Jin-Kyung,Ha,female,Medical and Health Sciences,10.1097/TA.0b013e31828273a0,2013.0
55993330100.0,Jinkyung,Ha,female,Medical and Health Sciences,10.2337/dc13-0412,2013.0
55993330100.0,Jinkyung,Ha,female,Medical and Health Sciences,10.1111/biom.12338,2015.0
55993330100.0,Jinkyung,Ha,female,Medical and Health Sciences,10.1111/jgs.15360,2018.0
55993330100.0,Jinkyung,Ha,female,Medical and Health Sciences,10.1001/jamanetworkopen.2019.9679,2019.0
56421697800.0,Yu I.,Kim,male,Natural Sciences,10.1089/scd.2014.0142,2014.0
56421697800.0,Yu I.,Kim,male,Natural Sciences,10.1038/s41467-018-02912-x,2018.0
56421697800.0,Yu I.,Kim,male,Natural Sciences,10.1002/eji.201847633,2018.0
56421697800.0,Yu I.,Kim,male,Natural Sciences,10.1016/j.cyto.2018.06.011,2019.0
55724735200.0,Shuxia,Liu,female,Natural Sciences,10.3969/j.issn.1002-6819.2012.17.004,2012.0
55724735200.0,Shuxia,Liu,female,Natural Sciences,10.3923/itj.2013.6385.6390,2013.0
36846778400.0,Mark,Griffiths,male,Social Sciences,10.1353/eca.2013.0015,2013.0
57198546933.0,Lin,Bai,female,Engineering and Technology,10.3969/j.issn.1001-0548.2012.03.004,2012.0
57196101415.0,Shangang,Zhang,male,Medical and Health Sciences,10.1017/S1041610214002269,2014.0
57196101415.0,Shangang,Zhang,male,Medical and Health Sciences,10.1017/S1041610214002269,2015.0
54880169600.0,Rachael E.,Ainsworth,female,Natural Sciences,10.1111/j.1365-2966.2011.20254.x,2012.0
54880169600.0,Rachael E.,Ainsworth,female,Natural Sciences,10.1111/j.1365-2966.2011.19957.x,2012.0
54880169600.0,Rachael E.,Ainsworth,female,Natural Sciences,10.1111/j.1365-2966.2012.20935.x,2012.0
54880169600.0,Rachael E.,Ainsworth,female,Natural Sciences,10.1093/mnrasl/slt114,2013.0
54880169600.0,Rachael E.,Ainsworth,female,Natural Sciences,10.1088/2041-8205/792/1/L18,2014.0
54880169600.0,Rachael E.,Ainsworth,female,Natural Sciences,10.1088/2041-8205/792/1/L18,2014.0
54880169600.0,Rachael E.,Ainsworth,female,Natural Sciences,10.1093/mnras/stw708,2016.0
54880169600.0,Rachael E.,Ainsworth,female,Natural Sciences,10.1093/mnras/stw1847,2016.0
54880169600.0,Rachael E.,Ainsworth,female,Natural Sciences,10.3847/1538-4357/834/2/206,2017.0
54880169600.0,,Ainsworth,female,Natural Sciences,10.1093/MNRAS/STY2649,2018.0
54880169600.0,,Ainsworth,female,Natural Sciences,10.1093/MNRAS/STY2649,2018.0
54880169600.0,Rachael E.,Ainsworth,female,Natural Sciences,10.3847/2041-8213/ab4b56,2019.0
57212644800.0,Ioana,Kruse,female,Medical and Health Sciences,10.1016/j.jhealeco.2011.09.003,2012.0
57212644800.0,Ioana,Kruse,female,Medical and Health Sciences,10.1186/s12913-019-4853-z,2019.0
36496193000.0,Ye,Wu,male,Natural Sciences,10.3724/SP.J.1016.2012.00065,2012.0
36496193000.0,Ye,Wu,male,Natural Sciences,10.3724/SP.J.1016.2013.01704,2013.0
36496193000.0,Ye,Wu,male,Natural Sciences,10.1007/s13369-014-1475-y,2014.0
36496193000.0,Ye,Wu,male,Natural Sciences,10.11887/j.cn.201404015,2014.0
36496193000.0,Ye,Wu,male,Natural Sciences,10.11887/j.cn.201405017,2014.0
36496193000.0,Ye,Wu,male,Natural Sciences,10.3724/SP.J.1016.2014.01999,2014.0
36496193000.0,Ye,Wu,male,Natural Sciences,10.1016/j.neucom.2015.04.003,2015.0
36496193000.0,Ye,Wu,male,Natural Sciences,10.1587/transinf.2015PAL0001,2015.0
36496193000.0,Ye,Wu,male,Natural Sciences,10.11887/j.cn.201505001,2015.0
36496193000.0,Ye,Wu,male,Natural Sciences,10.3390/ijgi7010026,2018.0
36496193000.0,Ye,Wu,male,Natural Sciences,10.1109/ACCESS.2018.2870168,2018.0
36496193000.0,Ye,Wu,male,Natural Sciences,10.3390/ijgi7120467,2018.0
36496193000.0,Ye,Wu,male,Natural Sciences,10.1587/transinf.2018EDL8120,2018.0
36496193000.0,Ye,Wu,male,Natural Sciences,10.3390/ijgi8010021,2019.0
36496193000.0,Ye,Wu,male,Natural Sciences,10.3390/ijgi8030140,2019.0
36496193000.0,Ye,Wu,male,Natural Sciences,10.1109/ACCESS.2019.2906871,2019.0
36496193000.0,Ye,Wu,male,Natural Sciences,10.3390/ijgi8060287,2019.0
36496193000.0,Ye,Wu,male,Natural Sciences,10.1016/j.ins.2019.10.071,2020.0
55220267400.0,Maria Beatriz S.,Mota,female,Natural Sciences,10.1590/S0103-50532012000500019,2012.0
55220267400.0,Maria Beatriz S.,Mota,female,Natural Sciences,10.1590/S0103-50532012000500019,2012.0
55220267400.0,Maria Beatriz S.,Mota,female,Natural Sciences,10.5935/0103-5053.20140074,2014.0
55220267400.0,Maria Beatriz S.,Mota,female,Natural Sciences,10.1186/s13071-019-3792-1,2019.0
56711949900.0,Reza,Farzi,male,Natural Sciences,10.1016/j.petrol.2015.05.022,2015.0
56711949900.0,Reza,Farzi,male,Natural Sciences,10.1016/j.fluid.2016.07.029,2016.0
56711949900.0,Reza,Farzi,male,Natural Sciences,10.1016/j.fluid.2016.04.020,2016.0
56711949900.0,Reza,Farzi,male,Natural Sciences,10.1016/j.jngse.2017.01.029,2017.0
56711949900.0,Reza,Farzi,male,Natural Sciences,10.1016/j.petrol.2017.01.003,2017.0
55922521000.0,Justine M.,O'Shea,female,Medical and Health Sciences,10.5694/mja13.10364,2013.0
55922521000.0,Justine M.,O'Shea,female,Medical and Health Sciences,10.5694/mja13.10364,2013.0
57198829614.0,Yifan,Duan,male,Natural Sciences,10.1371/journal.pone.0057502,2013.0
56718966600.0,Tuo,Zhou,female,Natural Sciences,10.7623/syxb201506009,2015.0
56718966600.0,Tuo,Zhou,female,Natural Sciences,,2015.0
56718966600.0,Tuo,Zhou,female,Natural Sciences,10.1016/S1876-3804(15)30048-3,2015.0
56718966600.0,Tuo,Zhou,female,Natural Sciences,10.1039/c4ay02015d,2015.0
56718966600.0,Tuo,Zhou,female,Natural Sciences,10.5013/IJSSST.a.17.45.02,2016.0
56718966600.0,Tuo,Zhou,female,Natural Sciences,10.5013/IJSSST.a.17.45.02,2016.0
56718966600.0,Tuo,Zhou,female,Natural Sciences,10.11885/j.issn.1674-5086.2015.11.23.03,2017.0
56786155700.0,,Glerum,female,Natural Sciences,10.1002/2015GC005807,2015.0
56786155700.0,,Glerum,female,Natural Sciences,10.1002/2015GC005807,2015.0
56786155700.0,Anne,Glerum,female,Natural Sciences,10.5194/se-9-267-2018,2018.0
56786155700.0,Anne,Glerum,female,Natural Sciences,10.5194/se-9-267-2018,2018.0
56786155700.0,Anne,Glerum,female,Natural Sciences,10.1038/s41467-019-09335-2,2019.0
56786155700.0,,Glerum,female,Natural Sciences,10.1093/gji/ggz183,2019.0
56786155700.0,,Glerum,female,Natural Sciences,10.1093/gji/ggz183,2019.0
56786155700.0,,Glerum,female,Natural Sciences,10.1029/2019JB018560,2020.0
56046452900.0,Rajanikanth,Mamidala,male,Natural Sciences,10.1016/j.tetlet.2011.11.070,2012.0
56046452900.0,Rajanikanth,Mamidala,male,Natural Sciences,10.1002/ajoc.201300125,2013.0
56046452900.0,Rajinikanth,Mamidala,male,Natural Sciences,10.1039/c3ra47714b,2014.0
56046452900.0,Rajinikanth,Mamidala,male,Natural Sciences,10.1039/c5ra19255b,2015.0
56046452900.0,Rajinikanth,Mamidala,male,Natural Sciences,10.1038/srep26603,2016.0
56046452900.0,Rajinikanth,Mamidala,male,Natural Sciences,10.1038/srep26603,2016.0
56046452900.0,Rajanikanth,Mamidala,male,Natural Sciences,10.1038/s41598-019-54339-z,2019.0
55426269600.0,Camille,Howell,female,Medical and Health Sciences,10.1002/jca.21288,2013.0
57119848400.0,Iman,Talaat,female,Medical and Health Sciences,10.1016/j.pedneo.2015.02.004,2015.0
57119848400.0,Iman M.,Talaat,female,Medical and Health Sciences,10.1186/s13052-016-0314-z,2016.0
57119848400.0,,Talaat,female,Medical and Health Sciences,10.1007/s40618-016-0514-9,2016.0
57119848400.0,Iman M.,Talaat,female,Medical and Health Sciences,10.1016/j.amsu.2015.10.015,2016.0
57119848400.0,Iman M.,Talaat,female,Medical and Health Sciences,10.1016/j.amsu.2015.10.015,2016.0
57119848400.0,Iman M.,Talaat,female,Medical and Health Sciences,10.3345/kjp.2017.60.10.327,2017.0
57119848400.0,Iman M.,Talaat,female,Medical and Health Sciences,10.1080/08820139.2017.1416398,2018.0
57119848400.0,Iman M.,Talaat,female,Medical and Health Sciences,10.1080/08820139.2018.1458109,2018.0
57119848400.0,Iman M.,Talaat,female,Medical and Health Sciences,10.4274/jcrpe.galenos.2019.2018.0280,2019.0
55574228542.0,Michael R.,Kelly,male,Humanities,10.1111/j.1468-2265.2010.00659.x,2014.0
55270625100.0,Hiroki,Ora,male,Medical and Health Sciences,10.1371/journal.pone.0039800,2012.0
55270625100.0,Hiroki,Ora,male,Medical and Health Sciences,10.1142/S0219635213500192,2013.0
55270625100.0,Hiroki,Ora,male,Medical and Health Sciences,10.1142/S0219635213500192,2013.0
55270625100.0,Hiroki,Ora,male,Medical and Health Sciences,10.3389/fneur.2014.00074,2014.0
55270625100.0,Hiroki,Ora,male,Medical and Health Sciences,10.1038/srep12503,2015.0
55270625100.0,Hiroki,Ora,male,Medical and Health Sciences,10.1038/srep33336,2016.0
55270625100.0,Hiroki,Ora,male,Medical and Health Sciences,10.1523/JNEUROSCI.3006-15.2016,2016.0
55270625100.0,Hiroki,Ora,male,Medical and Health Sciences,10.1523/JNEUROSCI.3006-15.2016,2016.0
55270625100.0,Hiroki,Ora,male,Medical and Health Sciences,10.3389/fnins.2016.00446,2016.0
55270625100.0,Hiroki,Ora,male,Medical and Health Sciences,10.3389/fnins.2016.00446,2016.0
55270625100.0,Hiroki,Ora,male,Medical and Health Sciences,10.1038/srep28105,2016.0
55270625100.0,Hiroki,Ora,male,Medical and Health Sciences,10.1038/srep28105,2016.0
55270625100.0,Hiroki,Ora,male,Medical and Health Sciences,10.1038/srep28105,2016.0
55270625100.0,Hiroki,Ora,male,Medical and Health Sciences,10.3389/fnins.2017.00522,2017.0
55270625100.0,Hiroki,Ora,male,Medical and Health Sciences,10.3389/fnins.2017.00522,2017.0
55270625100.0,Hiroki,Ora,male,Medical and Health Sciences,10.1038/s41598-020-59014-2,2020.0
55270625100.0,Hiroki,Ora,male,Medical and Health Sciences,10.3389/frobt.2020.00010,2020.0
55270625100.0,Hiroki,Ora,male,Medical and Health Sciences,10.3389/fphys.2019.01530,2020.0
56060747100.0,Jeremy,Lapham,male,Medical and Health Sciences,10.1016/j.ienj.2014.02.002,2014.0
55925926900.0,Abhishek,Gaurav,male,Natural Sciences,10.1038/nmat4455,2016.0
55925926900.0,Abhishek,Gaurav,male,Natural Sciences,10.1063/1.4954026,2016.0
55925926900.0,,Gaurav,male,Natural Sciences,10.1088/2399-6528/aa8cf0,2017.0
56840917400.0,Hung Yu,Huang,male,Medical and Health Sciences,10.1097/NRL.0000000000000005,2015.0
55211559800.0,Sandra,Custódio,female,Medical and Health Sciences,10.1159/000336445,2012.0
55211559800.0,Sandra,Custódio,female,Medical and Health Sciences,10.1159/000335683,2012.0
55211559800.0,Sandra,Custódio,female,Medical and Health Sciences,10.1080/13548506.2017.1344256,2018.0
55211559800.0,Sandra,Custódio,female,Medical and Health Sciences,10.1080/13548506.2017.1344256,2018.0
55211559800.0,Sandra,Custódio,female,Medical and Health Sciences,10.1038/s41598-019-56999-3,2019.0
55211559800.0,,Custódio,female,Medical and Health Sciences,10.1093/annonc/mdz155.253,2019.0
55312294400.0,Michaelj.,Lentze,male,Medical and Health Sciences,10.1055/s-0032-1308695,2012.0
56493514900.0,Kihyun,Park,male,Engineering and Technology,10.1016/j.eneco.2015.02.009,2015.0
56493514900.0,Kihyun,Park,male,Engineering and Technology,10.1016/j.econmod.2014.11.030,2015.0
56493514900.0,KiHyun,Park,male,Engineering and Technology,10.1016/j.apenergy.2016.03.016,2016.0
56493514900.0,Kihyun,Park,male,Engineering and Technology,10.1016/j.energy.2016.02.027,2016.0
56662261200.0,Chuan,Wang,female,Medical and Health Sciences,10.1371/journal.pone.0134059,2015.0
56662261200.0,Chuan,Wang,female,Medical and Health Sciences,10.13481/j.1671-587X.20150232,2015.0
56662261200.0,Chuan,Wang,female,Medical and Health Sciences,,2015.0
56662261200.0,Chuan,Wang,female,Medical and Health Sciences,10.3748/wjg.v22.i7.2373,2016.0
56662261200.0,Chuan,Wang,female,Medical and Health Sciences,10.1097/MD.0000000000004390,2016.0
56662261200.0,Chuan,Wang,female,Medical and Health Sciences,10.1097/MD.0000000000004390,2016.0
56662261200.0,Chuan,Wang,female,Medical and Health Sciences,10.1155/2016/8578064,2016.0
56662261200.0,Chuan,Wang,female,Medical and Health Sciences,10.1155/2017/4731891,2017.0
56662261200.0,Chuan,Wang,female,Medical and Health Sciences,10.1155/2017/4731891,2017.0
56662261200.0,Chuan,Wang,female,Medical and Health Sciences,10.1186/s12879-018-3166-x,2018.0
56662261200.0,Chuan,Wang,female,Medical and Health Sciences,10.1186/s12879-018-3166-x,2018.0
56662261200.0,Chuan,Wang,female,Medical and Health Sciences,10.1016/j.meegid.2018.06.006,2018.0
56662261200.0,Chuan,Wang,female,Medical and Health Sciences,10.1016/j.meegid.2018.06.006,2018.0
56662261200.0,Chuan,Wang,female,Medical and Health Sciences,10.1136/bmjopen-2018-022334,2018.0
56662261200.0,Chuan,Wang,female,Medical and Health Sciences,10.1097/MD.0000000000012011,2018.0
55377656700.0,Alex S. C.,Silva,male,Engineering and Technology,10.4067/S0718-07642012000400011,2012.0
55377656700.0,Alex Sander Chaves,Da Silva,male,Engineering and Technology,10.1007/s00170-013-5126-3,2013.0
55377656700.0,Alex Sander Chaves Da,Silva,male,Engineering and Technology,10.1155/2014/658679,2014.0
55377656700.0,Alex Sander Chaves Da,Silva,male,Engineering and Technology,10.1080/10426914.2013.811726,2015.0
55667773200.0,Zi-Jie,Mei,male,Medical and Health Sciences,10.7314/APJCP.2013.14.10.5725,2013.0
55667773200.0,Zijie,Mei,male,Medical and Health Sciences,,2013.0
55667773200.0,Zijie,Mei,male,Medical and Health Sciences,10.1080/15384047.2015.1056944,2015.0
55667773200.0,Zijie,Mei,male,Medical and Health Sciences,10.3892/ijo.2014.2793,2015.0
55667773200.0,Zijie,Mei,male,Medical and Health Sciences,10.1667/RR13784.1,2015.0
55667773200.0,Zi-Jie,Mei,male,Medical and Health Sciences,,2016.0
55667773200.0,Zijie,Mei,male,Medical and Health Sciences,10.1093/jrr/rrv077,2016.0
55667773200.0,Zijie,Mei,male,Medical and Health Sciences,10.1093/jrr/rrv077,2016.0
55667773200.0,Zi-Jie,Mei,male,Medical and Health Sciences,10.3892/ol.2016.5340,2016.0
55667773200.0,Zijie,Mei,male,Medical and Health Sciences,10.1016/j.molimm.2016.11.001,2016.0
55667773200.0,Zijie,Mei,male,Medical and Health Sciences,10.1016/j.molimm.2016.11.001,2016.0
55667773200.0,Zijie,Mei,male,Medical and Health Sciences,10.3892/or.2018.6616,2018.0
55667773200.0,Zijie,Mei,male,Medical and Health Sciences,10.3892/ol.2018.9566,2019.0
55667773200.0,Zijie,Mei,male,Medical and Health Sciences,10.3892/ol.2018.9566,2019.0
55667773200.0,Zijie,Mei,male,Medical and Health Sciences,10.14188/j.1671-8852.2019.0264,2020.0
55914355600.0,Ivaneide F.,Rocha,female,Natural Sciences,10.1111/btp.12055,2013.0
56992620600.0,Koichi,Yada,male,Medical and Health Sciences,10.1007/s12576-013-0300-9,2014.0
56992620600.0,Koichi,Yada,male,Medical and Health Sciences,10.1007/s12576-013-0300-9,2014.0
56992620600.0,Koichi,Yada,male,Medical and Health Sciences,10.14814/phy2.12534,2015.0
56992620600.0,Koichi,Yada,male,Medical and Health Sciences,10.1371/journal.pone.0148311,2016.0
56992620600.0,Koichi,Yada,male,Medical and Health Sciences,10.1249/MSS.0000000000000980,2016.0
56992620600.0,Koichi,Yada,male,Medical and Health Sciences,10.1016/j.bbrep.2015.11.022,2016.0
56992620600.0,Koichi,Yada,male,Medical and Health Sciences,10.3389/fnut.2017.00063,2017.0
56992620600.0,Koichi,Yada,male,Medical and Health Sciences,10.1007/s00421-018-3839-6,2018.0
56992620600.0,Koichi,Yada,male,Medical and Health Sciences,10.3390/nu10060673,2018.0
56992620600.0,Koichi,Yada,male,Medical and Health Sciences,10.3390/nu10060673,2018.0
56992620600.0,Koichi,Yada,male,Medical and Health Sciences,10.1038/s41598-018-33029-2,2018.0
56992620600.0,Koichi,Yada,male,Medical and Health Sciences,10.14814/phy2.13902,2018.0
56992620600.0,Koichi,Yada,male,Medical and Health Sciences,10.3390/antiox9010029,2020.0
56906513400.0,Chris,Lee,male,Natural Sciences,10.4018/IJWSR.2015070102,2015.0
56906513400.0,Chris,Lee,male,Natural Sciences,10.1504/IJBPIM.2015.071265,2015.0
56120950900.0,Jiaqi,Chen,female,Natural Sciences,10.1007/s13277-014-2014-x,2014.0
57193538448.0,Amit,Patel,male,Medical and Health Sciences,10.1111/bjh.12331,2013.0
57193538448.0,Amit,Patel,male,Medical and Health Sciences,10.1111/bjh.12331,2013.0
57193538448.0,Amit,Patel,male,Medical and Health Sciences,10.1007/s00134-013-2863-6,2013.0
57193538448.0,Amit,Patel,male,Medical and Health Sciences,10.1007/s00134-013-2863-6,2013.0
57193538448.0,Amit,Patel,male,Medical and Health Sciences,10.1007/s00134-013-2863-6,2013.0
57193538448.0,Amit,Patel,male,Medical and Health Sciences,10.1097/MPA.0000000000000031,2014.0
57193538448.0,Amit,Patel,male,Medical and Health Sciences,10.1097/MPA.0000000000000031,2014.0
57193538448.0,Amit,Patel,male,Medical and Health Sciences,10.1097/MPA.0000000000000031,2014.0
57193538448.0,Amit,Patel,male,Medical and Health Sciences,10.1136/bmj.g4561,2014.0
57193538448.0,Amit,Patel,male,Medical and Health Sciences,10.1136/bmj.g4561,2014.0
57193538448.0,Amit,Patel,male,Medical and Health Sciences,10.1136/bmj.g4561,2014.0
57193538448.0,Amit,Patel,male,Medical and Health Sciences,10.5694/mja14.00052,2015.0
57193538448.0,Amit,Patel,male,Medical and Health Sciences,10.5694/mja14.00052,2015.0
57193538448.0,Amit,Patel,male,Medical and Health Sciences,10.1097/MCC.0000000000000256,2015.0
57193538448.0,Amit,Patel,male,Medical and Health Sciences,10.1097/MCC.0000000000000256,2015.0
57193538448.0,Amit,Patel,male,Medical and Health Sciences,10.1097/MCC.0000000000000256,2015.0
57193538448.0,Amit,Patel,male,Medical and Health Sciences,10.1016/j.mpmed.2017.01.004,2017.0
57193538448.0,Amit,Patel,male,Medical and Health Sciences,10.1016/j.jvs.2018.03.428,2018.0
57193538448.0,Amit,Patel,male,Medical and Health Sciences,10.1016/j.jvs.2018.03.428,2018.0
57193538448.0,Amit,Patel,male,Medical and Health Sciences,10.1016/j.jvs.2018.03.428,2018.0
57193538448.0,,Patel,male,Medical and Health Sciences,10.1038/s41409-019-0448-x,2019.0
57193538448.0,Amit,Patel,male,Medical and Health Sciences,10.1038/s41409-020-0858-9,2020.0
55937258400.0,Maura Krähembühl Wanderley,Bittencourt,female,Medical and Health Sciences,10.1089/jop.2012.0119,2013.0
56044664600.0,Miriam L.,González,female,Medical and Health Sciences,10.1177/0734242X13484192,2013.0
56044664600.0,Miriam,González,female,Medical and Health Sciences,10.1016/j.ajic.2014.07.021,2014.0
56044664600.0,Miriam,Gonzalez,female,Medical and Health Sciences,10.1586/17474086.2015.1071186,2015.0
56044664600.0,Miriam L.,González,female,Medical and Health Sciences,10.1016/j.ajic.2015.11.007,2016.0
56044664600.0,Miriam,Gonzalez,female,Medical and Health Sciences,10.1182/bloodadvances.2018GS112240,2018.0
55750413400.0,Matthew P.,Ferrari,male,Natural Sciences,10.1080/17524032.2013.781049,2013.0
55750413400.0,Matthew P.,Ferrari,male,Natural Sciences,10.1080/17524032.2013.781049,2013.0
57189237333.0,Liang,Yu,male,Natural Sciences,10.1177/1350650112438652,2012.0
57189237333.0,Liang,Yu,male,Natural Sciences,10.1080/03602559.2012.663042,2012.0
57189237333.0,Liang,Yu,male,Natural Sciences,10.1007/s00170-013-5040-8,2013.0
57189237333.0,Liang,Yu,male,Natural Sciences,,2013.0
57189237333.0,Liang,Yu,male,Natural Sciences,10.1016/j.fuel.2016.05.030,2016.0
57189237333.0,Liang,Yu,male,Natural Sciences,10.11715/rskxjs.R201704007,2017.0
57189237333.0,Liang,Yu,male,Natural Sciences,10.1007/s00170-017-0750-y,2017.0
57189237333.0,Liang,Yu,male,Natural Sciences,10.1177/1687814017724704,2017.0
57189237333.0,Liang,Yu,male,Natural Sciences,10.1021/acs.energyfuels.7b00987,2017.0
57189237333.0,Liang,Yu,male,Natural Sciences,10.1021/acs.energyfuels.7b01028,2018.0
57189237333.0,Liang,Yu,male,Natural Sciences,10.1021/acs.energyfuels.8b00981,2018.0
57189237333.0,Liang,Yu,male,Natural Sciences,10.1016/j.energy.2018.01.181,2018.0
57189237333.0,Liang,Yu,male,Natural Sciences,10.16183/j.cnki.jsjtu.2018.04.008,2018.0
57189237333.0,Liang,Yu,male,Natural Sciences,10.1016/j.combustflame.2018.06.014,2018.0
57189237333.0,Liang,Yu,male,Natural Sciences,10.1016/j.proci.2018.08.039,2019.0
57189237333.0,Liang,Yu,male,Natural Sciences,10.1016/j.proci.2018.05.173,2019.0
57189237333.0,Liang,Yu,male,Natural Sciences,10.1016/j.apenergy.2019.01.179,2019.0
57189237333.0,Liang,Yu,male,Natural Sciences,10.1016/j.combustflame.2019.01.001,2019.0
57189237333.0,Liang,Yu,male,Natural Sciences,10.1016/j.combustflame.2019.02.015,2019.0
57189237333.0,Liang,Yu,male,Natural Sciences,10.1016/j.ast.2018.10.002,2019.0
57189237333.0,Liang,Yu,male,Natural Sciences,10.1016/j.combustflame.2019.01.012,2019.0
57189237333.0,Liang,Yu,male,Natural Sciences,10.1016/j.combustflame.2019.03.007,2019.0
57189237333.0,Liang,Yu,male,Natural Sciences,10.1021/acs.energyfuels.8b04417,2019.0
57189237333.0,Liang,Yu,male,Natural Sciences,10.1016/j.combustflame.2019.04.043,2019.0
57189237333.0,Liang,Yu,male,Natural Sciences,10.1021/acs.energyfuels.8b04253,2019.0
57189237333.0,Liang,Yu,male,Natural Sciences,10.1016/j.fuel.2019.115635,2019.0
57189237333.0,,Yu,male,Natural Sciences,10.1016/j.fuel.2019.115822,2019.0
57189237333.0,,Yu,male,Natural Sciences,10.1016/j.combustflame.2019.07.024,2019.0
57189237333.0,Liang,Yu,male,Natural Sciences,10.1021/acs.energyfuels.9b00971,2019.0
57189237333.0,Liang,Yu,male,Natural Sciences,10.1016/j.combustflame.2019.09.007,2019.0
57189237333.0,Liang,Yu,male,Natural Sciences,10.1016/j.combustflame.2019.08.030,2019.0
57189237333.0,Liang,Yu,male,Natural Sciences,10.1007/s11431-019-9523-0,2019.0
57189237333.0,Liang,Yu,male,Natural Sciences,10.1016/j.combustflame.2020.03.019,2020.0
57189237333.0,Liang,Yu,male,Natural Sciences,10.1016/j.combustflame.2019.12.005,2020.0
57189237333.0,Liang,Yu,male,Natural Sciences,10.1016/j.fuel.2020.117369,2020.0
57189237333.0,Liang,Yu,male,Natural Sciences,10.1016/j.combustflame.2020.03.031,2020.0
57189237333.0,Liang,Yu,male,Natural Sciences,10.1016/j.fuel.2020.117060,2020.0
57189237333.0,Liang,Yu,male,Natural Sciences,10.1016/j.combustflame.2019.11.014,2020.0
56114643900.0,Leela J.,Chakravarti,female,Natural Sciences,10.1371/journal.pone.0093546,2014.0
56114643900.0,Leela J.,Chakravarti,female,Natural Sciences,10.1111/eva.12391,2016.0
56114643900.0,Leela J.,Chakravarti,female,Natural Sciences,10.1111/eva.12391,2016.0
56114643900.0,Leela,Chakravarti,female,Natural Sciences,10.1016/j.dsr2.2016.02.010,2016.0
56114643900.0,Leela J.,Chakravarti,female,Natural Sciences,10.1038/s41598-017-17554-0,2017.0
56114643900.0,Leela J.,Chakravarti,female,Natural Sciences,10.1038/s41598-017-17554-0,2017.0
56114643900.0,Leela J.,Chakravarti,female,Natural Sciences,10.1111/gcb.13647,2017.0
56114643900.0,Leela J.,Chakravarti,female,Natural Sciences,10.1111/gcb.13647,2017.0
56114643900.0,Leela J.,Chakravarti,female,Natural Sciences,10.1111/gcb.13647,2017.0
56114643900.0,Leela J.,Chakravarti,female,Natural Sciences,10.1242/jeb.149989,2017.0
56114643900.0,Leela J.,Chakravarti,female,Natural Sciences,10.1242/jeb.149989,2017.0
56114643900.0,Leela J.,Chakravarti,female,Natural Sciences,10.1111/gcb.13702,2017.0
56114643900.0,Leela J.,Chakravarti,female,Natural Sciences,10.1111/gcb.13702,2017.0
56114643900.0,Leela J.,Chakravarti,female,Natural Sciences,10.1111/gcb.13702,2017.0
56114643900.0,Leela J.,Chakravarti,female,Natural Sciences,10.3389/fmars.2018.00227,2018.0
56114643900.0,Leela J.,Chakravarti,female,Natural Sciences,10.3389/fmars.2018.00227,2018.0
56114643900.0,Leela J.,Chakravarti,female,Natural Sciences,10.3389/fmars.2018.00227,2018.0
56114643900.0,Leela J.,Chakravarti,female,Natural Sciences,10.1098/rstb.2018.0428,2019.0
56114643900.0,Leela J.,Chakravarti,female,Natural Sciences,10.1098/rstb.2018.0428,2019.0
56114643900.0,Leela J.,Chakravarti,female,Natural Sciences,10.3389/fmicb.2019.00173,2019.0
56114643900.0,Leela J.,Chakravarti,female,Natural Sciences,10.3389/fmicb.2019.00173,2019.0
56114643900.0,Leela J.,Chakravarti,female,Natural Sciences,10.3389/fmicb.2019.00173,2019.0
57208639553.0,Wei,Qiu,male,Natural Sciences,10.1016/j.bbrc.2013.04.074,2013.0
57208639553.0,Wei,Qiu,male,Natural Sciences,10.1016/j.bbrc.2013.04.074,2013.0
57208639553.0,Wei,Qiu,male,Natural Sciences,10.3390/ijms141121215,2013.0
57208639553.0,Wei,Qiu,male,Natural Sciences,10.3390/ijms141121215,2013.0
57208639553.0,,Qiu,male,Natural Sciences,10.1038/cddis.2014.84,2014.0
57208639553.0,,Qiu,male,Natural Sciences,10.1038/cddis.2014.84,2014.0
57208639553.0,,Qiu,male,Natural Sciences,10.1038/cdd.2014.187,2015.0
57208639553.0,Wei,Qiu,male,Natural Sciences,10.18632/oncotarget.4624,2015.0
57208639553.0,Wei,Qiu,male,Natural Sciences,10.1016/j.bbrc.2014.12.055,2015.0
57208639553.0,Wei,Qiu,male,Natural Sciences,10.1016/j.bbrc.2014.12.055,2015.0
57208639553.0,Wei,Qiu,male,Natural Sciences,10.1080/15384047.2015.1040963,2015.0
57208639553.0,Wei,Qiu,male,Natural Sciences,10.1080/15384047.2015.1040963,2015.0
57208639553.0,Wei,Qiu,male,Natural Sciences,10.1074/jbc.M116.753046,2016.0
57208639553.0,Wei,Qiu,male,Natural Sciences,10.1074/jbc.M116.753046,2016.0
57208639553.0,Wei,Qiu,male,Natural Sciences,10.1159/000464435,2017.0
57208639553.0,Wei,Qiu,male,Natural Sciences,10.3892/ol.2017.5897,2017.0
57208639553.0,Wei,Qiu,male,Natural Sciences,10.1186/s12879-018-3112-y,2018.0
57208639553.0,Wei,Qiu,male,Natural Sciences,10.1186/s12879-018-3112-y,2018.0
57208639553.0,Wei,Qiu,male,Natural Sciences,10.1089/dna.2017.4073,2018.0
57208639553.0,Wei,Qiu,male,Natural Sciences,10.1089/dna.2018.4551,2019.0
57208639553.0,Wei,Qiu,male,Natural Sciences,10.1155/2019/9429323,2019.0
57208639553.0,Wei,Qiu,male,Natural Sciences,10.1155/2019/6171782,2019.0
57208639553.0,Wei,Qiu,male,Natural Sciences,10.1186/s12879-019-4217-7,2019.0
57208639553.0,Wei,Qiu,male,Natural Sciences,10.1186/s12879-019-4217-7,2019.0
57208639553.0,Wei,Qiu,male,Natural Sciences,10.1089/dna.2019.5225,2020.0
57208639553.0,Wei,Qiu,male,Natural Sciences,10.1111/jcmm.14767,2020.0
35933215500.0,Kristin,Danielson,female,Medical and Health Sciences,10.3109/00365513.2013.773064,2013.0
35933215500.0,Kristin,Danielson,female,Medical and Health Sciences,10.1093/ckj/sfu038,2014.0
57211529848.0,Zitao,Li,male,Medical and Health Sciences,10.1007/s13277-016-5180-1,2016.0
57211529848.0,Zitao,Li,male,Medical and Health Sciences,10.1152/ajpgi.00369.2019,2020.0
56513151100.0,Feng,Xiao,male,Engineering and Technology,10.1002/adma.201502803,2015.0
56513151100.0,Feng,Xiao,male,Engineering and Technology,10.1016/j.jpowsour.2015.07.014,2015.0
56513151100.0,Feng,Xiao,male,Engineering and Technology,10.1038/srep07743,2015.0
56513151100.0,Feng,Xiao,male,Engineering and Technology,10.1039/c5cc09348a,2016.0
56513151100.0,Feng,Xiao,male,Engineering and Technology,10.1016/j.nanoen.2016.10.020,2016.0
54403038700.0,Yunhai,Jin,male,Natural Sciences,10.1016/j.applthermaleng.2011.11.009,2012.0
57198617441.0,Wei,Liu,male,Natural Sciences,10.1021/ac504206n,2015.0
57213064890.0,Martin,Schäfer,male,Natural Sciences,10.1002/marc.201300571,2013.0
57213064890.0,Martin,Schäfer,male,Natural Sciences,10.1016/j.jnoncrysol.2016.09.002,2016.0
57213064890.0,Martin,Schäfer,male,Natural Sciences,10.1063/1.4966943,2016.0
57213064890.0,Martin,Schäfer,male,Natural Sciences,10.1021/acs.jpcc.6b11113,2017.0
57213064890.0,,Schäfer,male,Natural Sciences,10.1016/j.mtphys.2018.05.002,2018.0
57213064890.0,Martin,Schäfer,male,Natural Sciences,10.1039/c9cp05194e,2019.0
57213064890.0,Martin,Schäfer,male,Natural Sciences,10.1016/j.ssi.2019.06.005,2019.0
57213064890.0,Martin,Schäfer,male,Natural Sciences,10.1016/j.ssi.2019.06.004,2019.0
57200100302.0,Ade Cyntia,Pritasari,male,Social Sciences,10.15294/jpii.v4i2.4185,2015.0
57200100302.0,Adita,Pritasari,male,Social Sciences,10.1080/01434632.2018.1458855,2019.0
57200100302.0,Adita,Pritasari,male,Social Sciences,10.22146/gamaijb.25755,2019.0
56779425800.0,Li,Tao,male,Medical and Health Sciences,10.1007/s10103-015-1792-8,2015.0
55606378600.0,Mengjie,Chen,female,Natural Sciences,10.1016/j.antiviral.2011.10.022,2012.0
55606378600.0,Mengjie,Chen,female,Natural Sciences,10.1371/journal.pone.0078143,2013.0
55606378600.0,Mengjie,Chen,female,Natural Sciences,10.1038/emboj.2013.121,2013.0
55606378600.0,Mengjie,Chen,female,Natural Sciences,10.1038/emboj.2013.121,2013.0
55606378600.0,Mengjie,Chen,female,Natural Sciences,10.1038/emboj.2013.121,2013.0
55606378600.0,Mengjie,Chen,female,Natural Sciences,10.1038/emboj.2013.121,2013.0
55606378600.0,Mengjie,Chen,female,Natural Sciences,10.1093/bioinformatics/btt002,2013.0
55606378600.0,Mengjie,Chen,female,Natural Sciences,10.1186/gb-2014-15-3-r53,2014.0
55606378600.0,Mengjie,Chen,female,Natural Sciences,10.1371/journal.pone.0110679,2014.0
55606378600.0,Mengjie,Chen,female,Natural Sciences,10.1371/journal.pone.0110679,2014.0
55606378600.0,Mengjie,Chen,female,Natural Sciences,10.1177/1087057114533146,2014.0
55606378600.0,Mengjie,Chen,female,Natural Sciences,10.1016/j.devcel.2015.03.004,2015.0
55606378600.0,Mengjie,Chen,female,Natural Sciences,10.1093/bioinformatics/btv676,2016.0
55606378600.0,Mengjie,Chen,female,Natural Sciences,10.1186/s13058-016-0725-1,2016.0
55606378600.0,Mengjie,Chen,female,Natural Sciences,10.1186/s13058-016-0725-1,2016.0
55606378600.0,Mengjie,Chen,female,Natural Sciences,10.1214/16-EJS1216,2016.0
55606378600.0,Mengjie,Chen,female,Natural Sciences,10.1093/bioinformatics/btv650,2016.0
55606378600.0,Mengjie,Chen,female,Natural Sciences,10.1093/bioinformatics/btv650,2016.0
55606378600.0,Mengjie,Chen,female,Natural Sciences,10.1214/16-AOAS905,2016.0
55606378600.0,Mengjie,Chen,female,Natural Sciences,10.1214/15-BA958,2016.0
55606378600.0,Mengjie,Chen,female,Natural Sciences,10.1111/biom.12422,2016.0
55606378600.0,Mengjie,Chen,female,Natural Sciences,10.1080/01621459.2015.1010039,2016.0
55606378600.0,Mengjie,Chen,female,Natural Sciences,10.1038/ncomms15290,2017.0
55606378600.0,Mengjie,Chen,female,Natural Sciences,10.1038/ncomms15290,2017.0
55606378600.0,Mengjie,Chen,female,Natural Sciences,10.1038/s41598-017-13665-w,2017.0
55606378600.0,Mengjie,Chen,female,Natural Sciences,10.1038/s41598-017-13665-w,2017.0
55606378600.0,Mengjie,Chen,female,Natural Sciences,10.1038/srep44653,2017.0
55606378600.0,Mengjie,Chen,female,Natural Sciences,10.1038/srep44653,2017.0
55606378600.0,Mengjie,Chen,female,Natural Sciences,10.1186/s13059-017-1193-3,2017.0
55606378600.0,Mengjie,Chen,female,Natural Sciences,10.1007/s11222-016-9714-6,2018.0
55606378600.0,Mengjie,Chen,female,Natural Sciences,10.1214/17-AOS1607,2018.0
55606378600.0,Mengjie,Chen,female,Natural Sciences,10.1186/s13059-018-1575-1,2018.0
55606378600.0,Mengjie,Chen,female,Natural Sciences,10.1186/s13059-018-1575-1,2018.0
55606378600.0,Mengjie,Chen,female,Natural Sciences,10.1158/1055-9965.EPI-17-0404,2018.0
55606378600.0,Mengjie,Chen,female,Natural Sciences,10.1158/1940-6207.CAPR-17-0368,2018.0
55606378600.0,Mengjie,Chen,female,Natural Sciences,10.1172/JCI96153,2018.0
55606378600.0,Mengjie,Chen,female,Natural Sciences,10.1093/nar/gky131,2018.0
55606378600.0,Mengjie,Chen,female,Natural Sciences,10.1093/nar/gky131,2018.0
55606378600.0,Mengjie,Chen,female,Natural Sciences,10.1093/bioinformatics/bty644,2019.0
55606378600.0,Mengjie,Chen,female,Natural Sciences,10.1093/bioinformatics/bty644,2019.0
55606378600.0,Mengjie,Chen,female,Natural Sciences,10.1093/bioinformatics/bty865,2019.0
55606378600.0,Mengjie,Chen,female,Natural Sciences,10.1186/s13059-019-1915-9,2019.0
55606378600.0,Mengjie,Chen,female,Natural Sciences,10.1186/s13059-019-1915-9,2019.0
55606378600.0,Mengjie,Chen,female,Natural Sciences,10.1093/hmg/ddz207,2019.0
55606378600.0,Mengjie,Chen,female,Natural Sciences,10.1007/s10549-019-05442-2,2020.0
55606378600.0,Mengjie,Chen,female,Natural Sciences,10.1038/s41423-019-0219-z,2020.0
55606378600.0,Mengjie,Chen,female,Natural Sciences,10.1038/s41467-020-15298-6,2020.0
55606378600.0,Mengjie,Chen,female,Natural Sciences,10.1038/s41467-020-15298-6,2020.0
56288527200.0,Ryosuke,Yamanaka,male,Natural Sciences,10.1109/MM.2014.92,2014.0
57016126600.0,Matthew V.,Wells,male,Humanities,10.1179/1529910415Z.00000000018,2015.0
55200012400.0,Cory H.,Colbert,male,Natural Sciences,10.4064/aa153-3-1,2012.0
55200012400.0,Cory H.,Colbert,male,Natural Sciences,10.1016/j.jnt.2012.09.004,2013.0
57131661100.0,Liming,Zhao,male,Medical and Health Sciences,10.1016/j.jbo.2016.02.001,2016.0
57131661100.0,Liming,Zhao,male,Medical and Health Sciences,10.1038/srep28173,2016.0
57131661100.0,Liming,Zhao,male,Medical and Health Sciences,10.1038/srep28173,2016.0
57131661100.0,Liming,Zhao,male,Medical and Health Sciences,10.1038/srep36332,2016.0
57131661100.0,Liming,Zhao,male,Medical and Health Sciences,10.1038/srep36332,2016.0
57131661100.0,Li-Ming,Zhao,male,Medical and Health Sciences,10.1111/os.12293,2016.0
57131661100.0,Li-Ming,Zhao,male,Medical and Health Sciences,10.1111/os.12293,2016.0
57131661100.0,Li-Ming,Zhao,male,Medical and Health Sciences,10.1111/os.12242,2016.0
57131661100.0,Liming,Zhao,male,Medical and Health Sciences,10.1038/s41598-017-09486-6,2017.0
57131661100.0,Li-Ming,Zhao,male,Medical and Health Sciences,10.1111/os.12368,2018.0
57131661100.0,Li-ming,Zhao,male,Medical and Health Sciences,10.1111/os.12443,2019.0
55622503700.0,Hua,Yan,male,Engineering and Technology,10.1109/JSEE.2014.00025,2014.0
55622503700.0,Hua,Yan,male,Engineering and Technology,10.12000/JR17034,2017.0
55622503700.0,Hua,Yan,male,Engineering and Technology,10.16182/j.issn1004731x.joss.201802010,2018.0
55622503700.0,Hua,Yan,male,Engineering and Technology,10.11999/JEIT180115,2018.0
55622503700.0,Hua,Yan,male,Engineering and Technology,10.3969/j.issn.1001-506X.2019.03.11,2019.0
55622503700.0,Hua,Yan,male,Engineering and Technology,10.3969/j.issn.1001-506X.2019.03.11,2019.0
55622503700.0,Hua,Yan,male,Engineering and Technology,10.1109/TAP.2019.2911268,2019.0
55622503700.0,Hua,Yan,male,Engineering and Technology,10.1109/TAP.2019.2911268,2019.0
55622503700.0,Hua,Yan,male,Engineering and Technology,10.12000/JR18078,2019.0
55622503700.0,Hua,Yan,male,Engineering and Technology,10.12000/JR18078,2019.0
57089448100.0,Xiang,Wei,male,Natural Sciences,10.1016/j.wasman.2016.01.029,2016.0
57089448100.0,Xiang,Wei,male,Natural Sciences,10.1016/j.wasman.2018.01.032,2018.0
42161801200.0,Tommaso,Pilla,male,Medical and Health Sciences,10.1016/j.tvjl.2011.06.001,2012.0
42161801200.0,,Pilla,male,Medical and Health Sciences,10.1136/vr.103560,2016.0
42161801200.0,Tommaso,Pilla,male,Medical and Health Sciences,10.1111/chd.12406,2017.0
55228603100.0,Rajankumar,Patel,male,Medical and Health Sciences,10.1016/j.jvir.2011.12.024,2012.0
55228603100.0,Rajankumar,Patel,male,Medical and Health Sciences,10.1111/j.1440-1789.2012.01323.x,2013.0
55228603100.0,Rajan,Patel,male,Medical and Health Sciences,10.1016/j.ijporl.2014.10.042,2015.0
55228603100.0,Rajan P.,Patel,male,Medical and Health Sciences,10.1016/j.rcl.2015.12.005,2016.0
55228603100.0,Rajan,Patel,male,Medical and Health Sciences,10.1016/j.gie.2015.10.003,2016.0
55228603100.0,Rajan P.,Patel,male,Medical and Health Sciences,10.1016/j.pediatrneurol.2017.05.008,2017.0
55249929700.0,María Thiscal,López-Lluva,female,Medical and Health Sciences,10.1186/1752-1947-8-280,2014.0
55249929700.0,,López Lluva,female,Medical and Health Sciences,10.1016/j.oftal.2015.02.017,2015.0
55249929700.0,María T.,López-Lluva,female,Medical and Health Sciences,10.1016/j.carrev.2016.03.012,2016.0
55249929700.0,María,López-Lluva,female,Medical and Health Sciences,10.1016/j.jccase.2016.03.015,2016.0
55249929700.0,,López Lluva,female,Medical and Health Sciences,10.1016/j.semerg.2014.12.007,2016.0
55249929700.0,María T.,López-Lluva,female,Medical and Health Sciences,10.1016/j.carrev.2016.12.020,2017.0
55249929700.0,María T.,López-Lluva,female,Medical and Health Sciences,10.1016/j.jcin.2017.02.033,2017.0
55249929700.0,M. Thiscal,López Lluva,female,Medical and Health Sciences,10.1016/j.circv.2016.10.005,2017.0
55249929700.0,María T.,López-Lluva,female,Medical and Health Sciences,10.1016/j.repc.2016.03.010,2017.0
55249929700.0,María T.,López-Lluva,female,Medical and Health Sciences,10.1016/j.carrev.2017.10.014,2018.0
55249929700.0,María Thiscal,López-Lluva,female,Medical and Health Sciences,10.1016/j.acmx.2017.10.001,2018.0
55249929700.0,María Thiscal,López-Lluva,female,Medical and Health Sciences,10.1016/j.rccar.2018.03.002,2018.0
55249929700.0,María Thiscal,López Lluva,female,Medical and Health Sciences,10.1016/j.recesp.2017.10.027,2018.0
55249929700.0,María T.,López-Lluva,female,Medical and Health Sciences,10.1016/j.carrev.2018.09.009,2019.0
55249929700.0,María Thiscal,López-Lluva,female,Medical and Health Sciences,10.1097/FJC.0000000000000632,2019.0
55249929700.0,María T.,López-Lluva,female,Medical and Health Sciences,10.1016/j.jcin.2018.12.035,2019.0
56364090400.0,Giuliano,Colosimo,male,Natural Sciences,10.1371/journal.pone.0106963,2014.0
56364090400.0,Giuliano,Colosimo,male,Natural Sciences,10.7717/peerj.1793,2016.0
56364090400.0,Giuliano,Colosimo,male,Natural Sciences,10.1007/s10592-016-0922-6,2017.0
56364090400.0,Giuliano,Colosimo,male,Natural Sciences,10.1186/s40317-020-0192-4,2020.0
57213687203.0,Chenguang,Zheng,male,Medical and Health Sciences,10.3760/cma.j.issn.0253-2727.2014.10.015,2014.0
57213687203.0,Chenguang,Zheng,male,Medical and Health Sciences,10.3760/cma.j.issn.0253-2727.2014.08.013,2014.0
55187711200.0,Peter,Gordon,male,Natural Sciences,10.1155/2016/7803091,2016.0
55187711200.0,Peter,Gordon,male,Natural Sciences,10.1158/0008-5472.CAN-16-0598,2017.0
55187711200.0,Peter,Gordon,male,Natural Sciences,10.1158/0008-5472.CAN-16-0598,2017.0
55187711200.0,,Gordon,male,Natural Sciences,10.1038/onc.2016.522,2017.0
55187711200.0,Peter,Gordon,male,Natural Sciences,10.1038/s41467-018-05346-7,2018.0
55187711200.0,Peter,Gordon,male,Natural Sciences,10.1016/j.celrep.2019.04.076,2019.0
56008651800.0,Adrián,Di maría,male,Medical and Health Sciences,10.1042/CS20120633,2013.0
57189039737.0,Rex,Lau,male,Natural Sciences,10.1002/env.2389,2016.0
57214310090.0,Abubaker,Ahmed,male,Natural Sciences,10.1155/2013/492026,2013.0
57209215955.0,Diana I.,Popescu,female,Social Sciences,10.1080/17504902.2012.11087297,2012.0
57209215955.0,Diana I.,Popescu,female,Social Sciences,10.1080/17504902.2016.1148880,2016.0
57209215955.0,Diana I.,Popescu,female,Social Sciences,10.1080/17504902.2019.1567665,2019.0
57209215955.0,Diana I.,Popescu,female,Social Sciences,10.4000/articulo.4014,2019.0
57191192535.0,Taichi,Sato,male,Medical and Health Sciences,10.2169/internalmedicine.55.6726,2016.0
57191192535.0,Taichi,Sato,male,Medical and Health Sciences,10.1007/s10157-018-1580-4,2018.0
57191192535.0,Taichi,Sato,male,Medical and Health Sciences,10.2169/internalmedicine.3004-19,2019.0
57191192535.0,Taichi,Sato,male,Medical and Health Sciences,10.1007/s10157-019-01746-1,2019.0
57191192535.0,Taichi,Sato,male,Medical and Health Sciences,10.1253/circj.CJ-19-0783,2019.0
57191192535.0,Taichi,Sato,male,Medical and Health Sciences,10.2169/internalmedicine.1929-18,2019.0
57191192535.0,Taichi,Sato,male,Medical and Health Sciences,10.5414/CN109889,2020.0
57191192535.0,Taichi,Sato,male,Medical and Health Sciences,10.1186/s12882-020-01728-6,2020.0
57191192535.0,Taichi,Sato,male,Medical and Health Sciences,10.1007/s11604-019-00850-2,2020.0
57191192535.0,Taichi,Sato,male,Medical and Health Sciences,10.1007/s10157-019-01750-5,2020.0
57191192535.0,Taichi,Sato,male,Medical and Health Sciences,10.2169/internalmedicine.3624-19,2020.0
55582506400.0,Eman,El-Gebaly,female,Natural Sciences,10.4172/1948-5948.1000083,2012.0
55582506400.0,Eman,El-Gebaly,female,Natural Sciences,10.22207/JPAM.12.4.39,2018.0
55582506400.0,Eman,El Gebaly,female,Natural Sciences,10.1007/s12275-019-8548-2,2019.0
55582506400.0,,El-Gebaly,female,Natural Sciences,10.1111/jam.14085,2019.0
57126812500.0,Rachel,Sparks,female,Medical and Health Sciences,10.1097/QMH.0000000000000052,2015.0
57126812500.0,Rachel,Sparks,female,Medical and Health Sciences,10.1097/QMH.0000000000000052,2015.0
57126812500.0,Rachel,Sparks,female,Medical and Health Sciences,10.1093/ofid/ofx055,2017.0
56210618100.0,Aaron N.,Gillman,male,Medical and Health Sciences,10.1093/infdis/jit823,2014.0
56210618100.0,Aaron N.,Gillman,male,Medical and Health Sciences,10.1371/journal.pone.0158969,2016.0
56210618100.0,Aaron N.,Gillman,male,Medical and Health Sciences,10.3390/toxins9070202,2017.0
56210618100.0,Aaron N.,Gillman,male,Medical and Health Sciences,10.3390/toxins9070202,2017.0
56416332000.0,Katayoun,Hasanzadeh,female,Medical and Health Sciences,10.4103/2211-4122.143972,2014.0
56416332000.0,Katayoun,Hasanzadeh,female,Medical and Health Sciences,10.5812/numonthly.96425,2019.0
57196115685.0,Chang,Liu,male,Natural Sciences,10.1016/j.ecoleng.2016.02.039,2016.0
7006077682.0,Ching,Yim,female,Medical and Health Sciences,10.2174/1874226201205010036,2012.0
36061345800.0,,Villarroya,male,Natural Sciences,10.1016/j.cageo.2012.09.013,2013.0
36061345800.0,Sebastián,Villarroya,male,Natural Sciences,10.1007/s10619-014-7165-7,2016.0
56200980800.0,Luciana L. R.,Remonti,female,Medical and Health Sciences,10.1017/S0007114514002013,2014.0
56200980800.0,Luciana L. R.,Remonti,female,Medical and Health Sciences,10.1017/S0007114514002013,2014.0
56200980800.0,Luciana L. R.,Remonti,female,Medical and Health Sciences,10.1017/S0007114514002013,2014.0
56200980800.0,Luciana Reck,Remonti,female,Medical and Health Sciences,10.1089/thy.2014.0353,2015.0
56200980800.0,Luciana R.,Remonti,female,Medical and Health Sciences,10.1016/j.jdiacomp.2016.04.020,2016.0
56200980800.0,,Remonti,female,Medical and Health Sciences,10.1111/obr.12521,2017.0
56200980800.0,Luciana Loss Reck,Remonti,female,Medical and Health Sciences,10.1590/1807-3107bor-2018.vol32.0035,2018.0
36840161400.0,Andrew,Kennedy,male,Medical and Health Sciences,10.1093/eurheartj/ehw229,2016.0
36084510900.0,Chen,Guobin,male,Natural Sciences,10.1049/iet-smt.2013.0202,2014.0
36084510900.0,Chen,Guobin,male,Natural Sciences,10.1155/2015/982174,2015.0
36084510900.0,Chen,Guobin,male,Natural Sciences,10.1166/jctn.2015.4182,2015.0
36084510900.0,Chen,Guobin,male,Natural Sciences,10.5013/IJSSST.a.17.17.01,2016.0
57204233053.0,Sharbel,Fahd,male,Medical and Health Sciences,10.2147/OPTH.S52280,2013.0
57197284570.0,Dan-Dan,Li,male,Natural Sciences,10.1038/srep25118,2016.0
57197284570.0,Dan-Dan,Li,male,Natural Sciences,10.1038/srep25118,2016.0
57197284570.0,Dan-Dan,Li,male,Natural Sciences,10.1038/srep26984,2016.0
57197284570.0,Dan-Dan,Li,male,Natural Sciences,10.1038/srep26984,2016.0
57197284570.0,Dan-Dan,Li,male,Natural Sciences,10.1111/jcmm.13013,2017.0
57197284570.0,Dan-Dan,Li,male,Natural Sciences,10.1111/jcmm.13013,2017.0
57197284570.0,Dan-Dan,Li,male,Natural Sciences,10.1111/jcmm.14423,2019.0
57197284570.0,Dan-Dan,Li,male,Natural Sciences,10.1111/jcmm.14423,2019.0
55974575000.0,Mahnaz,Sadeghi,female,Natural Sciences,10.4161/psb.27335,2013.0
55974575000.0,Mahnaz,Sadeghi,female,Natural Sciences,10.1042/BSR20140026,2014.0
54884405400.0,J.C. Ruiz,Vásquez,male,Social Sciences,10.1080/10439463.2011.597855,2012.0
54884405400.0,Juan Carlos Ruiz,Väsquez,male,Social Sciences,10.1108/13639511311329769,2013.0
56411372200.0,Kiichiro,Yamaguchi,male,Medical and Health Sciences,10.11411/pdj.22.22,2012.0
56411372200.0,Kiichiro,Yamaguchi,male,Medical and Health Sciences,10.1016/j.jneumeth.2014.10.013,2015.0
56411372200.0,Kiichiro,Yamaguchi,male,Medical and Health Sciences,10.1016/j.jneumeth.2014.10.013,2015.0
56411372200.0,Kiichiro,Yamaguchi,male,Medical and Health Sciences,10.1097/j.pain.0000000000000498,2016.0
56411372200.0,Kiichiro,Yamaguchi,male,Medical and Health Sciences,10.1097/j.pain.0000000000000498,2016.0
56411372200.0,Kiichiro,Yamaguchi,male,Medical and Health Sciences,10.1016/j.archoralbio.2016.02.002,2016.0
56411372200.0,Kiichiro,Yamaguchi,male,Medical and Health Sciences,10.1016/j.archoralbio.2016.02.002,2016.0
56411372200.0,Kiichiro,Yamaguchi,male,Medical and Health Sciences,10.1016/j.phrs.2016.12.026,2017.0
56411372200.0,Kiichiro,Yamaguchi,male,Medical and Health Sciences,10.1016/j.phrs.2016.12.026,2017.0
56411372200.0,Kiichiro,Yamaguchi,male,Medical and Health Sciences,10.1177/1744806917704138,2017.0
56411372200.0,Kiichiro,Yamaguchi,male,Medical and Health Sciences,10.1177/1744806917704138,2017.0
57190220383.0,Zhuo,Ma,male,Medical and Health Sciences,10.5246/jcps.2016.08.070,2016.0
57190220383.0,Zhuo,Ma,male,Medical and Health Sciences,,2016.0
57190220383.0,Zhuo,Ma,male,Medical and Health Sciences,,2017.0
57128537200.0,Anna J.,Kordala,female,Natural Sciences,10.1261/rna.054163.115,2016.0
57128537200.0,Anna,Kordala,female,Natural Sciences,10.1016/j.ebiom.2018.04.024,2018.0
7202034291.0,Pritha,Chatterjee,female,Natural Sciences,10.2166/wst.2013.760,2014.0
7202034291.0,Pritha,Chatterjee,female,Natural Sciences,10.1007/s12010-014-0846-x,2014.0
7202034291.0,Pritha,Chatterjee,female,Natural Sciences,10.1016/j.biortech.2016.07.002,2016.0
7202034291.0,Pritha,Chatterjee,female,Natural Sciences,10.1007/s10311-016-0551-9,2016.0
7202034291.0,Pritha,Chatterjee,female,Natural Sciences,10.1016/j.jece.2016.07.002,2016.0
7202034291.0,Pritha,Chatterjee,female,Natural Sciences,10.1007/s40243-017-0093-5,2017.0
7202034291.0,Pritha,Chatterjee,female,Natural Sciences,10.1002/jctb.5235,2017.0
7202034291.0,Pritha,Chatterjee,female,Natural Sciences,10.1007/s40726-017-0071-7,2017.0
7202034291.0,Pritha,Chatterjee,female,Natural Sciences,10.1007/s00449-017-1741-y,2017.0
7202034291.0,Pritha,Chatterjee,female,Natural Sciences,10.2166/wst.2017.269,2017.0
7202034291.0,Pritha,Chatterjee,female,Natural Sciences,,2018.0
7202034291.0,Pritha,Chatterjee,female,Natural Sciences,10.1080/09593330.2017.1299796,2018.0
7202034291.0,Pritha,Chatterjee,female,Natural Sciences,10.2166/wst.2018.002,2018.0
7202034291.0,Pritha,Chatterjee,female,Natural Sciences,10.1016/j.watres.2018.06.054,2018.0
7202034291.0,Pritha,Chatterjee,female,Natural Sciences,10.1016/j.rser.2019.04.012,2019.0
7202034291.0,Pritha,Chatterjee,female,Natural Sciences,10.1016/j.rser.2019.04.012,2019.0
7202034291.0,Pritha,Chatterjee,female,Natural Sciences,10.1007/s12649-017-0065-0,2019.0
7202034291.0,Pritha,Chatterjee,female,Natural Sciences,10.1016/j.jenvman.2019.02.074,2019.0
7202034291.0,Pritha,Chatterjee,female,Natural Sciences,10.1016/j.cej.2019.04.090,2019.0
7202034291.0,Pritha,Chatterjee,female,Natural Sciences,10.1016/j.cej.2019.04.090,2019.0
7202034291.0,Pritha,Chatterjee,female,Natural Sciences,10.1007/s12649-019-00743-5,2019.0
7202034291.0,Pritha,Chatterjee,female,Natural Sciences,10.1007/s12649-019-00743-5,2019.0
7202034291.0,Pritha,Chatterjee,female,Natural Sciences,10.1016/j.biortech.2019.122115,2019.0
7202034291.0,Pritha,Chatterjee,female,Natural Sciences,10.1016/j.biortech.2019.122115,2019.0
56709517400.0,John M.,Felt,male,Medical and Health Sciences,10.1530/EJE-15-0228,2015.0
56709517400.0,John M,Felt,male,Medical and Health Sciences,10.1530/EJE-15-0640,2016.0
56709517400.0,John,Felt,male,Medical and Health Sciences,10.1080/10705511.2016.1250640,2017.0
56709517400.0,John M.,Felt,male,Medical and Health Sciences,10.3389/fnins.2017.00315,2017.0
56709517400.0,John M.,Felt,male,Medical and Health Sciences,10.3389/fpsyg.2017.00863,2017.0
56709517400.0,John M.,Felt,male,Medical and Health Sciences,10.1371/journal.pone.0195229,2018.0
56709517400.0,John M.,Felt,male,Medical and Health Sciences,10.1080/13548506.2018.1447136,2018.0
56709517400.0,John M.,Felt,male,Medical and Health Sciences,10.1002/oby.22372,2019.0
56709517400.0,John M.,Felt,male,Medical and Health Sciences,10.1007/s10865-020-00133-6,2020.0
57210519986.0,Archana,Verma,female,Medical and Health Sciences,10.1007/s12291-014-0469-6,2015.0
57210519986.0,Archana,Verma,female,Medical and Health Sciences,10.1186/1755-8166-7-S1-P30,2016.0
57210519986.0,Archana,Verma,female,Medical and Health Sciences,10.1007/s12291-016-0580-y,2017.0
57210519986.0,Archana,Verma,female,Medical and Health Sciences,10.1007/s12291-016-0606-5,2017.0
57210519986.0,Archana,Verma,female,Medical and Health Sciences,10.1007/s12291-017-0722-x,2019.0
57210519986.0,Archana,Verma,female,Medical and Health Sciences,10.1007/s12291-020-00881-x,2020.0
55444350200.0,Benjamin L.,Oyler,male,Medical and Health Sciences,10.1021/acs.chemrestox.6b00222,2016.0
55444350200.0,Benjamin L.,Oyler,male,Medical and Health Sciences,10.1021/acs.chemrestox.6b00222,2016.0
55444350200.0,Benjamin L.,Oyler,male,Medical and Health Sciences,10.1002/rcm.7728,2016.0
55444350200.0,Benjamin L.,Oyler,male,Medical and Health Sciences,10.1371/journal.pone.0174816,2017.0
55444350200.0,Benjamin L.,Oyler,male,Medical and Health Sciences,10.1016/j.bbalip.2017.01.004,2017.0
55444350200.0,Benjamin L.,Oyler,male,Medical and Health Sciences,10.1007/s12161-018-1232-z,2018.0
55444350200.0,Benjamin L.,Oyler,male,Medical and Health Sciences,10.1016/j.jprot.2018.04.005,2018.0
55444350200.0,Benjamin L.,Oyler,male,Medical and Health Sciences,10.1007/s13361-018-1897-y,2018.0
55444350200.0,Benjamin L.,Oyler,male,Medical and Health Sciences,10.1016/j.ijms.2017.09.007,2018.0
55444350200.0,Benjamin L.,Oyler,male,Medical and Health Sciences,10.1038/s41598-018-33681-8,2018.0
55444350200.0,Benjamin L.,Oyler,male,Medical and Health Sciences,10.3389/fimmu.2019.02388,2019.0
55444350200.0,Benjamin L.,Oyler,male,Medical and Health Sciences,10.3389/fimmu.2019.02388,2019.0
55444350200.0,Benjamin L.,Oyler,male,Medical and Health Sciences,10.1021/acsinfecdis.9b00080,2019.0
55444350200.0,Benjamin L.,Oyler,male,Medical and Health Sciences,10.1021/acsinfecdis.9b00080,2019.0
57158599100.0,Sanchi,Malhotra,female,Medical and Health Sciences,10.1245/s10434-016-5182-7,2016.0
57158599100.0,Sanchi,Malhotra,female,Medical and Health Sciences,10.1089/pop.2017.0082,2017.0
40561268000.0,Vandna,Kumari,female,Natural Sciences,10.1007/s00606-013-0969-5,2014.0
40561268000.0,Vandna,Kumari,female,Natural Sciences,10.1508/cytologia.82.151,2017.0
40561268000.0,Vandna,Kumari,female,Natural Sciences,10.1508/cytologia.83.187,2018.0
40561268000.0,Vandna,Kumari,female,Natural Sciences,10.17113/ftb.56.02.18.5349,2018.0
40561268000.0,Vandna,Kumari,female,Natural Sciences,10.1508/cytologia.83.365,2018.0
40561268000.0,Vandna,Kumari,female,Natural Sciences,10.1002/tax.12176,2019.0
40561268000.0,Vandna,Kumari,female,Natural Sciences,10.1508/cytologia.84.25,2019.0
56491718900.0,Bo,Zhang,male,Natural Sciences,10.1111/jcmm.12461,2015.0
56491718900.0,Bo,Zhang,male,Natural Sciences,10.1111/jcmm.12461,2015.0
56491718900.0,Bo,Zhang,male,Natural Sciences,10.1016/j.bbrc.2018.03.004,2018.0
56491718900.0,Bo,Zhang,male,Natural Sciences,10.3892/mmr.2018.9347,2018.0
56491718900.0,Bo,Zhang,male,Natural Sciences,10.1080/14728222.2019.1559824,2019.0
56491718900.0,Bo,Zhang,male,Natural Sciences,10.1080/14728222.2019.1559824,2019.0
56491718900.0,Bo,Zhang,male,Natural Sciences,10.1002/1878-0261.12454,2019.0
56491718900.0,Bo,Zhang,male,Natural Sciences,10.1002/1878-0261.12454,2019.0
56491718900.0,Bo,Zhang,male,Natural Sciences,10.7150/thno.32742,2019.0
56491718900.0,Bo,Zhang,male,Natural Sciences,10.1016/j.biopha.2019.109089,2019.0
56491718900.0,Bo,Zhang,male,Natural Sciences,10.1002/ardp.201800374,2019.0
53984013100.0,Yuji,Fujiwara,male,Medical and Health Sciences,10.1111/j.1471-4159.2011.07524.x,2012.0
56495939400.0,,Nguyen,male,Agricultural Sciences,10.1007/s11259-015-9628-3,2015.0
56495939400.0,,Nguyen,male,Agricultural Sciences,10.1016/j.jcpa.2014.12.002,2015.0
56495939400.0,Toan Tat,Nguyen,male,Agricultural Sciences,10.1016/j.vetmic.2015.06.013,2015.0
56495939400.0,Toan Tat,Nguyen,male,Agricultural Sciences,10.1007/s00705-015-2699-1,2016.0
56495939400.0,Toan Tat,Nguyen,male,Agricultural Sciences,10.1007/s11250-019-02177-6,2020.0
55353363600.0,Jacqueline,Brimley,female,Natural Sciences,10.1016/j.topol.2012.08.019,2012.0
55600309900.0,Tao,Chong,male,Natural Sciences,10.1063/1.4788935,2013.0
55600309900.0,Tao,Chong,male,Natural Sciences,,2013.0
55600309900.0,Tao,Chong,male,Natural Sciences,,2013.0
55600309900.0,Tao,Chong,male,Natural Sciences,10.11858/gywlxb.2014.04.015,2014.0
55600309900.0,Tao,Chong,male,Natural Sciences,10.15918/j.tbit1001-0645.2015.12.005,2015.0
55600309900.0,Tao,Chong,male,Natural Sciences,10.11858/gywlxb.2015.03.002,2015.0
55600309900.0,Tao,Chong,male,Natural Sciences,10.7498/aps.65.046201,2016.0
55600309900.0,Tao,Chong,male,Natural Sciences,10.1063/1.4953655,2016.0
55600309900.0,Tao,Chong,male,Natural Sciences,10.11858/gywlxb.2017.03.011,2017.0
55600309900.0,Tao,Chong,male,Natural Sciences,10.11858/gywlxb.20170528,2018.0
55600309900.0,Tao,Chong,male,Natural Sciences,10.11858/gywlxb.20170528,2018.0
55600309900.0,Tao,Chong,male,Natural Sciences,10.1360/SSPMA2017-00311,2018.0
55600309900.0,Tao,Chong,male,Natural Sciences,10.1360/SSPMA2017-00311,2018.0
55600309900.0,,Chong,male,Natural Sciences,10.1007/s10409-018-0774-z,2018.0
55600309900.0,,Chong,male,Natural Sciences,10.1007/s10409-018-0774-z,2018.0
55600309900.0,Tao,Chong,male,Natural Sciences,10.7498/aps.67.20172198,2018.0
55600309900.0,Tao,Chong,male,Natural Sciences,10.7498/aps.67.20172198,2018.0
55600309900.0,Tao,Chong,male,Natural Sciences,10.11858/gywlxb.20180511,2018.0
55600309900.0,Tao,Chong,male,Natural Sciences,10.11858/gywlxb.20180511,2018.0
55600309900.0,Tao,Chong,male,Natural Sciences,10.11858/gywlxb.20190828,2020.0
57196221110.0,Tao,Wang,male,Natural Sciences,10.1364/AO.52.007265,2013.0
57196221110.0,Tao,Wang,male,Natural Sciences,10.1038/lsa.2013.60,2013.0
57196221110.0,Tao,Wang,male,Natural Sciences,10.1007/s00339-015-9111-6,2015.0
57196221110.0,Tao,Wang,male,Natural Sciences,10.1016/j.optlastec.2018.10.031,2019.0
57196221110.0,Tao,Wang,male,Natural Sciences,10.1016/j.apsusc.2018.10.249,2019.0
57102048100.0,Mingu,Lee,male,Natural Sciences,10.1002/adma.201400773,2014.0
57102048100.0,Mingu,Lee,male,Natural Sciences,10.1063/1.5037564,2018.0
16047225000.0,Katriona,Brooksbank,female,Medical and Health Sciences,10.3310/hta19620,2015.0
16047225000.0,Katriona,Brooksbank,female,Medical and Health Sciences,10.1136/openhrt-2018-000924,2018.0
16047225000.0,Katriona,Brooksbank,female,Medical and Health Sciences,10.1016/j.ahj.2018.03.010,2018.0
16047225000.0,Katriona J.M.,Brooksbank,female,Medical and Health Sciences,10.1097/HJH.0000000000001890,2019.0
16047225000.0,Katriona,Brooksbank,female,Medical and Health Sciences,10.2196/12162,2019.0
56111520000.0,Tania Das,Gupta,female,Social Sciences,10.1177/011719681402300103,2014.0
54796808500.0,Tomoki,Muraya,male,Natural Sciences,10.1016/j.cryogenics.2011.10.005,2012.0
57198988726.0,Lin,Yang,female,Medical and Health Sciences,10.11569/wcjd.v21.i34.3858,2013.0
55696060000.0,Chunhui,Li,male,Natural Sciences,10.1016/j.taap.2013.09.013,2013.0
55696060000.0,,Li,male,Natural Sciences,10.1177/0960327112474849,2014.0
55696060000.0,Chunhui,Li,male,Natural Sciences,10.1016/j.jhazmat.2015.02.005,2015.0
6508100824.0,Martijn,Vermaat,male,Natural Sciences,10.1038/ng.3021,2014.0
6508100824.0,Martijn,Vermaat,male,Natural Sciences,10.1038/ng.3021,2014.0
6508100824.0,Martijn,Vermaat,male,Natural Sciences,10.1038/ejhg.2013.118,2014.0
6508100824.0,Martijn,Vermaat,male,Natural Sciences,10.1038/ejhg.2013.118,2014.0
6508100824.0,Martijn,Vermaat,male,Natural Sciences,10.1038/ejhg.2013.118,2014.0
6508100824.0,Martijn,Vermaat,male,Natural Sciences,10.1038/ejhg.2014.279,2015.0
6508100824.0,Martijn,Vermaat,male,Natural Sciences,10.1101/gr.185041.114,2015.0
6508100824.0,Martijn,Vermaat,male,Natural Sciences,10.1101/gr.185041.114,2015.0
6508100824.0,Martijn,Vermaat,male,Natural Sciences,10.1101/gr.185041.114,2015.0
6508100824.0,Martijn,Vermaat,male,Natural Sciences,10.1093/bioinformatics/btv443,2015.0
6508100824.0,Martijn,Vermaat,male,Natural Sciences,10.1038/ncomms7065,2015.0
6508100824.0,Martijn,Vermaat,male,Natural Sciences,10.1038/ncomms12989,2016.0
6508100824.0,Martijn,Vermaat,male,Natural Sciences,10.1038/ncomms12989,2016.0
6508100824.0,Martijn,Vermaat,male,Natural Sciences,10.1038/ncomms12989,2016.0
6508100824.0,Martijn,Vermaat,male,Natural Sciences,10.1101/gr.203216.115,2016.0
6508100824.0,Martijn,Vermaat,male,Natural Sciences,10.1101/gr.203216.115,2016.0
6508100824.0,Martijn,Vermaat,male,Natural Sciences,10.1101/gr.203216.115,2016.0
6508100824.0,Martijn,Vermaat,male,Natural Sciences,10.1101/gr.203216.115,2016.0
6508100824.0,Martijn,Vermaat,male,Natural Sciences,10.1158/1078-0432.CCR-15-2307,2016.0
6508100824.0,Martijn,Vermaat,male,Natural Sciences,10.1038/ng.3737,2017.0
6508100824.0,Martijn,Vermaat,male,Natural Sciences,10.1186/s13059-016-1131-9,2017.0
6508100824.0,Martijn,Vermaat,male,Natural Sciences,10.1038/ng.3721,2017.0
6508100824.0,Martijn,Vermaat,male,Natural Sciences,10.1186/s13059-018-1418-0,2018.0
6508100824.0,Martijn,Vermaat,male,Natural Sciences,10.1186/s13059-018-1418-0,2018.0
6508100824.0,Martijn,Vermaat,male,Natural Sciences,10.1186/s12864-018-4482-7,2018.0
6508100824.0,,Vermaat,male,Natural Sciences,10.1186/s12864-018-4482-7,2018.0
6508100824.0,Martijn,Vermaat,male,Natural Sciences,10.1038/s41467-018-05452-6,2018.0
6508100824.0,Martijn,Vermaat,male,Natural Sciences,10.1038/s41467-018-05714-3,2018.0
6508100824.0,Martijn,Vermaat,male,Natural Sciences,10.1038/s41467-019-10936-0,2019.0
6508100824.0,Martijn,Vermaat,male,Natural Sciences,10.1038/s41588-018-0271-0,2019.0
6508100824.0,Martijn,Vermaat,male,Natural Sciences,10.1038/s41431-018-0291-3,2019.0
6508100824.0,,Vermaat,male,Natural Sciences,10.1038/s41431-018-0291-3,2019.0
6508100824.0,Martijn,Vermaat,male,Natural Sciences,10.1016/j.biopsych.2019.02.016,2019.0
6508100824.0,Martijn,Vermaat,male,Natural Sciences,10.1038/s41598-019-55109-7,2019.0
6508100824.0,Martijn,Vermaat,male,Natural Sciences,10.1038/s41598-019-55109-7,2019.0
6508100824.0,Martijn,Vermaat,male,Natural Sciences,10.1038/s41431-019-0511-5,2020.0
6503878909.0,Carla,Toyas,female,Medical and Health Sciences,10.1016/j.medcli.2013.04.028,2013.0
6503878909.0,,Toyas,female,Medical and Health Sciences,10.1016/j.ad.2015.03.022,2016.0
6503878909.0,Carla,Toyas,female,Medical and Health Sciences,10.1016/j.eimc.2015.08.002,2016.0
6503878909.0,,Toyas,female,Medical and Health Sciences,10.1016/j.adengl.2017.05.010,2017.0
6503878909.0,,Toyas,female,Medical and Health Sciences,10.1016/j.adengl.2017.05.010,2017.0
6503878909.0,,Toyas,female,Medical and Health Sciences,10.1016/j.rce.2016.09.003,2017.0
56080763100.0,Amrita,Mallick,female,Medical and Health Sciences,10.7150/ijms.14141,2016.0
56080763100.0,Amrita,Mallick,female,Medical and Health Sciences,10.1038/s41598-017-00306-5,2017.0
56080763100.0,Amrita,Mallick,female,Medical and Health Sciences,10.1038/s41598-018-26768-9,2018.0
57196001635.0,Giulio,Paulis,male,Humanities,10.1418/36989,2012.0
55993969800.0,Margaret,Barnhart,female,Medical and Health Sciences,10.1371/journal.pone.0090258,2014.0
55993969800.0,Margaret,Barnhart,female,Medical and Health Sciences,10.1161/STROKEAHA.113.003754,2014.0
55838309200.0,,Bayldon,female,Agricultural Sciences,10.1111/jvp.12073,2014.0
55838309200.0,Wendy,Bayldon,female,Agricultural Sciences,10.1177/1098612X16689175,2017.0
57201658751.0,Brian,Sergi,male,Natural Sciences,10.1111/ropr.12088,2014.0
57201658751.0,Brian,Sergi,male,Natural Sciences,10.1088/1748-9326/aa9fab,2018.0
57201658751.0,Brian,Sergi,male,Natural Sciences,10.1016/j.erss.2018.04.011,2018.0
57201658751.0,Brian,Sergi,male,Natural Sciences,10.1016/j.ecolecon.2018.12.009,2019.0
57201658751.0,,Sergi,male,Natural Sciences,10.1016/j.enpol.2019.03.039,2019.0
56010882600.0,Damee,Choi,female,Medical and Health Sciences,10.1186/1880-6805-33-18,2014.0
56010882600.0,Damee,Choi,female,Medical and Health Sciences,10.1186/1880-6805-33-4,2014.0
56010882600.0,Damee,Choi,female,Medical and Health Sciences,10.1186/1880-6805-33-21,2014.0
56010882600.0,Damee,Choi,female,Medical and Health Sciences,10.1016/j.ijpsycho.2015.10.005,2015.0
56010882600.0,Damee,Choi,female,Medical and Health Sciences,10.1186/s40101-015-0047-5,2015.0
56010882600.0,Damee,Choi,female,Medical and Health Sciences,10.1186/s40101-015-0045-7,2015.0
56010882600.0,Damee,Choi,female,Medical and Health Sciences,10.1186/s40101-015-0051-9,2015.0
56010882600.0,Damee,Choi,female,Medical and Health Sciences,10.1007/s00484-015-0956-3,2015.0
56010882600.0,Damee,Choi,female,Medical and Health Sciences,10.1016/j.ijpsycho.2016.09.018,2016.0
56010882600.0,Damee,Choi,female,Medical and Health Sciences,10.1016/j.ijpsycho.2016.09.018,2016.0
56010882600.0,Damee,Choi,female,Medical and Health Sciences,10.1186/s40101-016-0125-3,2017.0
56010882600.0,Damee,Choi,female,Medical and Health Sciences,10.1186/s40101-016-0125-3,2017.0
56010882600.0,Damee,Choi,female,Medical and Health Sciences,10.1186/s40101-016-0125-3,2017.0
56010882600.0,Damee,Choi,female,Medical and Health Sciences,10.1007/s10211-018-0284-9,2018.0
56010882600.0,Damee,Choi,female,Medical and Health Sciences,10.1016/j.paid.2017.09.001,2018.0
56010882600.0,Damee,Choi,female,Medical and Health Sciences,10.1016/j.paid.2017.09.001,2018.0
56010882600.0,Damee,Choi,female,Medical and Health Sciences,10.1038/s41598-019-44175-6,2019.0
56010882600.0,Damee,Choi,female,Medical and Health Sciences,10.1001/jamanetworkopen.2019.21644,2020.0
56010882600.0,Damee,Choi,female,Medical and Health Sciences,10.1016/j.apergo.2020.103074,2020.0
56010882600.0,Damee,Choi,female,Medical and Health Sciences,10.1016/j.apergo.2020.103074,2020.0
56010882600.0,Damee,Choi,female,Medical and Health Sciences,10.1186/s13229-020-00321-w,2020.0
56010882600.0,Damee,Choi,female,Medical and Health Sciences,10.1186/s13229-020-00321-w,2020.0
55498413500.0,Yuki,Kawamata,female,Engineering and Technology,10.1149/2.005405jss,2014.0
55498413500.0,Yuki,Kawamata,female,Engineering and Technology,,2014.0
55498413500.0,Yuki,Kawamata,female,Engineering and Technology,10.1016/j.diamond.2016.03.019,2016.0
55498413500.0,Yuki,Kawamata,female,Engineering and Technology,10.7567/APEX.9.035504,2016.0
55498413500.0,Yuki,Kawamata,female,Engineering and Technology,10.1016/j.diamond.2016.12.016,2017.0
55498413500.0,Yuki,Kawamata,female,Engineering and Technology,10.20965/ijat.2018.p0179,2018.0
55990586100.0,Anwesha,Nag,female,Medical and Health Sciences,10.7554/eLife.01256,2013.0
55990586100.0,Anwesha,Nag,female,Medical and Health Sciences,10.7554/eLife.01256,2013.0
55990586100.0,Anwesha,Nag,female,Medical and Health Sciences,10.1534/g3.115.018853,2015.0
55990586100.0,Anwesha,Nag,female,Medical and Health Sciences,10.1534/g3.115.018853,2015.0
55990586100.0,Anwesha,Nag,female,Medical and Health Sciences,10.18632/oncotarget.20764,2017.0
55990586100.0,Anwesha,Nag,female,Medical and Health Sciences,10.1371/journal.pone.0188835,2017.0
55990586100.0,Anwesha,Nag,female,Medical and Health Sciences,10.1016/j.ydbio.2017.02.019,2017.0
55990586100.0,Anwesha,Nag,female,Medical and Health Sciences,10.1200/PO.17.00285,2018.0
55990586100.0,Anwesha,Nag,female,Medical and Health Sciences,10.1038/s41416-018-0212-9,2018.0
55990586100.0,Anwesha,Nag,female,Medical and Health Sciences,10.1186/s12864-017-4428-5,2018.0
55990586100.0,Anwesha,Nag,female,Medical and Health Sciences,10.1053/j.gastro.2018.03.047,2018.0
55990586100.0,Anwesha,Nag,female,Medical and Health Sciences,10.1038/s41586-018-0409-3,2018.0
55990586100.0,Anwesha,Nag,female,Medical and Health Sciences,10.1200/PO.18.00235,2019.0
55990586100.0,Anwesha,Nag,female,Medical and Health Sciences,10.1182/bloodadvances.2019000445,2019.0
55990586100.0,Anwesha,Nag,female,Medical and Health Sciences,10.1158/0008-5472.CAN-19-1166,2019.0
55990586100.0,Anwesha,Nag,female,Medical and Health Sciences,10.1182/bloodadvances.2019000588,2019.0
55990586100.0,Anwesha,Nag,female,Medical and Health Sciences,10.1182/bloodadvances.2019001012,2019.0
55990586100.0,Anwesha,Nag,female,Medical and Health Sciences,10.1182/bloodadvances.2019001012,2019.0
55990586100.0,Anwesha,Nag,female,Medical and Health Sciences,10.1016/j.jmoldx.2019.12.010,2020.0
55990586100.0,Anwesha,Nag,female,Medical and Health Sciences,10.1016/j.jmoldx.2019.12.010,2020.0
57212713402.0,Khaled M. A.,Ahmed,male,Natural Sciences,10.1515/ijfe-2014-0309,2015.0
55415757000.0,Bastian,Rieck,male,Natural Sciences,10.1109/TVCG.2012.248,2012.0
55415757000.0,,Rieck,male,Natural Sciences,10.1111/cgf.12398,2014.0
55415757000.0,,Rieck,male,Natural Sciences,10.1111/cgf.12884,2016.0
55415757000.0,,Rieck,male,Natural Sciences,10.1111/cgf.12884,2016.0
55415757000.0,Bastian,Rieck,male,Natural Sciences,10.1111/cgf.13421,2018.0
55415757000.0,Bastian,Rieck,male,Natural Sciences,10.1109/TVCG.2017.2744321,2018.0
55415757000.0,Bastian,Rieck,male,Natural Sciences,10.1111/cgf.13691,2019.0
55415757000.0,Bastian,Rieck,male,Natural Sciences,10.1038/s41591-020-0789-4,2020.0
55415757000.0,Bastian,Rieck,male,Natural Sciences,10.1038/s41591-020-0789-4,2020.0
57190047530.0,Dian,Kusuma,female,Social Sciences,10.1016/j.socscimed.2016.06.020,2016.0
57190047530.0,Dian,Kusuma,female,Social Sciences,10.1016/j.socscimed.2016.06.020,2016.0
57190047530.0,Dian,Kusuma,female,Social Sciences,10.1016/j.ypmed.2017.04.020,2017.0
57190047530.0,Dian,Kusuma,female,Social Sciences,10.1016/j.ypmed.2017.04.020,2017.0
57190047530.0,Dian,Kusuma,female,Social Sciences,10.1016/j.worlddev.2017.05.007,2017.0
57190047530.0,Dian,Kusuma,female,Social Sciences,10.1016/j.worlddev.2017.05.007,2017.0
57190047530.0,Dian,Kusuma,female,Social Sciences,10.3961/jpmph.19.240,2019.0
57190047530.0,Dian,Kusuma,female,Social Sciences,10.1093/inthealth/ihz025,2019.0
56378381300.0,Jun,Tao,male,Natural Sciences,10.1016/j.soildyn.2014.10.009,2014.0
56378381300.0,Jun,Tao,male,Natural Sciences,10.11779/CJGE201409024,2014.0
56378381300.0,Jun,Tao,male,Natural Sciences,10.1007/s40098-015-0166-2,2016.0
49865019900.0,,Yamamoto,female,Medical and Health Sciences,10.1007/s10519-011-9501-2,2012.0
49865019900.0,Lace Y.,Yamamoto,female,Medical and Health Sciences,10.1016/j.bbr.2012.04.040,2012.0
55464740000.0,M. Fernández,García,male,Natural Sciences,10.1016/j.nima.2016.05.066,2016.0
55464740000.0,Marcos Fernández,García,male,Natural Sciences,10.1016/j.nima.2016.05.070,2017.0
55464740000.0,M. Fernández,García,male,Natural Sciences,10.1016/j.nima.2018.11.132,2019.0
55464740000.0,,García,male,Natural Sciences,10.1063/1.5079999,2019.0
55464740000.0,,García,male,Natural Sciences,10.1063/1.5079999,2019.0
55464740000.0,Marcos Fernández,García,male,Natural Sciences,10.1016/j.nima.2019.162865,2020.0
55464740000.0,Marcos Fernández,García,male,Natural Sciences,10.1016/j.nima.2019.162865,2020.0
56806660600.0,Yi,Chen,male,Medical and Health Sciences,10.3969/j.issn.2095-4344.2013.01.021,2013.0
56583521000.0,Peng,Gu,male,Natural Sciences,10.1109/TCAD.2015.2445741,2015.0
56583521000.0,Peng,Gu,male,Natural Sciences,10.1007/s11390-016-1608-8,2016.0
56583521000.0,Peng,Gu,male,Natural Sciences,10.1007/s11390-016-1608-8,2016.0
56583521000.0,Peng,Gu,male,Natural Sciences,10.1109/MDAT.2015.2487218,2016.0
56583521000.0,Peng,Gu,male,Natural Sciences,10.1109/TCAD.2017.2729466,2018.0
56583521000.0,Peng,Gu,male,Natural Sciences,10.1109/LCA.2019.2898196,2019.0
57200989755.0,Jiqiang,Xie,male,Natural Sciences,10.12733/jics20103926,2014.0
56143492100.0,Ming-Ta,Lee,male,Agricultural Sciences,10.1371/journal.pone.0039178,2012.0
56372720700.0,Bing,Bu,male,Natural Sciences,10.1088/1478-3975/12/2/025003,2015.0
56372720700.0,Bing,Bu,male,Natural Sciences,10.1121/1.4929630,2015.0
56372720700.0,Bing,Bu,male,Natural Sciences,10.3389/fnmol.2016.00136,2016.0
56372720700.0,Bing,Bu,male,Natural Sciences,10.3969/j.issn.0372-2112.2017.03.002,2017.0
56372720700.0,Bing,Bu,male,Natural Sciences,10.1007/s10409-017-0635-1,2017.0
56372720700.0,Bing,Bu,male,Natural Sciences,10.1021/acschemneuro.7b00250,2017.0
56372720700.0,Bing,Bu,male,Natural Sciences,10.1039/c8sm00644j,2018.0
56372720700.0,Bing,Bu,male,Natural Sciences,10.1109/TASLP.2018.2852479,2018.0
55929539800.0,Jenny B.,Koenig,female,Medical and Health Sciences,10.1038/jcbfm.2013.100,2013.0
55929539800.0,Jenny B.,Koenig,female,Medical and Health Sciences,10.1007/s11906-014-0427-y,2014.0
55929539800.0,Jenny B.,Koenig,female,Medical and Health Sciences,10.3389/fncel.2018.00350,2018.0
55929539800.0,Jenny B.,Koenig,female,Medical and Health Sciences,10.1172/jci.insight.126506,2019.0
55929539800.0,Jenny B.,Koenig,female,Medical and Health Sciences,10.1172/jci.insight.126506,2019.0
56155299400.0,Simon,Davis,male,Natural Sciences,10.1016/j.gca.2015.02.028,2015.0
56155299400.0,Simon,Davis,male,Natural Sciences,10.1002/ldr.3111,2018.0
55280050100.0,Jian,Zeng,male,Natural Sciences,10.1186/1753-6561-6-S2-S7,2012.0
55280050100.0,Jian,Zeng,male,Natural Sciences,10.1093/jxb/ert259,2013.0
55280050100.0,Jian,Zeng,male,Natural Sciences,10.2135/cropsci2012.08.0463,2013.0
55280050100.0,Jian,Zeng,male,Natural Sciences,10.1186/1297-9686-45-11,2013.0
55280050100.0,,Zeng,male,Natural Sciences,10.1111/jbg.12225,2016.0
55280050100.0,Jian,Zeng,male,Natural Sciences,10.1038/ng.3941,2017.0
55280050100.0,Jian,Zeng,male,Natural Sciences,10.1534/genetics.116.193383,2017.0
55280050100.0,Jian,Zeng,male,Natural Sciences,10.1371/journal.pone.0194683,2018.0
55280050100.0,Jian,Zeng,male,Natural Sciences,10.1038/s41467-018-03371-0,2018.0
55280050100.0,Jian,Zeng,male,Natural Sciences,10.1038/s41467-018-04558-1,2018.0
55280050100.0,Jian,Zeng,male,Natural Sciences,10.1038/s41467-018-04951-w,2018.0
55280050100.0,Jian,Zeng,male,Natural Sciences,10.1534/genetics.118.300650,2018.0
55280050100.0,Jian,Zeng,male,Natural Sciences,10.1038/s41467-018-04191-y,2018.0
55280050100.0,Jian,Zeng,male,Natural Sciences,10.1038/s41588-018-0101-4,2018.0
55280050100.0,Jian,Zeng,male,Natural Sciences,10.1038/s41467-019-10598-y,2019.0
55280050100.0,Jian,Zeng,male,Natural Sciences,10.1038/s41467-019-12653-0,2019.0
55280050100.0,Jian,Zeng,male,Natural Sciences,10.1126/sciadv.aaw3538,2019.0
55280050100.0,Jian,Zeng,male,Natural Sciences,10.1038/s41467-020-15421-7,2020.0
55751461400.0,Sang-Yeul,Lee,male,Medical and Health Sciences,10.1097/SCS.0b013e3182710201,2012.0
55751461400.0,Sang-Yeul,Lee,male,Medical and Health Sciences,10.5999/aps.2013.40.3.256,2013.0
55751461400.0,Sang-Yeul,Lee,male,Medical and Health Sciences,10.1002/pmic.201200251,2013.0
55751461400.0,Sang-Yeul,Lee,male,Medical and Health Sciences,10.1016/j.canlet.2012.11.045,2013.0
55751461400.0,,Lee,male,Medical and Health Sciences,10.1111/ced.12431,2014.0
55751461400.0,Sang-Yeul,Lee,male,Medical and Health Sciences,,2015.0
55751461400.0,Sang-Yeul,Lee,male,Medical and Health Sciences,,2015.0
55751461400.0,Sang-Yeul,Lee,male,Medical and Health Sciences,10.1080/21645515.2015.1016669,2015.0
55751461400.0,Sang-Yeul,Lee,male,Medical and Health Sciences,,2016.0
55751461400.0,Sang-Yeul,Lee,male,Medical and Health Sciences,10.1007/s00266-016-0688-8,2016.0
55751461400.0,Sang-Yeul,Lee,male,Medical and Health Sciences,,2017.0
55751461400.0,Sang Yeul,Lee,male,Medical and Health Sciences,,2018.0
56479073000.0,Roberto K.,Kashimoto,male,Medical and Health Sciences,10.1007/s10103-014-1666-5,2014.0
56479073000.0,,Kashimoto,male,Medical and Health Sciences,10.1016/j.bbr.2015.08.038,2016.0
56479073000.0,Roberto Kiyoshi,Kashimoto,male,Medical and Health Sciences,10.1007/s10103-016-2007-7,2016.0
55096642600.0,Lindsey C.,Menchen,female,Natural Sciences,10.1007/s11884-011-0116-5,2012.0
55096642600.0,Lindsey C.,Menchen,female,Natural Sciences,10.1007/s11934-012-0244-2,2012.0
55222212800.0,Ling,Wang,female,Medical and Health Sciences,10.3201/eid1806.111345,2012.0
55222212800.0,Ling,Wang,female,Medical and Health Sciences,10.1371/journal.pone.0067490,2013.0
55222212800.0,Ling,Wang,female,Medical and Health Sciences,10.4269/ajtmh.11-0760,2013.0
55222212800.0,Ling,Wang,female,Medical and Health Sciences,10.3201/eid2001.120532,2014.0
55222212800.0,Ling,Wang,female,Medical and Health Sciences,10.3201/eid2202.151516,2016.0
55222212800.0,Ling,Wang,female,Medical and Health Sciences,10.1186/s12879-016-1404-7,2016.0
55222212800.0,Ling,Wang,female,Medical and Health Sciences,10.7883/yoken.JJID.2014.567,2016.0
55222212800.0,Ling,Wang,female,Medical and Health Sciences,10.3969/j.issn.1000-8179.2017.24.837,2017.0
55222212800.0,Ling,Wang,female,Medical and Health Sciences,10.3760/cma.j.issn.2095-4255.2017.06.009,2017.0
55222212800.0,Ling,Wang,female,Medical and Health Sciences,10.1038/emi.2017.92,2017.0
55222212800.0,Ling,Wang,female,Medical and Health Sciences,10.1186/s40779-017-0148-z,2018.0
55222212800.0,Ling,Wang,female,Medical and Health Sciences,10.3390/v11121128,2019.0
55222212800.0,Ling,Wang,female,Medical and Health Sciences,10.1158/1078-0432.CCR-18-3083,2019.0
55222212800.0,Ling,Wang,female,Medical and Health Sciences,10.1371/journal.pntd.0007308,2019.0
56216266800.0,Jingcai,Zhang,male,Natural Sciences,10.1016/j.materresbull.2014.06.020,2014.0
56216266800.0,Jingcai,Zhang,male,Natural Sciences,10.1007/s10562-014-1293-6,2014.0
56216266800.0,Jingcai,Zhang,male,Natural Sciences,10.1039/c4ce01219d,2014.0
56216266800.0,Jingcai,Zhang,male,Natural Sciences,10.1039/c4nr02485k,2014.0
56216266800.0,Jingcai,Zhang,male,Natural Sciences,10.1039/c5ce00051c,2015.0
56216266800.0,Jingcai,Zhang,male,Natural Sciences,10.1002/ejic.201500714,2015.0
56216266800.0,Jingcai,Zhang,male,Natural Sciences,10.1039/c5ce00569h,2015.0
56216266800.0,Jingcai,Zhang,male,Natural Sciences,10.1002/ejic.201403078,2015.0
56216266800.0,Jingcai,Zhang,male,Natural Sciences,10.1016/j.materresbull.2014.11.029,2015.0
56216266800.0,Jingcai,Zhang,male,Natural Sciences,10.1021/acsami.5b09110,2015.0
56216266800.0,Jingcai,Zhang,male,Natural Sciences,10.1039/c5ra04708k,2015.0
56216266800.0,Jingcai,Zhang,male,Natural Sciences,10.1016/S1872-2067(17)62815-8,2017.0
56216266800.0,Jing-Cai,Zhang,male,Natural Sciences,10.1016/S1872-2067(19)63295-X,2019.0
56216266800.0,Jing-Cai,Zhang,male,Natural Sciences,10.1016/S1872-2067(19)63295-X,2019.0
56216266800.0,Jing-Cai,Zhang,male,Natural Sciences,10.1016/j.jechem.2019.03.028,2019.0
56216266800.0,Jing-Cai,Zhang,male,Natural Sciences,10.1016/j.jechem.2019.03.028,2019.0
56216266800.0,Jing-Cai,Zhang,male,Natural Sciences,10.1016/j.jcat.2019.06.021,2019.0
56216266800.0,Jingcai,Zhang,male,Natural Sciences,10.1038/s41467-020-14984-9,2020.0
56216266800.0,Jingcai,Zhang,male,Natural Sciences,10.1007/s40843-020-1267-2,2020.0
56216266800.0,Jing-Cai,Zhang,male,Natural Sciences,10.1021/acscatal.9b03709,2020.0
56216266800.0,Jing-Cai,Zhang,male,Natural Sciences,10.1021/acscatal.9b03709,2020.0
35081978600.0,,García-Jaramillo,male,Natural Sciences,10.1016/j.scitotenv.2013.07.088,2014.0
35081978600.0,Manuel,García-Jaramillo,male,Natural Sciences,10.1016/j.jhazmat.2014.10.052,2015.0
35081978600.0,,García-Jaramillo,male,Natural Sciences,10.1016/j.scitotenv.2016.01.142,2016.0
35081978600.0,,García-Jaramillo,male,Natural Sciences,10.1016/j.scitotenv.2016.01.174,2016.0
35081978600.0,Manuel,García-Jaramillo,male,Natural Sciences,10.1016/j.scitotenv.2019.135682,2020.0
35081978600.0,Manuel,García-Jaramillo,male,Natural Sciences,10.1016/j.scitotenv.2019.135682,2020.0
35081978600.0,Manuel,García-Jaramillo,male,Natural Sciences,10.1016/j.scitotenv.2019.135682,2020.0
57212857443.0,Yuliang,Ma,male,Natural Sciences,10.1016/j.colsurfa.2014.12.018,2015.0
57191590883.0,Alexander J.,Sweidan,male,Medical and Health Sciences,10.2147/JBM.S90078,2015.0
57191590883.0,Alexander J.,Sweidan,male,Medical and Health Sciences,10.2147/JBM.S90078,2015.0
57191590883.0,Alexander J.,Sweidan,male,Medical and Health Sciences,10.4137/CCRep.S39809,2016.0
57191590883.0,Alexander J,Sweidan,male,Medical and Health Sciences,10.1177/1179547616688231,2017.0
57191590883.0,Alexander J,Sweidan,male,Medical and Health Sciences,10.1177/1179547616688231,2017.0
57191590883.0,Alexander J.,Sweidan,male,Medical and Health Sciences,10.1177/1179548417703123,2017.0
57191590883.0,Alexander J.,Sweidan,male,Medical and Health Sciences,10.4081/mi.2018.7900,2018.0
57191590883.0,Alexander J,Sweidan,male,Medical and Health Sciences,10.1177/1179547617752685,2018.0
57191590883.0,Alexander J.,Sweidan,male,Medical and Health Sciences,10.1161/STROKEAHA.118.023840,2019.0
57191590883.0,Alexander J.,Sweidan,male,Medical and Health Sciences,10.3389/fneur.2019.00937,2019.0
57191590883.0,Alexander J.,Sweidan,male,Medical and Health Sciences,10.1136/svn-2019-000304,2020.0
57191590883.0,Alexander Jacob,Sweidan,male,Medical and Health Sciences,10.1136/svn-2019-000274,2020.0
57191590883.0,Alexander J.,Sweidan,male,Medical and Health Sciences,10.1097/MJT.0000000000000930,2020.0
56151312800.0,Ying,Li,female,Medical and Health Sciences,10.7507/1672-2531.20140101,2014.0
56151312800.0,Ying,Li,female,Medical and Health Sciences,10.1371/journal.pone.0092981,2014.0
55882075500.0,Rebecca L.,Hooper,female,Medical and Health Sciences,10.1111/xen.12022,2013.0
57206846375.0,Min,Fan,male,Natural Sciences,10.1016/j.chinastron.2014.07.009,2014.0
57206846375.0,Min,Fan,male,Natural Sciences,10.1016/j.chinastron.2014.07.009,2014.0
57191708268.0,Jianwei,Ma,female,Natural Sciences,10.3389/fpls.2016.01578,2016.0
57191708268.0,Jianwei,Ma,female,Natural Sciences,10.21475/poj.11.03.18.p1037,2018.0
57191708268.0,Jianwei,Ma,female,Natural Sciences,10.21475/poj.11.03.18.p1037,2018.0
24313574700.0,Luigi,Spedicato,male,Natural Sciences,10.1109/JSEN.2011.2170062,2012.0
24313574700.0,Luigi,Spedicato,male,Natural Sciences,10.1016/j.ultras.2013.01.015,2013.0
24313574700.0,Luigi,Spedicato,male,Natural Sciences,10.5772/55606,2013.0
24313574700.0,Luigi,Spedicato,male,Natural Sciences,10.5772/56112,2013.0
24313574700.0,Luigi,Spedicato,male,Natural Sciences,10.5772/56240,2013.0
24313574700.0,Luigi,Spedicato,male,Natural Sciences,10.1016/j.measurement.2014.08.004,2014.0
24313574700.0,Luigi,Spedicato,male,Natural Sciences,,2014.0
24313574700.0,Luigi,Spedicato,male,Natural Sciences,10.1108/SR-03-2013-644,2014.0
24313574700.0,,Spedicato,male,Natural Sciences,10.1016/j.measurement.2014.04.036,2014.0
24313574700.0,,Spedicato,male,Natural Sciences,10.1109/TMECH.2014.2301638,2015.0
24313574700.0,Luigi,Spedicato,male,Natural Sciences,10.5772/62098,2016.0
24313574700.0,,Spedicato,male,Natural Sciences,10.1016/j.advengsoft.2016.01.001,2016.0
24313574700.0,Luigi,Spedicato,male,Natural Sciences,10.1109/JSEN.2016.2553243,2016.0
24313574700.0,Luigi,Spedicato,male,Natural Sciences,10.1049/iet-smt.2015.0041,2016.0
24313574700.0,Luigi,Spedicato,male,Natural Sciences,10.1016/j.apenergy.2016.11.100,2017.0
24313574700.0,Luigi,Spedicato,male,Natural Sciences,10.1016/j.apenergy.2017.08.229,2017.0
57216249619.0,Gaëlle,Sempé,female,Social Sciences,10.3917/rdm.040.0321,2012.0
56182091200.0,Rong,Lu,male,Medical and Health Sciences,10.1007/s00330-014-3196-8,2014.0
56973853700.0,Davor,Ivankovic,male,Natural Sciences,10.1074/jbc.M115.699447,2016.0
56973853700.0,Davor,Ivankovic,male,Natural Sciences,10.1111/jnc.13412,2016.0
56973853700.0,Davor,Ivankovic,male,Natural Sciences,10.15252/embj.201696380,2018.0
56973853700.0,Davor,Ivankovic,male,Natural Sciences,10.1038/s41467-019-12382-4,2019.0
56973853700.0,Davor,Ivankovic,male,Natural Sciences,10.1080/15548627.2019.1615302,2020.0
57206209880.0,Shota,Iizuka,male,Natural Sciences,10.7567/APEX.8.081301,2015.0
57206209880.0,Shota,Iizuka,male,Natural Sciences,10.7567/JJAP.55.101301,2016.0
57206209880.0,Shota,Iizuka,male,Natural Sciences,10.1016/j.mssp.2016.11.031,2017.0
57206209880.0,Shota,Iizuka,male,Natural Sciences,10.1557/mrc.2017.63,2017.0
57206209880.0,Shota,Iizuka,male,Natural Sciences,10.1557/mrc.2017.63,2017.0
57206209880.0,Shota,Iizuka,male,Natural Sciences,10.1021/acs.analchem.7b02129,2017.0
57206209880.0,Shota,Iizuka,male,Natural Sciences,10.1021/acs.jpcc.8b10406,2019.0
57206209880.0,Shota,Iizuka,male,Natural Sciences,10.1021/acs.analchem.8b03834,2019.0
57206209880.0,Shota,Iizuka,male,Natural Sciences,10.1039/c8cp07402j,2019.0
57206209880.0,Shota,Iizuka,male,Natural Sciences,10.7567/1347-4065/ab1717,2019.0
57206209880.0,Shota,Iizuka,male,Natural Sciences,10.1021/acs.jpclett.9b02207,2019.0
57189218341.0,Bing,Xu,male,Natural Sciences,10.1039/c6tb00542j,2016.0
57189218341.0,Bing,Xu,male,Natural Sciences,10.1039/c6tc05113h,2017.0
57189218341.0,Bing,Xu,male,Natural Sciences,10.1021/acs.jpcc.7b05639,2017.0
57189218341.0,Bing,Xu,male,Natural Sciences,10.1039/c8dt00519b,2018.0
57189218341.0,Bing,Xu,male,Natural Sciences,10.1039/c7nr07709b,2018.0
57189218341.0,Bing,Xu,male,Natural Sciences,10.1039/C9CC00230H,2019.0
57189218341.0,Bing,Xu,male,Natural Sciences,10.1016/j.materresbull.2018.10.024,2019.0
55633475600.0,Jia,Xu,male,Social Sciences,10.1007/s11205-013-0321-z,2014.0
55633475600.0,Jia,Xu,male,Social Sciences,10.1108/LODJ-05-2016-0126,2017.0
55633475600.0,Jia,Xu,male,Social Sciences,10.3390/ijerph16224503,2019.0
55633475600.0,Jia,Xu,male,Social Sciences,10.3390/ijerph17072403,2020.0
56387939100.0,Dustin M.,Thomas,male,Medical and Health Sciences,10.1016/j.jcct.2014.08.003,2014.0
56387939100.0,Dustin M.,Thomas,male,Medical and Health Sciences,10.1177/1753944714546482,2014.0
56387939100.0,Dustin M.,Thomas,male,Medical and Health Sciences,10.14423/SMJ.0000000000000372,2015.0
56387939100.0,Dustin,Thomas,male,Medical and Health Sciences,,2015.0
56387939100.0,Dustin M.,Thomas,male,Medical and Health Sciences,10.1177/1753944715593905,2015.0
56387939100.0,Dustin M.,Thomas,male,Medical and Health Sciences,10.1007/s12410-015-9334-0,2015.0
56387939100.0,Dustin M.,Thomas,male,Medical and Health Sciences,10.1016/j.jcct.2015.03.014,2015.0
56387939100.0,Dustin,Thomas,male,Medical and Health Sciences,10.1177/1708538114546207,2015.0
56387939100.0,Dustin M.,Thomas,male,Medical and Health Sciences,10.14423/SMJ.0000000000000436,2016.0
56387939100.0,Dustin M.,Thomas,male,Medical and Health Sciences,10.1007/s12410-016-9382-0,2016.0
56387939100.0,Dustin M.,Thomas,male,Medical and Health Sciences,10.1186/s12968-017-0409-8,2017.0
56387939100.0,Dustin M.,Thomas,male,Medical and Health Sciences,10.1016/j.atherosclerosis.2016.11.016,2017.0
56387939100.0,Dustin M.,Thomas,male,Medical and Health Sciences,10.1186/s12872-017-0504-7,2017.0
56387939100.0,Dustin M,Thomas,male,Medical and Health Sciences,10.1093/eurheartj/ehy546,2018.0
56387939100.0,Dustin M.,Thomas,male,Medical and Health Sciences,10.1007/s12410-018-9456-2,2018.0
56387939100.0,Dustin,Thomas,male,Medical and Health Sciences,10.1002/clc.22963,2018.0
56387939100.0,Dustin,Thomas,male,Medical and Health Sciences,10.1016/j.jcct.2017.11.014,2018.0
56387939100.0,Dustin M.,Thomas,male,Medical and Health Sciences,10.1016/j.jcct.2019.09.001,2019.0
56387939100.0,Dustin M.,Thomas,male,Medical and Health Sciences,10.1016/j.jcct.2020.01.005,2020.0
55992607300.0,Sabrina Santos,Costa,female,Natural Sciences,10.11646/zootaxa.3599.5.7,2013.0
55992607300.0,Sabrina,Costa,female,Natural Sciences,10.11646/zootaxa.4078.1.10,2016.0
56455753400.0,Yong,Han,male,Medical and Health Sciences,10.1097/FTD.0000000000000238,2016.0
56455753400.0,Yong,Han,male,Medical and Health Sciences,10.11669/cpj.2017.19.012,2017.0
56455753400.0,Yong,Han,male,Medical and Health Sciences,10.2217/pgs-2017-0110,2017.0
56455753400.0,,Han,male,Medical and Health Sciences,10.1111/jcpt.12598,2018.0
56455753400.0,Yong,Han,male,Medical and Health Sciences,10.1186/s12885-018-4398-2,2018.0
56455753400.0,Yong,Han,male,Medical and Health Sciences,10.2217/pgs-2018-0116,2019.0
56455753400.0,Yong,Han,male,Medical and Health Sciences,10.1159/000500138,2019.0
56455753400.0,Yong,Han,male,Medical and Health Sciences,10.2147/PPA.S223837,2019.0
56455753400.0,,Han,male,Medical and Health Sciences,10.3760/cma.j.issn.1671-0274.2019.09.009,2019.0
56455753400.0,Yong,Han,male,Medical and Health Sciences,10.1007/s10147-018-01386-7,2019.0
56455753400.0,Yong,Han,male,Medical and Health Sciences,10.1159/000505177,2020.0
48861339200.0,Hongjin,Han,male,Natural Sciences,10.1093/bioinformatics/btt014,2013.0
57213651048.0,Aurélie,Maurin,female,Social Sciences,10.3917/cnx.104.0071,2015.0
57213651048.0,Aurelie,Maurin,female,Social Sciences,,2017.0
57213651048.0,Aurelie,Maurin,female,Social Sciences,10.3917/rppg.069.0147,2017.0
57213651048.0,Aurélie,Maurin,female,Social Sciences,10.3917/cnx.109.0151,2018.0
56680529100.0,Jun-Young,Park,female,Natural Sciences,10.1016/j.bbrc.2015.06.080,2015.0
56680529100.0,Jun-Young,Park,female,Natural Sciences,10.1016/j.bbrc.2015.06.080,2015.0
56680529100.0,Jun-Young,Park,female,Natural Sciences,10.3389/fimmu.2019.02636,2019.0
57196215247.0,Hong Jun,Kim,male,Medical and Health Sciences,10.4143/crt.2013.104,2014.0
57196215247.0,Hong Jun,Kim,male,Medical and Health Sciences,10.3892/ol.2016.4598,2016.0
57196215247.0,Hong Jun,Kim,male,Medical and Health Sciences,10.1371/journal.pone.0176834,2017.0
57196215247.0,Hong Jun,Kim,male,Medical and Health Sciences,10.1016/j.biocel.2017.06.010,2017.0
57196215247.0,Hong Jun,Kim,male,Medical and Health Sciences,10.1016/j.biocel.2017.06.010,2017.0
57196215247.0,Hong Jun,Kim,male,Medical and Health Sciences,10.1016/j.biocel.2017.06.010,2017.0
57196215247.0,Hong Jun,Kim,male,Medical and Health Sciences,10.18632/oncotarget.21882,2017.0
57196215247.0,Hong Jun,Kim,male,Medical and Health Sciences,10.3892/ol.2017.7350,2018.0
57196215247.0,Hong Jun,Kim,male,Medical and Health Sciences,10.5230/jgc.2018.18.e3,2018.0
57196215247.0,Hong Jun,Kim,male,Medical and Health Sciences,10.1016/j.fct.2018.04.005,2018.0
57196215247.0,Hong Jun,Kim,male,Medical and Health Sciences,10.2147/OTT.S161587,2018.0
57196215247.0,Hong Jun,Kim,male,Medical and Health Sciences,10.1186/s12885-018-5154-3,2018.0
57196215247.0,Hong Jun,Kim,male,Medical and Health Sciences,10.1016/j.fct.2019.01.023,2019.0
57196215247.0,Hong Jun,Kim,male,Medical and Health Sciences,10.3390/cancers11111776,2019.0
57196215247.0,Hong Jun,Kim,male,Medical and Health Sciences,10.2147/CMAR.S208754,2019.0
57196215247.0,Hong Jun,Kim,male,Medical and Health Sciences,10.3390/cancers11060781,2019.0
57196215247.0,Hong Jun,Kim,male,Medical and Health Sciences,10.3904/kjim.2018.076,2020.0
54893624300.0,Vanessa Mendonça,Soares,female,Agricultural Sciences,10.1016/j.fm.2011.12.028,2012.0
54893624300.0,Vanessa Mendonça,Soares,female,Agricultural Sciences,10.1590/S0034-737X2013000400002,2013.0
54893624300.0,Vanessa Mendonça,Soares,female,Agricultural Sciences,10.1111/1750-3841.12091,2013.0
54893624300.0,,Soares,female,Agricultural Sciences,10.4315/0362-028X.JFP-13-340,2014.0
54893624300.0,Vanessa Mendonça,Soares,female,Agricultural Sciences,10.1016/j.lwt.2015.12.021,2016.0
54893624300.0,Vanessa Mendonça,Soares,female,Agricultural Sciences,10.1016/j.bjm.2015.11.021,2016.0
54893624300.0,,Soares,female,Agricultural Sciences,10.4315/0362-028X.JFP-17-123,2017.0
54893624300.0,Vanessa Mendonça,Soares,female,Agricultural Sciences,10.1007/s12560-018-9357-1,2018.0
54893624300.0,Vanessa M.,Soares,female,Agricultural Sciences,10.1016/j.fm.2017.07.021,2018.0
54893624300.0,Vanessa Mendonça,Soares,female,Agricultural Sciences,10.1016/j.ijfoodmicro.2018.06.013,2018.0
54893624300.0,Vanessa Mendonça,Soares,female,Agricultural Sciences,10.1016/j.lwt.2018.07.035,2018.0
54893624300.0,Vanessa Mendonça,Soares,female,Agricultural Sciences,10.1016/j.lwt.2018.07.035,2018.0
54893624300.0,Vanessa M.,Soares,female,Agricultural Sciences,10.3390/nu11040901,2019.0
54893624300.0,Vanessa Mendonça,Soares,female,Agricultural Sciences,10.1016/j.lwt.2020.109017,2020.0
57191972118.0,Stephen Richard,Okoniewski,male,Natural Sciences,10.1002/app.40690,2014.0
57191972118.0,Stephen R.,Okoniewski,male,Natural Sciences,10.1093/nar/gkx761,2017.0
57191972118.0,Stephen R.,Okoniewski,male,Natural Sciences,10.1093/nar/gkx761,2017.0
57191972118.0,Stephen R.,Okoniewski,male,Natural Sciences,10.1021/jacs.7b02958,2017.0
57191972118.0,Stephen R.,Okoniewski,male,Natural Sciences,10.1021/jacs.7b02958,2017.0
57191972118.0,Stephen R.,Okoniewski,male,Natural Sciences,10.1002/cphc.201701147,2018.0
55728901100.0,Tong,Li,male,Natural Sciences,10.1007/s11426-012-4651-5,2012.0
55728901100.0,Tong,Li,male,Natural Sciences,,2012.0
55728901100.0,,Li,male,Natural Sciences,10.2166/wst.2012.590,2013.0
55728901100.0,Tong,Li,male,Natural Sciences,10.1016/j.chemosphere.2013.05.018,2013.0
55728901100.0,Tong,Li,male,Natural Sciences,10.1007/s40195-013-0013-3,2014.0
57205490162.0,Satoshi,Sekimoto,male,Engineering and Technology,10.1155/2012/786960,2012.0
57205490162.0,Satoshi,Sekimoto,male,Engineering and Technology,10.1016/j.sna.2020.111951,2020.0
57210651852.0,Ivan,Kostov,male,Natural Sciences,10.1016/j.carbpol.2015.12.069,2016.0
55815180800.0,Sushrut,Bhanushali,male,Engineering and Technology,10.1002/smll.201402295,2015.0
55815180800.0,Sushrut,Bhanushali,male,Engineering and Technology,10.1002/smll.201402295,2015.0
55815180800.0,Sushrut,Bhanushali,male,Engineering and Technology,10.1002/smll.201402295,2015.0
55815180800.0,Sushrut,Bhanushali,male,Engineering and Technology,10.1039/c6nr04056j,2016.0
55815180800.0,Sushrut,Bhanushali,male,Engineering and Technology,10.1039/c6nr04056j,2016.0
55815180800.0,Sushrut,Bhanushali,male,Engineering and Technology,10.1002/admi.201700387,2017.0
55815180800.0,Sushrut,Bhanushali,male,Engineering and Technology,10.1002/admi.201700387,2017.0
55815180800.0,Sushrut,Bhanushali,male,Engineering and Technology,10.1002/admi.201700387,2017.0
55815180800.0,Sushrut,Bhanushali,male,Engineering and Technology,10.1021/acsami.7b03339,2017.0
55815180800.0,Sushrut,Bhanushali,male,Engineering and Technology,10.1021/acsami.7b03339,2017.0
55815180800.0,Sushrut,Bhanushali,male,Engineering and Technology,10.1021/acsami.7b03339,2017.0
56436957400.0,Gang,Li,male,Natural Sciences,10.1101/gr.154286.112,2013.0
56436957400.0,Gang,Li,male,Natural Sciences,10.1371/journal.pone.0056535,2013.0
56436957400.0,Gang,Li,male,Natural Sciences,10.1073/pnas.1410083111,2014.0
56436957400.0,Gang,Li,male,Natural Sciences,10.1093/molbev/msv124,2015.0
56436957400.0,Gang,Li,male,Natural Sciences,10.1101/gr.186668.114,2016.0
56436957400.0,Gang,Li,male,Natural Sciences,10.1186/s13059-016-1090-1,2016.0
56436957400.0,Gang,Li,male,Natural Sciences,10.1534/g3.116.028746,2016.0
56436957400.0,Gang,Li,male,Natural Sciences,10.1126/sciadv.1600633,2016.0
56436957400.0,Gang,Li,male,Natural Sciences,10.1126/sciadv.1700299,2017.0
56436957400.0,Gang,Li,male,Natural Sciences,10.1038/s41467-018-05290-6,2018.0
56436957400.0,Gang,Li,male,Natural Sciences,10.1093/molbev/msz139,2019.0
57204564518.0,Bao-Ye,Hu,female,Natural Sciences,10.13292/j.1000-4890.201606.025,2016.0
57204564518.0,Bao-Ye,Hu,female,Natural Sciences,10.13292/j.1000-4890.201605.038,2016.0
57204564518.0,Baoye,Hu,female,Natural Sciences,10.4209/aaqr.2018.04.0122,2018.0
57204564518.0,Baoye,Hu,female,Natural Sciences,10.4209/aaqr.2018.04.0122,2018.0
57204564518.0,Baoye,Hu,female,Natural Sciences,10.4209/aaqr.2018.04.0122,2018.0
57204564518.0,Baoye,Hu,female,Natural Sciences,10.4209/aaqr.2019.04.0193,2019.0
57204564518.0,Baoye,Hu,female,Natural Sciences,10.4209/aaqr.2019.04.0193,2019.0
57204564518.0,Baoye,Hu,female,Natural Sciences,10.4209/aaqr.2019.04.0193,2019.0
57204564518.0,,Hu,female,Natural Sciences,10.1016/j.scitotenv.2019.07.341,2019.0
57204564518.0,,Hu,female,Natural Sciences,10.1016/j.scitotenv.2019.07.341,2019.0
57204564518.0,,Hu,female,Natural Sciences,10.1016/j.scitotenv.2019.07.341,2019.0
57204564518.0,Baoye,Hu,female,Natural Sciences,10.1016/j.scitotenv.2018.12.132,2019.0
57204564518.0,Baoye,Hu,female,Natural Sciences,10.1016/j.scitotenv.2018.12.132,2019.0
57204564518.0,Baoye,Hu,female,Natural Sciences,10.1016/j.scitotenv.2018.12.132,2019.0
57204564518.0,Baoye,Hu,female,Natural Sciences,10.1016/j.scitotenv.2018.10.370,2019.0
57204564518.0,Baoye,Hu,female,Natural Sciences,10.1016/j.scitotenv.2018.10.370,2019.0
57204564518.0,Baoye,Hu,female,Natural Sciences,10.1016/j.scitotenv.2018.10.370,2019.0
57204564518.0,Baoye,Hu,female,Natural Sciences,10.1016/j.scitotenv.2020.137493,2020.0
57204564518.0,Baoye,Hu,female,Natural Sciences,10.1016/j.scitotenv.2020.137493,2020.0
57204564518.0,Baoye,Hu,female,Natural Sciences,10.1016/j.scitotenv.2020.137493,2020.0
57204564518.0,Baoye,Hu,female,Natural Sciences,10.1016/j.scitotenv.2019.136194,2020.0
57204564518.0,Baoye,Hu,female,Natural Sciences,10.1016/j.scitotenv.2019.136194,2020.0
57204564518.0,Baoye,Hu,female,Natural Sciences,10.1016/j.atmosres.2019.104786,2020.0
57204564518.0,Baoye,Hu,female,Natural Sciences,10.1016/j.atmosres.2019.104786,2020.0
57204564518.0,Baoye,Hu,female,Natural Sciences,10.1016/j.atmosres.2019.104786,2020.0
56036340400.0,José Carlos Sizino Franco,Filho,male,Medical and Health Sciences,10.5935/abc.20130091,2013.0
57215825120.0,Zhou,Li,male,Medical and Health Sciences,10.3969/j.issn.2095-4344.2016.11.011,2016.0
57209443570.0,Kåre,I. Birkeland,male,Medical and Health Sciences,10.3109/00365513.2014.884240,2014.0
57209443570.0,Kåre,I. Birkeland,male,Medical and Health Sciences,10.3109/00365513.2014.884240,2014.0
57213365576.0,Safinaz,Mostafa,female,Medical and Health Sciences,10.1097/JCP.0000000000000150,2014.0
57194341676.0,Thu Huong,Ho,female,Natural Sciences,10.1021/acs.analchem.6b02795,2016.0
57194341676.0,Thu Huong,Ho,female,Natural Sciences,10.1007/s00216-017-0377-8,2017.0
57195916961.0,,Vermassen,female,Natural Sciences,10.1016/j.sedgeo.2015.08.004,2015.0
57195916961.0,Flor,Vermassen,female,Natural Sciences,10.1038/s41598-017-12018-x,2017.0
57195916961.0,Flor,Vermassen,female,Natural Sciences,10.1177/0959683618788701,2018.0
57195916961.0,Flor,Vermassen,female,Natural Sciences,10.1177/0959683618788701,2018.0
57195916961.0,Flor,Vermassen,female,Natural Sciences,10.5194/cp-15-1171-2019,2019.0
57195916961.0,Flor,Vermassen,female,Natural Sciences,10.5194/cp-15-1171-2019,2019.0
57195916961.0,Flor,Vermassen,female,Natural Sciences,10.1002/jqs.3095,2019.0
57195916961.0,Flor,Vermassen,female,Natural Sciences,10.1002/jqs.3095,2019.0
57195916961.0,Flor,Vermassen,female,Natural Sciences,10.1029/2019GL085954,2020.0
57195916961.0,Flor,Vermassen,female,Natural Sciences,10.1029/2019GL085954,2020.0
57195916961.0,Flor,Vermassen,female,Natural Sciences,10.1029/2019PA003692,2020.0
57195916961.0,Flor,Vermassen,female,Natural Sciences,10.1029/2019PA003692,2020.0
55163519900.0,Aaron,Diaz,male,Natural Sciences,10.1371/journal.pgen.1002576,2012.0
55163519900.0,Aaron,Diaz,male,Natural Sciences,10.1515/1544-6115.1750,2012.0
55163519900.0,Aaron,Diaz,male,Natural Sciences,10.3389/fgene.2012.00320,2013.0
55163519900.0,Aaron,Diaz,male,Natural Sciences,10.3389/fgene.2012.00320,2013.0
55163519900.0,Aaron,Diaz,male,Natural Sciences,10.1016/j.stem.2013.03.003,2013.0
55163519900.0,Aaron,Diaz,male,Natural Sciences,10.1016/j.cell.2014.05.040,2014.0
55163519900.0,Aaron,Diaz,male,Natural Sciences,10.1016/j.cell.2014.05.040,2014.0
55163519900.0,Aaron,Diaz,male,Natural Sciences,10.1101/gr.164707.113,2014.0
55163519900.0,Aaron,Diaz,male,Natural Sciences,10.1016/j.cell.2015.09.004,2015.0
55163519900.0,Aaron,Diaz,male,Natural Sciences,10.1016/j.cell.2015.09.004,2015.0
55163519900.0,Aaron,Diaz,male,Natural Sciences,10.7554/eLife.09003,2015.0
55163519900.0,Aaron A.,Diaz,male,Natural Sciences,10.1093/nar/gku1197,2015.0
55163519900.0,Aaron A.,Diaz,male,Natural Sciences,10.1093/nar/gku1197,2015.0
55163519900.0,Aaron A.,Diaz,male,Natural Sciences,10.1093/nar/gku1197,2015.0
55163519900.0,Aaron A.,Diaz,male,Natural Sciences,10.1186/s13059-016-0932-1,2016.0
55163519900.0,Aaron A.,Diaz,male,Natural Sciences,10.1186/s13059-016-0932-1,2016.0
55163519900.0,Aaron A.,Diaz,male,Natural Sciences,10.1186/s13059-016-0932-1,2016.0
55163519900.0,Aaron,Diaz,male,Natural Sciences,10.15252/msb.20166969,2016.0
55163519900.0,Aaron,Diaz,male,Natural Sciences,10.15252/msb.20166969,2016.0
55163519900.0,Aaron,Diaz,male,Natural Sciences,10.1093/bioinformatics/btw201,2016.0
55163519900.0,Aaron,Diaz,male,Natural Sciences,10.1093/bioinformatics/btw201,2016.0
55163519900.0,Aaron,Diaz,male,Natural Sciences,10.1186/s13059-017-1362-4,2017.0
55163519900.0,Aaron,Diaz,male,Natural Sciences,10.1186/s13059-017-1362-4,2017.0
55163519900.0,Aaron,Diaz,male,Natural Sciences,10.1186/s13059-017-1362-4,2017.0
55163519900.0,Aaron,Diaz,male,Natural Sciences,10.3389/fgene.2017.00073,2017.0
55163519900.0,Aaron,Diaz,male,Natural Sciences,10.3389/fgene.2017.00073,2017.0
55163519900.0,Aaron,Diaz,male,Natural Sciences,10.1038/s41598-017-15525-z,2017.0
55163519900.0,Aaron,Diaz,male,Natural Sciences,10.1016/j.stem.2018.02.004,2018.0
55163519900.0,Aaron,Diaz,male,Natural Sciences,10.1172/jci.insight.98791,2018.0
55163519900.0,Aaron,Diaz,male,Natural Sciences,10.1093/bioinformatics/bty316,2018.0
55163519900.0,Aaron,Diaz,male,Natural Sciences,10.1186/s40425-019-0536-x,2019.0
55163519900.0,Aaron A.,Diaz,male,Natural Sciences,10.1158/2159-8290.CD-19-0329,2019.0
55163519900.0,,Diaz,male,Natural Sciences,10.1016/j.neuron.2019.04.035,2019.0
55163519900.0,Aaron,Diaz,male,Natural Sciences,10.1016/j.stem.2019.11.015,2020.0
55163519900.0,Aaron,Diaz,male,Natural Sciences,10.1016/j.stem.2019.11.015,2020.0
55163519900.0,Aaron A.,Diaz,male,Natural Sciences,10.1158/0008-5472.CAN-19-1305,2020.0
57202701284.0,Jamie M.,Miller,female,Agricultural Sciences,10.3390/vetsci1010005,2014.0
12765701100.0,Andrea L.,Confer,female,Medical and Health Sciences,10.1176/appi.ajp.2011.11050719,2012.0
12765701100.0,Andrea L.,Confer,female,Medical and Health Sciences,10.1176/appi.ajp.2011.11050719,2012.0
12765701100.0,Andrea L.,Confer,female,Medical and Health Sciences,10.1176/appi.ajp.2011.11050719,2012.0
12765701100.0,Andrea,Confer,female,Medical and Health Sciences,10.1176/appi.ajp.2012.11121873,2013.0
12765701100.0,Andrea L.,Confer,female,Medical and Health Sciences,10.1001/jamapsychiatry.2013.87,2013.0
12765701100.0,Andrea,Confer,female,Medical and Health Sciences,10.1016/j.apnu.2014.08.012,2014.0
12765701100.0,Andrea L.,Confer,female,Medical and Health Sciences,10.1002/da.22373,2015.0
12765701100.0,Andrea L,Confer,female,Medical and Health Sciences,10.1186/s13722-015-0033-6,2015.0
12765701100.0,Andrea,Confer,female,Medical and Health Sciences,10.1016/j.apnr.2015.01.012,2015.0
55810979800.0,Yuko,Otani,female,Natural Sciences,10.5511/plantbiotechnology.13.0128b,2013.0
55810979800.0,Yuko,Otani,female,Natural Sciences,10.5511/plantbiotechnology.13.0128a,2013.0
55754495500.0,Fatih,YalNcn,male,Natural Sciences,10.2310/JIM.0b013e31823e9d86,2012.0
55768225100.0,Philip Phuc,Le,male,Medical and Health Sciences,10.1097/IAE.0b013e318263d0c3,2012.0
55768225100.0,Phuc V.,Le,male,Medical and Health Sciences,10.1167/iovs.12-11388,2013.0
55768225100.0,Phuc V.,Le,male,Medical and Health Sciences,10.1167/iovs.12-11235,2013.0
55768225100.0,Phuc V.,Le,male,Medical and Health Sciences,10.1016/j.ajo.2014.11.010,2015.0
56946348800.0,Muye,Niu,male,Natural Sciences,10.14358/PERS.81.11.861,2015.0
56946348800.0,Muye,Niu,male,Natural Sciences,10.3390/rs10010042,2018.0
56414448500.0,Peter,Franz,male,Medical and Health Sciences,10.1177/0956797614546001,2014.0
56414448500.0,Peter,Franz,male,Medical and Health Sciences,10.1093/cercor/bhw073,2017.0
56414448500.0,Peter,Franz,male,Medical and Health Sciences,10.1016/j.dcn.2016.06.005,2017.0
56414448500.0,Peter J.,Franz,male,Medical and Health Sciences,10.1111/jcpp.12831,2018.0
56414448500.0,Peter,Franz,male,Medical and Health Sciences,10.1177/0143034318771415,2018.0
56414448500.0,Peter J.,Franz,male,Medical and Health Sciences,10.1016/j.jad.2018.02.033,2018.0
56414448500.0,Peter J.,Franz,male,Medical and Health Sciences,10.1037/xge0000469,2018.0
56414448500.0,Peter J.,Franz,male,Medical and Health Sciences,10.1037/xge0000469,2018.0
56414448500.0,Peter J.,Franz,male,Medical and Health Sciences,10.1016/j.dcn.2019.100675,2019.0
56414448500.0,Peter J.,Franz,male,Medical and Health Sciences,10.1111/sltb.12569,2020.0
57197877780.0,Jiang,Feng,male,Medical and Health Sciences,10.3969/j.issn.1673-5374.2013.03.010,2013.0
55953844300.0,Mariana P.,Rampini,female,Medical and Health Sciences,10.1016/j.radonc.2013.08.010,2013.0
55953844300.0,Mariana P.,Rampini,female,Medical and Health Sciences,10.1016/j.oraloncology.2015.10.022,2016.0
55953844300.0,Mariana P.,Rampini,female,Medical and Health Sciences,10.1007/s10103-017-2313-8,2018.0
55710816900.0,Joan,Haig,female,Social Sciences,10.1080/14702541.2013.826377,2013.0
55710816900.0,Joan,Haig,female,Social Sciences,10.1007/s10502-013-9204-y,2014.0
57193387598.0,Caiyun,Liu,female,Medical and Health Sciences,10.1371/journal.pone.0134523,2015.0
57193387598.0,Caiyun,Liu,female,Medical and Health Sciences,10.1186/s12883-017-0823-4,2017.0
57193387598.0,Cai-Yun,Liu,female,Medical and Health Sciences,10.1155/2017/6361479,2017.0
57193387598.0,Caiyun,Liu,female,Medical and Health Sciences,10.3389/fneur.2018.00648,2018.0
57193387598.0,Cai-Yun,Liu,female,Medical and Health Sciences,10.3389/fncel.2018.00193,2018.0
57193387598.0,Cai-Yun,Liu,female,Medical and Health Sciences,10.3389/fneur.2019.00684,2019.0
57193387598.0,Caiyun,Liu,female,Medical and Health Sciences,10.1016/j.imbio.2019.02.008,2019.0
57193387598.0,Caiyun,Liu,female,Medical and Health Sciences,10.3791/59014,2019.0
57193387598.0,Cai-Yun,Liu,female,Medical and Health Sciences,10.3389/fncel.2019.00514,2019.0
57193387598.0,Caiyun,Liu,female,Medical and Health Sciences,10.1016/j.msard.2018.09.040,2019.0
57074360400.0,Ting,Ma,female,Medical and Health Sciences,10.7534/j.issn.1009-2137.2016.04.008,2016.0
55667656700.0,Xiao-Yu,Liao,female,Medical and Health Sciences,10.1111/cas.12296,2013.0
55667656700.0,Xiaoyu,Liao,female,Medical and Health Sciences,10.1007/s12032-013-0588-6,2013.0
55667656700.0,Xiao-Yu,Liao,female,Medical and Health Sciences,10.1007/s13277-013-1519-z,2014.0
55667656700.0,Xiao-Yu,Liao,female,Medical and Health Sciences,10.1038/srep06159,2014.0
55667656700.0,Xiaoyu,Liao,female,Medical and Health Sciences,10.3390/ijms160817655,2015.0
55667656700.0,Xiao-Yu,Liao,female,Medical and Health Sciences,10.1038/srep11955,2015.0
55667656700.0,Xiaoyu,Liao,female,Medical and Health Sciences,10.1126/scitranslmed.aad6095,2016.0
55667656700.0,Xiao-Yu,Liao,female,Medical and Health Sciences,10.1016/j.ajhg.2016.02.021,2016.0
55667656700.0,Xiao-Yu,Liao,female,Medical and Health Sciences,10.1111/jcmm.12764,2016.0
55667656700.0,Xiao-Yu,Liao,female,Medical and Health Sciences,10.3892/ijo.2016.3823,2017.0
55667656700.0,Xiao-Yu,Liao,female,Medical and Health Sciences,10.3892/ijo.2016.3823,2017.0
55667656700.0,Xiaoyu,Liao,female,Medical and Health Sciences,10.1016/j.mce.2017.10.010,2018.0
55667656700.0,Xiao-Yu,Liao,female,Medical and Health Sciences,10.1002/cam4.1597,2018.0
55667656700.0,Xiao-Yu,Liao,female,Medical and Health Sciences,10.1002/cam4.1597,2018.0
55667656700.0,Xiaoyu,Liao,female,Medical and Health Sciences,10.1093/jjco/hyy037,2018.0
55667656700.0,Xiaoyu,Liao,female,Medical and Health Sciences,10.15252/emmm.201809390,2018.0
55667656700.0,Xiao-Yu,Liao,female,Medical and Health Sciences,10.1093/infdis/jiy542,2019.0
55667656700.0,Xiaoyu,Liao,female,Medical and Health Sciences,10.1016/j.ebiom.2019.03.057,2019.0
55667656700.0,Xiaoyu,Liao,female,Medical and Health Sciences,10.1155/2019/8247019,2019.0
55667656700.0,Xiaoyu,Liao,female,Medical and Health Sciences,10.1002/hep.30507,2019.0
57202260172.0,Zong Hong,Zhang,male,Natural Sciences,10.1371/journal.pone.0079480,2013.0
57202260172.0,Zong Hong,Zhang,male,Natural Sciences,10.1371/journal.pone.0079480,2013.0
57202260172.0,Zong-Hong,Zhang,male,Natural Sciences,10.1038/s41467-017-00471-1,2017.0
57202260172.0,Zong-Hong,Zhang,male,Natural Sciences,10.1016/j.schres.2016.11.024,2017.0
57202260172.0,Zong-Hong,Zhang,male,Natural Sciences,10.1002/mgg3.302,2017.0
57202260172.0,Zong-Hong,Zhang,male,Natural Sciences,10.1186/s13073-017-0487-0,2017.0
57202260172.0,Zong Hong,Zhang,male,Natural Sciences,10.1021/acschemneuro.8b00197,2018.0
57202260172.0,Zong-Hong,Zhang,male,Natural Sciences,10.1038/s41598-019-44765-4,2019.0
56039976100.0,Kian Wee,Chen,male,Natural Sciences,10.3390/en6094551,2013.0
56039976100.0,Kian Wee,Chen,male,Natural Sciences,10.3390/en6094551,2013.0
56039976100.0,Kian Wee,Chen,male,Natural Sciences,10.3390/su9060987,2017.0
56039976100.0,Kian Wee,Chen,male,Natural Sciences,10.1016/j.autcon.2018.07.002,2018.0
56039976100.0,Kian Wee,Chen,male,Natural Sciences,10.14733/cadaps.2019.269-288,2019.0
56039976100.0,Kian Wee,Chen,male,Natural Sciences,10.1016/j.ufug.2019.126387,2019.0
56039976100.0,Kian Wee,Chen,male,Natural Sciences,10.1038/s41598-020-59441-1,2020.0
57022827100.0,Hee-Jin,Gu,female,Natural Sciences,10.1016/j.cap.2013.12.030,2014.0
57022827100.0,Hee Jin,Gu,female,Natural Sciences,10.1111/jcpe.12457,2015.0
56647163900.0,Ruijuan,Li,female,Natural Sciences,10.1016/j.jallcom.2015.03.254,2015.0
56647163900.0,Ruijuan,Li,female,Natural Sciences,10.1007/s11051-016-3336-y,2016.0
57208699185.0,Subhash,Chandra,male,Natural Sciences,10.1504/IJCBDD.2015.068783,2015.0
57208699185.0,Subhash,Chandra,male,Natural Sciences,10.1186/s12900-016-0063-7,2016.0
57208699185.0,Subhash,Chandra,male,Natural Sciences,10.1504/IJCBDD.2017.082818,2017.0
57208699185.0,Subhash,Chandra,male,Natural Sciences,10.1504/IJCBDD.2017.085410,2017.0
57208699185.0,Subhash,Chandra,male,Natural Sciences,10.1016/j.bbagen.2016.08.018,2017.0
57208699185.0,Subhash,Chandra,male,Natural Sciences,10.1504/IJCBDD.2018.094630,2018.0
57208699185.0,Subhash,Chandra,male,Natural Sciences,10.1080/07391102.2019.1664328,2019.0
57208699185.0,Subhash,Chandra,male,Natural Sciences,10.1007/s12088-019-00810-4,2019.0
57208699185.0,Subhash,Chandra,male,Natural Sciences,10.1080/07391102.2020.1719200,2020.0
57208699185.0,Subhash,Chandra,male,Natural Sciences,10.1016/j.jmgm.2020.107584,2020.0
57208699185.0,Subhash,Chandra,male,Natural Sciences,10.1016/j.jep.2019.112268,2020.0
55735631800.0,Kelly,Haupt,female,Engineering and Technology,10.5957/JSPD.29.1.120051,2013.0
55488562900.0,Sven,Reimann,male,Engineering and Technology,10.1109/TAC.2014.2347214,2015.0
55488562900.0,Sven,Reimann,male,Engineering and Technology,10.1515/auto-2014-1164,2015.0
55488562900.0,Sven,Reimann,male,Engineering and Technology,10.1002/rnc.3388,2016.0
55488562900.0,Sven,Reimann,male,Engineering and Technology,10.1109/TCST.2015.2464304,2016.0
11440252100.0,Chris,Parker,male,Engineering and Technology,10.1109/TPEL.2012.2226473,2013.0
11440252100.0,Christopher,Parker,male,Engineering and Technology,10.1109/TPEL.2013.2273275,2014.0
11440252100.0,Christopher,Parker,male,Engineering and Technology,10.1109/TPEL.2013.2273275,2014.0
37067400300.0,Li,Junrui,male,Natural Sciences,10.1002/er.2890,2013.0
55606006100.0,Mathew,Baxter,male,Natural Sciences,10.1088/0031-8949/87/03/035005,2013.0
55606006100.0,Mathew,Baxter,male,Natural Sciences,10.1007/s11075-013-9733-8,2014.0
55606006100.0,Mathew,Baxter,male,Natural Sciences,10.1140/epjp/i2014-14098-x,2014.0
55606006100.0,Mathew,Baxter,male,Natural Sciences,10.1002/mma.2926,2014.0
55606006100.0,Mathew,Baxter,male,Natural Sciences,10.2989/16073606.2014.981719,2015.0
55606006100.0,Mathew,Baxter,male,Natural Sciences,10.1063/1.4922361,2015.0
55606006100.0,Mathew,Baxter,male,Natural Sciences,10.1088/0253-6102/63/6/675,2015.0
55606006100.0,Mathew,Baxter,male,Natural Sciences,10.1007/s11075-017-0359-0,2018.0
55606006100.0,Mathew,Baxter,male,Natural Sciences,10.1016/j.amc.2018.07.015,2018.0
57190225024.0,Susan,Kenzie,female,Natural Sciences,10.1098/rspb.2015.2764,2016.0
55602421200.0,Zahra,Dolatkhah,female,Natural Sciences,10.1016/j.tetlet.2013.01.122,2013.0
55602421200.0,Zahra,Dolatkhah,female,Natural Sciences,10.1039/c5nj01733e,2015.0
55602421200.0,Zahra,Dolatkhah,female,Natural Sciences,10.1039/c6ra08504k,2016.0
55602421200.0,Zahra,Dolatkhah,female,Natural Sciences,10.1007/s00706-016-1779-6,2017.0
55602421200.0,Zahra,Dolatkhah,female,Natural Sciences,10.1186/s13065-017-0355-4,2017.0
55602421200.0,Zahra,Dolatkhah,female,Natural Sciences,10.1021/acs.jcim.6b00138,2017.0
55602421200.0,Zahra,Dolatkhah,female,Natural Sciences,10.1002/slct.201800501,2018.0
55602421200.0,Zahra,Dolatkhah,female,Natural Sciences,10.1021/acsomega.8b00379,2018.0
55602421200.0,Zahra,Dolatkhah,female,Natural Sciences,10.1186/s13065-018-0477-3,2018.0
55602421200.0,Zahra,Dolatkhah,female,Natural Sciences,10.1002/aoc.4859,2019.0
55602421200.0,Zahra,Dolatkhah,female,Natural Sciences,10.1007/s13738-019-01625-2,2019.0
55602421200.0,Zahra,Dolatkhah,female,Natural Sciences,10.1007/s12274-020-2779-8,2020.0
57214357294.0,Hongyan,Wu,female,Natural Sciences,10.1016/j.bios.2013.03.028,2013.0
57214357294.0,Hongyan,Wu,female,Natural Sciences,10.1016/j.snb.2013.03.102,2013.0
56604558400.0,,Ahmad,male,Engineering and Technology,10.1179/1743289815Y.0000000036,2015.0
56604558400.0,Muhammad Shakeel,Ahmad,male,Engineering and Technology,10.1007/s13369-015-1634-9,2015.0
56604558400.0,Muhammad,Shakeel Ahmad,male,Engineering and Technology,10.1016/j.matlet.2017.02.099,2017.0
56604558400.0,,Ahmad,male,Engineering and Technology,10.1007/s13369-016-2307-z,2017.0
56604558400.0,Muhammad,Shakeel Ahmad,male,Engineering and Technology,10.1016/j.rser.2017.03.129,2017.0
56604558400.0,Muhammad Shakeel,Ahmad,male,Engineering and Technology,10.1016/j.ijleo.2017.11.073,2018.0
56604558400.0,Muhammad Shakeel,Ahmad,male,Engineering and Technology,10.1016/j.physe.2018.03.026,2018.0
56604558400.0,Muhammad Shakeel,Ahmad,male,Engineering and Technology,10.1007/s13369-017-2979-z,2018.0
56604558400.0,Muhammad Shakeel,Ahmad,male,Engineering and Technology,10.1016/j.ceramint.2018.07.062,2018.0
56604558400.0,Muhammad Shakeel,Ahmad,male,Engineering and Technology,10.1039/c9ra07782k,2019.0
56604558400.0,Muhammad Shakeel,Ahmad,male,Engineering and Technology,10.1016/j.ijleo.2019.163591,2020.0
56604558400.0,Muhammad Shakeel,Ahmad,male,Engineering and Technology,10.1016/j.ijleo.2020.164573,2020.0
56604558400.0,Muhammad Shakeel,Ahmad,male,Engineering and Technology,10.1016/j.ijleo.2020.164317,2020.0
56604558400.0,Muhammad Shakeel,Ahmad,male,Engineering and Technology,10.1016/j.solener.2019.12.072,2020.0
56073384000.0,Haslinda,Ramli,female,Medical and Health Sciences,10.5829/idosi.wasj.2014.30.icmrp.51,2014.0
56073384000.0,Haslinda,Ramli,female,Medical and Health Sciences,10.5829/idosi.wasj.2014.30.icmrp.50,2014.0
56073384000.0,,Ramli,female,Medical and Health Sciences,10.1111/odi.12267,2015.0
56073384000.0,Haslinda,Ramli,female,Medical and Health Sciences,10.7324/JAPS.2017.71217,2017.0
56073384000.0,Haslinda,Ramli,female,Medical and Health Sciences,10.1166/asl.2017.8894,2017.0
56073384000.0,Haslinda,Ramli,female,Medical and Health Sciences,10.1166/asl.2017.8961,2017.0
56073384000.0,Haslinda,Ramli,female,Medical and Health Sciences,,2018.0
56073384000.0,Haslinda,Ramli,female,Medical and Health Sciences,,2019.0
56595618600.0,,Fourrier,female,Medical and Health Sciences,10.1038/tp.2014.77,2014.0
56595618600.0,,Fourrier,female,Medical and Health Sciences,10.1038/tp.2014.77,2014.0
56595618600.0,Célia,Fourrier,female,Medical and Health Sciences,10.1016/j.bbi.2016.12.022,2017.0
56595618600.0,Célia,Fourrier,female,Medical and Health Sciences,10.1016/j.bbi.2016.12.022,2017.0
56595618600.0,Célia,Fourrier,female,Medical and Health Sciences,10.1186/s12974-017-0939-x,2017.0
56595618600.0,Célia,Fourrier,female,Medical and Health Sciences,10.1186/s12974-017-0939-x,2017.0
56595618600.0,Célia,Fourrier,female,Medical and Health Sciences,10.1186/s13063-018-2829-7,2018.0
56595618600.0,Célia,Fourrier,female,Medical and Health Sciences,10.1016/j.bbi.2018.11.316,2019.0
56595618600.0,Célia,Fourrier,female,Medical and Health Sciences,10.1016/j.bbi.2018.11.316,2019.0
56595618600.0,Célia,Fourrier,female,Medical and Health Sciences,10.1017/S1092852918001499,2019.0
56595618600.0,Célia,Fourrier,female,Medical and Health Sciences,10.4088/JCP.18m12472,2019.0
56595618600.0,Célia,Fourrier,female,Medical and Health Sciences,10.1016/j.bbi.2019.11.002,2020.0
57192225442.0,Wei,Zhang,male,Natural Sciences,10.1016/j.jmmm.2012.07.053,2012.0
55919616100.0,Juliana Festa,Ortega,female,Medical and Health Sciences,10.2174/138945012804545443,2012.0
55919616100.0,Juliana Festa,Ortega,female,Medical and Health Sciences,10.1016/j.taap.2014.02.004,2014.0
55919616100.0,Juliana F.,Ortega,female,Medical and Health Sciences,10.1002/mnfr.201500643,2016.0
55919616100.0,Juliana F.,Ortega,female,Medical and Health Sciences,10.18632/oncotarget.8248,2016.0
55919616100.0,Juliana Festa,Ortega,female,Medical and Health Sciences,10.18632/oncotarget.19774,2017.0
55919616100.0,Juliana Festa,Ortega,female,Medical and Health Sciences,10.18632/oncotarget.19774,2017.0
55919616100.0,Juliana Festa,Ortega,female,Medical and Health Sciences,10.1096/fj.201700866R,2018.0
55919616100.0,Juliana Festa,Ortega,female,Medical and Health Sciences,10.1096/fj.201700866R,2018.0
57198929444.0,Ping,Wang,male,Natural Sciences,10.1093/hmg/ddt547,2014.0
57198929444.0,Ping,Wang,male,Natural Sciences,10.1038/pr.2016.101,2016.0
57198929444.0,Ping,Wang,male,Natural Sciences,10.1016/j.jgg.2018.09.002,2018.0
56402654400.0,Kai,Wan,male,Natural Sciences,10.1016/j.apenergy.2014.09.076,2014.0
56402654400.0,Kai,Wan,male,Natural Sciences,10.1021/acscatal.5b01089,2015.0
56402654400.0,Kai,Wan,male,Natural Sciences,10.3390/catal5031034,2015.0
56402654400.0,Kai,Wan,male,Natural Sciences,10.13982/j.mfst.1673-9078.2015.4.027,2015.0
56402654400.0,Kai,Wan,male,Natural Sciences,10.1016/S1872-2067(15)60912-3,2015.0
56402654400.0,Kai,Wan,male,Natural Sciences,10.1016/j.apcatb.2014.10.054,2015.0
56402654400.0,Kai,Wan,male,Natural Sciences,10.1149/2.0441610jes,2016.0
56402654400.0,Kai,Wan,male,Natural Sciences,10.1016/S1872-2067(16)62498-1,2016.0
56402654400.0,Kai,Wan,male,Natural Sciences,10.1039/c6ra16272j,2016.0
56402654400.0,Kai,Wan,male,Natural Sciences,10.1016/j.ijhydene.2016.07.169,2016.0
56402654400.0,Kai,Wan,male,Natural Sciences,10.1016/j.apcatb.2016.10.055,2017.0
56402654400.0,Kai,Wan,male,Natural Sciences,10.1016/j.jcat.2017.02.021,2017.0
56402654400.0,Kai,Wan,male,Natural Sciences,10.1016/j.apcatb.2017.03.014,2017.0
56402654400.0,Kai,Wan,male,Natural Sciences,10.1016/j.elecom.2017.11.015,2018.0
56402654400.0,Kai,Wan,male,Natural Sciences,10.1039/c7cy02265d,2018.0
56402654400.0,Kai,Wan,male,Natural Sciences,10.1016/j.matt.2019.06.022,2019.0
56402654400.0,Kai,Wan,male,Natural Sciences,10.1039/c8ta08508k,2019.0
56402654400.0,Kai,Wan,male,Natural Sciences,10.1002/adfm.201900315,2019.0
56402654400.0,Kai,Wan,male,Natural Sciences,10.1016/j.ensm.2018.11.034,2019.0
56402654400.0,Kai,Wan,male,Natural Sciences,10.1039/c9ta06446j,2019.0
56402654400.0,Kai,Wan,male,Natural Sciences,10.1016/j.ijhydene.2020.01.043,2020.0
35112322400.0,Robert,Dahlin,male,Medical and Health Sciences,10.4103/2152-7806.149613,2015.0
55732529100.0,Li,Xu,male,Engineering and Technology,10.1016/j.solener.2012.01.015,2012.0
55732529100.0,Li,Xu,male,Engineering and Technology,10.1016/j.solener.2012.01.015,2012.0
55732529100.0,Li,Xu,male,Engineering and Technology,10.1016/j.solener.2013.05.017,2013.0
55732529100.0,Li,Xu,male,Engineering and Technology,,2013.0
55732529100.0,Li,Xu,male,Engineering and Technology,,2013.0
55732529100.0,Li,Xu,male,Engineering and Technology,10.1016/j.solener.2013.10.009,2014.0
55732529100.0,Li,Xu,male,Engineering and Technology,10.13334/j.0258-8013.pcsee 2014.08.011,2014.0
55732529100.0,Li,Xu,male,Engineering and Technology,,2014.0
55732529100.0,Li,Xu,male,Engineering and Technology,,2015.0
55732529100.0,Li,Xu,male,Engineering and Technology,10.1016/j.energy.2015.10.010,2015.0
55732529100.0,Li,Xu,male,Engineering and Technology,10.1016/j.renene.2016.03.036,2016.0
55732529100.0,Li,Xu,male,Engineering and Technology,10.1016/j.applthermaleng.2016.08.106,2017.0
55732529100.0,Li,Xu,male,Engineering and Technology,10.1016/j.applthermaleng.2017.10.063,2018.0
55732529100.0,Li,Xu,male,Engineering and Technology,10.1016/j.renene.2017.12.055,2018.0
55732529100.0,Li,Xu,male,Engineering and Technology,10.1016/j.renene.2017.12.055,2018.0
55732529100.0,Li,Xu,male,Engineering and Technology,10.1016/j.applthermaleng.2018.05.112,2018.0
55732529100.0,Li,Xu,male,Engineering and Technology,10.1016/j.applthermaleng.2018.05.112,2018.0
55732529100.0,Li,Xu,male,Engineering and Technology,10.1016/j.energy.2018.07.065,2018.0
55732529100.0,Li,Xu,male,Engineering and Technology,10.1016/j.energy.2018.05.090,2018.0
55732529100.0,Li,Xu,male,Engineering and Technology,10.1016/j.energy.2018.05.090,2018.0
55732529100.0,Li,Xu,male,Engineering and Technology,10.1016/j.energy.2018.05.090,2018.0
55732529100.0,Li,Xu,male,Engineering and Technology,10.1016/j.renene.2018.06.094,2019.0
55732529100.0,Li,Xu,male,Engineering and Technology,10.1016/j.renene.2018.06.094,2019.0
55732529100.0,Li,Xu,male,Engineering and Technology,10.1016/j.renene.2018.06.094,2019.0
55732529100.0,Li,Xu,male,Engineering and Technology,10.1016/j.renene.2018.06.094,2019.0
55732529100.0,Li,Xu,male,Engineering and Technology,10.1016/j.solener.2018.12.070,2019.0
55732529100.0,Li,Xu,male,Engineering and Technology,10.1016/j.solener.2019.03.027,2019.0
55732529100.0,Li,Xu,male,Engineering and Technology,10.3390/en12091720,2019.0
55732529100.0,Li,Xu,male,Engineering and Technology,10.3390/en12091720,2019.0
55732529100.0,Li,Xu,male,Engineering and Technology,10.3390/en12091720,2019.0
55732529100.0,Li,Xu,male,Engineering and Technology,10.3390/en12091720,2019.0
55732529100.0,Li,Xu,male,Engineering and Technology,10.3390/en12163161,2019.0
55732529100.0,Li,Xu,male,Engineering and Technology,10.3390/en12163161,2019.0
55732529100.0,Li,Xu,male,Engineering and Technology,10.3390/en12163161,2019.0
55732529100.0,Li,Xu,male,Engineering and Technology,10.1007/s11708-019-0649-4,2019.0
55732529100.0,Li,Xu,male,Engineering and Technology,10.1007/s11708-019-0649-4,2019.0
55732529100.0,Li,Xu,male,Engineering and Technology,10.1007/s11708-019-0649-4,2019.0
55732529100.0,Li,Xu,male,Engineering and Technology,10.1016/j.solener.2019.11.085,2020.0
55170051400.0,John,Duong,male,Natural Sciences,10.1002/pc.22206,2012.0
56962757700.0,Sebastian Dambone,Sessa,male,Engineering and Technology,10.3390/en5082771,2012.0
56962757700.0,Sebastian Dambone,Sessa,male,Engineering and Technology,10.3390/en7128116,2014.0
56962757700.0,Sebastian Dambone,Sessa,male,Engineering and Technology,,2014.0
56962757700.0,Sebastian,Dambone Sessa,male,Engineering and Technology,10.1016/j.epsr.2014.07.011,2014.0
56962757700.0,Sebastian Dambone,Sessa,male,Engineering and Technology,,2014.0
56962757700.0,Sebastian Dambone,Sessa,male,Engineering and Technology,,2014.0
56962757700.0,Sebastian Dambone,Sessa,male,Engineering and Technology,,2015.0
56962757700.0,Sebastian,Dambone Sessa,male,Engineering and Technology,10.1109/TIA.2015.2448676,2015.0
56962757700.0,Sebastian Dambone,Sessa,male,Engineering and Technology,10.3390/en8020960,2015.0
56962757700.0,Sebastian,Dambone Sessa,male,Engineering and Technology,10.15866/iree.v10i4.7108,2015.0
56962757700.0,Sebastian,Dambone Sessa,male,Engineering and Technology,10.1016/j.jpowsour.2015.05.037,2015.0
56962757700.0,Sebastian Dambone,Sessa,male,Engineering and Technology,,2016.0
56962757700.0,Sebastian,Dambone Sessa,male,Engineering and Technology,10.1016/j.est.2016.03.005,2016.0
56962757700.0,Sebastian Dambone,Sessa,male,Engineering and Technology,10.1016/j.epsr.2015.12.005,2016.0
56962757700.0,Sebastian,Dambone Sessa,male,Engineering and Technology,10.1016/j.est.2015.12.003,2016.0
56962757700.0,,Dambone Sessa,male,Engineering and Technology,10.1016/j.est.2016.11.008,2017.0
56962757700.0,Sebastian,Dambone Sessa,male,Engineering and Technology,10.1016/j.epsr.2017.05.008,2017.0
56962757700.0,Sebastian Dambone,Sessa,male,Engineering and Technology,10.1049/iet-gtd.2016.2082,2017.0
56962757700.0,Sebastian,Dambone Sessa,male,Engineering and Technology,10.1109/TMAG.2017.2654498,2017.0
56962757700.0,,Dambone Sessa,male,Engineering and Technology,10.15866/iree.v12i1.11005,2017.0
56962757700.0,,Dambone Sessa,male,Engineering and Technology,10.15866/iree.v12i1.11198,2017.0
56962757700.0,Sebastian Dambone,Sessa,male,Engineering and Technology,,2018.0
56962757700.0,Sebastian Dambone,Sessa,male,Engineering and Technology,,2018.0
56962757700.0,Sebastian Dambone,Sessa,male,Engineering and Technology,,2018.0
56962757700.0,Sebastian Dambone,Sessa,male,Engineering and Technology,10.1109/TPWRD.2017.2757084,2018.0
56962757700.0,Sebastian,Dambone Sessa,male,Engineering and Technology,10.1109/TPWRD.2018.2840221,2018.0
56962757700.0,Sebastian Dambone,Sessa,male,Engineering and Technology,10.3390/en11082087,2018.0
56962757700.0,Sebastian Dambone,Sessa,male,Engineering and Technology,10.1109/TPWRD.2018.2816067,2018.0
56962757700.0,Sebastian Dambone,Sessa,male,Engineering and Technology,10.3390/app8112330,2018.0
56962757700.0,Sebastian Dambone,Sessa,male,Engineering and Technology,,2019.0
56962757700.0,Sebastian Dambone,Sessa,male,Engineering and Technology,10.3390/en12142704,2019.0
56962757700.0,Sebastian Dambone,Sessa,male,Engineering and Technology,10.1109/ACCESS.2019.2909321,2019.0
56962757700.0,Sebastian Dambone,Sessa,male,Engineering and Technology,10.3390/en12163107,2019.0
56962757700.0,Sebastian Dambone,Sessa,male,Engineering and Technology,10.3390/en13051084,2020.0
56088840500.0,Yan,Zhang,male,Medical and Health Sciences,10.1016/j.jss.2013.07.038,2014.0
56088840500.0,Yan,Zhang,male,Medical and Health Sciences,10.7863/ultra.33.4.611,2014.0
57146276700.0,Qian,Xiao,male,Natural Sciences,10.1016/j.snb.2016.02.067,2016.0
57146276700.0,Qian,Xiao,male,Natural Sciences,10.1080/00387010.2016.1168451,2016.0
57146276700.0,Qian,Xiao,male,Natural Sciences,10.1007/s12010-017-2535-z,2018.0
24829645800.0,Nhu-Van,Nguyen,female,Engineering and Technology,10.1016/j.ast.2012.04.004,2013.0
24829645800.0,Nhu-Van,Nguyen,female,Engineering and Technology,10.2322/tjsass.57.210,2014.0
24829645800.0,Nhu Van,Nguyen,female,Engineering and Technology,10.1007/s11081-014-9273-7,2015.0
24829645800.0,,Nguyen,female,Engineering and Technology,10.1017/S0001924000011313,2015.0
24829645800.0,Nhu Van,Nguyen,female,Engineering and Technology,10.1080/0305215X.2014.941290,2015.0
24829645800.0,Nhu Van,Nguyen,female,Engineering and Technology,10.1016/j.ast.2017.09.008,2017.0
24829645800.0,Nhu Van,Nguyen,female,Engineering and Technology,10.1108/AEAT-05-2018-0143,2019.0
57187249400.0,Fei,Li,female,Medical and Health Sciences,10.1007/s10753-013-9651-x,2013.0
57187249400.0,Fei,Li,female,Medical and Health Sciences,10.1371/journal.pone.0144319,2015.0
57187249400.0,Fei,Li,female,Medical and Health Sciences,10.1038/srep26739,2016.0
57187249400.0,Fei,Li,female,Medical and Health Sciences,10.1038/srep27796,2016.0
57187249400.0,Fei,Li,female,Medical and Health Sciences,10.1007/s11262-017-1505-4,2017.0
57187249400.0,Fei,Li,female,Medical and Health Sciences,10.1371/journal.pone.0186373,2017.0
57187249400.0,Fei,Li,female,Medical and Health Sciences,10.3389/fcimb.2018.00422,2018.0
57187249400.0,Fei,Li,female,Medical and Health Sciences,10.3389/fcimb.2018.00422,2018.0
57187249400.0,Fei,Li,female,Medical and Health Sciences,10.1016/j.archoralbio.2018.04.016,2018.0
57187249400.0,Fei,Li,female,Medical and Health Sciences,10.1186/s12903-018-0699-8,2018.0
57187249400.0,Fei,Li,female,Medical and Health Sciences,10.1007/s11262-019-01658-y,2019.0
57187249400.0,Fei,Li,female,Medical and Health Sciences,10.1007/s11262-019-01658-y,2019.0
57200316826.0,Sung-Sik,Ko,male,Medical and Health Sciences,10.1589/jpts.27.3019,2015.0
57200316826.0,Sung-Sik,Ko,male,Medical and Health Sciences,10.5958/0974-360X.2017.00412.7,2017.0
57200316826.0,Sung-Sik,Ko,male,Medical and Health Sciences,10.3923/jeasci.2018.3871.3876,2018.0
57200316826.0,Sung-Sik,Ko,male,Medical and Health Sciences,10.5958/0976-5506.2018.01596.6,2018.0
57200316826.0,Sung-Sik,Ko,male,Medical and Health Sciences,10.5958/0974-1283.2019.00257.3,2019.0
55613460100.0,Einara Blanco,Machín,female,Natural Sciences,10.1016/j.renene.2013.01.056,2013.0
55613460100.0,Einara Blanco,Machin,female,Natural Sciences,10.1016/j.rser.2013.07.060,2013.0
55613460100.0,Einara Blanco,Machin,female,Natural Sciences,10.1016/j.applthermaleng.2014.07.048,2014.0
55613460100.0,Einara Blanco,Machin,female,Natural Sciences,10.1016/j.applthermaleng.2013.10.053,2014.0
55613460100.0,Einara Blanco,Machin,female,Natural Sciences,10.1016/j.applthermaleng.2014.07.048,2014.0
55613460100.0,Einara Blanco,Machin,female,Natural Sciences,10.1016/j.applthermaleng.2015.06.0951359-4311,2015.0
55613460100.0,Einara Blanco,Machin,female,Natural Sciences,,2015.0
55613460100.0,Einara Blanco,Machin,female,Natural Sciences,10.1016/j.renene.2014.12.069,2015.0
55613460100.0,Einara Blanco,Machin,female,Natural Sciences,10.1016/j.renene.2017.07.038,2017.0
55613460100.0,Einara Blanco,Machin,female,Natural Sciences,10.1016/j.rser.2016.09.110,2017.0
55613460100.0,Einara Blanco,Machin,female,Natural Sciences,10.1016/j.biombioe.2017.08.015,2017.0
55613460100.0,Einara Blanco,Machin,female,Natural Sciences,10.1016/j.wasman.2017.07.004,2017.0
55613460100.0,Einara Blanco,Machin,female,Natural Sciences,10.1016/j.biombioe.2017.12.004,2018.0
55613460100.0,,Machin,female,Natural Sciences,10.1590/1414-431x20188130,2019.0
55613460100.0,Einara Blanco,Machin,female,Natural Sciences,10.1016/j.renene.2019.05.082,2019.0
56036070500.0,Yucai,Wang,male,Engineering and Technology,10.1109/TASE.2012.2211077,2012.0
56036070500.0,Yucai,Wang,male,Engineering and Technology,10.1109/TASE.2012.2211077,2012.0
56036070500.0,Yucai,Wang,male,Engineering and Technology,10.1016/j.sna.2015.07.012,2015.0
56036070500.0,Yucai,Wang,male,Engineering and Technology,10.3390/s150204253,2015.0
56420979800.0,Pradyumna Kumar,Singh,male,Natural Sciences,10.1007/s00244-012-9818-8,2013.0
56420979800.0,Pradyumna Kumar,Singh,male,Natural Sciences,10.1007/s10646-014-1257-z,2014.0
56420979800.0,Pradyumna Kumar,Singh,male,Natural Sciences,10.1016/j.jhazmat.2015.06.008,2015.0
56420979800.0,Pradyumna Kumar,Singh,male,Natural Sciences,10.1007/s10725-015-0070-x,2016.0
56420979800.0,Pradyumna K.,Singh,male,Natural Sciences,10.3389/fpls.2015.01172,2016.0
56420979800.0,Pradyumna Kumar,Singh,male,Natural Sciences,10.1016/j.plaphy.2017.02.019,2017.0
56420979800.0,Pradyumna Kumar,Singh,male,Natural Sciences,10.1016/j.plaphy.2017.02.019,2017.0
56420979800.0,Pradyumna Kumar,Singh,male,Natural Sciences,10.1038/s41598-017-03923-2,2017.0
56420979800.0,Pradyumna Kumar,Singh,male,Natural Sciences,10.1038/s41598-017-03923-2,2017.0
56420979800.0,Pradyumna Kumar,Singh,male,Natural Sciences,10.1016/j.envexpbot.2018.10.031,2019.0
56420979800.0,Pradyumna Kumar,Singh,male,Natural Sciences,10.1016/j.envexpbot.2018.10.031,2019.0
56420979800.0,Pradyumna Kumar,Singh,male,Natural Sciences,10.1039/c8mt00320c,2019.0
56420979800.0,Pradyumna Kumar,Singh,male,Natural Sciences,10.1039/c8mt00320c,2019.0
56286443600.0,Xun,Zhang,male,Humanities,10.1162/COLI_a_00252,2016.0
57206749628.0,Sang Kee,Min,male,Medical and Health Sciences,10.3345/kjp.2013.56.4.165,2013.0
57189246058.0,Dongxu,Zhou,male,Natural Sciences,10.3969/j.issn.0253-4193.2016.11.005,2016.0
57189246058.0,Dongxu,Zhou,male,Natural Sciences,10.13203/j.whugis20140714,2016.0
57189246058.0,Dongxu,Zhou,male,Natural Sciences,10.13203/j.whugis20140714,2016.0
57189246058.0,Dongxu,Zhou,male,Natural Sciences,10.3969/j.issn.0253-4193.2017.01.012,2017.0
57189246058.0,Dongxu,Zhou,male,Natural Sciences,10.3969/j.issn.0253-4193.2017.01.012,2017.0
57189246058.0,Dongxu,Zhou,male,Natural Sciences,10.1016/j.asr.2017.09.017,2017.0
57189246058.0,Dongxu,Zhou,male,Natural Sciences,10.1080/01431161.2019.1624861,2019.0
57189246058.0,Dongxu,Zhou,male,Natural Sciences,10.1016/j.asr.2019.07.001,2019.0
57189246058.0,Dongxu,Zhou,male,Natural Sciences,10.1007/s10872-019-00537-2,2020.0
6602718465.0,Muddathir D.,Tingari,male,Medical and Health Sciences,10.1016/j.heliyon.2016.e00135,2016.0
6602718465.0,,Tingari,male,Medical and Health Sciences,10.4067/S0717-95022016000100023,2016.0
6602718465.0,,Tingari,male,Medical and Health Sciences,10.4067/S0717-95022016000200031,2016.0
6602718465.0,,Tingari,male,Medical and Health Sciences,10.5958/2277-8934.2019.00004.3,2019.0
55945945400.0,Suzanne N.,Shapira,female,Natural Sciences,10.1101/gad.207803.112,2013.0
55945945400.0,Suzanne N.,Shapira,female,Natural Sciences,10.1101/gad.207803.112,2013.0
55945945400.0,Suzanne N.,Shapira,female,Natural Sciences,10.1101/gad.252734.114,2015.0
55945945400.0,Suzanne N.,Shapira,female,Natural Sciences,10.1101/gad.252734.114,2015.0
55945945400.0,Suzanne N.,Shapira,female,Natural Sciences,10.1016/j.molmet.2015.11.001,2016.0
55945945400.0,Suzanne N.,Shapira,female,Natural Sciences,10.1016/j.molmet.2015.11.001,2016.0
55945945400.0,Suzanne N.,Shapira,female,Natural Sciences,10.1101/gad.294405.116,2017.0
55945945400.0,Suzanne N.,Shapira,female,Natural Sciences,10.1101/gad.294405.116,2017.0
55945945400.0,Suzanne N.,Shapira,female,Natural Sciences,10.1038/ncb3591,2017.0
55945945400.0,Suzanne N.,Shapira,female,Natural Sciences,10.1002/oby.22334,2019.0
55945945400.0,Suzanne N.,Shapira,female,Natural Sciences,10.1002/oby.22334,2019.0
55945945400.0,Suzanne N.,Shapira,female,Natural Sciences,10.1016/j.celrep.2020.02.023,2020.0
55945945400.0,Suzanne N.,Shapira,female,Natural Sciences,10.1016/j.celrep.2020.02.023,2020.0
57192626569.0,Xing,Wang,male,Natural Sciences,10.1186/s11671-016-1278-z,2016.0
57192626569.0,Xing,Wang,male,Natural Sciences,10.1016/j.matlet.2016.06.057,2016.0
57192626569.0,Xing,Wang,male,Natural Sciences,10.1039/c7ra06453e,2017.0
57192626569.0,Xing,Wang,male,Natural Sciences,10.1016/j.apcatb.2017.07.008,2017.0
57192626569.0,Xing,Wang,male,Natural Sciences,10.1088/1361-6528/aab1be,2018.0
57192626569.0,Xing,Wang,male,Natural Sciences,10.1039/c8nr02498g,2018.0
57192626569.0,Xing,Wang,male,Natural Sciences,10.1016/j.apsusc.2018.06.293,2018.0
57192626569.0,Xing,Wang,male,Natural Sciences,10.1016/j.apsusc.2018.10.059,2019.0
57192626569.0,Xing,Wang,male,Natural Sciences,10.1016/j.matchemphys.2019.05.004,2019.0
16405096100.0,Rahul Peter,Das,male,Social Sciences,10.1007/s11612-012-0193-8,2013.0
55994316100.0,,Li,male,Medical and Health Sciences,10.4149/neo_2014_014,2014.0
55994316100.0,Jie,Li,male,Medical and Health Sciences,10.1016/j.biopha.2013.06.013,2014.0
55994316100.0,Jie,Li,male,Medical and Health Sciences,10.1016/j.biopha.2014.08.012,2014.0
57198891093.0,Amenda,Kumar,female,Medical and Health Sciences,10.1177/1010539511410686,2012.0
57198891093.0,Amenda,Kumar,female,Medical and Health Sciences,10.1177/1010539511410686,2012.0
56708933300.0,Nir,Ofir,male,No_discipline_assigned,10.1073/pnas.1424810112,2015.0
56708933300.0,Nir,Ofir,male,No_discipline_assigned,10.1073/pnas.1424810112,2015.0
57207632622.0,Nick,Cellar,male,Natural Sciences,10.5740/jaoac.int.SMPR2014.015,2015.0
57207632622.0,Nick,Cellar,male,Natural Sciences,10.5740/jaoac.int.SMPR2014.014,2015.0
57207632622.0,Nick,Cellar,male,Natural Sciences,10.5740/jaoac.int.SMPR2014.013,2015.0
57207632622.0,Nick,Cellar,male,Natural Sciences,10.5740/jaoac.int.SMPR2014.016,2015.0
57207632622.0,Nicholas A.,Cellar,male,Natural Sciences,10.1016/j.aca.2016.05.058,2016.0
57207632622.0,Nick,Cellar,male,Natural Sciences,10.1002/rcm.7568,2016.0
57207632622.0,Nicholas A.,Cellar,male,Natural Sciences,10.5740/jaoacint.15-0315,2016.0
55627284600.0,John,Leach,male,Natural Sciences,10.1242/dev.102798,2013.0
55627284600.0,John,Leach,male,Natural Sciences,10.1126/scisignal.2005781,2015.0
55627284600.0,John,Leach,male,Natural Sciences,10.1007/s11936-016-0461-y,2016.0
55627284600.0,John,Leach,male,Natural Sciences,10.1038/nature22979,2017.0
55627284600.0,John,Leach,male,Natural Sciences,10.1038/nature22978,2017.0
55627284600.0,John P.,Leach,male,Natural Sciences,10.1038/nature24045,2017.0
55627284600.0,John P.,Leach,male,Natural Sciences,10.1007/s11886-018-1011-x,2018.0
55627284600.0,John P.,Leach,male,Natural Sciences,10.1007/s11886-018-1011-x,2018.0
55627284600.0,John,Leach,male,Natural Sciences,10.1364/BOE.9.000728,2018.0
55627284600.0,John P.,Leach,male,Natural Sciences,10.1101/gad.319418.118,2018.0
55627284600.0,John P.,Leach,male,Natural Sciences,10.1016/j.devcel.2019.01.017,2019.0
55627284600.0,John P.,Leach,male,Natural Sciences,10.1073/pnas.1907418116,2019.0
55627284600.0,John P.,Leach,male,Natural Sciences,10.1016/j.celrep.2020.02.034,2020.0
55627284600.0,John P.,Leach,male,Natural Sciences,10.1016/j.celrep.2020.02.034,2020.0
55627284600.0,John P.,Leach,male,Natural Sciences,10.1016/j.celrep.2020.02.034,2020.0
55627284600.0,John P.,Leach,male,Natural Sciences,10.1016/j.celrep.2020.02.034,2020.0
57195353563.0,Vijay V.,Shinde,male,Natural Sciences,10.1007/s00706-014-1380-9,2015.0
57195353563.0,Vijay Vilas,Shinde,male,Natural Sciences,10.1016/j.tetlet.2014.12.126,2015.0
57195353563.0,Vijay Vilas,Shinde,male,Natural Sciences,10.1039/c5nj00516g,2015.0
57195353563.0,Vijay Vilas,Shinde,male,Natural Sciences,10.1016/j.crci.2014.05.010,2015.0
57195353563.0,Vijay Vilas,Shinde,male,Natural Sciences,10.1007/s11030-015-9579-1,2015.0
57195353563.0,Vijay Vilas,Shinde,male,Natural Sciences,10.1080/00397911.2016.1189575,2016.0
57195353563.0,Vijay Vilas,Shinde,male,Natural Sciences,10.1016/j.tet.2016.06.002,2016.0
57195353563.0,Vijay Vilas,Shinde,male,Natural Sciences,10.1016/j.tetlet.2016.10.002,2016.0
57195353563.0,Vijay Vilas,Shinde,male,Natural Sciences,10.1016/j.tetlet.2016.07.031,2016.0
57195353563.0,Vijay Vilas,Shinde,male,Natural Sciences,10.1016/j.catcom.2017.06.006,2017.0
57195353563.0,Vijay Vilas,Shinde,male,Natural Sciences,10.3390/molecules22081311,2017.0
57195353563.0,Vijay Vilas,Shinde,male,Natural Sciences,10.1016/j.carbpol.2017.08.026,2017.0
57195353563.0,Vijay Vilas,Shinde,male,Natural Sciences,10.1002/bkcs.11192,2017.0
57195353563.0,Vijay Vilas,Shinde,male,Natural Sciences,10.1016/j.catcom.2017.10.001,2018.0
57195353563.0,Vijay Vilas,Shinde,male,Natural Sciences,10.1016/j.tet.2017.11.065,2018.0
57195353563.0,Vijay Vilas,Shinde,male,Natural Sciences,10.1016/j.eurpolymj.2018.05.023,2018.0
57195353563.0,Vijay Vilas,Shinde,male,Natural Sciences,10.1016/j.carbpol.2018.06.117,2018.0
57195353563.0,Vijay Vilas,Shinde,male,Natural Sciences,10.1016/j.jiec.2018.08.010,2018.0
57195353563.0,Vijay Vilas,Shinde,male,Natural Sciences,10.3390/catal9020111,2019.0
57195353563.0,Vijay V.,Shinde,male,Natural Sciences,10.1016/j.ceramint.2018.12.054,2019.0
57195353563.0,Vijay Vilas,Shinde,male,Natural Sciences,10.1016/j.tet.2018.12.059,2019.0
57195353563.0,Vijay Vilas,Shinde,male,Natural Sciences,10.3390/polym11030474,2019.0
57195353563.0,Vijay Vilas,Shinde,male,Natural Sciences,10.3390/polym12020393,2020.0
57188629380.0,Syeda Sadia,Ameen,female,Medical and Health Sciences,10.5414/CP201831,2013.0
57188629380.0,Syeda Sadia,Ameen,female,Medical and Health Sciences,10.1080/01635581.2015.1087042,2015.0
57188629380.0,S. Sadia,Ameen,female,Medical and Health Sciences,10.1016/j.pharmthera.2016.02.009,2016.0
57188629380.0,S. Sadia,Ameen,female,Medical and Health Sciences,10.1038/s41419-019-1445-0,2019.0
57188629380.0,S. Sadia,Ameen,female,Medical and Health Sciences,10.1038/s41419-019-1445-0,2019.0
55510422900.0,María Dolores,Fariñas,female,Natural Sciences,10.1093/treephys/tpt052,2013.0
55510422900.0,,Fariñas,female,Natural Sciences,10.1063/1.4795785,2013.0
55510422900.0,María Dolores,Fariñas,female,Natural Sciences,10.1111/ppl.12007,2013.0
55510422900.0,Maria Dolores,Fariñas,female,Natural Sciences,10.1016/j.ultrasmedbio.2014.04.004,2014.0
55510422900.0,,Fariñas,female,Natural Sciences,10.1016/j.jmbbm.2014.07.018,2014.0
55510422900.0,Maria Dolores,Fariñas,female,Natural Sciences,10.3390/s16071089,2016.0
55510422900.0,Maria D.,Fariñas,female,Natural Sciences,10.3389/fpls.2016.01601,2016.0
55510422900.0,Maria Dolores,Fariñas,female,Natural Sciences,10.1002/adfm.201504051,2016.0
55510422900.0,Maria Dolores,Fariñas,female,Natural Sciences,10.3390/s16071089,2016.0
55510422900.0,María Dolores,Fariñas,female,Natural Sciences,10.1186/s13007-019-0511-z,2019.0
57211720099.0,Yana,Ryzhmanova,female,Medical and Health Sciences,10.1007/s00792-013-0567-z,2013.0
56166045500.0,Wei,Li,male,Natural Sciences,10.1111/tpj.12524,2014.0
56166045500.0,Wei,Li,male,Natural Sciences,10.1093/jxb/eru164,2014.0
56166045500.0,Wei,Li,male,Natural Sciences,10.1093/pcp/pcu031,2014.0
56166045500.0,Wei,Li,male,Natural Sciences,10.1007/s11240-014-0457-9,2014.0
56166045500.0,Wei,Li,male,Natural Sciences,10.1007/s11295-015-0853-2,2015.0
56166045500.0,Wei,Li,male,Natural Sciences,10.1016/j.plantsci.2016.07.010,2016.0
56166045500.0,Wei,Li,male,Natural Sciences,10.1071/FP16360,2017.0
56166045500.0,Wei,Li,male,Natural Sciences,10.1111/tpj.13929,2018.0
56166045500.0,Wei,Li,male,Natural Sciences,10.1111/nph.15028,2018.0
56166045500.0,Wei,Li,male,Natural Sciences,10.1105/tpc.18.00042,2018.0
56166045500.0,Wei,Li,male,Natural Sciences,10.3389/fpls.2018.00227,2018.0
56166045500.0,Wei,Li,male,Natural Sciences,10.1111/pbi.13131,2019.0
56166045500.0,Wei,Li,male,Natural Sciences,10.1007/s11103-020-00979-z,2020.0
56166045500.0,Wei,Li,male,Natural Sciences,10.1016/j.plantsci.2020.110419,2020.0
55889781700.0,Andre L.,Wimberly,male,Medical and Health Sciences,10.1111/j.1530-0277.2012.01894.x,2013.0
56734817500.0,Fei,Zhang,female,Engineering and Technology,10.1109/TIE.2016.2572671,2016.0
56734817500.0,Fei,Zhang,female,Engineering and Technology,10.1109/TIE.2018.2869355,2019.0
56734817500.0,Fei,Zhang,female,Engineering and Technology,10.1109/TEC.2019.2944352,2020.0
56493264800.0,Sílvia A.,Moreira,female,Agricultural Sciences,10.1007/s12393-014-9083-x,2014.0
56493264800.0,Sílvia A.,Moreira,female,Agricultural Sciences,10.1080/19476337.2014.971876,2015.0
56493264800.0,Sílvia A.,Moreira,female,Agricultural Sciences,10.1016/j.fbp.2015.05.004,2015.0
56493264800.0,Sílvia A.,Moreira,female,Agricultural Sciences,10.1016/j.ifset.2015.09.016,2015.0
56493264800.0,Sílvia A.,Moreira,female,Agricultural Sciences,10.1002/fsn3.212,2015.0
56493264800.0,Sílvia A.,Moreira,female,Agricultural Sciences,10.1016/j.lwt.2016.04.036,2016.0
56493264800.0,Silva A.,Moreira,female,Agricultural Sciences,10.1111/jfpp.13307,2017.0
56493264800.0,Sílvia A.,Moreira,female,Agricultural Sciences,10.1111/jfpe.12570,2017.0
56493264800.0,Sílvia A.,Moreira,female,Agricultural Sciences,10.1016/j.foodres.2017.05.010,2017.0
56493264800.0,Silvia A.,Moreira,female,Agricultural Sciences,10.1080/87559129.2017.1359842,2018.0
56493264800.0,Silvia A.,Moreira,female,Agricultural Sciences,10.1080/87559129.2017.1359842,2018.0
56493264800.0,Sílvia A.,Moreira,female,Agricultural Sciences,10.1016/j.foodres.2018.08.046,2019.0
56493264800.0,Sílvia A.,Moreira,female,Agricultural Sciences,10.1016/j.foodres.2018.08.046,2019.0
56493264800.0,Sílvia A,Moreira,female,Agricultural Sciences,10.1002/jsfa.9540,2019.0
56493264800.0,Silvia A.,Moreira,female,Agricultural Sciences,10.1016/j.jff.2019.103417,2019.0
56493264800.0,Sílvia A.,Moreira,female,Agricultural Sciences,10.1111/1541-4337.12534,2020.0
57214075449.0,Feng,Li,male,Natural Sciences,10.3788/CJL201542.1202005,2015.0
57214075449.0,Feng,Li,male,Natural Sciences,10.1109/JPHOT.2016.2614600,2016.0
57214075449.0,Feng,Li,male,Natural Sciences,10.1109/JPHOT.2016.2614600,2016.0
57214075449.0,Feng,Li,male,Natural Sciences,10.1109/JPHOT.2016.2614600,2016.0
57214075449.0,Feng,Li,male,Natural Sciences,10.3788/AOS201636.0505002,2016.0
57214075449.0,Feng,Li,male,Natural Sciences,10.1016/j.ijleo.2016.06.062,2016.0
57214075449.0,Feng,Li,male,Natural Sciences,10.1117/1.OE.56.10.106101,2017.0
57214075449.0,Feng,Li,male,Natural Sciences,10.1117/1.OE.56.10.106101,2017.0
57214075449.0,Feng,Li,male,Natural Sciences,10.1117/1.OE.56.10.106101,2017.0
57214075449.0,Feng,Li,male,Natural Sciences,10.1109/JPHOT.2017.2780197,2017.0
57214075449.0,Feng,Li,male,Natural Sciences,10.1109/JPHOT.2017.2780197,2017.0
57214075449.0,Feng,Li,male,Natural Sciences,10.1109/JPHOT.2017.2780197,2017.0
57214075449.0,Feng,Li,male,Natural Sciences,10.3788/gzxb20184705.0514005,2018.0
57214075449.0,Feng,Li,male,Natural Sciences,10.3788/gzxb20184705.0514005,2018.0
57214075449.0,Feng,Li,male,Natural Sciences,10.1016/j.optlastec.2017.10.017,2018.0
57214075449.0,Feng,Li,male,Natural Sciences,10.1109/LPT.2018.2839592,2018.0
57214075449.0,Feng,Li,male,Natural Sciences,10.1109/LPT.2018.2839592,2018.0
57214075449.0,Feng,Li,male,Natural Sciences,10.1109/LPT.2018.2839592,2018.0
57214075449.0,Feng,Li,male,Natural Sciences,10.7498/aps.67.20181026,2018.0
57214075449.0,Feng,Li,male,Natural Sciences,10.1016/j.ijleo.2017.10.158,2018.0
57214075449.0,Feng,Li,male,Natural Sciences,10.1016/j.ijleo.2017.10.158,2018.0
57214075449.0,Feng,Li,male,Natural Sciences,10.1016/j.ijleo.2017.10.158,2018.0
57214075449.0,Feng,Li,male,Natural Sciences,10.1088/1555-6611/aae18b,2018.0
57214075449.0,Feng,Li,male,Natural Sciences,10.1088/1612-202X/aad945,2018.0
57214075449.0,Feng,Li,male,Natural Sciences,10.3390/cryst9040216,2019.0
57214075449.0,Feng,Li,male,Natural Sciences,10.3390/cryst9040216,2019.0
57214075449.0,Feng,Li,male,Natural Sciences,10.1109/JPHOT.2019.2926840,2019.0
57214075449.0,Feng,Li,male,Natural Sciences,10.1088/1612-202X/aaff49,2019.0
57214075449.0,Feng,Li,male,Natural Sciences,10.7567/1882-0786/aaf417,2019.0
57214075449.0,Feng,Li,male,Natural Sciences,10.1016/j.optlastec.2019.105626,2019.0
57214075449.0,Feng,Li,male,Natural Sciences,10.1016/j.ijleo.2019.163093,2019.0
57214075449.0,Feng,Li,male,Natural Sciences,10.3389/fphy.2020.00048,2020.0
57214075449.0,Feng,Li,male,Natural Sciences,10.1016/j.optlastec.2020.106202,2020.0
56195721600.0,Otávio Luis Marques,Da Silva,male,Natural Sciences,10.11646/phytotaxa.181.4.1,2014.0
56195721600.0,Otávio Luis Marques,Da Silva,male,Natural Sciences,10.1600/036364415X690003,2015.0
56195721600.0,Otávio Luis Marques,da Silva,male,Natural Sciences,10.1007/s40415-015-0228-9,2016.0
56195721600.0,Otávio Luis Marques,Da Silva,male,Natural Sciences,10.11646/phytotaxa.298.3.2,2017.0
56195721600.0,Otávio Luis Marques,Da Silva,male,Natural Sciences,10.1080/14772000.2018.1473897,2018.0
56195721600.0,Otávio Luis Marques,DA SILVA,male,Natural Sciences,10.11646/phytotaxa.379.4.2,2018.0
56195721600.0,Otávio Luis Marques,da Silva,male,Natural Sciences,10.1080/14786419.2018.1460829,2019.0
56195721600.0,Otávio Luis Marques,Da Silva,male,Natural Sciences,10.11646/phytotaxa.404.4.1,2019.0
56195721600.0,Otávio Luis Marques,DA SILVA,male,Natural Sciences,10.11646/phytotaxa.394.3.4,2019.0
56195721600.0,Otávio L. M.,da Silva,male,Natural Sciences,10.1007/s00606-020-01661-z,2020.0
56182004600.0,,McKinney,male,Medical and Health Sciences,10.1007/s10597-014-9728-5,2014.0
56182004600.0,Christopher J.,McKinney,male,Medical and Health Sciences,10.1007/s11414-014-9411-1,2016.0
56182004600.0,Christopher,McKinney,male,Medical and Health Sciences,10.3111/13696998.2015.1131989,2016.0
54964276200.0,Jung Yeon,Yim,male,Medical and Health Sciences,10.1177/1049732311420578,2012.0
54964276200.0,Jung Yeon,Yim,male,Medical and Health Sciences,10.1007/s10926-013-9440-2,2014.0
57190000974.0,Konstantin,Popov,male,Natural Sciences,10.1021/acs.jcim.5b00751,2016.0
57190000974.0,Konstantin I.,Popov,male,Natural Sciences,10.1126/sciadv.1700479,2017.0
57190000974.0,Konstantin I.,Popov,male,Natural Sciences,10.1074/jbc.RA117.000604,2018.0
57190000974.0,Konstantin I.,Popov,male,Natural Sciences,10.1063/1.5008874,2018.0
57190000974.0,Konstantin I.,Popov,male,Natural Sciences,10.1021/acs.biochem.9b00486,2019.0
57190000974.0,Konstantin I.,Popov,male,Natural Sciences,10.1038/s41467-019-09233-7,2019.0
57190000974.0,Konstantin I.,Popov,male,Natural Sciences,10.1371/journal.pcbi.1006859,2019.0
57190000974.0,Konstantin I.,Popov,male,Natural Sciences,10.1021/acs.jpcb.9b02893,2019.0
57190000974.0,Konstantin,Popov,male,Natural Sciences,10.1016/j.omto.2019.08.008,2019.0
57190000974.0,Konstantin I.,Popov,male,Natural Sciences,10.1371/journal.pone.0219436,2019.0
57190000974.0,Konstantin I.,Popov,male,Natural Sciences,10.1016/j.str.2019.09.003,2019.0
57190000974.0,Konstantin I.,Popov,male,Natural Sciences,10.1016/j.jprot.2019.103544,2020.0
56194187500.0,Sachiko,Yashima,female,Medical and Health Sciences,10.6009/jjrt.2014_JSRT_70.3.242,2014.0
56106032900.0,Nan,Xie,female,Natural Sciences,10.3788/CJL201441.0808001,2014.0
56106032900.0,Nan,Xie,female,Natural Sciences,10.1088/2040-8978/16/8/085201,2014.0
56106032900.0,Nan,Xie,female,Natural Sciences,10.1088/2040-8978/16/10/105711,2014.0
56106032900.0,Nan,Xie,female,Natural Sciences,10.3788/AOS201434.0212004,2014.0
56106032900.0,Nan,Xie,female,Natural Sciences,10.3788/AOS201535.1223001,2015.0
56106032900.0,Nan,Xie,female,Natural Sciences,10.7500/AEPS20140422010,2015.0
56106032900.0,Nan,Xie,female,Natural Sciences,10.3788/IRLA201645.0717002,2016.0
56106032900.0,Nan,Xie,female,Natural Sciences,10.7500/AEPS20150427006,2016.0
56106032900.0,Nan,Xie,female,Natural Sciences,10.3788/IRLA201645.0622004,2016.0
56106032900.0,Nan,Xie,female,Natural Sciences,10.1109/JSEN.2016.2573855,2016.0
56106032900.0,Nan,Xie,female,Natural Sciences,10.7500/AEPS20160616002,2017.0
56106032900.0,Nan,Xie,female,Natural Sciences,10.3969/j.issn.1003-501X.2017.03.010,2017.0
56106032900.0,Nan,Xie,female,Natural Sciences,10.3788/IRLA201746.0722004,2017.0
56106032900.0,Nan,Xie,female,Natural Sciences,10.1109/TIM.2016.2621198,2017.0
56106032900.0,Nan,Xie,female,Natural Sciences,10.7500/AEPS20160515017,2017.0
56106032900.0,Nan,Xie,female,Natural Sciences,10.7500/AEPS20160616002,2017.0
56106032900.0,Nan,Xie,female,Natural Sciences,10.3788/IRLA201847.0420003,2018.0
56106032900.0,Nan,Xie,female,Natural Sciences,10.1109/TIM.2017.2756798,2018.0
56106032900.0,Nan,Xie,female,Natural Sciences,10.1109/JSEN.2018.2853633,2018.0
56106032900.0,Nan,Xie,female,Natural Sciences,10.1109/JSEN.2019.2930086,2019.0
57191990326.0,Shama,Khan,female,Natural Sciences,10.1002/ajmg.a.37891,2016.0
55652180700.0,Maria A.,Gubanova,female,Engineering and Technology,10.1177/0954410012436439,2013.0
55652180700.0,Maria Andreevna,Gubanova,female,Engineering and Technology,10.5937/jaes15-15454,2017.0
56245287500.0,Wai Man,Ng,female,Medical and Health Sciences,10.1097/NNR.0000000000000028,2014.0
56729918600.0,Paul B.,Sharp,male,Medical and Health Sciences,10.1016/j.ijpsycho.2015.07.001,2015.0
56729918600.0,Paul B.,Sharp,male,Medical and Health Sciences,10.1016/j.nicl.2017.09.012,2017.0
56729918600.0,Paul B.,Sharp,male,Medical and Health Sciences,10.1038/s41598-018-26268-w,2018.0
56729918600.0,Paul B.,Sharp,male,Medical and Health Sciences,10.1177/0963721418818441,2019.0
56729918600.0,Paul B.,Sharp,male,Medical and Health Sciences,10.1080/17470919.2017.1397545,2019.0
56729918600.0,Paul B.,Sharp,male,Medical and Health Sciences,10.1037/teo0000085,2019.0
56729918600.0,Paul B.,Sharp,male,Medical and Health Sciences,10.1177/2167702618810223,2019.0
54788035800.0,Jung Shin,Park,male,Engineering and Technology,10.1016/j.ijheatfluidflow.2011.12.002,2012.0
54788035800.0,Jung Shin,Park,male,Engineering and Technology,10.2514/1.T3934,2013.0
54788035800.0,Jung Shin,Park,male,Engineering and Technology,10.2514/1.T4254,2014.0
54788035800.0,Jung-Shin,Park,male,Engineering and Technology,10.1007/s12206-014-0921-9,2014.0
54788035800.0,Jung Shin,Park,male,Engineering and Technology,10.1016/j.ijheatmasstransfer.2015.05.077,2016.0
54788035800.0,Jung Shin,Park,male,Engineering and Technology,10.2514/1.T4830,2016.0
54788035800.0,Jung Shin,Park,male,Engineering and Technology,10.1016/j.ijheatmasstransfer.2016.01.081,2016.0
54788035800.0,Jung Shin,Park,male,Engineering and Technology,10.2514/1.B35813,2016.0
54788035800.0,Jung Shin,Park,male,Engineering and Technology,10.2514/1.B35813,2016.0
54788035800.0,Jung Shin,Park,male,Engineering and Technology,10.2514/1.T4541,2016.0
54788035800.0,Jung Shin,Park,male,Engineering and Technology,10.1615/HeatTransRes.2016012457,2017.0
54788035800.0,Jung Shin,Park,male,Engineering and Technology,10.1016/j.applthermaleng.2017.12.030,2018.0
54788035800.0,Jung Shin,Park,male,Engineering and Technology,10.1115/1.4042647,2019.0
54788035800.0,Jung Shin,Park,male,Engineering and Technology,10.1016/j.applthermaleng.2019.03.029,2019.0
54788035800.0,Jung Shin,Park,male,Engineering and Technology,10.1115/1.4041868,2019.0
54788035800.0,Jung Shin,Park,male,Engineering and Technology,10.3795/KSME-B.2019.43.7.453,2019.0
55875035900.0,Shuxian,Li,female,Natural Sciences,10.1088/1742-5468/2013/09/P09014,2013.0
55875035900.0,Shuxian,Li,female,Natural Sciences,10.1039/c5sm00768b,2015.0
55875035900.0,Shu-Xian,Li,female,Natural Sciences,10.1063/1674-0068/29/cjcp1603058,2016.0
6504095117.0,Peter,Follo,male,Engineering and Technology,10.1109/TGRS.2013.2287238,2014.0
56287915800.0,Wen,Li,male,Natural Sciences,10.1016/j.matlet.2014.07.008,2014.0
56287915800.0,Wen,Li,male,Natural Sciences,10.1016/j.electacta.2014.07.017,2014.0
56287915800.0,Wen,Li,male,Natural Sciences,10.1016/j.electacta.2014.07.017,2014.0
56287915800.0,Wen,Li,male,Natural Sciences,10.1016/j.carbon.2014.03.017,2014.0
56287915800.0,Wen,Li,male,Natural Sciences,10.1016/j.carbon.2014.03.017,2014.0
56287915800.0,Wen,Li,male,Natural Sciences,,2014.0
56287915800.0,Wen,Li,male,Natural Sciences,,2014.0
56287915800.0,Wen,Li,male,Natural Sciences,10.1016/j.jallcom.2015.03.049,2015.0
56287915800.0,Wen,Li,male,Natural Sciences,10.1016/j.jallcom.2015.03.049,2015.0
56287915800.0,Wen,Li,male,Natural Sciences,10.1016/j.jpowsour.2014.09.154,2015.0
56287915800.0,Wen,Li,male,Natural Sciences,10.1016/j.jpowsour.2014.09.154,2015.0
56287915800.0,Wen,Li,male,Natural Sciences,10.1016/j.electacta.2016.11.073,2016.0
56287915800.0,Wen,Li,male,Natural Sciences,10.1016/j.electacta.2016.11.073,2016.0
56287915800.0,Wen,Li,male,Natural Sciences,10.1016/j.electacta.2015.11.105,2016.0
56287915800.0,Wen,Li,male,Natural Sciences,10.1016/j.electacta.2015.11.105,2016.0
56287915800.0,Wen,Li,male,Natural Sciences,10.1016/j.jallcom.2016.05.249,2016.0
56287915800.0,Wen,Li,male,Natural Sciences,10.1021/acsami.6b04644,2016.0
56287915800.0,Wen,Li,male,Natural Sciences,10.1016/j.jelechem.2017.03.008,2017.0
56287915800.0,Wen,Li,male,Natural Sciences,10.1016/j.jelechem.2017.03.008,2017.0
56287915800.0,Wen,Li,male,Natural Sciences,10.1142/S1793292017500540,2017.0
56287915800.0,Wen,Li,male,Natural Sciences,10.1142/S1793292017500540,2017.0
56287915800.0,Wen,Li,male,Natural Sciences,10.20964/2017.04.32,2017.0
56287915800.0,Wen,Li,male,Natural Sciences,10.20964/2017.04.32,2017.0
56287915800.0,Wen,Li,male,Natural Sciences,10.1016/j.ssi.2017.09.017,2017.0
56287915800.0,Wen,Li,male,Natural Sciences,10.1016/j.ssi.2017.09.017,2017.0
56287915800.0,Wen,Li,male,Natural Sciences,10.1016/j.ssi.2018.06.005,2018.0
56287915800.0,Wen,Li,male,Natural Sciences,10.1016/j.jallcom.2017.12.167,2018.0
56287915800.0,Wen,Li,male,Natural Sciences,10.1016/j.jallcom.2017.12.167,2018.0
56287915800.0,Wen,Li,male,Natural Sciences,10.1016/j.jallcom.2018.02.197,2018.0
56287915800.0,Wen,Li,male,Natural Sciences,10.1016/j.jallcom.2018.02.197,2018.0
56287915800.0,Wen,Li,male,Natural Sciences,10.3969/j.issn.1003-9015.2019.03.027,2019.0
56287915800.0,Wen,Li,male,Natural Sciences,10.1039/c9ta09598e,2019.0
56287915800.0,Wen,Li,male,Natural Sciences,10.1016/j.ceramint.2018.11.213,2019.0
56287915800.0,Wen,Li,male,Natural Sciences,10.1016/j.ceramint.2018.11.213,2019.0
56287915800.0,Wen,Li,male,Natural Sciences,10.1016/j.ssi.2018.11.023,2019.0
56287915800.0,Wen,Li,male,Natural Sciences,10.1016/j.ssi.2018.11.023,2019.0
56287915800.0,Wen,Li,male,Natural Sciences,10.1039/c9ta00744j,2019.0
56287915800.0,Wen,Li,male,Natural Sciences,10.1016/j.ssi.2019.04.007,2019.0
56287915800.0,Wen,Li,male,Natural Sciences,10.1016/j.jallcom.2019.05.165,2019.0
56287915800.0,Wen,Li,male,Natural Sciences,10.1016/j.electacta.2019.06.061,2019.0
56287915800.0,Wen,Li,male,Natural Sciences,10.1016/j.electacta.2019.134692,2019.0
56287915800.0,Wen,Li,male,Natural Sciences,10.1016/j.electacta.2019.134692,2019.0
56287915800.0,Wen,Li,male,Natural Sciences,10.1016/j.electacta.2019.135054,2019.0
56287915800.0,Wen,Li,male,Natural Sciences,10.1016/j.jelechem.2020.114102,2020.0
56287915800.0,Wen,Li,male,Natural Sciences,10.1016/j.jelechem.2019.113771,2020.0
56287915800.0,Wen,Li,male,Natural Sciences,10.1016/j.jelechem.2019.113771,2020.0
56287915800.0,Wen,Li,male,Natural Sciences,10.20964/2020.01.68,2020.0
56951332100.0,Joaquín,González-Ródenas,male,Medical and Health Sciences,10.12800/ccd.v10i30.590,2015.0
56951332100.0,Joaquín,Gonzalez-Rodenas,male,Medical and Health Sciences,10.1080/24748668.2015.11868836,2015.0
56951332100.0,Joaquín,González-Rodenas,male,Medical and Health Sciences,10.1515/hukin-2015-0125,2015.0
56951332100.0,Joaquín,Gonzalez-Rodenas,male,Medical and Health Sciences,10.14198/jhse.2015.101.14,2015.0
56951332100.0,Joaquín,Gonzalez-Rodenas,male,Medical and Health Sciences,10.1080/24748668.2016.11868920,2016.0
56951332100.0,Joaquín,Gonzalez-Rodenas,male,Medical and Health Sciences,10.5114/hm.2017.73616,2017.0
56951332100.0,Joaquín,González-Rodenas,male,Medical and Health Sciences,,2017.0
56951332100.0,Joaquín,González-Ródenas,male,Medical and Health Sciences,10.3389/fpsyg.2019.01476,2019.0
56951332100.0,Joaquín,González-Rodenas,male,Medical and Health Sciences,10.3389/fpsyg.2019.02089,2019.0
56951332100.0,Joaquin,Gonzalez-Rodenas,male,Medical and Health Sciences,10.1080/24748668.2019.1618568,2019.0
56951332100.0,Joaquin,Gonzalez-Rodenas,male,Medical and Health Sciences,10.1080/24748668.2020.1743163,2020.0
56951332100.0,Joaquín,González-Rodenas,male,Medical and Health Sciences,10.1371/journal.pone.0226978,2020.0
56951332100.0,Joaquín,González-Rodenas,male,Medical and Health Sciences,10.1371/journal.pone.0226978,2020.0
44761441900.0,Bruno G.,Tavares,male,Medical and Health Sciences,10.1016/j.jacc.2016.03.542,2016.0
44761441900.0,Bruno G.,Tavares,male,Medical and Health Sciences,10.1016/j.jacc.2019.03.006,2019.0
57196405170.0,Jaesook,Park,female,Medical and Health Sciences,10.1155/2012/867036,2012.0
57196405170.0,Jaesook,Park,female,Medical and Health Sciences,10.1155/2012/863704,2012.0
57196405170.0,Jaesook,Park,female,Medical and Health Sciences,10.1016/j.biomaterials.2012.02.022,2012.0
57196405170.0,Jaesook,Park,female,Medical and Health Sciences,10.1016/j.radonc.2014.07.005,2014.0
57196405170.0,Jaesook,Park,female,Medical and Health Sciences,10.3892/ijo.2014.2806,2015.0
57196405170.0,Jaesook,Park,female,Medical and Health Sciences,10.3892/ijo.2014.2806,2015.0
57196405170.0,Jaesook,Park,female,Medical and Health Sciences,10.1016/j.jconrel.2015.04.007,2015.0
57196405170.0,Jaesook,Park,female,Medical and Health Sciences,10.1007/s00726-014-1852-6,2015.0
57196405170.0,Jaesook,Park,female,Medical and Health Sciences,10.1007/s00726-014-1852-6,2015.0
57196405170.0,Jaesook,Park,female,Medical and Health Sciences,10.18632/oncotarget.12668,2016.0
57196405170.0,Jaesook,Park,female,Medical and Health Sciences,10.18632/oncotarget.12668,2016.0
55776881100.0,Kelly,Stecker,female,Natural Sciences,10.1105/tpc.113.112102,2013.0
55776881100.0,Kelly E.,Stecker,female,Natural Sciences,10.1104/pp.114.238816,2014.0
55776881100.0,Kelly,Stecker,female,Natural Sciences,10.1126/science.1244454,2014.0
55776881100.0,Kelly,Stecker,female,Natural Sciences,10.1126/science.1244454,2014.0
55776881100.0,Kelly E.,Stecker,female,Natural Sciences,10.1074/mcp.M114.043307,2015.0
55776881100.0,Kelly,Stecker,female,Natural Sciences,10.1093/pcp/pcx011,2017.0
55776881100.0,Kelly E.,Stecker,female,Natural Sciences,10.1016/j.cels.2019.08.005,2019.0
55776881100.0,Kelly E.,Stecker,female,Natural Sciences,10.1016/j.cels.2019.08.005,2019.0
55776881100.0,Kelly E.,Stecker,female,Natural Sciences,10.1074/mcp.RA118.001124,2019.0
55776881100.0,Kelly E.,Stecker,female,Natural Sciences,10.1016/j.cell.2019.06.014,2019.0
6505827445.0,Alex,Pertica,male,Engineering and Technology,10.1117/1.OE.51.1.011004,2012.0
6505827445.0,,Pertica,male,Engineering and Technology,10.2514/1.57327,2013.0
6505827445.0,,Pertica,male,Engineering and Technology,10.2514/1.57327,2013.0
6505827445.0,Alex,Pertica,male,Engineering and Technology,10.1364/AO.58.002981,2019.0
57209164535.0,Xue,Zhao,female,Agricultural Sciences,10.1242/bio.021865,2016.0
55585676400.0,Chris,Sweeney,male,Natural Sciences,10.1109/TVCG.2013.243,2014.0
56317876500.0,Dongxu,Liu,male,Medical and Health Sciences,10.1016/j.rvsc.2014.07.004,2014.0
56317876500.0,Dongxu,Liu,male,Medical and Health Sciences,10.1089/vim.2017.0044,2018.0
56317876500.0,Dongxu,Liu,male,Medical and Health Sciences,10.1089/vim.2017.0044,2018.0
56317876500.0,Dongxu,Liu,male,Medical and Health Sciences,10.1007/s00705-018-3754-5,2018.0
57215248407.0,Fatma Gül,Atilla,female,Medical and Health Sciences,10.3906/sag-1405-112,2015.0
57026782300.0,Jianye,Cai,male,Natural Sciences,10.18632/oncotarget.5739,2015.0
57026782300.0,Jianye,Cai,male,Natural Sciences,10.18632/oncotarget.5739,2015.0
57026782300.0,,Cai,male,Natural Sciences,10.1038/onc.2015.370,2016.0
57026782300.0,,Cai,male,Natural Sciences,10.1038/onc.2015.370,2016.0
57026782300.0,,Cai,male,Natural Sciences,10.1038/onc.2015.370,2016.0
57026782300.0,Jianye,Cai,male,Natural Sciences,10.18632/oncotarget.8285,2016.0
57026782300.0,Jianye,Cai,male,Natural Sciences,10.1038/cddis.2016.370,2016.0
57026782300.0,Jianye,Cai,male,Natural Sciences,10.1038/cddis.2016.370,2016.0
57026782300.0,Jianye,Cai,male,Natural Sciences,10.1038/cddis.2016.370,2016.0
57026782300.0,Jian-Ye,Cai,male,Natural Sciences,10.3748/wjg.v23.i43.7791,2017.0
57026782300.0,,Cai,male,Natural Sciences,10.1038/onc.2016.299,2017.0
57026782300.0,,Cai,male,Natural Sciences,10.1038/onc.2016.299,2017.0
57026782300.0,Jianye,Cai,male,Natural Sciences,,2017.0
57026782300.0,Jianye,Cai,male,Natural Sciences,,2017.0
57026782300.0,Jianye,Cai,male,Natural Sciences,10.1159/000485396,2017.0
57026782300.0,Jianye,Cai,male,Natural Sciences,10.1159/000485396,2017.0
57026782300.0,Jianye,Cai,male,Natural Sciences,10.7150/thno.28029,2018.0
57026782300.0,Jianye,Cai,male,Natural Sciences,10.7150/thno.28029,2018.0
57026782300.0,Jianye,Cai,male,Natural Sciences,10.1002/stem.2769,2018.0
57026782300.0,Jianye,Cai,male,Natural Sciences,10.1002/stem.2769,2018.0
57026782300.0,Jianye,Cai,male,Natural Sciences,10.1002/stem.2769,2018.0
57026782300.0,Jianye,Cai,male,Natural Sciences,10.1038/s41419-018-0541-x,2018.0
57026782300.0,Jianye,Cai,male,Natural Sciences,10.1186/s13045-018-0554-z,2018.0
57026782300.0,Jianye,Cai,male,Natural Sciences,10.1186/s13045-018-0554-z,2018.0
57026782300.0,Jianye,Cai,male,Natural Sciences,10.1186/s13045-018-0554-z,2018.0
57026782300.0,Jianye,Cai,male,Natural Sciences,10.1159/000495500,2018.0
57026782300.0,Jianye,Cai,male,Natural Sciences,10.1159/000495500,2018.0
57026782300.0,Jianye,Cai,male,Natural Sciences,10.1159/000489807,2018.0
57026782300.0,Jianye,Cai,male,Natural Sciences,10.1159/000489807,2018.0
57026782300.0,Jianye,Cai,male,Natural Sciences,10.1038/s41467-018-05808-y,2018.0
57026782300.0,Jianye,Cai,male,Natural Sciences,10.1038/s41467-018-05808-y,2018.0
57026782300.0,Jianye,Cai,male,Natural Sciences,10.1159/000495904,2018.0
57026782300.0,Jianye,Cai,male,Natural Sciences,10.1159/000495904,2018.0
57026782300.0,Jianye,Cai,male,Natural Sciences,10.1096/fj.201800131RR,2019.0
57026782300.0,Jianye,Cai,male,Natural Sciences,10.1096/fj.201800131RR,2019.0
57026782300.0,Jianye,Cai,male,Natural Sciences,10.1111/cpr.12546,2019.0
57026782300.0,Jianye,Cai,male,Natural Sciences,10.1111/cpr.12546,2019.0
57026782300.0,Jianye,Cai,male,Natural Sciences,10.1111/cpr.12546,2019.0
57026782300.0,Jianye,Cai,male,Natural Sciences,10.1038/s41467-019-12925-9,2019.0
57026782300.0,Jianye,Cai,male,Natural Sciences,10.1038/s41467-019-12925-9,2019.0
57026782300.0,Jianye,Cai,male,Natural Sciences,10.7150/jca.39615,2020.0
57026782300.0,Jianye,Cai,male,Natural Sciences,10.7150/jca.39615,2020.0
56019427700.0,Ilhami,Gültepe,male,Medical and Health Sciences,10.1007/s12032-014-0861-3,2014.0
56019427700.0,Ilhami,Gültepe,male,Medical and Health Sciences,10.3347/kjp.2014.52.1.47,2014.0
56019427700.0,Ilhami,Gültepe,male,Medical and Health Sciences,10.1007/s11255-014-0664-7,2014.0
56019427700.0,Ilhami,Gültepe,male,Medical and Health Sciences,10.5152/tjg.2016.16085,2016.0
56019427700.0,,Gültepe,male,Medical and Health Sciences,10.1055/s-0042-108853,2016.0
56019427700.0,Ilhami,Gultepe,male,Medical and Health Sciences,10.12659/MSM.898192,2016.0
56019427700.0,Ilhami,Gültepe,male,Medical and Health Sciences,10.5152/tjg.2016.16106,2016.0
56019427700.0,Ilhami,Gültepe,male,Medical and Health Sciences,10.5152/tjg.2015.150473,2016.0
56019427700.0,Ilhami,Gültepe,male,Medical and Health Sciences,10.5152/tjg.2015.150435,2016.0
56019427700.0,Ilhami,Gültepe,male,Medical and Health Sciences,10.5152/tjg.2016.16056,2016.0
56019427700.0,,Gultepe,male,Medical and Health Sciences,10.4149/BLL_2016_063,2016.0
56019427700.0,,Gültepe,male,Medical and Health Sciences,10.4103/1119-3077.181350,2017.0
56019427700.0,Ilhami,Gültepe,male,Medical and Health Sciences,10.3233/BMR-150476,2018.0
57212065001.0,Dinesh,Devadoss,male,Medical and Health Sciences,10.1371/journal.pone.0045697,2012.0
57212065001.0,Dinesh,Devadoss,male,Medical and Health Sciences,10.18632/oncotarget.20556,2017.0
57212065001.0,Dinesh,Devadoss,male,Medical and Health Sciences,10.18632/oncotarget.20556,2017.0
57212065001.0,,Devadoss,male,Medical and Health Sciences,10.26402/jpp.2018.2.11,2018.0
57212065001.0,Dinesh,Devadoss,male,Medical and Health Sciences,10.1039/c9nr08194a,2019.0
57212065001.0,Dinesh,Devadoss,male,Medical and Health Sciences,10.1165/rcmb.2019-0184TR,2019.0
57212065001.0,Dinesh,Devadoss,male,Medical and Health Sciences,10.1016/j.redox.2020.101443,2020.0
56518651200.0,Yang,Ding,male,Natural Sciences,10.1016/j.enggeo.2015.02.003,2015.0
56518651200.0,Yang,Ding,male,Natural Sciences,10.1016/j.soildyn.2017.08.023,2018.0
56518651200.0,Yang,Ding,male,Natural Sciences,10.1016/j.soildyn.2017.08.023,2018.0
56518651200.0,Yang,Ding,male,Natural Sciences,10.1007/s11069-019-03678-1,2019.0
56518651200.0,Yang,Ding,male,Natural Sciences,10.1016/j.soildyn.2018.11.013,2019.0
56518651200.0,Yang,Ding,male,Natural Sciences,10.1016/j.soildyn.2018.11.013,2019.0
57198773320.0,Yan,XU,male,Natural Sciences,10.1007/s40565-014-0054-2,2014.0
55921534100.0,Kedong,Zhang,male,Natural Sciences,10.1016/j.ijrmhm.2013.12.015,2014.0
55921534100.0,Kedong,Zhang,male,Natural Sciences,10.1016/j.apsusc.2013.10.094,2014.0
55921534100.0,Kedong,Zhang,male,Natural Sciences,10.1016/j.ijrmhm.2013.10.019,2014.0
55921534100.0,Kedong,Zhang,male,Natural Sciences,10.1016/j.apsusc.2014.05.012,2014.0
55921534100.0,Kedong,Zhang,male,Natural Sciences,10.1016/j.apsusc.2014.05.012,2014.0
55921534100.0,Kedong,Zhang,male,Natural Sciences,10.1016/j.ijrmhm.2015.02.011,2015.0
55921534100.0,,Zhang,male,Natural Sciences,10.1179/1743294414Y.0000000366,2015.0
55921534100.0,,Zhang,male,Natural Sciences,10.1179/1743294414Y.0000000366,2015.0
55921534100.0,Kedong,Zhang,male,Natural Sciences,10.1016/j.apsusc.2014.11.059,2015.0
55921534100.0,,Zhang,male,Natural Sciences,10.1179/1743294414Y.0000000448,2015.0
55921534100.0,,Zhang,male,Natural Sciences,10.1179/1743294414Y.0000000448,2015.0
55921534100.0,,Zhang,male,Natural Sciences,10.1179/1743294414Y.0000000448,2015.0
55921534100.0,,Zhang,male,Natural Sciences,10.1179/1743294414Y.0000000448,2015.0
55921534100.0,Kedong,Zhang,male,Natural Sciences,10.1016/j.ceramint.2015.04.153,2015.0
55921534100.0,Kedong,Zhang,male,Natural Sciences,10.1016/j.apsusc.2015.07.132,2015.0
55921534100.0,Kedong,Zhang,male,Natural Sciences,10.1016/j.ijrmhm.2016.03.004,2016.0
55921534100.0,Kedong,Zhang,male,Natural Sciences,10.1016/j.surfcoat.2016.03.008,2016.0
55921534100.0,Kedong,Zhang,male,Natural Sciences,10.1016/j.jmapro.2017.10.018,2017.0
55921534100.0,Kedong,Zhang,male,Natural Sciences,10.1016/j.ijrmhm.2018.01.003,2018.0
55921534100.0,Kedong,Zhang,male,Natural Sciences,10.1142/S0218625X19501373,2019.0
55921534100.0,Kedong,Zhang,male,Natural Sciences,10.1016/j.jmapro.2019.04.009,2019.0
55921534100.0,Kedong,Zhang,male,Natural Sciences,10.1007/s00170-018-2733-z,2019.0
55921534100.0,Kedong,Zhang,male,Natural Sciences,10.1016/j.jmapro.2018.11.021,2019.0
55921534100.0,Kedong,Zhang,male,Natural Sciences,10.1016/j.jmatprotec.2019.03.021,2019.0
55921534100.0,Kedong,Zhang,male,Natural Sciences,10.1016/j.apsusc.2020.145342,2020.0
55921534100.0,Kedong,Zhang,male,Natural Sciences,10.1016/j.optlastec.2020.106057,2020.0
57192834880.0,Hatem,Ghorab,male,Medical and Health Sciences,10.1089/acm.2012.0014,2013.0
57192834880.0,Hatem,Ghorab,male,Medical and Health Sciences,10.1016/j.tmaid.2016.12.001,2017.0
57197555216.0,Maaike,Kloosterman,female,Medical and Health Sciences,10.1002/pd.4970,2016.0
55635959400.0,Hossein,Hayer,male,Natural Sciences,10.1016/j.fluid.2012.12.029,2013.0
55635959400.0,Hossein,Hayer,male,Natural Sciences,10.1016/j.jtice.2014.08.011,2014.0
55635959400.0,,Hayer,male,Natural Sciences,10.1080/10916466.2011.615363,2014.0
55635959400.0,Hossein,Hayer,male,Natural Sciences,10.1016/j.jiec.2014.06.009,2015.0
55635959400.0,Hossein,Hayer,male,Natural Sciences,10.1080/19443994.2014.912158,2015.0
44361385000.0,Said A.,Khalid,male,Medical and Health Sciences,10.1016/j.ehj.2013.02.001,2013.0
44361385000.0,Said,Khalid,male,Medical and Health Sciences,10.1016/j.ehj.2013.12.085,2014.0
44361385000.0,,Khalid,male,Medical and Health Sciences,,2015.0
57192154854.0,Qing,Zhang,female,Natural Sciences,10.1016/j.indcrop.2015.07.025,2015.0
57192154854.0,Qing,Zhang,female,Natural Sciences,10.1002/jssc.201600895,2016.0
57192154854.0,Qing,Zhang,female,Natural Sciences,10.1016/j.fbp.2017.04.003,2017.0
57192154854.0,Qing,Zhang,female,Natural Sciences,10.1002/jssc.201601259,2017.0
57192154854.0,Qing,Zhang,female,Natural Sciences,10.1016/j.seppur.2016.11.031,2017.0
57192154854.0,Qing,Zhang,female,Natural Sciences,10.1080/00032719.2018.1453832,2018.0
57192154854.0,Qing,Zhang,female,Natural Sciences,10.1016/j.infrared.2020.103188,2020.0
55390925800.0,Ming,Lv,male,Natural Sciences,10.1002/srin.201100166,2012.0
55390925800.0,Ming,Lv,male,Natural Sciences,10.1002/srin.201100166,2012.0
55390925800.0,Ming,Lv,male,Natural Sciences,10.1007/s11663-013-9935-4,2013.0
55390925800.0,Ming,Lv,male,Natural Sciences,10.1002/srin.201200136,2013.0
55390925800.0,Ming,Lv,male,Natural Sciences,10.1002/srin.201300106,2014.0
55390925800.0,Ming,Lv,male,Natural Sciences,10.1002/srin.201300106,2014.0
55390925800.0,Ming,Lv,male,Natural Sciences,10.1002/srin.201800454,2019.0
55390925800.0,Ming,Lv,male,Natural Sciences,10.1007/s42243-018-0113-4,2019.0
55390925800.0,Ming,Lv,male,Natural Sciences,10.1007/s42243-018-0113-4,2019.0
55210780200.0,,Lönn,male,Natural Sciences,10.5194/acp-12-5113-2012,2012.0
55210780200.0,,Lönn,male,Natural Sciences,10.5194/acp-12-4117-2012,2012.0
55210780200.0,Gustaf,Lönn,male,Natural Sciences,10.1073/pnas.1306973110,2013.0
57214004051.0,Brittney,Williams,female,Medical and Health Sciences,10.1016/j.crwh.2014.07.002,2014.0
56061233700.0,Michal,Bielik,male,Natural Sciences,10.1117/1.OE.53.7.071803,2014.0
57142776000.0,Li,Li,male,Engineering and Technology,10.11835/j.issn.1674-4764.2016.04.010,2016.0
55372230900.0,Romain,Lavaud,male,Natural Sciences,10.1016/j.marenvres.2012.09.001,2012.0
55372230900.0,Romain,Lavaud,male,Natural Sciences,10.1016/j.seares.2012.11.003,2013.0
55372230900.0,Romain,Lavaud,male,Natural Sciences,10.1016/j.seares.2013.10.011,2014.0
55372230900.0,Romain,Lavaud,male,Natural Sciences,10.1016/j.margen.2014.03.006,2014.0
55372230900.0,Romain,Lavaud,male,Natural Sciences,10.1016/j.jprot.2014.03.026,2014.0
55372230900.0,Romain,Lavaud,male,Natural Sciences,10.1186/s12864-015-2132-x,2015.0
55372230900.0,Romain,Lavaud,male,Natural Sciences,10.1016/j.jmarsys.2016.10.013,2017.0
55372230900.0,Romain,Lavaud,male,Natural Sciences,10.1016/j.jmarsys.2016.10.013,2017.0
55372230900.0,Romain,Lavaud,male,Natural Sciences,10.1016/j.ecolmodel.2017.09.003,2017.0
55372230900.0,Romain,Lavaud,male,Natural Sciences,10.1016/j.ecolmodel.2017.09.003,2017.0
55372230900.0,Romain,Lavaud,male,Natural Sciences,10.1016/j.ecolmodel.2017.09.003,2017.0
55372230900.0,Romain,Lavaud,male,Natural Sciences,10.3354/meps12476,2018.0
55372230900.0,Romain,Lavaud,male,Natural Sciences,10.3354/meps12476,2018.0
55372230900.0,Romain,Lavaud,male,Natural Sciences,10.1016/j.palaeo.2018.07.007,2018.0
55372230900.0,,Lavaud,male,Natural Sciences,10.1016/j.jembe.2018.06.001,2018.0
55372230900.0,,Lavaud,male,Natural Sciences,10.1016/j.jembe.2018.06.001,2018.0
55372230900.0,,Lavaud,male,Natural Sciences,10.1007/s00227-018-3351-x,2018.0
55372230900.0,,Lavaud,male,Natural Sciences,10.1007/s00227-018-3351-x,2018.0
55372230900.0,Romain,Lavaud,male,Natural Sciences,10.1016/j.seares.2018.07.007,2019.0
55372230900.0,Romain,Lavaud,male,Natural Sciences,10.1016/j.seares.2018.07.007,2019.0
55372230900.0,Romain,Lavaud,male,Natural Sciences,10.1016/j.seares.2018.07.001,2019.0
55372230900.0,Romain,Lavaud,male,Natural Sciences,10.1016/j.seares.2018.09.020,2019.0
55372230900.0,Romain,Lavaud,male,Natural Sciences,10.1016/j.seares.2018.04.001,2019.0
55372230900.0,Romain,Lavaud,male,Natural Sciences,10.1016/j.seares.2018.04.001,2019.0
55372230900.0,Romain,Lavaud,male,Natural Sciences,10.1016/j.ecolmodel.2019.108922,2020.0
55372230900.0,Romain,Lavaud,male,Natural Sciences,10.1016/j.ecolmodel.2019.108922,2020.0
55372230900.0,Romain,Lavaud,male,Natural Sciences,10.1016/j.ecolmodel.2019.108922,2020.0
55372230900.0,,Lavaud,male,Natural Sciences,10.1016/j.seares.2019.101831,2020.0
55372230900.0,,Lavaud,male,Natural Sciences,10.1016/j.seares.2019.101831,2020.0
55152840400.0,Eran,Sagi,male,Natural Sciences,10.1103/PhysRevB.90.201102,2014.0
55152840400.0,Eran,Sagi,male,Natural Sciences,10.1103/PhysRevE.90.012105,2014.0
55152840400.0,Eran,Sagi,male,Natural Sciences,10.1103/PhysRevB.91.245144,2015.0
55152840400.0,Eran,Sagi,male,Natural Sciences,10.1103/PhysRevB.92.195137,2015.0
55152840400.0,Eran,Sagi,male,Natural Sciences,10.1103/PhysRevB.94.035131,2016.0
55152840400.0,Eran,Sagi,male,Natural Sciences,10.1103/PhysRevB.96.235144,2017.0
55152840400.0,Eran,Sagi,male,Natural Sciences,10.1103/PhysRevB.95.075111,2017.0
55152840400.0,Eran,Sagi,male,Natural Sciences,10.1103/PhysRevB.95.205144,2017.0
55152840400.0,Eran,Sagi,male,Natural Sciences,10.1103/PhysRevB.98.201111,2018.0
55152840400.0,Eran,Sagi,male,Natural Sciences,10.1103/PhysRevB.99.075107,2019.0
55152840400.0,Eran,Sagi,male,Natural Sciences,10.1103/PhysRevLett.123.026401,2019.0
54962061700.0,,Khademian,male,Natural Sciences,10.1016/j.ijrmms.2012.05.019,2012.0
54962061700.0,Zoheir,Khademian,male,Natural Sciences,,2017.0
54962061700.0,Zoheir,Khademian,male,Natural Sciences,10.1016/j.jngse.2018.02.013,2018.0
54962061700.0,Zoheir,Khademian,male,Natural Sciences,10.1016/j.ijrmms.2018.06.022,2018.0
54962061700.0,Zoheir,Khademian,male,Natural Sciences,10.1029/2018JE005889,2019.0
54962061700.0,Zoheir,Khademian,male,Natural Sciences,10.1016/j.tust.2019.04.018,2019.0
54962061700.0,,Khademian,male,Natural Sciences,10.1029/2019JB017308,2020.0
57198825890.0,Hui,Yang,female,Natural Sciences,10.1103/PhysRevB.88.115122,2013.0
57198825890.0,Hui,Yang,female,Natural Sciences,10.1103/PhysRevB.88.115122,2013.0
57198825890.0,,Yang,female,Natural Sciences,10.1103/PhysRevB.88.134502,2013.0
57198825890.0,,Yang,female,Natural Sciences,10.1103/PhysRevB.88.134502,2013.0
55895237200.0,Patrycja,Ziȩba,female,Natural Sciences,10.1002/pssa.201300094,2013.0
55895237200.0,,Zieba,female,Natural Sciences,10.1002/pssa.201431242,2014.0
55895237200.0,,Zieba,female,Natural Sciences,10.1021/jp5003947,2014.0
55895237200.0,Patrycja,Zięba,female,Natural Sciences,10.1007/s10534-015-9828-x,2015.0
55895237200.0,,Zięba,female,Natural Sciences,10.1016/j.optmat.2014.12.014,2015.0
55895237200.0,,Zięba,female,Natural Sciences,10.1016/j.jelechem.2015.08.006,2015.0
55895237200.0,,Zieba,female,Natural Sciences,10.1002/elan.201500528,2016.0
57191529587.0,Bingqing,Zhao,female,Natural Sciences,10.1021/acs.chemmater.6b03333,2016.0
57191529587.0,Bingqing,Zhao,female,Natural Sciences,10.1021/acs.chemmater.6b03333,2016.0
57191529587.0,Bingqing,Zhao,female,Natural Sciences,10.1021/acs.inorgchem.6b02278,2016.0
57191529587.0,Bingqing,Zhao,female,Natural Sciences,10.1021/acs.cgd.7b00726,2017.0
57191529587.0,Bingqing,Zhao,female,Natural Sciences,10.1002/anie.201609876,2017.0
57191529587.0,Bingqing,Zhao,female,Natural Sciences,10.1002/anie.201609876,2017.0
57191529587.0,Bingqing,Zhao,female,Natural Sciences,10.1039/c7tc03000b,2017.0
57191529587.0,Bingqing,Zhao,female,Natural Sciences,10.1016/j.inoche.2016.11.026,2017.0
57191529587.0,Bingqing,Zhao,female,Natural Sciences,10.1016/j.inoche.2016.11.026,2017.0
57191529587.0,Bingqing,Zhao,female,Natural Sciences,10.1021/acs.cgd.7b01594,2018.0
57191529587.0,Bingqing,Zhao,female,Natural Sciences,10.1021/acs.cgd.7b01594,2018.0
57191529587.0,Bingqing,Zhao,female,Natural Sciences,10.1021/acs.cgd.8b01054,2018.0
57191529587.0,Bingqing,Zhao,female,Natural Sciences,10.1021/acs.cgd.8b01054,2018.0
57191529587.0,Bingqing,Zhao,female,Natural Sciences,10.1002/chem.201802056,2018.0
57191529587.0,Bingqing,Zhao,female,Natural Sciences,10.1002/chem.201802056,2018.0
56238999500.0,Joseph,Myers,male,Natural Sciences,10.3934/ipi.2012.6.465,2012.0
56016332600.0,Michael D.,Stubblefield,male,Medical and Health Sciences,10.1053/j.seminoncol.2013.09.008,2013.0
56016332600.0,Michael D.,Stubblefield,male,Medical and Health Sciences,10.1016/j.pmrj.2013.08.605,2014.0
56016332600.0,Michael D.,Stubblefield,male,Medical and Health Sciences,10.3322/caac.21343,2016.0
56016332600.0,Michael D.,Stubblefield,male,Medical and Health Sciences,10.1016/j.pmr.2016.08.003,2017.0
56016332600.0,Michael D.,Stubblefield,male,Medical and Health Sciences,10.1016/j.pmrj.2017.05.010,2017.0
56016332600.0,Michael D.,Stubblefield,male,Medical and Health Sciences,10.3171/2016.11.FOCUS16348,2017.0
56016332600.0,Michael D.,Stubblefield,male,Medical and Health Sciences,10.1080/10790268.2016.1173321,2017.0
56016332600.0,Michael D.,Stubblefield,male,Medical and Health Sciences,10.1080/10790268.2016.1173321,2017.0
56016332600.0,Michael Dean,Stubblefield,male,Medical and Health Sciences,10.1002/mus.25778,2017.0
56016332600.0,Michael Dean,Stubblefield,male,Medical and Health Sciences,10.1016/j.apmr.2017.06.034,2018.0
56016332600.0,Michael D.,Stubblefield,male,Medical and Health Sciences,10.1002/pmrj.12010,2019.0
56016332600.0,Michael D.,Stubblefield,male,Medical and Health Sciences,10.1016/j.mcna.2019.10.004,2020.0
56016332600.0,Michael D.,Stubblefield,male,Medical and Health Sciences,10.1016/j.mcna.2019.10.005,2020.0
56016332600.0,Michael D.,Stubblefield,male,Medical and Health Sciences,10.1016/j.soncn.2019.150982,2020.0
57216106327.0,Yi,Hua,male,Engineering and Technology,10.1016/j.intermet.2012.04.017,2012.0
57206524607.0,Yoshiaki,Yogo,male,Engineering and Technology,10.1016/j.jmbbm.2016.02.032,2016.0
56915110900.0,Chunlin,Hu,female,Natural Sciences,10.1039/c5ra12009h,2015.0
56915110900.0,Chunlin,Hu,female,Natural Sciences,10.1007/s10853-016-9743-8,2016.0
56915110900.0,Chunlin,Hu,female,Natural Sciences,10.1021/acs.langmuir.7b01316,2017.0
56915110900.0,Chunlin,Hu,female,Natural Sciences,10.1021/acsomega.8b02537,2019.0
54420440900.0,Bianca,Kollmann,female,Medical and Health Sciences,10.1016/j.pneurobio.2011.11.007,2012.0
54420440900.0,Bianca,Kollmann,female,Medical and Health Sciences,10.1016/j.jad.2015.02.018,2015.0
54420440900.0,Bianca,Kollmann,female,Medical and Health Sciences,10.1016/j.jad.2015.12.019,2016.0
54420440900.0,Bianca,Kollmann,female,Medical and Health Sciences,10.1016/j.jad.2017.04.044,2017.0
54420440900.0,Bianca,Kollmann,female,Medical and Health Sciences,10.1016/j.jad.2017.04.044,2017.0
54420440900.0,Bianca,Kollmann,female,Medical and Health Sciences,10.1016/j.jad.2017.04.044,2017.0
54420440900.0,Bianca,Kollmann,female,Medical and Health Sciences,10.1186/s13063-018-2688-2,2018.0
54420440900.0,Bianca,Kollmann,female,Medical and Health Sciences,10.1016/j.neuropharm.2019.03.028,2019.0
54420440900.0,Bianca,Kollmann,female,Medical and Health Sciences,10.1016/j.neuropharm.2019.03.028,2019.0
57194391398.0,Dengfeng,Qi,male,Natural Sciences,10.2135/cropsci2013.03.0199,2014.0
57194391398.0,Dengfeng,Qi,male,Natural Sciences,10.16420/j.issn.0513-353x.2016-0598,2017.0
57194391398.0,Dengfeng,Qi,male,Natural Sciences,10.3389/fmicb.2017.02704,2018.0
57194391398.0,Dengfeng,Qi,male,Natural Sciences,10.1186/s12866-019-1531-6,2019.0
57194391398.0,Deng-Feng,Qi,male,Natural Sciences,10.1038/s41598-019-49083-3,2019.0
57194391398.0,Dengfeng,Qi,male,Natural Sciences,10.3389/fmicb.2019.01390,2019.0
57194391398.0,Dengfeng,Qi,male,Natural Sciences,10.1007/s12041-019-1127-9,2019.0
55341294700.0,Eulália Henriques,Maimone,female,Social Sciences,10.1590/S1413-85572012000100011,2012.0
56701986400.0,Beatriz,Martinez,female,Medical and Health Sciences,10.12968/ijtr.2013.20.5.260,2013.0
56701986400.0,Beatriz Bertolaccini,Martínez,female,Medical and Health Sciences,10.1590/1516-3180.2014.1321606,2014.0
56701986400.0,Beatriz Bertolaccini,Martinez,female,Medical and Health Sciences,10.1097/PHM.0000000000000042,2014.0
56701986400.0,Beatriz Bertolaccini,Martinez,female,Medical and Health Sciences,10.1590/S0102-865020150060000005,2015.0
56701986400.0,Beatriz Bertolaccini,Martinez,female,Medical and Health Sciences,10.1590/S0102-865020150070000007,2015.0
56701986400.0,Beatriz Bertolaccini,Martínez,female,Medical and Health Sciences,10.1590/S0102-865020160100000001,2016.0
56701986400.0,Beatriz Bertolaccini,Martinez,female,Medical and Health Sciences,10.12968/ijtr.2016.23.3.108,2016.0
55312498700.0,Aishat Abidemi,Abass,female,Medical and Health Sciences,10.3329/bjp.v7i1.10120,2012.0
55312498700.0,Abidemi A,Abass,female,Medical and Health Sciences,10.1080/02571862.2013.811300,2013.0
57200342144.0,Meena Kumari Kamal,Kishore,female,Medical and Health Sciences,10.7860/JCDR/2015/11798.5895,2015.0
57201880628.0,,Bartlomiejczyk,male,Medical and Health Sciences,10.1111/cei.12416,2014.0
57201880628.0,Marcin A.,Bartłomiejczyk,male,Medical and Health Sciences,10.1111/pedi.12783,2018.0
57201880628.0,Marcin A.,Bartłomiejczyk,male,Medical and Health Sciences,10.1111/pedi.12783,2018.0
57201880628.0,Marcin A.,Bartłomiejczyk,male,Medical and Health Sciences,10.3390/nu11102323,2019.0
57201880628.0,Marcin A.,Bartłomiejczyk,male,Medical and Health Sciences,10.3390/nu11102323,2019.0
57201880628.0,Marcin Adam,Bartlomiejczyk,male,Medical and Health Sciences,10.1002/1878-0261.12476,2019.0
57201880628.0,Marcin Adam,Bartlomiejczyk,male,Medical and Health Sciences,10.1007/s12170-019-0597-x,2019.0
55907593800.0,Bin,Huang,male,Natural Sciences,10.1021/jp403156m,2013.0
55907593800.0,Bin,Huang,male,Natural Sciences,10.1021/jp403156m,2013.0
55907593800.0,Bin,Huang,male,Natural Sciences,10.1073/pnas.1416745111,2014.0
55907593800.0,Bin,Huang,male,Natural Sciences,10.1073/pnas.1416745111,2014.0
55907593800.0,Bin,Huang,male,Natural Sciences,10.1098/rsif.2014.0962,2014.0
55907593800.0,Bin,Huang,male,Natural Sciences,10.1098/rsif.2014.0962,2014.0
55907593800.0,Bin,Huang,male,Natural Sciences,10.1038/srep06449,2014.0
55907593800.0,Bin,Huang,male,Natural Sciences,10.1038/srep06449,2014.0
55907593800.0,Bin,Huang,male,Natural Sciences,10.1038/srep17379,2015.0
55907593800.0,Bin,Huang,male,Natural Sciences,10.1038/srep17379,2015.0
55907593800.0,Bin,Huang,male,Natural Sciences,10.3389/fonc.2015.00155,2015.0
55907593800.0,Bin,Huang,male,Natural Sciences,10.3389/fonc.2015.00155,2015.0
55907593800.0,Bin,Huang,male,Natural Sciences,10.1103/PhysRevE.94.032408,2016.0
55907593800.0,Bin,Huang,male,Natural Sciences,10.1371/journal.pcbi.1005456,2017.0
55907593800.0,Bin,Huang,male,Natural Sciences,10.1371/journal.pcbi.1005456,2017.0
55907593800.0,Bin,Huang,male,Natural Sciences,10.1186/s12918-018-0594-6,2018.0
57216347913.0,Menghua,Lin,male,Agricultural Sciences,10.1016/j.compag.2016.09.018,2016.0
57213028689.0,Sudhanshu,Jain,male,Natural Sciences,10.1016/j.ijhydene.2013.01.027,2013.0
56848059800.0,Suneil,Kapur,male,Medical and Health Sciences,10.2310/7750.2014.14028,2015.0
56848059800.0,Suneil,Kapur,male,Medical and Health Sciences,10.1136/bmjopen-2017-016619,2017.0
56677065900.0,Chunmei,Zhou,female,Medical and Health Sciences,10.1007/s10753-015-0181-6,2015.0
57209066494.0,Kübra,Yildiz,female,Natural Sciences,10.3906/biy-1408-40,2015.0
56678128300.0,Jun,Wang,male,Agricultural Sciences,10.16472/j.chinatobacco.2014.004,2015.0
56678128300.0,Jun,Wang,male,Agricultural Sciences,10.16135/j.issn1002-0861.2015.0630,2016.0
56678128300.0,Jun,Wang,male,Agricultural Sciences,10.16472/j.chinatobacco.2015.298,2016.0
56678128300.0,Jun,Wang,male,Agricultural Sciences,10.1155/2017/6135215,2017.0
56678128300.0,Jun,Wang,male,Agricultural Sciences,10.1155/2017/6135215,2017.0
56678128300.0,Jun,Wang,male,Agricultural Sciences,10.16472/j.chinatobacco.2016.265,2017.0
56678128300.0,Jun,Wang,male,Agricultural Sciences,10.16472/j.chinatobacco.2016.437,2017.0
56678128300.0,Jun,Wang,male,Agricultural Sciences,10.16472/j.chinatobacco.2017.134,2017.0
56678128300.0,Jun,Wang,male,Agricultural Sciences,10.16472/j.chinatobacco.2016.405,2017.0
56678128300.0,Jun,Wang,male,Agricultural Sciences,10.16135/j.issn1002-0861.2018.0007,2018.0
56678128300.0,Jun,Wang,male,Agricultural Sciences,10.16135/j.issn1002-0861.2017.0426,2018.0
56678128300.0,Jun,Wang,male,Agricultural Sciences,10.16472/j.chinatobacco.2017.127,2018.0
56678128300.0,Jun,Wang,male,Agricultural Sciences,10.16135/j.issn1002-0861.2018.0012,2018.0
56678128300.0,Jun,Wang,male,Agricultural Sciences,10.16472/j.chinatobacco.2018.165,2019.0
57188558503.0,Fangfang,Zhang,female,Medical and Health Sciences,10.7150/ijms.14152,2016.0
57188558503.0,Fang-Fang,Zhang,female,Medical and Health Sciences,10.1007/s00262-016-1827-4,2016.0
57188558503.0,Fangfang,Zhang,female,Medical and Health Sciences,10.1016/j.vaccine.2016.04.045,2016.0
57188558503.0,Fang-Fang,Zhang,female,Medical and Health Sciences,10.1016/j.vaccine.2016.07.054,2016.0
57188558503.0,Fang-Fang,Zhang,female,Medical and Health Sciences,10.1016/j.cellimm.2016.08.006,2016.0
57188558503.0,Fang-Fang,Zhang,female,Medical and Health Sciences,10.1080/08923973.2016.1269337,2017.0
57188558503.0,,Zhang,female,Medical and Health Sciences,10.1111/sji.12633,2018.0
56148998700.0,Joe,Dawson,male,Natural Sciences,10.1021/ic500089b,2014.0
56148998700.0,Joe,Dawson,male,Natural Sciences,10.1021/acs.inorgchem.5b01744,2016.0
56087966100.0,,Abdulfatah,female,Medical and Health Sciences,10.1016/j.ygyno.2014.01.013,2014.0
56087966100.0,Eman,Abdulfatah,female,Medical and Health Sciences,10.1097/PAS.0000000000000361,2015.0
56087966100.0,Eman,Abdulfatah,female,Medical and Health Sciences,10.1016/j.ehpc.2015.10.003,2016.0
56087966100.0,Eman,Abdulfatah,female,Medical and Health Sciences,10.1016/j.ehpc.2016.01.001,2016.0
56087966100.0,Eman,Abdulfatah,female,Medical and Health Sciences,10.5858/arpa.2015-0220-OA,2016.0
56087966100.0,Eman,Abdulfatah,female,Medical and Health Sciences,10.1016/j.clgc.2016.11.004,2017.0
56087966100.0,Eman,Abdulfatah,female,Medical and Health Sciences,10.1097/IGC.0000000000001050,2017.0
56087966100.0,Eman,Abdulfatah,female,Medical and Health Sciences,10.1097/PGP.0000000000000355,2017.0
56087966100.0,Eman,Abdulfatah,female,Medical and Health Sciences,10.1097/PGP.0000000000000325,2017.0
56087966100.0,Eman,Abdulfatah,female,Medical and Health Sciences,10.1016/j.jtho.2017.04.026,2017.0
56087966100.0,Eman,Abdulfatah,female,Medical and Health Sciences,10.1002/jso.24801,2018.0
56087966100.0,Eman,Abdulfatah,female,Medical and Health Sciences,10.1016/j.cll.2018.02.007,2018.0
56087966100.0,Eman,Abdulfatah,female,Medical and Health Sciences,10.1186/s13058-018-1027-6,2018.0
56087966100.0,Eman,Abdulfatah,female,Medical and Health Sciences,10.2147/LCTT.S173724,2018.0
56087966100.0,Eman,Abdulfatah,female,Medical and Health Sciences,10.1016/j.eucr.2019.01.018,2019.0
56087966100.0,Eman,Abdulfatah,female,Medical and Health Sciences,10.1016/j.ygyno.2019.06.012,2019.0
56087966100.0,Eman,Abdulfatah,female,Medical and Health Sciences,10.1097/PGP.0000000000000497,2019.0
56175372800.0,Prathima P.,Reddy,female,Natural Sciences,10.2118/154222-PA,2014.0
56175372800.0,Prathima P.,Reddy,female,Natural Sciences,10.1021/ie503674m,2015.0
56175372800.0,Prathima P.,Reddy,female,Natural Sciences,10.1021/acs.jced.6b00135,2016.0
56175372800.0,Prathima P.,Reddy,female,Natural Sciences,10.1016/j.jcis.2016.02.028,2016.0
56175372800.0,Prathima P.,Reddy,female,Natural Sciences,10.1016/j.jcis.2018.03.037,2018.0
56294609900.0,,Singh,male,Engineering and Technology,10.1111/j.1747-1567.2012.00808.x,2014.0
56294609900.0,Gurmeet,Singh,male,Engineering and Technology,10.1177/0954411915576945,2015.0
56294609900.0,Gurmeet,Singh,male,Engineering and Technology,10.1177/1350650114556399,2015.0
56294609900.0,Gurmeet,Singh,male,Engineering and Technology,10.1016/j.jmbbm.2016.05.015,2016.0
56294609900.0,Gurmeet,Singh,male,Engineering and Technology,10.1504/IJMMM.2016.077708,2016.0
56294609900.0,Gurmeet,Singh,male,Engineering and Technology,10.1177/0954411917735129,2017.0
56294609900.0,Gurmeet,Singh,male,Engineering and Technology,,2018.0
56294609900.0,Gurmeet,Singh,male,Engineering and Technology,10.1177/0954411918794983,2018.0
57212730707.0,Tiffany M.,Williams,female,Natural Sciences,10.1371/journal.pone.0026742,2012.0
56579487500.0,Chuying,Wang,female,Medical and Health Sciences,10.3892/or.2015.4194,2015.0
56579487500.0,Chuying,Wang,female,Medical and Health Sciences,10.3892/or.2016.4711,2016.0
56579487500.0,Chuying,Wang,female,Medical and Health Sciences,10.3892/mmr.2016.5170,2016.0
56579487500.0,Chuying,Wang,female,Medical and Health Sciences,10.2147/OTT.S115054,2016.0
56579487500.0,Chuying,Wang,female,Medical and Health Sciences,10.18632/oncotarget.16404,2017.0
56579487500.0,Chuying,Wang,female,Medical and Health Sciences,10.1186/s13058-018-0996-9,2018.0
56579487500.0,Chuying,Wang,female,Medical and Health Sciences,10.1186/s13058-018-0996-9,2018.0
56579487500.0,,Wang,female,Medical and Health Sciences,10.1093/annonc/mdy151.034,2018.0
56579487500.0,Chuying,Wang,female,Medical and Health Sciences,,2019.0
56579487500.0,Chuying,Wang,female,Medical and Health Sciences,10.7150/jca.32765,2020.0
55632742300.0,Binghai,Chen,male,Medical and Health Sciences,10.3892/ol.2012.732,2012.0
55632742300.0,Binghai,Chen,male,Medical and Health Sciences,10.1007/s11670-012-0264-y,2012.0
55632742300.0,Binghai,Chen,male,Medical and Health Sciences,10.6061/clinics/2013(06)17,2013.0
55632742300.0,Binghai,Chen,male,Medical and Health Sciences,10.6061/clinics/2013(06)17,2013.0
55632742300.0,Binghai,Chen,male,Medical and Health Sciences,10.1179/1973947813Y.0000000092,2013.0
55632742300.0,Binghai,Chen,male,Medical and Health Sciences,10.1179/1973947813Y.0000000092,2013.0
55632742300.0,Binghai,Chen,male,Medical and Health Sciences,10.3969/j.issn.1672-7347.2013.11.009,2013.0
55632742300.0,Binghai,Chen,male,Medical and Health Sciences,10.5114/aoms.2015.50966,2015.0
55632742300.0,Binghai,Chen,male,Medical and Health Sciences,10.11817/j.issn.1672-7347.2015.10.001,2015.0
55632742300.0,Binghai,Chen,male,Medical and Health Sciences,10.18632/oncotarget.7828,2016.0
55632742300.0,Binghai,Chen,male,Medical and Health Sciences,10.18632/oncotarget.7828,2016.0
55632742300.0,Bing-Hai,Chen,male,Medical and Health Sciences,,2017.0
55632742300.0,Binghai,Chen,male,Medical and Health Sciences,10.1038/s41598-018-19327-9,2018.0
55632742300.0,Binghai,Chen,male,Medical and Health Sciences,10.3892/ol.2018.8665,2018.0
55632742300.0,Binghai,Chen,male,Medical and Health Sciences,10.2217/fon-2017-0561,2018.0
55632742300.0,Binghai,Chen,male,Medical and Health Sciences,10.11817/j.issn.1672-7347.2018.08.005,2018.0
55632742300.0,Binghai,Chen,male,Medical and Health Sciences,10.1186/s12935-018-0652-6,2018.0
55632742300.0,Binghai,Chen,male,Medical and Health Sciences,10.1097/MD.0000000000013573,2018.0
55632742300.0,Bing-hai,Chen,male,Medical and Health Sciences,10.1038/s41419-019-1728-5,2019.0
55632742300.0,Binghai,Chen,male,Medical and Health Sciences,10.3892/mmr.2019.9834,2019.0
55632742300.0,Binghai,Chen,male,Medical and Health Sciences,10.1096/fj.201802536RR,2019.0
55632742300.0,Binghai,Chen,male,Medical and Health Sciences,10.3892/ol.2019.10527,2019.0
55607793700.0,Haiqin,Huang,female,Medical and Health Sciences,10.1016/j.ijpharm.2013.01.039,2013.0
55607793700.0,Haiqin,Huang,female,Medical and Health Sciences,10.1002/adhm.201900911,2019.0
55607793700.0,Haiqin,Huang,female,Medical and Health Sciences,10.1016/j.jsps.2019.08.001,2019.0
55607793700.0,Haiqin,Huang,female,Medical and Health Sciences,10.1039/c9bm01822k,2020.0
55607793700.0,Haiqin,Huang,female,Medical and Health Sciences,10.1039/d0nr00547a,2020.0
37051045200.0,Bing,Li,male,Medical and Health Sciences,10.1093/jjco/hyw046,2016.0
37051045200.0,Bing,Li,male,Medical and Health Sciences,10.1093/jjco/hyw046,2016.0
37051045200.0,Bing,Li,male,Medical and Health Sciences,10.1186/s12957-018-1423-5,2018.0
37051045200.0,Bing,Li,male,Medical and Health Sciences,10.5301/tj.5000706,2018.0
37051045200.0,Bing,Li,male,Medical and Health Sciences,10.1155/2019/7246491,2019.0
55835759300.0,,Gao,male,Natural Sciences,10.1080/15567036.2011.592921,2012.0
55835759300.0,Xuemei,Gao,male,Natural Sciences,,2013.0
55835759300.0,Xuemei,Gao,male,Natural Sciences,10.1002/app.37727,2013.0
55835759300.0,Xuemei,Gao,male,Natural Sciences,10.1002/app.39283,2013.0
57199822654.0,Jun,Ni,male,Engineering and Technology,10.15918/j.tbit1001-0645.2016.11.007,2016.0
57199822654.0,Jun,Ni,male,Engineering and Technology,10.1080/00423114.2016.1169303,2016.0
57199822654.0,Jun,Ni,male,Engineering and Technology,10.1177/0954407015589525,2016.0
57199822654.0,Jun,Ni,male,Engineering and Technology,10.1177/0954407016652760,2017.0
57199822654.0,Jun,Ni,male,Engineering and Technology,10.1109/TVT.2017.2723418,2017.0
57199822654.0,Jun,Ni,male,Engineering and Technology,10.1016/j.ymssp.2016.12.017,2017.0
57199822654.0,Jun,Ni,male,Engineering and Technology,10.1016/j.conengprac.2017.04.011,2017.0
57199822654.0,Jun,Ni,male,Engineering and Technology,10.1007/s12239-018-0063-7,2018.0
57199822654.0,Jun,Ni,male,Engineering and Technology,10.1016/j.ifacol.2018.10.137,2018.0
57199822654.0,Jun,Ni,male,Engineering and Technology,10.1049/iet-its.2018.5078,2019.0
57199822654.0,Jun,Ni,male,Engineering and Technology,10.1016/j.ymssp.2019.02.059,2019.0
57199822654.0,Jun,Ni,male,Engineering and Technology,10.1109/TITS.2018.2824346,2019.0
57199822654.0,Jun,Ni,male,Engineering and Technology,10.1109/TMECH.2019.2892489,2019.0
57199822654.0,Jun,Ni,male,Engineering and Technology,10.1109/TVT.2019.2911862,2019.0
57191545389.0,Zhiqiang,Zhang,male,Natural Sciences,10.1016/j.ijrmhm.2016.09.005,2016.0
57191545389.0,Zhiqiang,Zhang,male,Natural Sciences,10.1021/acsami.9b16782,2019.0
57191545389.0,Zhiqiang,Zhang,male,Natural Sciences,10.1021/acsami.9b16782,2019.0
57191545389.0,Zhi-qiang,Zhang,male,Natural Sciences,10.1016/j.surfcoat.2018.12.061,2019.0
57191545389.0,Zhi-qiang,Zhang,male,Natural Sciences,10.1016/j.apsusc.2019.05.105,2019.0
57191545389.0,Zhi-Qiang,Zhang,male,Natural Sciences,10.1016/j.apsusc.2019.144645,2020.0
57202584091.0,Qian,Cheng,male,Natural Sciences,10.1021/nl4030374,2013.0
57202584091.0,Qian,Cheng,male,Natural Sciences,10.1002/cssc.201200588,2013.0
57202584091.0,Qian,Cheng,male,Natural Sciences,10.1038/ncomms4140,2014.0
57202584091.0,Qian,Cheng,male,Natural Sciences,10.1002/celc.201300046,2014.0
57202584091.0,Qian,Cheng,male,Natural Sciences,10.1002/advs.201500057,2015.0
57202584091.0,Qian,Cheng,male,Natural Sciences,10.1016/j.apcatb.2015.04.047,2015.0
57202584091.0,Qian,Cheng,male,Natural Sciences,10.1039/c5ta09069e,2016.0
57202584091.0,Qian,Cheng,male,Natural Sciences,10.1021/acsami.7b01274,2017.0
57202584091.0,Qian,Cheng,male,Natural Sciences,10.1002/adma.201702156,2017.0
57202584091.0,Qian,Cheng,male,Natural Sciences,10.1021/acsami.7b03806,2017.0
57202584091.0,Qian,Cheng,male,Natural Sciences,10.1021/acs.langmuir.7b00621,2017.0
57202584091.0,Qian,Cheng,male,Natural Sciences,10.1021/acs.nanolett.7b04131,2017.0
57202584091.0,Qian,Cheng,male,Natural Sciences,10.1021/acs.nanolett.7b00715,2017.0
57202584091.0,Qian,Cheng,male,Natural Sciences,10.1557/jmr.2018.165,2018.0
57202584091.0,Qian,Cheng,male,Natural Sciences,10.1038/s41467-018-05289-z,2018.0
57202584091.0,Qian,Cheng,male,Natural Sciences,10.1016/j.nanoen.2017.12.036,2018.0
57202584091.0,Qian,Cheng,male,Natural Sciences,10.1002/adma.201704947,2018.0
57202584091.0,Qian,Cheng,male,Natural Sciences,10.1021/acs.nanolett.8b01421,2018.0
57202584091.0,Qian,Cheng,male,Natural Sciences,10.11896/j.issn.1005-023X.2018.20.030,2018.0
57202584091.0,Qian,Cheng,male,Natural Sciences,10.1021/acsaem.7b00084,2018.0
57202584091.0,Qian,Cheng,male,Natural Sciences,10.1016/j.nanoen.2019.03.051,2019.0
57202584091.0,Qian,Cheng,male,Natural Sciences,10.1016/j.ensm.2018.11.035,2019.0
57202584091.0,Qian,Cheng,male,Natural Sciences,10.1016/j.ensm.2018.11.019,2019.0
57202584091.0,Qian,Cheng,male,Natural Sciences,10.1002/aenm.201802998,2019.0
57202584091.0,Qian,Cheng,male,Natural Sciences,10.1002/anie.201812611,2019.0
57202584091.0,Qian,Cheng,male,Natural Sciences,10.1016/j.joule.2019.03.022,2019.0
57202584091.0,Qian,Cheng,male,Natural Sciences,10.1016/j.hydromet.2019.01.003,2019.0
57202584091.0,Qian,Cheng,male,Natural Sciences,10.1021/acsami.8b18149,2019.0
57202584091.0,Qian,Cheng,male,Natural Sciences,10.1021/acsami.9b04932,2019.0
57202584091.0,Qian,Cheng,male,Natural Sciences,10.1021/acsaem.9b01112,2019.0
57202584091.0,Qian,Cheng,male,Natural Sciences,10.1016/j.nanoen.2020.104655,2020.0
57202584091.0,Qian,Cheng,male,Natural Sciences,10.1002/adma.201905517,2020.0
57202584091.0,Qian,Cheng,male,Natural Sciences,10.1016/j.ensm.2020.03.031,2020.0
57202584091.0,Qian,Cheng,male,Natural Sciences,10.1016/j.nanoen.2019.104242,2020.0
57210579871.0,Lorraine,Poncet,female,Medical and Health Sciences,10.1097/CEJ.0000000000000208,2016.0
57210579871.0,Lorraine,Poncet,female,Medical and Health Sciences,10.1097/CEJ.0000000000000208,2016.0
57210579871.0,Lorraine,Poncet,female,Medical and Health Sciences,10.1097/CEJ.0000000000000208,2016.0
57210579871.0,Lorraine,Poncet,female,Medical and Health Sciences,10.1186/s12875-019-1004-x,2019.0
57210579871.0,Lorraine,Poncet,female,Medical and Health Sciences,10.1186/s12875-019-1004-x,2019.0
49962488100.0,Steven,Tudor,male,Natural Sciences,10.1007/s11032-011-9628-0,2012.0
56019372000.0,Min,Cao,male,Natural Sciences,10.1007/s12665-014-3073-4,2014.0
56019372000.0,Min,Cao,male,Natural Sciences,10.1007/s10040-018-1729-y,2018.0
56019372000.0,Min,Cao,male,Natural Sciences,10.1016/j.chemgeo.2019.119331,2019.0
56019372000.0,Min,Cao,male,Natural Sciences,10.1016/j.quascirev.2019.105973,2019.0
56019372000.0,Min,Cao,male,Natural Sciences,10.1016/j.quascirev.2019.105973,2019.0
56019372000.0,Min,Cao,male,Natural Sciences,10.1016/j.jhydrol.2020.124895,2020.0
56019372000.0,Min,Cao,male,Natural Sciences,10.1016/j.jhydrol.2020.124891,2020.0
56019372000.0,Min,Cao,male,Natural Sciences,10.1016/j.catena.2019.104280,2020.0
56019372000.0,Min,Cao,male,Natural Sciences,10.1016/j.scitotenv.2020.138255,2020.0
57210401545.0,Bing,Qi,male,Agricultural Sciences,10.3969/j.issn.1002-6819.2012.03.049,2012.0
56263163400.0,Majid,Naseri,male,Engineering and Technology,10.1016/j.matdes.2014.03.027,2014.0
56263163400.0,Majid,Naseri,male,Engineering and Technology,10.1016/j.ceramint.2015.07.137,2015.0
56263163400.0,Majid,Naseri,male,Engineering and Technology,10.1016/j.ceramint.2014.11.079,2015.0
56263163400.0,,Naseri,male,Engineering and Technology,10.1016/j.jmapro.2016.08.008,2016.0
56263163400.0,,Naseri,male,Engineering and Technology,10.1016/j.msea.2016.01.020,2016.0
56263163400.0,,Naseri,male,Engineering and Technology,10.1016/j.matdes.2015.10.088,2016.0
56263163400.0,,Naseri,male,Engineering and Technology,10.1016/j.msea.2016.07.031,2016.0
56263163400.0,,Naseri,male,Engineering and Technology,10.1016/j.jmapro.2016.03.006,2016.0
56263163400.0,Majid,Naseri,male,Engineering and Technology,10.1007/s11665-016-2352-5,2016.0
56263163400.0,Majid,Naseri,male,Engineering and Technology,10.1007/s11661-016-3933-5,2017.0
56263163400.0,,Naseri,male,Engineering and Technology,10.1016/j.jallcom.2017.06.302,2017.0
56263163400.0,,Naseri,male,Engineering and Technology,10.1016/j.jallcom.2017.04.117,2017.0
56263163400.0,,Naseri,male,Engineering and Technology,10.22068/ijmse.15.1.40,2018.0
56263163400.0,Majid,Naseri,male,Engineering and Technology,10.1007/s11665-018-3447-y,2018.0
56263163400.0,Majid,Naseri,male,Engineering and Technology,10.1016/j.corsci.2017.11.016,2018.0
56263163400.0,,Naseri,male,Engineering and Technology,10.22068/ijmse.15.1.53,2018.0
56263163400.0,,Naseri,male,Engineering and Technology,10.1088/2053-1591/aacf36,2018.0
56263163400.0,,Naseri,male,Engineering and Technology,10.1088/2053-1591/aae0c1,2018.0
56263163400.0,Majid,Naseri,male,Engineering and Technology,,2019.0
56263163400.0,,Naseri,male,Engineering and Technology,10.1007/s10853-018-2820-4,2019.0
57197877871.0,Jian,Feng,male,Natural Sciences,10.1088/0253-6102/60/2/13,2013.0
55859177100.0,Junhui,Chen,male,Natural Sciences,10.1155/2013/970435,2013.0
55859177100.0,Junhui,Chen,male,Natural Sciences,10.1155/2014/760397,2014.0
55859177100.0,Junhui,Chen,male,Natural Sciences,10.1371/journal.pone.0126736,2015.0
55917471800.0,Liyan,Wu,female,Natural Sciences,10.1038/nature12622,2013.0
55917471800.0,Liyan,Wu,female,Natural Sciences,10.1103/PhysRevB.96.054117,2017.0
55917471800.0,Liyan,Wu,female,Natural Sciences,10.1111/jace.16307,2019.0
55917471800.0,Liyan,Wu,female,Natural Sciences,10.1039/c8nr07140c,2019.0
55917471800.0,Liyan,Wu,female,Natural Sciences,10.1021/acs.chemmater.9b00996,2019.0
57216139547.0,Alexander,Lam,male,Medical and Health Sciences,10.1097/ICO.0b013e318285cab9,2013.0
56567913100.0,,Liu,female,Natural Sciences,10.4238/2015.December.16.24,2015.0
56567913100.0,Jackie,Liu,female,Natural Sciences,10.1128/MCB.01263-14,2015.0
56567913100.0,Jackie,Liu,female,Natural Sciences,10.1128/MCB.01263-14,2015.0
56567913100.0,Jackie J.,Liu,female,Natural Sciences,10.1186/s13041-017-0290-2,2017.0
56567913100.0,Jackie J.,Liu,female,Natural Sciences,10.1186/s13041-017-0290-2,2017.0
56567913100.0,Jackie,Liu,female,Natural Sciences,10.1016/j.eplepsyres.2019.106190,2019.0
57203074231.0,Roban,Kramer,female,Natural Sciences,10.1111/j.1365-2966.2012.21131.x,2012.0
57203074231.0,Roban,Kramer,female,Natural Sciences,10.1051/0004-6361/201322068,2013.0
55861409200.0,Yan,Meng,male,Natural Sciences,10.1016/j.jmmm.2014.07.034,2014.0
57055455400.0,Emre,Başer,male,Medical and Health Sciences,10.1080/10641955.2016.1185113,2016.0
57055455400.0,Emre,Başer,male,Medical and Health Sciences,10.3109/14767058.2015.1130815,2016.0
57055455400.0,Emre,Başer,male,Medical and Health Sciences,10.12996/gmj.2016.08,2016.0
57055455400.0,Emre,Baser,male,Medical and Health Sciences,10.5603/GP.2016.0002,2016.0
57055455400.0,,Başer,male,Medical and Health Sciences,10.12891/ceog3612.2017,2017.0
57055455400.0,Emre,Baser,male,Medical and Health Sciences,10.1111/luts.12180,2018.0
57055455400.0,Emre,Başer,male,Medical and Health Sciences,10.4274/tjod.galenos.2019.29795,2019.0
57055455400.0,Emre,Baser,male,Medical and Health Sciences,10.5468/ogs.2019.62.4.273,2019.0
57055455400.0,Emre,Baser,male,Medical and Health Sciences,10.1080/15513815.2020.1716900,2020.0
55624075900.0,Chen,Yu,male,Medical and Health Sciences,10.1097/BSD.0b013e31828b2b59,2015.0
57212945934.0,Md. Muntakim,Sadik,male,Natural Sciences,10.1016/j.jnca.2016.06.011,2016.0
56052990600.0,,Vershinina,female,Natural Sciences,10.1134/S0012496613030137,2013.0
56052990600.0,Svetlana D.,Vershinina,female,Natural Sciences,10.1038/sdata.2015.18,2015.0
56052990600.0,Svetlana D.,Vershinina,female,Natural Sciences,10.1038/sdata.2015.18,2015.0
56052990600.0,,Vershinina,female,Natural Sciences,10.1134/S1067413617050149,2017.0
56052990600.0,,Vershinina,female,Natural Sciences,10.1134/S1062359018010144,2018.0
56052990600.0,,Vershinina,female,Natural Sciences,10.1134/S1067413618030116,2018.0
56052990600.0,,Vershinina,female,Natural Sciences,10.1134/S0031030118140198,2018.0
56052990600.0,,Vershinina,female,Natural Sciences,10.1134/S1022795419080179,2019.0
56730955100.0,Riccardo,Ceccantini,male,Medical and Health Sciences,10.1038/pr.2014.108,2014.0
56730955100.0,,Ceccantini,male,Medical and Health Sciences,10.1016/j.transci.2015.07.001,2015.0
56730955100.0,,Ceccantini,male,Medical and Health Sciences,10.1002/jca.21490,2017.0
56730955100.0,Riccardo,Ceccantini,male,Medical and Health Sciences,10.1186/s13287-018-0863-8,2018.0
57200017709.0,Jian,Wang,male,Natural Sciences,10.1016/S1001-0742(14)60624-0,2013.0
36523267000.0,Morgana,Medeiros,female,Medical and Health Sciences,10.1016/j.rbre.2014.04.001,2014.0
55180327200.0,Satoshi,Kawasaki,male,Engineering and Technology,10.1016/j.wear.2012.05.031,2012.0
55180327200.0,Satoshi,Kawasaki,male,Engineering and Technology,10.1299/kikaib.78.576,2012.0
55180327200.0,Satoshi,Kawasaki,male,Engineering and Technology,10.1115/1.4006470,2012.0
55180327200.0,Satoshi,Kawasaki,male,Engineering and Technology,10.1299/kikaib.78.588,2012.0
55180327200.0,Satoshi,Kawasaki,male,Engineering and Technology,10.1115/1.4023197,2013.0
55180327200.0,Satoshi,Kawasaki,male,Engineering and Technology,10.1115/1.4037989,2018.0
55180327200.0,Satoshi,Kawasaki,male,Engineering and Technology,10.1115/1.4037987,2018.0
36443479200.0,Ze,Cheng,male,Engineering and Technology,10.1155/2014/969361,2014.0
36443479200.0,Ze,Cheng,male,Engineering and Technology,,2014.0
36443479200.0,Ze,Cheng,male,Engineering and Technology,,2014.0
36443479200.0,Ze,Cheng,male,Engineering and Technology,10.1155/2014/348537,2014.0
36443479200.0,Ze,Cheng,male,Engineering and Technology,,2015.0
36443479200.0,Ze,Cheng,male,Engineering and Technology,,2016.0
36443479200.0,Ze,Cheng,male,Engineering and Technology,10.17559/TV-20150314130830,2016.0
36443479200.0,Ze,Cheng,male,Engineering and Technology,,2017.0
36443479200.0,Ze,Cheng,male,Engineering and Technology,10.19595/j.cnki.1000-6753.tces.160557,2017.0
36443479200.0,Ze,Cheng,male,Engineering and Technology,10.16339/j.cnki.hdxbzkb.2017.10.014,2017.0
36443479200.0,Ze,Cheng,male,Engineering and Technology,10.13335/j.1000-3673.pst.2016.0958,2017.0
36443479200.0,Ze,Cheng,male,Engineering and Technology,,2018.0
36443479200.0,Ze,Cheng,male,Engineering and Technology,10.13334/j.0258-8013.pcsee.170992,2018.0
36443479200.0,Ze,Cheng,male,Engineering and Technology,10.19595/j.cnki.1000-6753.tces.L80146,2018.0
36443479200.0,Ze,Cheng,male,Engineering and Technology,10.1007/s10586-018-1900-1,2019.0
36443479200.0,Ze,Cheng,male,Engineering and Technology,10.1016/j.jpowsour.2018.11.072,2019.0
36443479200.0,Ze,Cheng,male,Engineering and Technology,10.3390/app9102043,2019.0
54894462600.0,,López-Alonso,female,Medical and Health Sciences,10.1016/j.medin.2011.12.002,2012.0
54894462600.0,Inés,López-Alonso,female,Medical and Health Sciences,10.1371/journal.pone.0039940,2012.0
54894462600.0,Inés,López-Alonso,female,Medical and Health Sciences,10.1186/1465-9921-14-52,2013.0
54894462600.0,Inés,López-Alonso,female,Medical and Health Sciences,10.1152/ajplung.00422.2012,2013.0
54894462600.0,Inés,López-Alonso,female,Medical and Health Sciences,10.1152/ajplung.00422.2012,2013.0
54894462600.0,Inés,López-Alonso,female,Medical and Health Sciences,10.1164/rccm.201304-0691OC,2013.0
54894462600.0,Inés,López-Alonso,female,Medical and Health Sciences,10.1007/s00109-014-1132-7,2014.0
54894462600.0,Inés,López-Alonso,female,Medical and Health Sciences,10.1152/ajplung.00193.2015,2015.0
54894462600.0,Inés,López-Alonso,female,Medical and Health Sciences,10.1097/ALN.0000000000000946,2016.0
54894462600.0,Inés,López-Alonso,female,Medical and Health Sciences,10.1097/CCM.0000000000001613,2016.0
54894462600.0,Inés,López-Alonso,female,Medical and Health Sciences,10.1007/s00109-017-1510-z,2017.0
54894462600.0,Inés,López-Alonso,female,Medical and Health Sciences,10.1007/s00109-017-1510-z,2017.0
54894462600.0,Inés,López-Alonso,female,Medical and Health Sciences,10.1126/scitranslmed.aam7598,2018.0
54894462600.0,Inés,López-Alonso,female,Medical and Health Sciences,10.1126/scitranslmed.aam7598,2018.0
54894462600.0,Inés,López-Alonso,female,Medical and Health Sciences,10.1126/scitranslmed.aam7598,2018.0
54894462600.0,Inés,López-Alonso,female,Medical and Health Sciences,10.1126/scitranslmed.aam7598,2018.0
54894462600.0,Inés,López-Alonso,female,Medical and Health Sciences,10.1165/rcmb.2018-0101PS,2018.0
54894462600.0,Inés,López-Alonso,female,Medical and Health Sciences,10.1165/rcmb.2018-0101PS,2018.0
54894462600.0,Inés,López-Alonso,female,Medical and Health Sciences,10.1165/rcmb.2018-0101PS,2018.0
54894462600.0,Inés,López-Alonso,female,Medical and Health Sciences,10.1136/thoraxjnl-2017-210105,2018.0
54894462600.0,Inés,López-Alonso,female,Medical and Health Sciences,10.1136/thoraxjnl-2017-210105,2018.0
54894462600.0,Inés,López-Alonso,female,Medical and Health Sciences,10.1136/thoraxjnl-2017-210105,2018.0
54894462600.0,Ines,López-Alonso,female,Medical and Health Sciences,10.1097/CCM.0000000000003977,2019.0
54894462600.0,Ines,López-Alonso,female,Medical and Health Sciences,10.1097/CCM.0000000000003977,2019.0
54894462600.0,Ines,López-Alonso,female,Medical and Health Sciences,10.1097/CCM.0000000000003977,2019.0
56998853200.0,Jin shan,Wang,male,Natural Sciences,10.1016/j.jlumin.2016.06.063,2016.0
56998853200.0,Jinshan,Wang,male,Natural Sciences,10.1007/s10854-015-4165-y,2016.0
56998853200.0,Jin shan,Wang,male,Natural Sciences,10.1002/bio.3228,2017.0
56998853200.0,Jin-Shan,Wang,male,Natural Sciences,10.1002/bio.3363,2017.0
56998853200.0,Jin-shan,Wang,male,Natural Sciences,10.1016/j.jlumin.2018.06.067,2018.0
56998853200.0,Jin-shan,Wang,male,Natural Sciences,10.1016/j.optmat.2017.11.036,2018.0
56998853200.0,Jin-shan,Wang,male,Natural Sciences,10.1016/j.physb.2018.12.022,2019.0
56236019900.0,Takashi,Matsudaira,male,Medical and Health Sciences,10.1111/neup.12133,2014.0
56236019900.0,Takashi,Matsudaira,male,Medical and Health Sciences,10.3805/jjes.32.511,2015.0
56236019900.0,Takashi,Matsudaira,male,Medical and Health Sciences,10.1111/neup.12259,2016.0
56236019900.0,Takashi,Matsudaira,male,Medical and Health Sciences,10.1016/j.jneuroim.2016.07.003,2016.0
56236019900.0,Takashi,Matsudaira,male,Medical and Health Sciences,10.1016/j.seizure.2018.10.005,2018.0
56236019900.0,Takashi,Matsudaira,male,Medical and Health Sciences,10.1016/j.jocn.2020.04.010,2020.0
56236019900.0,Takashi,Matsudaira,male,Medical and Health Sciences,10.1186/s13550-020-00617-1,2020.0
56236019900.0,Takashi,Matsudaira,male,Medical and Health Sciences,10.1186/s13550-020-00617-1,2020.0
57194420787.0,Tetsuro,Nishimura,male,Medical and Health Sciences,10.1186/s40560-016-0128-5,2016.0
57194420787.0,Tetsuro,Nishimura,male,Medical and Health Sciences,10.1136/bmjopen-2016-015091,2017.0
57194420787.0,,Nishimura,male,Medical and Health Sciences,10.1007/s00068-016-0687-0,2017.0
57194420787.0,Tetsuro,Nishimura,male,Medical and Health Sciences,10.1186/s40560-017-0222-3,2017.0
57194420787.0,Tetsuro,Nishimura,male,Medical and Health Sciences,10.1186/s40560-017-0216-1,2017.0
57194420787.0,Tetsuro,Nishimura,male,Medical and Health Sciences,10.1016/j.amjcard.2017.10.005,2018.0
57194420787.0,Tetsuro,Nishimura,male,Medical and Health Sciences,10.1089/ther.2017.0053,2018.0
57194420787.0,Tetsuro,Nishimura,male,Medical and Health Sciences,10.1016/j.resuscitation.2018.10.004,2018.0
57194420787.0,Tetsuro,Nishimura,male,Medical and Health Sciences,10.1016/j.ajem.2019.01.025,2019.0
57194420787.0,Tetsuro,Nishimura,male,Medical and Health Sciences,10.1111/ggi.13779,2019.0
57194420787.0,Tetsuro,Nishimura,male,Medical and Health Sciences,10.1007/s00068-019-01123-3,2019.0
57194420787.0,Tetsuro,Nishimura,male,Medical and Health Sciences,10.1016/j.resuscitation.2019.07.002,2019.0
57194420787.0,Tetsuro,Nishimura,male,Medical and Health Sciences,10.1536/ihj.19-574,2020.0
57117368100.0,Cai,Zong,male,Medical and Health Sciences,10.1539/joh.15-0085-OA,2015.0
57117368100.0,Cai,Zong,male,Medical and Health Sciences,10.1539/joh.15-0085-OA,2015.0
57117368100.0,Cai,Zong,male,Medical and Health Sciences,10.1186/s12989-016-0166-0,2016.0
57117368100.0,Cai,Zong,male,Medical and Health Sciences,10.1016/j.toxlet.2016.07.006,2016.0
57117368100.0,Cai,Zong,male,Medical and Health Sciences,10.1016/j.toxlet.2016.07.006,2016.0
57117368100.0,Cai,Zong,male,Medical and Health Sciences,10.1039/c6tx00164e,2016.0
57117368100.0,Cai,Zong,male,Medical and Health Sciences,10.1039/c6tx00164e,2016.0
57117368100.0,Cai,Zong,male,Medical and Health Sciences,10.3390/ijms19041097,2018.0
57117368100.0,Cai,Zong,male,Medical and Health Sciences,10.1093/toxsci/kfx272,2018.0
57117368100.0,Cai,Zong,male,Medical and Health Sciences,10.1093/toxsci/kfx272,2018.0
57117368100.0,Cai,Zong,male,Medical and Health Sciences,10.1186/s12989-019-0328-y,2019.0
57117368100.0,Cai,Zong,male,Medical and Health Sciences,10.1007/s00204-019-02471-0,2019.0
57117368100.0,Cai,Zong,male,Medical and Health Sciences,10.1007/s00204-019-02484-9,2019.0
57117368100.0,Cai,Zong,male,Medical and Health Sciences,10.1093/toxsci/kfy280,2019.0
57204440907.0,Yaroslava,Butko,male,Medical and Health Sciences,10.12923/j.2084-980X/26.4/a.03,2013.0
57204440907.0,Ya,Butko,male,Medical and Health Sciences,,2018.0
57204440907.0,Yaroslavа,Butko,male,Medical and Health Sciences,,2018.0
57204440907.0,Yaroslava,Butko,male,Medical and Health Sciences,10.33263/BRIAC96.586590,2019.0
57204440907.0,Yaroslava O.,Butko,male,Medical and Health Sciences,10.5935/1676-2444.20200007,2020.0
54948311000.0,Xiaojun,Cao,female,Natural Sciences,10.1021/am3007577,2012.0
54948311000.0,Xiaojun,Cao,female,Natural Sciences,10.1021/jp209116u,2012.0
54948311000.0,Xiaojun,Cao,female,Natural Sciences,10.1021/am301161s,2012.0
54948311000.0,Xiaojun,Cao,female,Natural Sciences,10.1088/0957-4484/23/25/255702,2012.0
54948311000.0,Xiao-Jun,Cao,female,Natural Sciences,10.3724/SP.J.1105.2012.12147,2012.0
54948311000.0,Xiaojun,Cao,female,Natural Sciences,10.1021/jp304166t,2012.0
54948311000.0,Xiaojun,Cao,female,Natural Sciences,10.1039/c2nr31401k,2012.0
54948311000.0,Xiaojun,Cao,female,Natural Sciences,10.1016/j.carbpol.2012.11.058,2013.0
54948311000.0,Xiaojun,Cao,female,Natural Sciences,10.1021/ma401084y,2013.0
54948311000.0,Xiaojun,Cao,female,Natural Sciences,10.1021/ie401853k,2013.0
54948311000.0,Xiaojun,Cao,female,Natural Sciences,10.1007/s13233-013-1087-5,2013.0
54948311000.0,Xiaojun,Cao,female,Natural Sciences,10.1039/c3py00466j,2013.0
54948311000.0,Xiaojun,Cao,female,Natural Sciences,10.1021/jp412519g,2014.0
54948311000.0,Xiaojun,Cao,female,Natural Sciences,10.1021/ie5008147,2014.0
54948311000.0,Xiaojun,Cao,female,Natural Sciences,10.1002/pi.4618,2014.0
54948311000.0,Xiaojun,Cao,female,Natural Sciences,10.1021/acs.iecr.5b01478,2015.0
54948311000.0,Xiaojun,Cao,female,Natural Sciences,10.1002/macp.201500196,2015.0
54948311000.0,Xiaojun,Cao,female,Natural Sciences,10.1002/pi.5338,2017.0
54948311000.0,Xiaojun,Cao,female,Natural Sciences,10.1039/C8RA09193E,2019.0
56425155500.0,Isaac,Rodríguez,male,Natural Sciences,10.1007/s00216-015-8791-2,2015.0
56425155500.0,,Rodríguez,male,Natural Sciences,10.1016/j.chroma.2020.460963,2020.0
57195545859.0,Douglas,Holden,male,Medical and Health Sciences,10.1093/bja/aew316,2016.0
57216407797.0,Jae Hyun,Park,male,Medical and Health Sciences,10.1370/afm.1685,2014.0
56623138400.0,Taliya Yarullovna,Khabrieva,female,Social Sciences,10.1134/S1019331615020033,2015.0
56623138400.0,Taliya Yarullovna,Khabrieva,female,Social Sciences,10.1134/S1019331615020033,2015.0
56623138400.0,T. Ya.,Khabrieva,female,Social Sciences,10.1134/S1019331615030119,2015.0
56623138400.0,T. Ya.,Khabrieva,female,Social Sciences,10.1134/S1019331616040043,2016.0
56623138400.0,T. Ya.,Khabrieva,female,Social Sciences,10.1134/S1019331618010033,2018.0
56623138400.0,Talia Ya.,Khabrieva,female,Social Sciences,10.17150/2500-4255.2018.12(4).459-467,2018.0
56704239400.0,Qi,Cai,male,Natural Sciences,10.1007/s00289-013-0933-0,2013.0
56704239400.0,Qi,Cai,male,Natural Sciences,,2013.0
56704239400.0,Qi,Cai,male,Natural Sciences,10.3969/j.issn.1001-9731.2014.03.028,2014.0
56704239400.0,Qi,Cai,male,Natural Sciences,10.1177/8756087913508122,2014.0
56704239400.0,Qi,Cai,male,Natural Sciences,10.1002/app.40077,2014.0
56704239400.0,Qi,Cai,male,Natural Sciences,10.1007/s00289-014-1182-6,2014.0
56704239400.0,,Cai,male,Natural Sciences,10.1179/1743289814Y.0000000100,2014.0
56704239400.0,Qi,Cai,male,Natural Sciences,10.3969/j.issn.1001-9731.2015.22.030,2015.0
56704239400.0,Qi,Cai,male,Natural Sciences,,2015.0
56704239400.0,Qi,Cai,male,Natural Sciences,10.1177/8756087914564394,2015.0
56704239400.0,Qi,Cai,male,Natural Sciences,10.1021/acs.iecr.5b00215,2015.0
56704239400.0,,Cai,male,Natural Sciences,10.1039/c5ra00659g,2015.0
56704239400.0,Qi,Cai,male,Natural Sciences,10.1002/app.43884,2016.0
56704239400.0,Qi,Cai,male,Natural Sciences,10.1002/pc.23462,2016.0
56704239400.0,Qi,Cai,male,Natural Sciences,10.1007/s00289-015-1485-2,2016.0
57214660596.0,Sung Won,Jung,male,Medical and Health Sciences,10.5999/aps.2012.39.2.126,2012.0
57214660596.0,Sung Won,Jung,male,Medical and Health Sciences,10.5999/aps.2012.39.6.649,2012.0
57214660596.0,Sung-Won,Jung,male,Medical and Health Sciences,10.5999/aps.2013.40.5.610,2013.0
56436884100.0,Muhammed Nebil,Selimoʇlu,male,Medical and Health Sciences,10.3109/2000656X.2014.960524,2015.0
54789904100.0,Renata,Kovac,female,Medical and Health Sciences,10.2478/s11535-011-0100-2,2012.0
54789904100.0,Renata,Kovac,female,Medical and Health Sciences,10.1177/0748233712456058,2014.0
54789904100.0,Renata,Kovac,female,Medical and Health Sciences,10.1016/j.acthis.2015.09.004,2015.0
54789904100.0,Renata,Kovač,female,Medical and Health Sciences,10.2298/ABS151015056K,2016.0
56877876700.0,Sang-Joon,Park,male,Medical and Health Sciences,10.1097/BRS.0000000000000990,2015.0
56877876700.0,Sang-Joon,Park,male,Medical and Health Sciences,10.1016/j.wneu.2017.03.056,2017.0
56877876700.0,Sang-Joon,Park,male,Medical and Health Sciences,10.1016/j.clineuro.2017.04.011,2017.0
56877876700.0,Sang-Joon,Park,male,Medical and Health Sciences,10.1016/j.wneu.2016.09.065,2017.0
56877876700.0,Sang-Joon,Park,male,Medical and Health Sciences,10.3171/2016.8.SPINE151137,2017.0
56877876700.0,Sang-Joon,Park,male,Medical and Health Sciences,10.1016/j.wneu.2017.03.056,2017.0
57207112723.0,Takanori,Endo,male,Medical and Health Sciences,10.1007/s10047-013-0686-4,2013.0
57210843808.0,Amir,Farokh Payam,male,Natural Sciences,10.1016/j.ultramic.2013.07.006,2013.0
57210843808.0,Amir,Farokh Payam,male,Natural Sciences,10.1016/j.micron.2014.11.006,2015.0
57210843808.0,Amir,Farokh Payam,male,Natural Sciences,10.1016/j.micron.2014.11.006,2015.0
56299605800.0,Ming,Li,male,Medical and Health Sciences,10.7501/j.issn.0253-2670.2014.014.022,2014.0
56299605800.0,,Li,male,Medical and Health Sciences,10.1080/14620316.2015.11513207,2015.0
56299605800.0,Ming,Li,male,Medical and Health Sciences,10.4268/cjcmm20161702,2016.0
56299605800.0,Ming,Li,male,Medical and Health Sciences,10.4268/cjcmm20161703,2016.0
56299605800.0,Ming,Li,male,Medical and Health Sciences,10.1007/s11738-016-2108-8,2016.0
56299605800.0,Ming,Li,male,Medical and Health Sciences,10.1007/s10265-017-0927-3,2017.0
56299605800.0,Ming,Li,male,Medical and Health Sciences,10.1016/j.cropro.2018.01.005,2018.0
56505837000.0,Chao,Xu,male,Engineering and Technology,10.1016/j.jsv.2014.02.013,2014.0
56505837000.0,Chao,Xu,male,Engineering and Technology,10.1177/1077546313513604,2015.0
56505837000.0,Chao,Xu,male,Engineering and Technology,10.1115/1.4034566,2016.0
56505837000.0,Chao,Xu,male,Engineering and Technology,10.6052/0459-1879-15-394,2016.0
56505837000.0,Chao,Xu,male,Engineering and Technology,10.2140/jomms.2016.11.413,2016.0
56505837000.0,Chao,Xu,male,Engineering and Technology,10.1061/(ASCE)EM.1943-7889.0001101,2016.0
56505837000.0,Chao,Xu,male,Engineering and Technology,10.6052/0459-1879-17-134,2017.0
56505837000.0,Chao,Xu,male,Engineering and Technology,10.1115/1.4036948,2017.0
56505837000.0,Chao,Xu,male,Engineering and Technology,10.1115/1.4036092,2017.0
56505837000.0,Chao,Xu,male,Engineering and Technology,10.1016/j.engstruct.2018.03.096,2018.0
56505837000.0,Chao,Xu,male,Engineering and Technology,10.1177/1077546317724321,2018.0
56505837000.0,Chao,Xu,male,Engineering and Technology,10.1115/1.4042517,2019.0
56505837000.0,Chao,Xu,male,Engineering and Technology,10.1061/(ASCE)EM.1943-7889.0001680,2019.0
55948412100.0,Yuta,Okabe,male,Natural Sciences,10.1541/ieejfms.133.660,2013.0
55948412100.0,Yuta,Okabe,male,Natural Sciences,10.1016/j.electacta.2014.01.141,2014.0
55948412100.0,Yuta,Okabe,male,Natural Sciences,10.1002/ecj.11711,2016.0
55274238300.0,Kristen L.,Deyman,female,Agricultural Sciences,10.1016/j.plantsci.2012.06.001,2012.0
55274238300.0,Kristen L.,Deyman,female,Agricultural Sciences,10.4141/CJPS-2014-040,2014.0
55274238300.0,Kristen L.,Deyman,female,Agricultural Sciences,10.3389/fpls.2014.00144,2014.0
55274238300.0,Kristen L.,Deyman,female,Agricultural Sciences,10.1016/j.postharvbio.2016.01.013,2016.0
55274238300.0,Kristen,Deyman,female,Agricultural Sciences,10.1016/j.foodqual.2017.06.002,2017.0
55274238300.0,Kristen L.,Deyman,female,Agricultural Sciences,10.1038/s41438-018-0069-3,2018.0
55274238300.0,Kristen L.,Deyman,female,Agricultural Sciences,10.1139/cjps-2018-0173,2019.0
55189204800.0,Cara,Kingston,female,Medical and Health Sciences,10.1111/j.1475-3588.2012.00667.x,2013.0
55189204800.0,Cara,Kingston,female,Medical and Health Sciences,10.1111/papt.12089,2016.0
55189204800.0,Cara,Kingston,female,Medical and Health Sciences,10.1080/15299732.2015.1089969,2016.0
55224740000.0,Marco A.,Guzman,male,Medical and Health Sciences,10.1016/j.jvoice.2012.02.006,2012.0
55224740000.0,Marco A.,Guzman,male,Medical and Health Sciences,10.1016/j.jvoice.2012.02.006,2012.0
55224740000.0,Marco,Guzman,male,Medical and Health Sciences,10.1016/j.otorri.2012.03.005,2012.0
55224740000.0,Marco,Guzman,male,Medical and Health Sciences,10.1016/j.otorri.2012.03.005,2012.0
55224740000.0,Marco,Guzmán,male,Medical and Health Sciences,10.1016/j.rlfa.2012.05.004,2012.0
55224740000.0,Marco,Guzman,male,Medical and Health Sciences,10.3109/14015439.2012.731079,2013.0
55224740000.0,Marco,Guzman,male,Medical and Health Sciences,10.1016/j.jvoice.2013.02.007,2013.0
55224740000.0,Marco,Guzman,male,Medical and Health Sciences,10.1016/j.jvoice.2013.02.007,2013.0
55224740000.0,Marco,Guzman,male,Medical and Health Sciences,10.1016/j.jvoice.2013.01.017,2013.0
55224740000.0,Marco,Guzman,male,Medical and Health Sciences,10.1016/j.jvoice.2013.01.017,2013.0
55224740000.0,Marco,Guzman,male,Medical and Health Sciences,10.1016/j.jvoice.2012.08.008,2013.0
55224740000.0,Marco,Guzman,male,Medical and Health Sciences,10.1016/j.jvoice.2013.05.007,2013.0
55224740000.0,Marco,Guzman,male,Medical and Health Sciences,10.1016/j.jvoice.2013.05.005,2013.0
55224740000.0,Marco,Guzman,male,Medical and Health Sciences,10.1016/j.jvoice.2012.10.010,2013.0
55224740000.0,Marco,Guzman,male,Medical and Health Sciences,10.3109/17549507.2012.702283,2013.0
55224740000.0,Marco,Guzmán,male,Medical and Health Sciences,10.1016/j.otorri.2012.11.003,2013.0
55224740000.0,Marco,Guzman,male,Medical and Health Sciences,10.1002/lary.24310,2014.0
55224740000.0,Marco,Guzman,male,Medical and Health Sciences,10.1016/j.jvoice.2013.09.003,2014.0
55224740000.0,Marco,Guzman,male,Medical and Health Sciences,10.1016/j.jvoice.2013.09.003,2014.0
55224740000.0,Marco,Guzman,male,Medical and Health Sciences,10.1159/000357707,2014.0
55224740000.0,Marco,Guzman,male,Medical and Health Sciences,10.1016/j.ijporl.2014.06.030,2014.0
55224740000.0,Marco,Guzman,male,Medical and Health Sciences,10.1016/j.ijporl.2014.06.030,2014.0
55224740000.0,Marco,Guzman,male,Medical and Health Sciences,10.1016/j.otorri.2013.07.009,2014.0
55224740000.0,Marco A.,Guzman,male,Medical and Health Sciences,10.1016/j.jvoice.2014.10.022,2015.0
55224740000.0,Marco,Guzman,male,Medical and Health Sciences,10.1016/j.jvoice.2014.09.003,2015.0
55224740000.0,Marco,Guzman,male,Medical and Health Sciences,10.1016/j.jvoice.2014.09.003,2015.0
55224740000.0,Marco,Guzman,male,Medical and Health Sciences,10.1016/j.jvoice.2014.05.004,2015.0
55224740000.0,Marco,Guzman,male,Medical and Health Sciences,10.1016/j.jvoice.2014.05.004,2015.0
55224740000.0,Marco,Guzman,male,Medical and Health Sciences,10.1159/000437353,2015.0
55224740000.0,Marco,Guzman,male,Medical and Health Sciences,10.1159/000437353,2015.0
55224740000.0,Marco,Guzmán,male,Medical and Health Sciences,10.1016/j.jvoice.2015.09.010,2016.0
55224740000.0,Marco,Guzmán,male,Medical and Health Sciences,10.1016/j.jvoice.2015.09.010,2016.0
55224740000.0,Marco,Guzman,male,Medical and Health Sciences,10.1016/j.jvoice.2015.10.017,2016.0
55224740000.0,Marco,Guzman,male,Medical and Health Sciences,10.1016/j.jvoice.2015.10.017,2016.0
55224740000.0,Marco,Guzman,male,Medical and Health Sciences,10.1016/j.jvoice.2016.01.003,2017.0
55224740000.0,Marco,Guzman,male,Medical and Health Sciences,10.1016/j.jvoice.2016.01.003,2017.0
55224740000.0,Marco,Guzman,male,Medical and Health Sciences,10.1016/j.jvoice.2016.09.005,2017.0
55224740000.0,Marco,Guzman,male,Medical and Health Sciences,10.1016/j.jvoice.2016.09.005,2017.0
55224740000.0,Marco,Guzman,male,Medical and Health Sciences,10.1080/14015439.2016.1207097,2017.0
55224740000.0,Marco,Guzman,male,Medical and Health Sciences,10.1080/14015439.2016.1207097,2017.0
55224740000.0,Marco,Guzman,male,Medical and Health Sciences,10.1159/000492326,2018.0
55224740000.0,Marco,Guzman,male,Medical and Health Sciences,10.1159/000492326,2018.0
55224740000.0,Marco,Guzman,male,Medical and Health Sciences,10.1016/j.jvoice.2017.03.022,2018.0
55224740000.0,Marco,Guzman,male,Medical and Health Sciences,10.1016/j.jvoice.2017.03.022,2018.0
55224740000.0,Marco,Guzman,male,Medical and Health Sciences,10.1016/j.jvoice.2017.08.021,2018.0
55224740000.0,Marco,Guzman,male,Medical and Health Sciences,10.1016/j.jvoice.2017.08.021,2018.0
55224740000.0,Marco,Guzman,male,Medical and Health Sciences,10.1590/2317-1782/20192018213,2019.0
55224740000.0,Marco,Guzman,male,Medical and Health Sciences,10.1016/j.jvoice.2018.04.022,2019.0
55224740000.0,,Guzman,male,Medical and Health Sciences,10.1016/j.jvoice.2018.02.001,2019.0
55224740000.0,,Guzman,male,Medical and Health Sciences,10.1016/j.jvoice.2018.02.001,2019.0
55224740000.0,,Guzman,male,Medical and Health Sciences,10.1016/j.jvoice.2018.02.001,2019.0
55224740000.0,Marco,Guzman,male,Medical and Health Sciences,10.1016/j.jvoice.2019.01.007,2019.0
55224740000.0,Marco,Guzman,male,Medical and Health Sciences,10.1159/000494722,2020.0
55224740000.0,Marco,Guzman,male,Medical and Health Sciences,10.1159/000494722,2020.0
55224740000.0,Marco,Guzmán,male,Medical and Health Sciences,10.1016/j.jvoice.2020.02.005,2020.0
56278820500.0,Xiaoyu,Wang,female,Natural Sciences,10.3787/j.issn.1000-0976.2014.06.009,2014.0
56278820500.0,Xiaoyu,Wang,female,Natural Sciences,10.3787/j.issn.1000-0976.2014.06.009,2014.0
55658391100.0,Jinzhi,Jiang,male,Engineering and Technology,10.1039/c3tb00518f,2013.0
55658391100.0,Jinzhi,Jiang,male,Engineering and Technology,10.1016/j.ijpharm.2013.12.045,2014.0
55658391100.0,Jin-Zhi,Jiang,male,Engineering and Technology,10.1039/c4ra02959c,2014.0
55658391100.0,Jin-Zhi,Jiang,male,Engineering and Technology,10.1016/j.electacta.2015.02.220,2015.0
55658391100.0,Jin-Zhi,Jiang,male,Engineering and Technology,10.1016/j.jelechem.2016.07.039,2016.0
55658391100.0,Jin-Zhi,Jiang,male,Engineering and Technology,10.1039/c6ra25162e,2017.0
55658391100.0,Jin-Zhi,Jiang,male,Engineering and Technology,10.1002/admi.201701689,2018.0
57210775181.0,Jenny,Lester,female,Medical and Health Sciences,10.1016/j.psym.2012.06.007,2012.0
57210775181.0,Jenny,Lester,female,Medical and Health Sciences,10.1073/pnas.1218206110,2013.0
57210775181.0,Jenny,Lester,female,Medical and Health Sciences,10.1016/j.ajog.2013.01.026,2013.0
57210775181.0,Jenny,Lester,female,Medical and Health Sciences,10.1038/nature12113,2013.0
57210775181.0,Jenny,Lester,female,Medical and Health Sciences,10.1158/1055-9965.EPI-13-0028,2013.0
57210775181.0,,Lester,female,Medical and Health Sciences,10.1016/j.ygyno.2013.01.029,2013.0
57210775181.0,Jenny,Lester,female,Medical and Health Sciences,10.1038/ng.2566,2013.0
57210775181.0,Jenny,Lester,female,Medical and Health Sciences,10.1371/journal.pgen.1003212,2013.0
57210775181.0,Jenny,Lester,female,Medical and Health Sciences,10.1016/j.ygyno.2013.07.107,2013.0
57210775181.0,Jenny,Lester,female,Medical and Health Sciences,10.1158/1078-0432.CCR-13-1256,2014.0
57210775181.0,Jenny,Lester,female,Medical and Health Sciences,10.1016/j.ygyno.2013.12.021,2014.0
57210775181.0,Jenny,Lester,female,Medical and Health Sciences,10.1016/j.fertnstert.2014.08.014,2014.0
57210775181.0,Jenny,Lester,female,Medical and Health Sciences,10.1016/j.ygyno.2014.07.084,2014.0
57210775181.0,Jenny,Lester,female,Medical and Health Sciences,10.1016/j.ygyno.2014.07.084,2014.0
57210775181.0,Jenny,Lester,female,Medical and Health Sciences,10.1093/jnci/dju149,2014.0
57210775181.0,Jenny,Lester,female,Medical and Health Sciences,10.1158/2326-6066.CIR-13-0136,2014.0
57210775181.0,Jenny,Lester,female,Medical and Health Sciences,10.1002/mnfr.201400068,2014.0
57210775181.0,Jenny,Lester,female,Medical and Health Sciences,10.1007/s00439-013-1383-3,2014.0
57210775181.0,Jenny,Lester,female,Medical and Health Sciences,10.1158/0008-5472.CAN-13-1051,2014.0
57210775181.0,Jenny,Lester,female,Medical and Health Sciences,10.1371/journal.pgen.1004256,2014.0
57210775181.0,Jenny,Lester,female,Medical and Health Sciences,10.1186/s13058-014-0492-9,2014.0
57210775181.0,Jenny,Lester,female,Medical and Health Sciences,10.1158/1055-9965.EPI-13-0962,2014.0
57210775181.0,Jenny,Lester,female,Medical and Health Sciences,10.1158/1055-9965.EPI-14-0532,2015.0
57210775181.0,Jenny,Lester,female,Medical and Health Sciences,10.1093/hmg/ddv101,2015.0
57210775181.0,Jenny,Lester,female,Medical and Health Sciences,10.1093/jnci/djv214,2015.0
57210775181.0,Jenny,Lester,female,Medical and Health Sciences,10.1371/journal.pone.0128106,2015.0
57210775181.0,Jenny,Lester,female,Medical and Health Sciences,10.1016/j.ygyno.2015.07.100,2015.0
57210775181.0,Jenny,Lester,female,Medical and Health Sciences,10.1093/carcin/bgv059,2015.0
57210775181.0,Jenny,Lester,female,Medical and Health Sciences,10.1002/cjp2.4,2015.0
57210775181.0,Jenny,Lester,female,Medical and Health Sciences,10.1186/s13058-015-0567-2,2015.0
57210775181.0,Jenny,Lester,female,Medical and Health Sciences,10.1038/ng.3336,2015.0
57210775181.0,Jenny,Lester,female,Medical and Health Sciences,10.1038/ncomms9234,2015.0
57210775181.0,Jenny,Lester,female,Medical and Health Sciences,10.1158/1055-9965.EPI-14-1270,2015.0
57210775181.0,Jenny,Lester,female,Medical and Health Sciences,10.1158/1078-0432.CCR-15-0632,2015.0
57210775181.0,Jenny,Lester,female,Medical and Health Sciences,10.1002/gepi.21921,2015.0
57210775181.0,Jenny,Lester,female,Medical and Health Sciences,10.1158/1078-0432.CCR-14-2497,2015.0
57210775181.0,Jenny,Lester,female,Medical and Health Sciences,10.1093/carcin/bgv138,2015.0
57210775181.0,Jenny,Lester,female,Medical and Health Sciences,10.1016/j.ygyno.2015.05.008,2015.0
57210775181.0,Jenny,Lester,female,Medical and Health Sciences,10.1371/journal.pone.0120020,2015.0
57210775181.0,Jenny,Lester,female,Medical and Health Sciences,10.1001/jama.2014.5985,2015.0
57210775181.0,Jenny,Lester,female,Medical and Health Sciences,10.1038/ng.3185,2015.0
57210775181.0,Jenny,Lester,female,Medical and Health Sciences,10.1016/j.ygyno.2014.12.017,2015.0
57210775181.0,Jenny,Lester,female,Medical and Health Sciences,10.1016/j.ygyno.2016.03.010,2016.0
57210775181.0,Jenny,Lester,female,Medical and Health Sciences,10.1093/jnci/djv315,2016.0
57210775181.0,Jenny,Lester,female,Medical and Health Sciences,10.1093/jnci/djv347,2016.0
57210775181.0,Jenny,Lester,female,Medical and Health Sciences,10.1186/s13058-016-0718-0,2016.0
57210775181.0,Jenny,Lester,female,Medical and Health Sciences,10.1007/s10549-016-3805-0,2016.0
57210775181.0,Jenny,Lester,female,Medical and Health Sciences,10.1016/j.ygyno.2016.08.336,2016.0
57210775181.0,Jenny,Lester,female,Medical and Health Sciences,10.1158/1055-9965.EPI-15-0240,2016.0
57210775181.0,Jenny,Lester,female,Medical and Health Sciences,10.1016/j.ygyno.2015.04.034,2016.0
57210775181.0,Jenny,Lester,female,Medical and Health Sciences,10.1038/ng.3521,2016.0
57210775181.0,Jenny,Lester,female,Medical and Health Sciences,10.1038/ncomms11375,2016.0
57210775181.0,Jenny,Lester,female,Medical and Health Sciences,10.18632/oncotarget.7047,2016.0
57210775181.0,Jenny,Lester,female,Medical and Health Sciences,10.18632/oncotarget.10215,2016.0
57210775181.0,Jenny,Lester,female,Medical and Health Sciences,10.18632/oncotarget.10546,2016.0
57210775181.0,Jenny,Lester,female,Medical and Health Sciences,10.1136/jmedgenet-2016-103839,2016.0
57210775181.0,Jenny,Lester,female,Medical and Health Sciences,10.1186/s13058-016-0768-3,2016.0
57210775181.0,Jenny,Lester,female,Medical and Health Sciences,10.1038/ncomms12675,2016.0
57210775181.0,Jenny,Lester,female,Medical and Health Sciences,10.1371/journal.pone.0158801,2016.0
57210775181.0,Jenny,Lester,female,Medical and Health Sciences,10.1016/j.ygyno.2017.05.008,2017.0
57210775181.0,Jenny,Lester,female,Medical and Health Sciences,10.18632/oncotarget.18501,2017.0
57210775181.0,Jenny,Lester,female,Medical and Health Sciences,10.1007/s10549-016-4018-2,2017.0
57210775181.0,Jenny,Lester,female,Medical and Health Sciences,10.1093/jnci/djw302,2017.0
57210775181.0,Jenny,Lester,female,Medical and Health Sciences,10.18632/oncotarget.15871,2017.0
57210775181.0,Jenny,Lester,female,Medical and Health Sciences,10.1038/ng.3826,2017.0
57210775181.0,Jenny,Lester,female,Medical and Health Sciences,10.1038/nature21386,2017.0
57210775181.0,Jenny,Lester,female,Medical and Health Sciences,10.1016/j.cell.2017.10.014,2017.0
57210775181.0,Jenny,Lester,female,Medical and Health Sciences,10.1001/jamaoncol.2017.3290,2017.0
57210775181.0,Jenny,Lester,female,Medical and Health Sciences,10.1158/1055-9965.EPI-16-0631,2017.0
57210775181.0,Jenny,Lester,female,Medical and Health Sciences,10.1371/journal.pone.0196913,2018.0
57210775181.0,Jenny,Lester,female,Medical and Health Sciences,10.1016/j.jconrel.2017.12.024,2018.0
57210775181.0,Jenny,Lester,female,Medical and Health Sciences,10.1371/journal.pone.0197561,2018.0
57210775181.0,Jenny,Lester,female,Medical and Health Sciences,10.1002/humu.23406,2018.0
57210775181.0,Jenny,Lester,female,Medical and Health Sciences,10.1038/s41416-018-0011-3,2018.0
57210775181.0,Jenny,Lester,female,Medical and Health Sciences,10.3390/ijms19092473,2018.0
57210775181.0,Jenny,Lester,female,Medical and Health Sciences,10.1002/cjp2.109,2018.0
57210775181.0,Jenny,Lester,female,Medical and Health Sciences,10.1158/0008-5472.CAN-17-1671,2018.0
57210775181.0,Jenny,Lester,female,Medical and Health Sciences,10.1016/j.mayocp.2017.10.023,2018.0
57210775181.0,Jenny,Lester,female,Medical and Health Sciences,10.1038/s41467-018-08054-4,2019.0
57210775181.0,Jenny,Lester,female,Medical and Health Sciences,10.1158/0008-5472.CAN-17-3864,2019.0
57210775181.0,Jenny,Lester,female,Medical and Health Sciences,10.1093/jnci/djy132,2019.0
57210775181.0,Jenny,Lester,female,Medical and Health Sciences,10.1038/s41467-018-08053-5,2019.0
57210775181.0,Jenny,Lester,female,Medical and Health Sciences,10.1038/s41416-019-0492-8,2019.0
57210775181.0,Jenny,Lester,female,Medical and Health Sciences,10.1038/s41523-019-0127-5,2019.0
57210775181.0,Jenny,Lester,female,Medical and Health Sciences,10.1158/0008-5472.CAN-18-2297,2019.0
57210775181.0,Jenny,Lester,female,Medical and Health Sciences,10.1038/s41588-019-0537-1,2020.0
57210775181.0,Jenny,Lester,female,Medical and Health Sciences,10.1038/s41588-019-0537-1,2020.0
57210775181.0,Jenny,Lester,female,Medical and Health Sciences,10.1002/gepi.22288,2020.0
55671193400.0,,Feng,male,Agricultural Sciences,10.3168/jds.2013-6679,2013.0
55671193400.0,,Feng,male,Agricultural Sciences,10.3168/jds.2014-9145,2015.0
55671193400.0,,Feng,male,Agricultural Sciences,10.3168/jds.2014-9278,2015.0
55671193400.0,,Feng,male,Agricultural Sciences,10.3168/jds.2015-10016,2016.0
55671193400.0,,Feng,male,Agricultural Sciences,10.3168/jds.2018-14515,2018.0
55671193400.0,,Feng,male,Agricultural Sciences,10.3168/jds.2017-13847,2018.0
55671193400.0,,Feng,male,Agricultural Sciences,10.3168/jds.2017-13847,2018.0
55671193400.0,Xin,Feng,male,Agricultural Sciences,10.1139/cjas-2018-0202,2020.0
55671193400.0,Xin,Feng,male,Agricultural Sciences,10.1139/cjas-2018-0202,2020.0
55671193400.0,Xin,Feng,male,Agricultural Sciences,10.1080/09712119.2019.1698428,2020.0
55671193400.0,Xin,Feng,male,Agricultural Sciences,10.1080/09712119.2019.1698428,2020.0
56025638100.0,,Shaw,male,Medical and Health Sciences,10.1016/S1474-4422(13)70037-1,2013.0
56025638100.0,Peter,Shaw,male,Medical and Health Sciences,10.1016/j.amjcard.2013.11.014,2014.0
56025638100.0,Peter,Shaw,male,Medical and Health Sciences,10.1161/CIRCULATIONAHA.113.002781,2014.0
56025638100.0,Peter,Shaw,male,Medical and Health Sciences,10.1111/jgs.13399,2015.0
56025638100.0,Peter,Shaw,male,Medical and Health Sciences,10.3389/fcvm.2017.00049,2017.0
57114701400.0,Sarah,Jégou,female,Natural Sciences,10.1016/j.jid.2015.12.042,2016.0
57114701400.0,Sarah,Jegou,female,Natural Sciences,10.1038/nm.4102,2016.0
57114701400.0,Sarah,Jegou,female,Natural Sciences,10.1038/nm.4102,2016.0
57114701400.0,Sarah,Jegou,female,Natural Sciences,10.1038/nm.4102,2016.0
57114701400.0,Sarah,Jegou,female,Natural Sciences,10.1038/nm.4102,2016.0
57114701400.0,Sarah,Jegou,female,Natural Sciences,10.1038/nm.4102,2016.0
57114701400.0,Sarah,Jegou,female,Natural Sciences,10.1136/gutjnl-2015-310746,2017.0
57114701400.0,Sarah,Jegou,female,Natural Sciences,10.1136/gutjnl-2015-310746,2017.0
57114701400.0,,Jegou,female,Natural Sciences,10.1038/s41467-017-00608-2,2017.0
57114701400.0,Sarah,Jegou,female,Natural Sciences,10.1080/2162402X.2015.1137418,2017.0
57114701400.0,Sarah,Jegou,female,Natural Sciences,10.1080/2162402X.2015.1137418,2017.0
57114701400.0,Sarah,Jegou,female,Natural Sciences,10.1016/j.cmet.2018.07.001,2018.0
57114701400.0,Sarah,Jegou,female,Natural Sciences,10.1186/s40168-018-0538-9,2018.0
57114701400.0,Sarah,Jegou,female,Natural Sciences,10.1186/s40168-018-0538-9,2018.0
57114701400.0,Sarah,Jegou,female,Natural Sciences,10.1080/19490976.2017.1361092,2018.0
57114701400.0,Sarah,Jegou,female,Natural Sciences,10.1080/19490976.2017.1361092,2018.0
57114701400.0,Sarah,Jegou,female,Natural Sciences,10.1016/j.jaci.2018.09.021,2019.0
57114701400.0,Sarah,Jegou,female,Natural Sciences,10.1136/annrheumdis-2019-215258,2019.0
57114701400.0,Sarah,Jegou,female,Natural Sciences,10.1136/gutjnl-2018-317791,2020.0
57114701400.0,Sarah,Jegou,female,Natural Sciences,10.1136/gutjnl-2018-317791,2020.0
57197272257.0,Li,Gu,male,Natural Sciences,10.2112/SI73-070.1,2015.0
57197272257.0,Li,Gu,male,Natural Sciences,10.13278/j.cnki.jjuese.201601305,2016.0
57191751970.0,Iraci Salmito,Noleto,female,Natural Sciences,10.1007/s10661-016-5654-z,2016.0
57191751970.0,Iraci de Ms,Noleto,female,Natural Sciences,,2016.0
57191751970.0,Iraci Salmito,Noleto,female,Natural Sciences,10.1007/s10661-017-6436-y,2018.0
57188994857.0,Xu,Cao,male,Natural Sciences,10.3109/03008207.2014.1001383,2015.0
57188994857.0,Xu,Cao,male,Natural Sciences,10.1007/s11596-017-1741-9,2017.0
57188994857.0,Xu,Cao,male,Natural Sciences,10.1186/s13287-018-0916-z,2018.0
57188994857.0,Xu,Cao,male,Natural Sciences,10.1186/s13287-019-1193-1,2019.0
57188994857.0,Xu,Cao,male,Natural Sciences,10.1089/scd.2019.0260,2020.0
57188994857.0,Xu,Cao,male,Natural Sciences,10.1089/scd.2019.0137,2020.0
56537802000.0,Paul,Robertson,male,Humanities,10.1163/15700682-12341267,2014.0
57196912448.0,David R.,Pennell,male,Natural Sciences,10.1098/rspb.2011.2358,2012.0
55512656100.0,Hao,Liu,male,Medical and Health Sciences,10.1080/10286020.2012.723203,2013.0
55512656100.0,Hao,Liu,male,Medical and Health Sciences,10.3109/13880209.2012.717088,2013.0
55512656100.0,Hao,Liu,male,Medical and Health Sciences,10.1155/2014/352423,2014.0
55512656100.0,Hao,Liu,male,Medical and Health Sciences,10.1186/s12974-016-0696-2,2016.0
55512656100.0,Hao,Liu,male,Medical and Health Sciences,10.1016/j.bbi.2017.02.005,2017.0
55512656100.0,Hao,Liu,male,Medical and Health Sciences,10.1111/bph.13720,2017.0
55512656100.0,Hao,Liu,male,Medical and Health Sciences,10.1016/j.jneuroim.2017.12.005,2018.0
55512656100.0,Hao,Liu,male,Medical and Health Sciences,10.1016/j.bbi.2018.06.015,2018.0
55512656100.0,Hao,Liu,male,Medical and Health Sciences,10.1186/s12974-019-1457-9,2019.0
55512656100.0,Hao,Liu,male,Medical and Health Sciences,10.1111/bph.14764,2019.0
55512656100.0,Hao,Liu,male,Medical and Health Sciences,10.1016/j.biopha.2020.109898,2020.0
6505629748.0,Elham M,El-Refai,female,Medical and Health Sciences,10.1016/S0325-7541(13)70036-1,2013.0
57198900581.0,Xiao,Song,male,Natural Sciences,10.1016/j.colsurfb.2014.01.010,2014.0
57198900581.0,Xiao,Song,male,Natural Sciences,10.1049/mnl.2014.0106,2014.0
57198900581.0,Xiao,Song,male,Natural Sciences,10.1049/mnl.2014.0014,2014.0
57201133987.0,Yuliang,Shi,male,Natural Sciences,10.1080/17517575.2013.879923,2014.0
57201133987.0,Yuliang,Shi,male,Natural Sciences,10.1038/s41598-017-18705-z,2018.0
57201133987.0,Yuliang,Shi,male,Natural Sciences,10.1038/s41598-017-18705-z,2018.0
55859015500.0,Ambria,Moten,female,Medical and Health Sciences,10.1016/j.jss.2013.05.043,2013.0
55859015500.0,Ambria,Moten,female,Medical and Health Sciences,,2014.0
55859015500.0,Ambria,Moten,female,Medical and Health Sciences,10.1007/s40615-014-0071-x,2015.0
55859015500.0,Ambria S.,Moten,female,Medical and Health Sciences,10.1016/j.amjsurg.2015.11.023,2016.0
55859015500.0,Ambria S.,Moten,female,Medical and Health Sciences,10.1016/j.amjsurg.2015.11.022,2016.0
55859015500.0,Ambria S.,Moten,female,Medical and Health Sciences,10.1016/j.jss.2018.01.027,2018.0
55859015500.0,Ambria S.,Moten,female,Medical and Health Sciences,10.1016/j.jss.2018.03.067,2018.0
55859015500.0,Ambria S.,Moten,female,Medical and Health Sciences,10.1002/jso.25227,2018.0
55859015500.0,Ambria S.,Moten,female,Medical and Health Sciences,10.1016/j.suronc.2019.05.016,2019.0
55859015500.0,Ambria S.,Moten,female,Medical and Health Sciences,10.1016/j.suronc.2019.05.011,2019.0
55859015500.0,Ambria S.,Moten,female,Medical and Health Sciences,10.1016/j.ejso.2019.06.025,2019.0
55859015500.0,Ambria S.,Moten,female,Medical and Health Sciences,10.1007/s00261-019-02279-7,2019.0
55859015500.0,Ambria S.,Moten,female,Medical and Health Sciences,10.1016/j.jss.2019.01.054,2019.0
55859015500.0,Ambria S.,Moten,female,Medical and Health Sciences,10.1016/j.jss.2019.05.016,2019.0
55859015500.0,Ambria S.,Moten,female,Medical and Health Sciences,10.1093/icvts/ivz225,2020.0
55867425900.0,Marco,Krasselt,male,Medical and Health Sciences,10.1186/ar4321,2013.0
55867425900.0,,Krasselt,male,Medical and Health Sciences,,2014.0
55867425900.0,Marco,Krasselt,male,Medical and Health Sciences,10.1586/1744666X.2014.904746,2014.0
55867425900.0,Marco,Krasselt,male,Medical and Health Sciences,10.1186/s12967-015-0620-z,2015.0
55867425900.0,Marco,Krasselt,male,Medical and Health Sciences,10.1055/s-0041-107212,2015.0
55867425900.0,Marco,Krasselt,male,Medical and Health Sciences,10.1055/s-0041-107212,2015.0
55867425900.0,Marco,Krasselt,male,Medical and Health Sciences,10.2147/DDDT.S87792,2016.0
55867425900.0,Marco,Krasselt,male,Medical and Health Sciences,10.1055/s-0042-101896,2016.0
55867425900.0,Marco,Krasselt,male,Medical and Health Sciences,10.1055/s-0042-101896,2016.0
55867425900.0,Marco,Krasselt,male,Medical and Health Sciences,10.1007/s00296-016-3608-y,2017.0
55867425900.0,Marco,Krasselt,male,Medical and Health Sciences,10.1055/s-0043-101977,2017.0
55867425900.0,Marco,Krasselt,male,Medical and Health Sciences,10.1055/a-0542-9531,2018.0
55867425900.0,,Krasselt,male,Medical and Health Sciences,10.1007/s00393-017-0410-5,2018.0
55867425900.0,Marco,Krasselt,male,Medical and Health Sciences,10.1055/a-0774-7924,2019.0
55867425900.0,Marco,Krasselt,male,Medical and Health Sciences,10.1007/s12016-017-8631-6,2019.0
55867425900.0,Marco,Krasselt,male,Medical and Health Sciences,10.1080/14656566.2019.1645123,2019.0
55867425900.0,Marco,Krasselt,male,Medical and Health Sciences,10.1007/s10067-019-04563-9,2019.0
55867425900.0,Marco,Krasselt,male,Medical and Health Sciences,10.1177/0885066620917588,2020.0
15846508300.0,Julio C.,Rolón,male,Natural Sciences,10.1007/s11227-013-1042-4,2014.0
56718863400.0,Hye-Rin,Lee,female,Social Sciences,10.1080/10548408.2015.1050539,2016.0
56718863400.0,Hyerin,Lee,female,Social Sciences,10.2224/sbp.7961,2019.0
56718863400.0,Hyerin,Lee,female,Social Sciences,10.2224/sbp.8477,2019.0
55356950100.0,Takeo,Kikuchi,male,Social Sciences,10.1098/rsif.2012.0026,2012.0
55356950100.0,Takeo,Kikuchi,male,Social Sciences,10.1537/ase.130618,2013.0
55356950100.0,Takeo,Kikuchi,male,Social Sciences,10.1002/ajpa.22777,2015.0
55356950100.0,Takeo,Kikuchi,male,Social Sciences,10.1537/ase.141109,2015.0
57207642161.0,Renato M.iotto,Palo,male,Medical and Health Sciences,10.1590/1807-3107BOR-2015.vol29.0060,2015.0
57207642161.0,Renato M.iotto,Palo,male,Medical and Health Sciences,,2015.0
56950244200.0,Richard,Grey,male,Natural Sciences,10.1073/pnas.1513771112,2015.0
56950244200.0,Richard,Grey,male,Natural Sciences,10.1073/pnas.1607010113,2016.0
56950244200.0,Richard,Grey,male,Natural Sciences,10.1073/pnas.1607010113,2016.0
56950244200.0,Richard J.,Grey,male,Natural Sciences,10.3324/haematol.2016.155093,2017.0
56950244200.0,Richard J.,Grey,male,Natural Sciences,10.1002/ajmg.a.38487,2017.0
56950244200.0,Richard J.,Grey,male,Natural Sciences,10.1016/j.ymgme.2017.11.001,2017.0
56950244200.0,Richard J.,Grey,male,Natural Sciences,10.1042/BCJ20180708,2019.0
42061826600.0,Ferit,Kulali,male,Medical and Health Sciences,10.1016/j.braindev.2011.06.005,2012.0
42061826600.0,Ferit,Kulali,male,Medical and Health Sciences,10.1016/j.transci.2012.05.007,2012.0
42061826600.0,,Kulali,male,Medical and Health Sciences,10.1016/j.transci.2012.05.006,2012.0
42061826600.0,Ferit,Kulali,male,Medical and Health Sciences,10.1016/j.transci.2012.05.009,2012.0
42061826600.0,Ferit,Kulali,male,Medical and Health Sciences,10.1016/j.transci.2013.04.021,2013.0
42061826600.0,Ferit,Kulali,male,Medical and Health Sciences,10.1089/bfm.2014.0018,2014.0
42061826600.0,Ferit,Kulali,male,Medical and Health Sciences,10.1515/jpem-2013-0166,2014.0
42061826600.0,Ferit,Kulali,male,Medical and Health Sciences,10.1177/0883073813511149,2014.0
42061826600.0,Ferit,Kulali,male,Medical and Health Sciences,,2015.0
42061826600.0,Ferit,Kulali,male,Medical and Health Sciences,10.1177/0884533614567338,2015.0
42061826600.0,Ferit,Kulali,male,Medical and Health Sciences,10.1186/s12887-016-0701-z,2016.0
42061826600.0,Ferit,Kulali,male,Medical and Health Sciences,10.1080/14767058.2016.1182977,2017.0
42061826600.0,Ferit,Kulali,male,Medical and Health Sciences,10.12996/gmj.2017.48,2017.0
42061826600.0,Ferit,Kulali,male,Medical and Health Sciences,10.1093/tropej/fmx005,2017.0
42061826600.0,Ferit,Kulali,male,Medical and Health Sciences,10.4187/respcare.05513,2017.0
42061826600.0,Ferit,Kulali,male,Medical and Health Sciences,10.3906/sag-1606-177,2017.0
42061826600.0,Ferit,Kulali,male,Medical and Health Sciences,10.1080/14767058.2017.1300644,2018.0
42061826600.0,Ferit,Kulali,male,Medical and Health Sciences,10.1080/14767058.2017.1365127,2018.0
42061826600.0,Ferit,Kulali,male,Medical and Health Sciences,10.1016/j.ajic.2018.10.002,2019.0
42061826600.0,Ferit,Kulali,male,Medical and Health Sciences,10.1080/14767058.2019.1583734,2019.0
42061826600.0,Ferit,Kulali,male,Medical and Health Sciences,10.1055/s-0039-1691780,2019.0
42061826600.0,Ferit,Kulali,male,Medical and Health Sciences,10.1515/jpem-2019-0307,2020.0
55572354400.0,Randy,Norheim,male,Natural Sciences,10.1007/s13361-012-0517-5,2013.0
55572354400.0,Randolph V.,Norheim,male,Natural Sciences,10.1021/ac502055e,2014.0
55572354400.0,Randolph V.,Norheim,male,Natural Sciences,10.1021/ac502139e,2014.0
55572354400.0,Randolph,Norheim,male,Natural Sciences,10.1007/s13361-014-0952-6,2014.0
55572354400.0,Randolph V.,Norheim,male,Natural Sciences,10.1039/c5an00220f,2015.0
55572354400.0,Randolph V.,Norheim,male,Natural Sciences,10.1021/ac503564c,2015.0
55572354400.0,Randolph V.,Norheim,male,Natural Sciences,10.1021/acs.analchem.5b00214,2015.0
55572354400.0,Randolph V.,Norheim,male,Natural Sciences,10.1002/jms.3523,2015.0
55572354400.0,Randolph V.,Norheim,male,Natural Sciences,10.1039/c5an00897b,2015.0
55572354400.0,Randolph V.,Norheim,male,Natural Sciences,10.1021/acs.analchem.5b02481,2015.0
55572354400.0,Randolph V.,Norheim,male,Natural Sciences,10.1016/j.ijms.2014.07.034,2015.0
55572354400.0,,Norheim,male,Natural Sciences,10.1063/1.4930967,2015.0
55572354400.0,Randolph V.,Norheim,male,Natural Sciences,10.1021/acs.analchem.6b01915,2016.0
55572354400.0,Randolph V.,Norheim,male,Natural Sciences,10.1002/slct.201600460,2016.0
55572354400.0,Randolph V.,Norheim,male,Natural Sciences,10.1007/s13361-016-1397-x,2016.0
55572354400.0,Randolph V.,Norheim,male,Natural Sciences,10.1021/acs.analchem.5b03910,2016.0
55572354400.0,Randolph V.,Norheim,male,Natural Sciences,10.1021/acs.analchem.6b02678,2016.0
55572354400.0,Randolph V.,Norheim,male,Natural Sciences,10.1021/acs.analchem.6b01914,2016.0
55572354400.0,Randolph V.,Norheim,male,Natural Sciences,10.1021/acs.analchem.6b03027,2016.0
55572354400.0,Randolph V.,Norheim,male,Natural Sciences,10.1021/acs.analchem.6b03660,2016.0
55572354400.0,Randolph V.,Norheim,male,Natural Sciences,10.1021/acs.analchem.7b00185,2017.0
55572354400.0,Randolph V.,Norheim,male,Natural Sciences,10.1021/acs.analchem.7b00189,2017.0
55572354400.0,Randolph V.,Norheim,male,Natural Sciences,10.1021/acs.analchem.9b02808,2019.0
55572354400.0,Randolph V.,Norheim,male,Natural Sciences,10.1021/acs.analchem.9b03987,2019.0
55572354400.0,Randolph V.,Norheim,male,Natural Sciences,10.1007/s13361-019-02138-1,2019.0
25960939600.0,Mario,Mense,male,Natural Sciences,10.1145/2240166.2240172,2012.0
55194953400.0,Anna S.,Landau,female,Agricultural Sciences,10.1371/journal.pone.0034853,2012.0
55194953400.0,Anna S.,Landau,female,Agricultural Sciences,10.1016/j.amepre.2014.05.043,2014.0
55194953400.0,Anna,Landau,female,Agricultural Sciences,10.1371/journal.pone.0186144,2017.0
55921760600.0,Jiyang,Tian,female,Natural Sciences,10.3969/j.issn.1002-6819.2013.20.013,2013.0
55921760600.0,Jiyang,Tian,female,Natural Sciences,10.3969/j.issn.1002-6819.2014.20.009,2014.0
55921760600.0,Jiyang,Tian,female,Natural Sciences,10.3390/w7062990,2015.0
55921760600.0,Jiyang,Tian,female,Natural Sciences,10.1155/2016/8714209,2016.0
55921760600.0,Jiyang,Tian,female,Natural Sciences,10.3390/su8111076,2016.0
55921760600.0,Jiyang,Tian,female,Natural Sciences,10.1016/j.agwat.2017.08.014,2017.0
55921760600.0,Jiyang,Tian,female,Natural Sciences,10.5194/nhess-17-563-2017,2017.0
55921760600.0,Jiyang,Tian,female,Natural Sciences,10.3390/w9100776,2017.0
55921760600.0,Jiyang,Tian,female,Natural Sciences,10.3390/w9100776,2017.0
55921760600.0,Jiyang,Tian,female,Natural Sciences,10.1016/j.atmosres.2017.03.012,2017.0
55921760600.0,Jiyang,Tian,female,Natural Sciences,10.3390/w9030198,2017.0
55921760600.0,Jiyang,Tian,female,Natural Sciences,10.1016/j.atmosres.2017.08.004,2017.0
55921760600.0,Jiyang,Tian,female,Natural Sciences,10.1002/joc.4732,2017.0
55921760600.0,Jiyang,Tian,female,Natural Sciences,10.14042/j.cnki.32.1309.2018.06.009,2018.0
55921760600.0,Jiyang,Tian,female,Natural Sciences,10.5194/hess-22-4329-2018,2018.0
55921760600.0,Jiyang,Tian,female,Natural Sciences,10.1016/j.atmosres.2019.03.029,2019.0
55921760600.0,Jiyang,Tian,female,Natural Sciences,10.3390/rs12030363,2020.0
57189212557.0,Ana Patrícia Silva,de Oliveira,female,Natural Sciences,10.1016/j.procbio.2016.06.026,2016.0
57189212557.0,Ana Patrícia S.,de Oliveira,female,Natural Sciences,10.3389/fmicb.2016.00611,2016.0
57189212557.0,Ana Patrícia Silva,de Oliveira,female,Natural Sciences,10.1016/j.chemosphere.2017.07.020,2017.0
57189212557.0,Ana Patrícia Silva,de Oliveira,female,Natural Sciences,10.1016/j.ijbiomac.2017.05.037,2017.0
57189212557.0,Ana Patrícia Silva,de Oliveira,female,Natural Sciences,10.1016/j.ijbiomac.2017.02.019,2017.0
57189212557.0,Ana Patrícia Silva,de Oliveira,female,Natural Sciences,10.1016/j.indcrop.2018.02.065,2018.0
57189212557.0,Ana Patrícia Silva,de Oliveira,female,Natural Sciences,10.1016/j.foodchem.2017.11.044,2018.0
57189212557.0,Ana Patrícia Silva,de Oliveira,female,Natural Sciences,10.1016/j.ijbiomac.2018.12.188,2019.0
57189212557.0,Ana Patrícia Silva,de Oliveira,female,Natural Sciences,10.1016/j.pestbp.2019.10.002,2020.0
57189212557.0,Ana Patrícia Silva,de Oliveira,female,Natural Sciences,10.1016/j.jspr.2020.101615,2020.0
57092422900.0,Wenjiang,Feng,male,Natural Sciences,10.1016/j.apsusc.2012.04.038,2012.0
57092422900.0,Wenjiang,Feng,male,Natural Sciences,10.1021/ma502201e,2015.0
57092422900.0,Wenjiang,Feng,male,Natural Sciences,10.1002/pc.23198,2016.0
55895172900.0,John M.,Marom,male,Humanities,10.2458/azu_js_rc.55.16301,2013.0
55895172900.0,John M.,Marom,male,Humanities,10.2458/azu_js_rc.55.16301,2013.0
57142318400.0,Anthony,Gschwend,male,Medical and Health Sciences,10.1016/j.lungcan.2016.02.008,2016.0
57142318400.0,Anthony,Gschwend,male,Medical and Health Sciences,10.1016/j.lungcan.2016.06.012,2016.0
57142318400.0,Anthony,Gschwend,male,Medical and Health Sciences,10.1111/tid.12787,2017.0
57142318400.0,Anthony,Gschwend,male,Medical and Health Sciences,10.1177/2045893217753415,2018.0
23479706500.0,Maki,Kotaka,female,Natural Sciences,10.1016/j.stem.2015.04.005,2015.0
23479706500.0,Maki,Kotaka,female,Natural Sciences,10.1126/scitranslmed.aaj2300,2017.0
23479706500.0,Maki,Kotaka,female,Natural Sciences,10.1038/s41598-017-16858-5,2017.0
23479706500.0,Maki,Kotaka,female,Natural Sciences,10.1016/j.bbrc.2017.03.037,2017.0
23479706500.0,Maki,Kotaka,female,Natural Sciences,10.1016/j.scr.2019.101400,2019.0
23479706500.0,Maki,Kotaka,female,Natural Sciences,10.1016/j.reth.2019.03.002,2019.0
23479706500.0,Maki,Kotaka,female,Natural Sciences,10.1016/j.bbrc.2020.03.148,2020.0
55439767800.0,Iain D.C.,Wilson,male,Medical and Health Sciences,10.1016/j.jvir.2013.04.014,2013.0
55439767800.0,Iain,Wilson,male,Medical and Health Sciences,10.4103/0970-1591.126884,2014.0
55439767800.0,,Wilson,male,Medical and Health Sciences,10.1016/j.crad.2016.10.005,2017.0
54393859900.0,Mingzhi,Pan,male,Engineering and Technology,10.16450/j.cnki.issn.1004-6801.2016.01.020,2016.0
56414318100.0,Sheng,Wang,male,Medical and Health Sciences,10.3980/j.issn.1672-5123.2016.4.45,2016.0
55033555400.0,Bhavna,Suri,female,Medical and Health Sciences,10.1016/j.amjcard.2011.10.028,2012.0
55992473200.0,Sohel R.,Choudhry,male,Medical and Health Sciences,10.1007/s00394-012-0469-3,2013.0
55992473200.0,Sohel R.,Choudhry,male,Medical and Health Sciences,10.1007/s00394-015-0969-z,2016.0
57190871780.0,Lingling,Li,female,Natural Sciences,10.1016/j.supflu.2014.07.027,2014.0
57190871780.0,Lingling,Li,female,Natural Sciences,10.1021/jacs.6b07178,2016.0
57190871780.0,Lingling,Li,female,Natural Sciences,10.1039/c6cc06108g,2016.0
57190871780.0,Lingling,Li,female,Natural Sciences,10.1002/chem.201603390,2016.0
57190871780.0,Lingling,Li,female,Natural Sciences,10.1039/c7tb02274c,2017.0
57190871780.0,Lingling,Li,female,Natural Sciences,10.1038/ncomms14739,2017.0
57190871780.0,Lingling,Li,female,Natural Sciences,10.1039/c7nr05239a,2017.0
57190871780.0,Lingling,Li,female,Natural Sciences,10.1021/acs.jpcc.7b01730,2017.0
57190871780.0,Lingling,Li,female,Natural Sciences,10.1039/c6nr09724c,2017.0
57190871780.0,Ling-Ling,Li,female,Natural Sciences,10.1016/j.poly.2017.11.033,2018.0
57190871780.0,Ling-Ling,Li,female,Natural Sciences,10.1039/c7dt04436d,2018.0
56099730500.0,Kan,Zhou,male,Medical and Health Sciences,10.1111/jgh.12388,2014.0
56099730500.0,Kan,Zhou,male,Medical and Health Sciences,10.4014/jmb.1412.12047,2015.0
57202541797.0,Gurpreet,Kaur,male,Natural Sciences,10.1103/PhysRevC.91.044621,2015.0
36465841400.0,Wenying,Yue,female,Natural Sciences,10.12733/jcis6584,2013.0
36465841400.0,Wenying,Yue,female,Natural Sciences,10.1155/2014/613719,2014.0
36465841400.0,Wenying,Yue,female,Natural Sciences,10.1016/j.future.2019.07.066,2019.0
56857334200.0,Vadim,Yerokhin,male,Medical and Health Sciences,10.1080/13825585.2011.628378,2012.0
56857334200.0,Vadim,Yerokhin,male,Medical and Health Sciences,10.1371/journal.pone.0134596,2015.0
56857334200.0,Vadim V.,Yerokhin,male,Medical and Health Sciences,10.1186/s13104-016-2280-3,2016.0
56857334200.0,Vadim,Yerokhin,male,Medical and Health Sciences,10.1111/hir.12176,2017.0
56857334200.0,Vadim,Yerokhin,male,Medical and Health Sciences,10.1136/neurintsurg-2016-012780,2017.0
56857334200.0,Vadim,Yerokhin,male,Medical and Health Sciences,10.3389/fnagi.2018.00076,2018.0
57210515717.0,Rui,Sun,male,Medical and Health Sciences,10.3748/wjg.v22.i13.3573,2016.0
56681654400.0,Tingting,Zhu,female,Natural Sciences,10.1016/j.ecoleng.2015.05.017,2015.0
56681654400.0,Tingting,Zhu,female,Natural Sciences,10.3389/fbioe.2016.00004,2016.0
56681654400.0,Tingting,Zhu,female,Natural Sciences,10.1016/j.conbuildmat.2017.04.026,2017.0
56681654400.0,Tingting,Zhu,female,Natural Sciences,10.1016/j.ecoleng.2018.05.038,2018.0
56449008900.0,David W,Sant,male,Medical and Health Sciences,10.1002/jbmr.2298,2014.0
56449008900.0,David W.,Sant,male,Medical and Health Sciences,10.1136/jmedgenet-2014-102815,2015.0
56449008900.0,David,Sant,male,Medical and Health Sciences,10.1016/j.ophtha.2015.06.049,2016.0
56449008900.0,David,Sant,male,Medical and Health Sciences,10.1016/j.jmoldx.2017.01.008,2017.0
56449008900.0,David W.,Sant,male,Medical and Health Sciences,10.1167/iovs.16-21097,2017.0
56449008900.0,David W.,Sant,male,Medical and Health Sciences,10.7554/eLife.29750,2017.0
56449008900.0,David W.,Sant,male,Medical and Health Sciences,10.7554/eLife.29750,2017.0
56449008900.0,David,Sant,male,Medical and Health Sciences,10.1016/j.jmoldx.2017.01.008,2017.0
56449008900.0,David W.,Sant,male,Medical and Health Sciences,10.1038/s41598-017-03893-5,2017.0
56449008900.0,,Sant,male,Medical and Health Sciences,10.1016/j.numecd.2017.05.010,2017.0
56449008900.0,David,Sant,male,Medical and Health Sciences,10.1001/jamaophthalmol.2017.4837,2017.0
56449008900.0,David W.,Sant,male,Medical and Health Sciences,10.1055/s-0043-109563,2017.0
56449008900.0,David W.,Sant,male,Medical and Health Sciences,10.1038/s41598-018-23714-7,2018.0
56449008900.0,David Wayne,Sant,male,Medical and Health Sciences,10.1016/j.gpb.2018.04.005,2018.0
56449008900.0,David Wayne,Sant,male,Medical and Health Sciences,10.1016/j.gpb.2018.04.005,2018.0
56449008900.0,David,Sant,male,Medical and Health Sciences,10.1007/s12035-017-0837-3,2018.0
56449008900.0,David W.,Sant,male,Medical and Health Sciences,10.1167/iovs.18-24101,2018.0
56449008900.0,David W.,Sant,male,Medical and Health Sciences,10.1007/s00439-018-1901-4,2018.0
56449008900.0,David W.,Sant,male,Medical and Health Sciences,10.1158/0008-5472.CAN-17-2040,2018.0
56449008900.0,David W.,Sant,male,Medical and Health Sciences,10.1016/j.ebiom.2019.04.006,2019.0
56449008900.0,David W.,Sant,male,Medical and Health Sciences,10.26508/lsa.201900529,2020.0
56449008900.0,David W.,Sant,male,Medical and Health Sciences,10.1111/jnc.15015,2020.0
55184666700.0,Jeong-Seok,Park,male,Natural Sciences,10.1002/aenm.201200028,2012.0
55184666700.0,Jeong-Seok,Park,male,Natural Sciences,10.1021/nn3050227,2012.0
55184666700.0,Jeong-Seok,Park,male,Natural Sciences,10.1039/c2jm30403a,2012.0
55184666700.0,Jeong-Seok,Park,male,Natural Sciences,10.1038/srep02454,2013.0
56643932100.0,,Bennett,female,Medical and Health Sciences,10.1128/JCM.00875-15,2015.0
56643932100.0,,Bennett,female,Medical and Health Sciences,10.1128/JCM.00875-15,2015.0
56643932100.0,Aisleen,Bennett,female,Medical and Health Sciences,10.1371/journal.pntd.0003748,2015.0
56643932100.0,Aisleen,Bennett,female,Medical and Health Sciences,10.1371/journal.pntd.0003748,2015.0
56643932100.0,Aisleen,Bennett,female,Medical and Health Sciences,10.1093/cid/civ1183,2016.0
56643932100.0,Aisleen,Bennett,female,Medical and Health Sciences,10.1093/cid/civ1183,2016.0
56643932100.0,Aisleen,Bennett,female,Medical and Health Sciences,10.1371/journal.pone.0190256,2017.0
56643932100.0,Aisleen,Bennett,female,Medical and Health Sciences,10.1371/journal.pone.0190256,2017.0
56643932100.0,,Bennett,female,Medical and Health Sciences,10.1016/j.vaccine.2018.04.030,2018.0
56643932100.0,,Bennett,female,Medical and Health Sciences,10.1016/j.vaccine.2018.04.030,2018.0
56643932100.0,Aisleen,Bennett,female,Medical and Health Sciences,10.1128/JVI.01246-17,2018.0
56643932100.0,Aisleen,Bennett,female,Medical and Health Sciences,10.1093/infdis/jiz002,2019.0
56643932100.0,Aisleen,Bennett,female,Medical and Health Sciences,10.1093/infdis/jiz002,2019.0
56643932100.0,Aisleen,Bennett,female,Medical and Health Sciences,10.1093/infdis/jiz084,2019.0
56643932100.0,Aisleen,Bennett,female,Medical and Health Sciences,10.1093/infdis/jiz084,2019.0
56643932100.0,Aisleen,Bennett,female,Medical and Health Sciences,10.1126/scitranslmed.aav6419,2019.0
56643932100.0,Aisleen,Bennett,female,Medical and Health Sciences,10.1126/scitranslmed.aav6419,2019.0
56643932100.0,Aisleen,Bennett,female,Medical and Health Sciences,10.1186/s12910-019-0369-7,2019.0
56643932100.0,Aisleen,Bennett,female,Medical and Health Sciences,10.3201/eid2509.190258,2019.0
56643932100.0,Aisleen,Bennett,female,Medical and Health Sciences,10.3201/eid2509.190258,2019.0
56643932100.0,Aisleen,Bennett,female,Medical and Health Sciences,10.1371/journal.pcbi.1007014,2019.0
56643932100.0,Aisleen,Bennett,female,Medical and Health Sciences,10.1371/journal.pcbi.1007014,2019.0
56643932100.0,Aisleen,Bennett,female,Medical and Health Sciences,10.1093/cid/ciy1067,2019.0
56643932100.0,Aisleen,Bennett,female,Medical and Health Sciences,10.1093/cid/ciy1067,2019.0
56277902600.0,Guanglu,Zhou,male,Engineering and Technology,10.1108/HFF-01-2013-0021,2014.0
56277902600.0,Guanglu,Zhou,male,Engineering and Technology,10.1108/HFF-01-2013-0034,2014.0
56277902600.0,Guanglu,Zhou,male,Engineering and Technology,10.1155/2015/573932,2015.0
56277902600.0,Guanglu,Zhou,male,Engineering and Technology,10.2298/TSCI16S3801Z,2016.0
56277902600.0,Guanglu,Zhou,male,Engineering and Technology,10.2298/TSCI16S3801Z,2016.0
56277902600.0,Guanglu,Zhou,male,Engineering and Technology,10.3772/j.issn.1002-0470.2017.05.004,2017.0
57190861000.0,Dian,Novita,female,Medical and Health Sciences,10.1017/S0007114513000135,2013.0
57190861000.0,Dian N.,Chandra,female,Medical and Health Sciences,10.13181/mji.v25i2.1361,2016.0
57190861000.0,Dian N.,Chandra,female,Medical and Health Sciences,10.3390/nu8110651,2016.0
57190861000.0,Dian Novita,Chandra,female,Medical and Health Sciences,10.1080/1028415X.2017.1323396,2018.0
57190861000.0,Dian Novita,Chandra,female,Medical and Health Sciences,10.1155/2018/4857473,2018.0
57190861000.0,Dian N.,Chandra,female,Medical and Health Sciences,10.13181/mji.v27i2.2413,2018.0
56643125800.0,Taiana B.,Tarantino,female,Natural Sciences,10.1016/j.marpolbul.2015.02.033,2015.0
56643125800.0,Taiana B.,Tarantino,female,Natural Sciences,10.21577/0103-5053.20170065,2017.0
56643125800.0,Taiana B.,Tarantino,female,Natural Sciences,10.1007/s12161-016-0658-4,2017.0
56643125800.0,Taiana B.,Tarantino,female,Natural Sciences,10.1016/j.fuel.2018.10.120,2019.0
57193831433.0,Medha,Mathur,female,Medical and Health Sciences,10.1186/s13584-016-0062-y,2016.0
57193831433.0,Medha,Mathur,female,Medical and Health Sciences,10.7860/JCDR/2017/24630.9793,2017.0
57193831433.0,Medha,Mathur,female,Medical and Health Sciences,10.7860/JCDR/2017/21619.9513,2017.0
57193831433.0,Medha,Mathur,female,Medical and Health Sciences,,2018.0
56796914700.0,Hanlin,Wang,male,Natural Sciences,10.1007/s11707-012-0302-6,2012.0
56796914700.0,Hanlin,Wang,male,Natural Sciences,10.1016/j.jas.2015.08.003,2016.0
56796914700.0,Hanlin,Wang,male,Natural Sciences,10.1029/2018GL079888,2018.0
56796914700.0,Hanlin,Wang,male,Natural Sciences,10.1038/s41467-019-13338-4,2019.0
56796914700.0,Hanlin,Wang,male,Natural Sciences,10.1017/qua.2019.32,2019.0
57213074822.0,Michael,Fickes,male,Medical and Health Sciences,10.1097/BRS.0b013e318287ec9f,2013.0
57213923660.0,Paulo,Barreto,male,Medical and Health Sciences,10.1093/icvts/ivs030,2012.0
57213923660.0,Paulo,Barreto,male,Medical and Health Sciences,10.20344/amp.7715,2016.0
57213923660.0,Paulo,Barreto,male,Medical and Health Sciences,10.1016/j.ejvssr.2018.11.002,2019.0
56545055400.0,Lisseth,Gonzalez,female,Medical and Health Sciences,10.1186/s12966-015-0172-x,2015.0
56545055400.0,,Gonzalez,female,Medical and Health Sciences,10.1186/s12966-015-0213-5,2015.0
56545055400.0,Lisseth,Gonzalez,female,Medical and Health Sciences,10.1371/journal.pone.0129622,2015.0
56545055400.0,Lisseth,Gonzalez,female,Medical and Health Sciences,10.1371/journal.pone.0147746,2016.0
56545055400.0,Lisseth,Gonzalez,female,Medical and Health Sciences,10.1186/s12966-016-0449-8,2016.0
56545055400.0,Lisseth,Gonzalez,female,Medical and Health Sciences,10.3389/fped.2016.00024,2016.0
56545055400.0,Lisseth,Gonzalez,female,Medical and Health Sciences,10.1002/oby.21792,2017.0
56545055400.0,Lisseth,Gonzalez,female,Medical and Health Sciences,10.1123/pes.2018-0055,2019.0
56717287500.0,Hiroaki,Ogasawara,male,Natural Sciences,10.3390/molecules20069906,2015.0
23134811000.0,,Asaftei,male,Medical and Health Sciences,10.1093/annonc/mdr151,2012.0
23134811000.0,Sebastian Dorin,Asaftei,male,Medical and Health Sciences,10.1097/MPH.0b013e318257a6ea,2012.0
23134811000.0,Sebastian Dorin,Asaftei,male,Medical and Health Sciences,10.1016/S1470-2045(14)71136-2,2015.0
23134811000.0,,Asaftei,male,Medical and Health Sciences,10.1186/s12885-016-2312-3,2016.0
23134811000.0,Sebastian D.,Asaftei,male,Medical and Health Sciences,10.1017/S1047951117001536,2017.0
23134811000.0,,Asaftei,male,Medical and Health Sciences,10.1080/0284186X.2018.1449250,2018.0
23134811000.0,Sebastian D.,Asaftei,male,Medical and Health Sciences,10.1177/0300891617753257,2018.0
23134811000.0,Sebastian D.,Asaftei,male,Medical and Health Sciences,10.5301/tj.5000636,2019.0
23134811000.0,Sebastian Dorin,Asaftei,male,Medical and Health Sciences,10.1002/pbc.28072,2020.0
23134811000.0,Sebastian D.,Asaftei,male,Medical and Health Sciences,10.1097/MPH.0000000000001764,2020.0
54880825500.0,Mahmoud Reza,Ghandehari Ferdowsi,male,Engineering and Technology,10.1007/s11661-012-1353-8,2012.0
54880825500.0,Mahmoud Reza Ghandehari,Ferdowsi,male,Engineering and Technology,10.1007/s11665-013-0815-5,2014.0
54880825500.0,Mahmoud Reza,Ghandehari Ferdowsi,male,Engineering and Technology,10.1016/j.msea.2014.03.104,2014.0
54880825500.0,Mahmoud Reza Ghandehari,Ferdowsi,male,Engineering and Technology,10.1007/s12540-014-6011-9,2014.0
54880825500.0,Mahmoud Reza Ghandehari,Ferdowsi,male,Engineering and Technology,10.1016/j.scriptamat.2018.09.023,2019.0
54880825500.0,Mahmoud Reza Ghandehari,Ferdowsi,male,Engineering and Technology,10.1016/j.jclepro.2019.119150,2020.0
54880825500.0,Mahmoud Reza Ghandehari,Ferdowsi,male,Engineering and Technology,10.3390/su12020641,2020.0
56469968000.0,Jiaping,Xu,female,Natural Sciences,10.1007/s12013-014-0458-7,2015.0
55842326300.0,,Yin,female,Agricultural Sciences,10.1016/j.theriogenology.2012.03.027,2012.0
55842326300.0,Feng-Xia,Yin,female,Agricultural Sciences,10.1371/journal.pone.0080039,2013.0
55842326300.0,Feng-Xia,Yin,female,Agricultural Sciences,10.1371/journal.pone.0073636,2013.0
55842326300.0,Fengxia,Yin,female,Agricultural Sciences,10.15302/J-FASE-2014012,2014.0
55842326300.0,Fengxia,Yin,female,Agricultural Sciences,10.15302/J-FASE-2014003,2014.0
56902756900.0,Jun,Peng,male,Natural Sciences,10.1002/chem.201102840,2012.0
56902756900.0,Jun,Peng,male,Natural Sciences,10.1002/adfm.201201020,2012.0
57188718933.0,Qiguang,Feng,male,Natural Sciences,10.1364/OE.23.015575,2015.0
57188718933.0,Qiguang,Feng,male,Natural Sciences,10.1109/JLT.2016.2515623,2016.0
57188718933.0,Qiguang,Feng,male,Natural Sciences,10.1364/JOCN.9.000027,2017.0
57188718933.0,Qiguang,Feng,male,Natural Sciences,10.3788/COL201715.031201,2017.0
57188718933.0,Qiguang,Feng,male,Natural Sciences,10.1109/JPHOT.2017.2682847,2017.0
57188718933.0,Qiguang,Feng,male,Natural Sciences,10.1109/JPHOT.2017.2777475,2017.0
57188718933.0,Qiguang,Feng,male,Natural Sciences,10.1109/LPT.2017.2779506,2018.0
57188718933.0,Qiguang,Feng,male,Natural Sciences,10.1109/JLT.2018.2846691,2018.0
57188718933.0,Qiguang,Feng,male,Natural Sciences,10.3390/app9040668,2019.0
57188718933.0,Qiguang,Feng,male,Natural Sciences,10.1109/LPT.2019.2902296,2019.0
57188718933.0,Qiguang,Feng,male,Natural Sciences,10.1016/j.optcom.2019.03.052,2019.0
57188718933.0,Qiguang,Feng,male,Natural Sciences,10.1016/j.optcom.2019.05.040,2019.0
57188718933.0,Qiguang,Feng,male,Natural Sciences,10.1109/JPHOT.2019.2956319,2019.0
57188718933.0,Qiguang,Feng,male,Natural Sciences,10.1364/OE.387668,2020.0
57188718933.0,Qiguang,Feng,male,Natural Sciences,10.1109/LPT.2020.2974664,2020.0
57188718933.0,Qiguang,Feng,male,Natural Sciences,10.3390/app10010133,2020.0
54397764100.0,Liangming,Wang,female,Natural Sciences,10.3390/s16071081,2016.0
54397764100.0,Liangming,Wang,female,Natural Sciences,10.1186/s13635-018-0071-1,2018.0
54397764100.0,Liangming,Wang,female,Natural Sciences,10.1504/IJHPCN.2018.091894,2018.0
54397764100.0,Liangming,Wang,female,Natural Sciences,10.3390/s19071513,2019.0
54397764100.0,Liangming,Wang,female,Natural Sciences,10.3390/s19051105,2019.0
54397764100.0,Liangming,Wang,female,Natural Sciences,10.1109/ACCESS.2019.2900371,2019.0
56491037700.0,,Voitovich,male,Natural Sciences,10.1007/s11172-013-0149-3,2013.0
56491037700.0,Yuliya V.,Voitovich,male,Natural Sciences,10.1021/jm501678w,2015.0
56491037700.0,Yuliia,Voitovich,male,Natural Sciences,10.1021/acs.jmedchem.5b01708,2016.0
56491037700.0,Yuliia,Voitovich,male,Natural Sciences,10.1021/acs.jmedchem.5b01708,2016.0
56491037700.0,Yuliia V.,Voitovich,male,Natural Sciences,10.1021/acs.jmedchem.8b00653,2018.0
56491037700.0,Yuliia V.,Voitovich,male,Natural Sciences,10.1021/acs.jmedchem.8b00653,2018.0
56491037700.0,Yu. V.,Voitovich,male,Natural Sciences,10.1007/s11172-019-2689-7,2019.0
57149106900.0,Yi,Feng,male,Medical and Health Sciences,10.1007/s11064-016-1990-1,2016.0
57149106900.0,Yi,Feng,male,Medical and Health Sciences,10.1007/s11064-016-1990-1,2016.0
57149106900.0,Yi,Feng,male,Medical and Health Sciences,10.5137/1019-5149.JTN.12669-14.0,2016.0
57149106900.0,Yi,Feng,male,Medical and Health Sciences,10.12659/MSM.904240,2017.0
55885521800.0,Yating,Mao,female,Natural Sciences,10.1007/s00894-011-1236-8,2012.0
55885521800.0,Yating,Mao,female,Natural Sciences,10.1126/science.1236686,2013.0
55885521800.0,Yating,Mao,female,Natural Sciences,10.1016/j.electacta.2014.10.060,2014.0
55885521800.0,Yating,Mao,female,Natural Sciences,10.1039/c4cc03940h,2014.0
55885521800.0,Yating,Mao,female,Natural Sciences,10.1016/j.jpowsour.2015.06.018,2015.0
55885521800.0,Yating,Mao,female,Natural Sciences,10.1016/j.colsurfa.2016.06.043,2016.0
55885521800.0,Yating,Mao,female,Natural Sciences,10.1002/app.44764,2017.0
55885521800.0,Yating,Mao,female,Natural Sciences,10.1002/app.45025,2017.0
55885521800.0,Yating,Mao,female,Natural Sciences,10.1002/app.44763,2017.0
56228512400.0,Yumi,Kawagoe,female,Natural Sciences,10.1007/s00122-013-2187-5,2013.0
56228512400.0,Yumi,Kawagoe,female,Natural Sciences,10.5344/ajev.2014.13132,2014.0
56228512400.0,Yumi,Kawagoe,female,Natural Sciences,10.1094/PHP-RS-14-0041,2015.0
56228512400.0,Yumi,Kawagoe,female,Natural Sciences,10.1007/s11240-014-0662-6,2015.0
56228512400.0,Yumi,Kawagoe,female,Natural Sciences,10.1016/j.bbrc.2015.03.143,2015.0
56228512400.0,Yumi,Kawagoe,female,Natural Sciences,10.1002/ps.3837,2015.0
57213549000.0,Johan,Pienaar,male,Agricultural Sciences,10.21273/HORTSCI10822-16,2016.0
57191307713.0,Allison,De Wispelaere,female,Medical and Health Sciences,10.1161/ATVBAHA.111.241034,2012.0
57191307713.0,Allison,De Wispelaere,female,Medical and Health Sciences,10.1161/ATVBAHA.111.241034,2012.0
57191307713.0,Allison,De Wispelaere,female,Medical and Health Sciences,10.1161/ATVBAHA.111.241034,2012.0
56133029500.0,Ankita,Meghani,female,Medical and Health Sciences,10.1016/j.ajic.2014.03.021,2014.0
56133029500.0,Ankita,Meghani,female,Medical and Health Sciences,10.1377/hlthaff.2015.0352,2015.0
56133029500.0,Ankita,Meghani,female,Medical and Health Sciences,10.1080/21645515.2017.1356496,2017.0
56133029500.0,Ankita,Meghani,female,Medical and Health Sciences,10.1146/annurev-publhealth-031816-044208,2017.0
56133029500.0,Ankita,Meghani,female,Medical and Health Sciences,10.1093/heapol/czx145,2018.0
56133029500.0,Ankita,Meghani,female,Medical and Health Sciences,10.1136/bmjgh-2018-000970,2018.0
56133029500.0,Ankita,Meghani,female,Medical and Health Sciences,10.1017/S1744133118000506,2020.0
56133029500.0,Ankita,Meghani,female,Medical and Health Sciences,10.1186/s12992-019-0534-2,2020.0
57200513582.0,Xin,Sui,male,Natural Sciences,10.1038/am.2013.70,2013.0
57200513582.0,Xin,Sui,male,Natural Sciences,10.1016/j.polymdegradstab.2014.08.010,2014.0
57200513582.0,Xin,Sui,male,Natural Sciences,10.1039/c5py00058k,2015.0
57200513582.0,Xin,Sui,male,Natural Sciences,10.1039/c5py00058k,2015.0
57200513582.0,Xin,Sui,male,Natural Sciences,10.1002/adma.201405564,2015.0
57200513582.0,Xin,Sui,male,Natural Sciences,10.1039/c5ra18775c,2015.0
57200513582.0,Xin,Sui,male,Natural Sciences,10.1002/anie.201606469,2016.0
57200513582.0,Xin,Sui,male,Natural Sciences,10.1002/adma.201603478,2016.0
57200513582.0,Xin,Sui,male,Natural Sciences,10.1021/jacs.7b02794,2017.0
57200513582.0,Xin,Sui,male,Natural Sciences,10.1021/acsami.7b14505,2018.0
57200513582.0,Xin,Sui,male,Natural Sciences,10.1021/acsami.8b02578,2019.0
56028669800.0,,Defrance,male,Natural Sciences,10.1364/OE.24.020335,2016.0
56028669800.0,Fabien,Defrance,male,Natural Sciences,10.1364/AO.57.005196,2018.0
56028669800.0,,Defrance,male,Natural Sciences,10.1007/s10909-019-02294-4,2019.0
56028669800.0,,Defrance,male,Natural Sciences,10.1007/s10909-019-02255-x,2020.0
55578634300.0,Ziheng,Yin,male,Engineering and Technology,10.13334/j.0258-8013.pcsee.2014.13.004,2014.0
55578634300.0,Ziheng,Yin,male,Engineering and Technology,10.13334/j.0258-8013.pcsee.2014.28.012,2014.0
55578634300.0,Ziheng,Yin,male,Engineering and Technology,10.1016/j.ijepes.2014.10.032,2015.0
55578634300.0,Ziheng,Yin,male,Engineering and Technology,10.1049/iet-rpg.2014.0098,2015.0
55578634300.0,Ziheng,Yin,male,Engineering and Technology,10.13334/j.0258-8013.pcsee.2015.05.004,2015.0
55578634300.0,Ziheng,Yin,male,Engineering and Technology,10.1109/TSG.2015.2409371,2015.0
57212804287.0,Joslyn,Westphal,female,Medical and Health Sciences,10.1089/tmj.2011.0271,2012.0
57212804287.0,Joslyn A.,Westphal,female,Medical and Health Sciences,10.1111/tmi.12441,2015.0
35326221900.0,Jiang,Bin,male,Engineering and Technology,10.1016/j.matdes.2015.10.111,2016.0
35326221900.0,Jiang,Bin,male,Engineering and Technology,10.1016/j.matdes.2015.10.111,2016.0
35326221900.0,Jiang,Bin,male,Engineering and Technology,10.1088/2053-1591/ab0fb8,2019.0
56095012400.0,Araceli,Solís-Gómez,female,Natural Sciences,10.1016/j.colsurfa.2014.03.021,2014.0
56095012400.0,,Solís-Gómez,female,Natural Sciences,10.1007/s10876-018-1392-4,2018.0
56095012400.0,,Solís-Gómez,female,Natural Sciences,10.1016/j.fuel.2018.10.013,2019.0
56095012400.0,,Solís-Gómez,female,Natural Sciences,10.1016/j.molstruc.2019.01.042,2019.0
55891926500.0,Jing,Zhang,female,Medical and Health Sciences,10.1016/j.ijpsycho.2012.01.021,2012.0
55891926500.0,Jing,Zhang,female,Medical and Health Sciences,10.2147/NDT.S53802,2013.0
55891926500.0,Jing,Zhang,female,Medical and Health Sciences,10.2147/NDT.S47099,2013.0
55891926500.0,Jing,Zhang,female,Medical and Health Sciences,10.1016/j.eplepsyres.2012.10.015,2013.0
55891926500.0,Jing,Zhang,female,Medical and Health Sciences,10.1016/j.mri.2013.01.008,2013.0
55891926500.0,Jing,Zhang,female,Medical and Health Sciences,,2013.0
55891926500.0,Jing,Zhang,female,Medical and Health Sciences,10.1016/j.nicl.2013.10.017,2014.0
55891926500.0,Jing,Zhang,female,Medical and Health Sciences,10.2147/NDT.S56404,2014.0
55623659600.0,Maria A.,Gorgan,female,Medical and Health Sciences,10.1002/ajh.23563,2013.0
55623659600.0,Maria,Gorgan,female,Medical and Health Sciences,10.5858/arpa.2012-0460-CR,2013.0
55623659600.0,Maria,Gorgan,female,Medical and Health Sciences,10.1097/MPG.0b013e3182984030,2013.0
55623659600.0,Maria,Gorgan,female,Medical and Health Sciences,10.1002/cyto.b.21250,2017.0
55623659600.0,Maria,Gorgan,female,Medical and Health Sciences,10.1002/cyto.b.21250,2017.0
55940290900.0,Ryan,Hagen,male,Social Sciences,10.1093/sf/sot093,2013.0
55940290900.0,Ryan,Hagen,male,Social Sciences,10.15195/v3.a37,2016.0
55940290900.0,Ryan,Hagen,male,Social Sciences,10.1111/socf.12547,2019.0
55940290900.0,Ryan,Hagen,male,Social Sciences,10.1111/padm.12660,2020.0
54909636000.0,Martha,Koehn,female,Medical and Health Sciences,10.1016/j.carj.2011.06.007,2012.0
54909636000.0,Martha,Koehn,female,Medical and Health Sciences,10.1111/acem.12229,2013.0
54909636000.0,Martha,Koehn,female,Medical and Health Sciences,10.1111/acem.12229,2013.0
54909636000.0,Martha,Koehn,female,Medical and Health Sciences,10.1089/vbz.2013.1417,2014.0
56924234900.0,Yu-Xing,Mao,male,Natural Sciences,10.11999/JEIT150278,2015.0
56924234900.0,Yuxing,Mao,male,Natural Sciences,10.1109/LCOMM.2015.2484350,2015.0
56924234900.0,Yuxing,Mao,male,Natural Sciences,10.1109/LCOMM.2015.2484350,2015.0
56924234900.0,Yu-Xing,Mao,male,Natural Sciences,10.11959/j.issn.1000-436x.2017091,2017.0
56924234900.0,Yu-xing,Mao,male,Natural Sciences,10.1631/FITEE.1601404,2017.0
57197201954.0,Kathryn,Whitfield,female,Medical and Health Sciences,10.1111/ajco.12406,2015.0
57197201954.0,,Whitfield,female,Medical and Health Sciences,10.1111/imj.13157,2016.0
57197201954.0,Kathryn,Whitfield,female,Medical and Health Sciences,10.1158/1055-9965.EPI-18-0210,2018.0
57197201954.0,,Whitfield,female,Medical and Health Sciences,10.1016/j.lungcan.2019.01.002,2019.0
57197201954.0,Kathryn,Whitfield,female,Medical and Health Sciences,10.1016/j.eclinm.2019.08.009,2019.0
57197201954.0,Kathryn,Whitfield,female,Medical and Health Sciences,10.1111/jep.13231,2019.0
57197201954.0,Kathryn,Whitfield,female,Medical and Health Sciences,10.1002/pon.5221,2019.0
57197201954.0,Kathryn,Whitfield,female,Medical and Health Sciences,10.1111/1753-6405.12935,2020.0
57197201954.0,Kathryn M.,Whitfield,female,Medical and Health Sciences,10.1200/JGO.19.00076,2020.0
57197201954.0,Kathryn,Whitfield,female,Medical and Health Sciences,10.1111/1753-6405.12932,2020.0
57197201954.0,Kathryn,Whitfield,female,Medical and Health Sciences,10.1093/fampra/cmz064,2020.0
55513674700.0,Lan,Chen,female,Medical and Health Sciences,10.1177/1071100714555569,2015.0
55799774600.0,Minghua,He,female,Natural Sciences,10.4304/jcp.8.8.2093-2100,2013.0
55117636300.0,Ayumi,Nakahara,female,Medical and Health Sciences,10.2323/jgam.58.43,2012.0
55848892600.0,Yi,Yin,male,Natural Sciences,10.1016/j.physa.2013.07.070,2013.0
55848892600.0,Yi,Yin,male,Natural Sciences,10.1142/S0218348X14500078,2014.0
55848892600.0,Yi,Yin,male,Natural Sciences,10.1063/1.4893442,2014.0
55848892600.0,Yi,Yin,male,Natural Sciences,10.1063/1.4873523,2014.0
55848892600.0,Yi,Yin,male,Natural Sciences,10.1007/s11071-014-1636-2,2014.0
55848892600.0,Yi,Yin,male,Natural Sciences,10.1142/S0219477514500230,2014.0
55848892600.0,Yi,Yin,male,Natural Sciences,10.1007/s11071-015-2072-7,2015.0
55848892600.0,Yi,Yin,male,Natural Sciences,10.1063/1.4913765,2015.0
55848892600.0,Yi,Yin,male,Natural Sciences,10.1007/s11071-015-2106-1,2015.0
55848892600.0,Yi,Yin,male,Natural Sciences,10.1016/j.physa.2015.03.055,2015.0
55848892600.0,Yi,Yin,male,Natural Sciences,10.1142/S0219477515500236,2015.0
55848892600.0,Yi,Yin,male,Natural Sciences,10.1016/j.amc.2015.06.061,2015.0
55848892600.0,Yi,Yin,male,Natural Sciences,10.1007/s11071-016-2830-1,2016.0
55848892600.0,Yi,Yin,male,Natural Sciences,10.1007/s11071-016-2901-3,2016.0
55848892600.0,Yi,Yin,male,Natural Sciences,10.1016/j.physa.2015.12.156,2016.0
55848892600.0,Yi,Yin,male,Natural Sciences,10.1016/j.physa.2015.09.067,2016.0
55848892600.0,Yi,Yin,male,Natural Sciences,10.1016/j.amc.2016.05.013,2016.0
55848892600.0,Yi,Yin,male,Natural Sciences,10.1016/j.amc.2016.07.017,2016.0
55848892600.0,Yi,Yin,male,Natural Sciences,10.1007/s11071-015-2444-z,2016.0
55848892600.0,Yi,Yin,male,Natural Sciences,10.1007/s11071-017-3340-5,2017.0
55848892600.0,Yi,Yin,male,Natural Sciences,10.1063/1.5084034,2019.0
55848892600.0,Yi,Yin,male,Natural Sciences,10.1063/1.5124366,2019.0
55848892600.0,Yi,Yin,male,Natural Sciences,10.1016/j.physa.2018.09.179,2019.0
55848892600.0,Yi,Yin,male,Natural Sciences,10.1016/j.physa.2019.123814,2020.0
57070522500.0,Jeyaganesh,Veerakumaran,male,Medical and Health Sciences,10.1093/bja/aew316,2016.0
57070522500.0,Jeyaganesh S.,Veerakumaran,male,Medical and Health Sciences,10.1186/s12871-017-0369-4,2017.0
56561936300.0,Shira Meir,Drexler,female,Medical and Health Sciences,10.1037/a0036688,2014.0
56561936300.0,Shira,Meir Drexler,female,Medical and Health Sciences,10.1038/npp.2015.160,2015.0
56561936300.0,Shira,Meir Drexler,female,Medical and Health Sciences,10.1038/npp.2015.160,2015.0
56561936300.0,Shira,Meir Drexler,female,Medical and Health Sciences,10.1007/s00213-016-4314-x,2016.0
56561936300.0,Shira,Meir Drexler,female,Medical and Health Sciences,10.1007/s00213-016-4314-x,2016.0
56561936300.0,Shira,Meir Drexler,female,Medical and Health Sciences,10.1016/j.neubiorev.2017.02.026,2017.0
56561936300.0,Shira,Meir Drexler,female,Medical and Health Sciences,10.1016/j.psyneuen.2016.11.027,2017.0
56561936300.0,Shira,Meir Drexler,female,Medical and Health Sciences,10.1016/j.nlm.2016.11.008,2017.0
56561936300.0,Shira,Meir Drexler,female,Medical and Health Sciences,10.1016/j.nlm.2017.04.002,2017.0
56561936300.0,Shira Meir,Drexler,female,Medical and Health Sciences,10.1037/bne0000231,2018.0
56561936300.0,Shira Meir,Drexler,female,Medical and Health Sciences,10.1016/j.beth.2018.03.001,2018.0
56561936300.0,Shira,Meir Drexler,female,Medical and Health Sciences,10.3389/fnbeh.2019.00254,2019.0
56561936300.0,Shira,Meir Drexler,female,Medical and Health Sciences,10.1016/j.neubiorev.2018.12.029,2019.0
56561936300.0,Shira,Meir Drexler,female,Medical and Health Sciences,10.1016/j.neubiorev.2019.09.020,2019.0
56606692800.0,Haruki,Matsubara,male,Natural Sciences,10.1128/JVI.02572-12,2013.0
56606692800.0,Haruki,Matsubara,male,Natural Sciences,10.1002/eji.201545509,2015.0
56606692800.0,Haruki,Matsubara,male,Natural Sciences,10.1002/eji.201545509,2015.0
56606692800.0,Haruki,Matsubara,male,Natural Sciences,10.4049/jimmunol.1601296,2017.0
56606692800.0,Haruki,Matsubara,male,Natural Sciences,10.1074/jbc.RA118.006840,2019.0
56606692800.0,Haruki,Matsubara,male,Natural Sciences,10.4049/jimmunol.1900562,2019.0
55336446300.0,Jeremy,Medlock,male,Natural Sciences,10.1071/ZO12008,2012.0
36775503700.0,Martin,Reuter,male,Natural Sciences,10.1109/TEMC.2013.2273564,2014.0
57199480130.0,Qian,Wang,male,Social Sciences,10.1016/j.jhlste.2012.05.002,2012.0
56406182000.0,Liza,Barbour,female,Medical and Health Sciences,10.1071/PY14038,2014.0
56406182000.0,,Barbour,female,Medical and Health Sciences,10.1111/nbu.12200,2016.0
56406182000.0,Liza,Barbour,female,Medical and Health Sciences,10.1111/1747-0080.12284,2017.0
56406182000.0,Liza,Barbour,female,Medical and Health Sciences,10.1177/0017896917715780,2017.0
56406182000.0,Liza,Barbour,female,Medical and Health Sciences,10.1108/JKM-03-2017-0111,2018.0
56406182000.0,Liza,Barbour,female,Medical and Health Sciences,10.1080/19320248.2019.1583621,2020.0
57212642925.0,Friedericke,Lang,female,Natural Sciences,10.1016/j.envpol.2016.06.047,2016.0
55228717900.0,Changjiu,Chen,male,Engineering and Technology,10.1016/S1005-0302(12)60186-8,2012.0
55228717900.0,Changjiu,Chen,male,Engineering and Technology,10.1016/j.msea.2012.04.119,2012.0
55228717900.0,Changjiu,Chen,male,Engineering and Technology,10.1016/j.msea.2012.08.120,2013.0
55228717900.0,Changjiu,Chen,male,Engineering and Technology,10.1209/0295-5075/110/46001,2015.0
55228717900.0,,Chen,male,Engineering and Technology,10.1063/1.4932049,2015.0
55228717900.0,Changjiu,Chen,male,Engineering and Technology,10.1007/s11051-015-2965-x,2015.0
55228717900.0,Changjiu,Chen,male,Engineering and Technology,10.1038/srep33374,2016.0
55228717900.0,Changjiu,Chen,male,Engineering and Technology,10.1038/srep33374,2016.0
55228717900.0,Changjiu,Chen,male,Engineering and Technology,10.1063/1.4960295,2016.0
55228717900.0,Changjiu,Chen,male,Engineering and Technology,10.1039/c7ra09049h,2017.0
55228717900.0,Changjiu,Chen,male,Engineering and Technology,10.1038/s41598-018-20470-6,2018.0
55228717900.0,Changjiu,Chen,male,Engineering and Technology,10.1088/1361-6463/aab148,2018.0
55228717900.0,Changjiu,Chen,male,Engineering and Technology,10.1103/PhysRevB.98.094203,2018.0
55228717900.0,Changjiu,Chen,male,Engineering and Technology,10.1103/PhysRevB.98.094203,2018.0
55228717900.0,Changjiu,Chen,male,Engineering and Technology,10.1016/j.jmst.2018.09.008,2019.0
55580370500.0,Teeranee,Techasrivichien,female,Medical and Health Sciences,10.1080/09540121.2013.764391,2013.0
55580370500.0,Teeranee,Techasrivichien,female,Medical and Health Sciences,10.1371/journal.pone.0085327,2014.0
55580370500.0,Teeranee,Techasrivichien,female,Medical and Health Sciences,10.1007/s11904-014-0201-4,2014.0
55580370500.0,Teeranee,Techasrivichien,female,Medical and Health Sciences,10.2989/16085906.2016.1171790,2016.0
55580370500.0,Teeranee,Techasrivichien,female,Medical and Health Sciences,10.1371/journal.pone.0168140,2016.0
55580370500.0,Teeranee,Techasrivichien,female,Medical and Health Sciences,10.1016/j.chiabu.2016.07.008,2016.0
55580370500.0,Teeranee,Techasrivichien,female,Medical and Health Sciences,10.1007/s10508-014-0429-5,2016.0
55580370500.0,Teeranee,Techasrivichien,female,Medical and Health Sciences,10.1371/journal.pone.0153452,2016.0
55580370500.0,Teeranee,Techasrivichien,female,Medical and Health Sciences,,2017.0
55580370500.0,Teeranee,Techasrivichien,female,Medical and Health Sciences,10.1371/journal.pone.0188088,2017.0
55580370500.0,Teeranee,Techasrivichien,female,Medical and Health Sciences,10.1371/journal.pone.0183255,2017.0
55580370500.0,Teeranee,Techasrivichien,female,Medical and Health Sciences,10.1016/j.shaw.2017.06.002,2018.0
55580370500.0,Teeranee,Techasrivichien,female,Medical and Health Sciences,10.1371/journal.pone.0209121,2018.0
55580370500.0,Teeranee,Techasrivichien,female,Medical and Health Sciences,10.1016/j.drugpo.2017.11.026,2018.0
55580370500.0,Teeranee,Techasrivichien,female,Medical and Health Sciences,10.1371/journal.pone.0208176,2018.0
55580370500.0,Teeranee,Techasrivichien,female,Medical and Health Sciences,10.1371/journal.pone.0210294,2019.0
55580370500.0,Teeranee,Techasrivichien,female,Medical and Health Sciences,10.1017/dmp.2018.100,2019.0
55580370500.0,Teeranee,Techasrivichien,female,Medical and Health Sciences,10.1371/journal.pone.0212739,2019.0
55580370500.0,Teeranee,Techasrivichien,female,Medical and Health Sciences,10.1080/08964289.2018.1538099,2019.0
55580370500.0,Teeranee,Techasrivichien,female,Medical and Health Sciences,10.1007/s10461-019-02756-6,2019.0
55580370500.0,Teeranee,Techasrivichien,female,Medical and Health Sciences,10.1007/s10461-019-02756-6,2019.0
55580370500.0,Teeranee,Techasrivichien,female,Medical and Health Sciences,10.1080/09540121.2019.1707472,2019.0
55580370500.0,Teeranee,Techasrivichien,female,Medical and Health Sciences,10.1186/s12889-019-8116-z,2019.0
55580370500.0,Teeranee,Techasrivichien,female,Medical and Health Sciences,10.1186/s12889-019-8116-z,2019.0
55580370500.0,Teeranee,Techasrivichien,female,Medical and Health Sciences,10.1080/09540121.2019.1612013,2019.0
55580370500.0,Teeranee,Techasrivichien,female,Medical and Health Sciences,10.1080/09540121.2019.1612013,2019.0
55580370500.0,Teeranee,Techasrivichien,female,Medical and Health Sciences,10.1186/s12889-019-7005-9,2019.0
55580370500.0,Teeranee,Techasrivichien,female,Medical and Health Sciences,10.1186/s12889-019-7005-9,2019.0
56941732200.0,Ehtisham,Asif,male,Medical and Health Sciences,10.1093/cid/civ726,2015.0
55971601800.0,Clarence W.,Potter,male,Medical and Health Sciences,10.1002/lt.23588,2013.0
55971601800.0,Clarence W.,Potter,male,Medical and Health Sciences,10.1016/j.urolonc.2012.11.019,2014.0
55971601800.0,Clarence,Potter,male,Medical and Health Sciences,10.1093/jamia/ocy138,2019.0
57191361103.0,João,Carmo,male,Medical and Health Sciences,10.1160/TH16-03-0203,2016.0
57191361103.0,João,Carmo,male,Medical and Health Sciences,10.1016/j.ijcard.2017.06.004,2017.0
57191361103.0,João,Carmo,male,Medical and Health Sciences,10.1016/j.repc.2017.02.012,2017.0
57191361103.0,João,Carmo,male,Medical and Health Sciences,10.1016/j.repc.2017.02.011,2017.0
57191361103.0,João,Carmo,male,Medical and Health Sciences,10.1016/j.repc.2017.06.007,2017.0
57191361103.0,João,Carmo,male,Medical and Health Sciences,10.1016/j.amjcard.2018.05.012,2018.0
57191361103.0,João,Carmo,male,Medical and Health Sciences,10.1016/j.repc.2017.09.028,2018.0
57191361103.0,João,Carmo,male,Medical and Health Sciences,10.1016/j.repc.2017.06.016,2018.0
57191361103.0,João,Carmo,male,Medical and Health Sciences,10.1016/j.jelectrocard.2019.08.046,2019.0
57191361103.0,João,Carmo,male,Medical and Health Sciences,10.1161/JAHA.119.012253,2019.0
55277740100.0,Li,Ju,male,Medical and Health Sciences,10.3892/mmr.2012.823,2012.0
55277740100.0,Li,Ju,male,Medical and Health Sciences,10.3969/j.issn.2095-4344.2013.23.003,2013.0
55277740100.0,Li,Ju,male,Medical and Health Sciences,10.3892/mmr.2013.1637,2013.0
55277740100.0,Li,Ju,male,Medical and Health Sciences,10.1097/BPB.0000000000000086,2014.0
55277740100.0,Li,Ju,male,Medical and Health Sciences,,2014.0
55277740100.0,Li,Ju,male,Medical and Health Sciences,,2014.0
55277740100.0,Li,Ju,male,Medical and Health Sciences,10.1177/0300060515591062,2015.0
55277740100.0,Li,Ju,male,Medical and Health Sciences,10.1097/BPB.0000000000000292,2016.0
55277740100.0,Li,Ju,male,Medical and Health Sciences,10.1097/BPB.0000000000000339,2016.0
55277740100.0,Li,Ju,male,Medical and Health Sciences,10.1097/BPB.0000000000000339,2016.0
55277740100.0,Li,Ju,male,Medical and Health Sciences,10.1159/000465389,2017.0
55277740100.0,Li,Ju,male,Medical and Health Sciences,10.1007/s11356-016-7874-8,2017.0
36244400000.0,ZhiHui,Tang,male,No_discipline_assigned,10.3923/jas.2013.1602.1606,2013.0
56102532400.0,Takahiro,Ito,male,Engineering and Technology,10.1587/transcom.2015EBP3439,2016.0
56102532400.0,Takahiro,Ito,male,Engineering and Technology,10.1587/transele.E101.C.644,2018.0
56102532400.0,Takahiro,Ito,male,Engineering and Technology,10.1109/ACCESS.2018.2881277,2018.0
56102532400.0,Takahiro,Ito,male,Engineering and Technology,10.1109/ACCESS.2019.2938409,2019.0
55986629800.0,Matheus de C.,Silva,male,Natural Sciences,10.1590/S1415-43662013000600001,2013.0
55986629800.0,Matheus de C.,Silva,male,Natural Sciences,10.1590/S1415-43662014000600003,2014.0
55840420200.0,Jian,Qian,male,Engineering and Technology,10.14006/j.jzjgxb.2014.S2.034,2014.0
55840420200.0,Jian,Qian,male,Engineering and Technology,10.14006/j.jzjgxb.2014.S2.034,2014.0
55840420200.0,Jian,Qian,male,Engineering and Technology,10.1007/s12205-017-0678-7,2018.0
57189013367.0,Victoria Y. M.,Suen,female,Medical and Health Sciences,10.1371/journal.pone.0087321,2014.0
57189013367.0,Victoria Y. M.,Suen,female,Medical and Health Sciences,10.1371/journal.pone.0125527,2015.0
57189013367.0,Victoria Y. M.,Suen,female,Medical and Health Sciences,10.2147/JMDH.S97590,2016.0
57189013367.0,Victoria Y.M.,Suen,female,Medical and Health Sciences,10.1186/s12888-017-1448-2,2017.0
57189013367.0,Victoria Y.M.,Suen,female,Medical and Health Sciences,10.3389/fpsyt.2017.00081,2017.0
57189013367.0,Victoria Y. M.,Suen,female,Medical and Health Sciences,10.3389/fpsyt.2017.00032,2017.0
57189013367.0,Victoria,Suen,female,Medical and Health Sciences,10.3389/fpsyt.2020.00135,2020.0
56675576400.0,Salih,Uzun,male,Medical and Health Sciences,10.5336/medsci.2011-27037,2012.0
56675576400.0,Salih,Uzun,male,Medical and Health Sciences,10.1016/j.jcjo.2012.02.002,2012.0
56675576400.0,Salih,Uzun,male,Medical and Health Sciences,10.4103/0301-4738.119322,2013.0
56675576400.0,Salih,Uzun,male,Medical and Health Sciences,10.3109/01676830.2013.815223,2013.0
56675576400.0,,Uzun,male,Medical and Health Sciences,10.1038/eye.2014.16,2014.0
56675576400.0,Salih,Uzun,male,Medical and Health Sciences,10.7314/APJCP.2015.16.10.4265,2015.0
56675576400.0,Salih,Uzun,male,Medical and Health Sciences,10.1097/IOP.0000000000000112,2015.0
56675576400.0,Salih,Uzun,male,Medical and Health Sciences,10.1097/ICO.0000000000000420,2015.0
56675576400.0,Salih,Uzun,male,Medical and Health Sciences,,2016.0
56675576400.0,,Uzun,male,Medical and Health Sciences,,2016.0
56675576400.0,Salih,Uzun,male,Medical and Health Sciences,10.12669/pjms.322.8496,2016.0
56675576400.0,Salih,Uzun,male,Medical and Health Sciences,10.1155/2016/7575643,2016.0
56675576400.0,Salih,Uzun,male,Medical and Health Sciences,10.1016/j.jaapos.2016.01.009,2016.0
56675576400.0,Salih,Uzun,male,Medical and Health Sciences,10.1159/000442826,2016.0
56675576400.0,Salih,Uzun,male,Medical and Health Sciences,10.1159/000442216,2016.0
56675576400.0,Salih,Uzun,male,Medical and Health Sciences,10.1097/IJG.0000000000000283,2016.0
56675576400.0,Salih,Uzun,male,Medical and Health Sciences,10.1080/00325481.2016.1210475,2016.0
56675576400.0,Salih,Uzun,male,Medical and Health Sciences,10.5301/ejo.5000740,2016.0
56675576400.0,,Uzun,male,Medical and Health Sciences,10.1136/jramc-2015-000408,2016.0
56675576400.0,Salih,Uzun,male,Medical and Health Sciences,10.5301/ejo.5000675,2016.0
56675576400.0,Salih,Uzun,male,Medical and Health Sciences,10.12669/pjms.322.9221,2016.0
56675576400.0,Salih,Uzun,male,Medical and Health Sciences,10.1007/s00345-016-1880-9,2017.0
56918892500.0,Yuan,Feng,male,Medical and Health Sciences,10.1016/j.ejps.2015.10.008,2016.0
56918892500.0,Yuan,Feng,male,Medical and Health Sciences,10.16438/j.0513-4870.2015-1139,2016.0
55348398400.0,,Shustov,male,Natural Sciences,10.1134/S0020441212030104,2012.0
55348398400.0,Alexander E.,Shustov,male,Natural Sciences,10.1117/1.OE.53.2.021108,2014.0
55348398400.0,,Shustov,male,Natural Sciences,10.3103/S1068335614090024,2014.0
55348398400.0,,Shustov,male,Natural Sciences,10.3103/S1068335615080072,2015.0
55348398400.0,,Shustov,male,Natural Sciences,10.3103/S1068335615020037,2015.0
55348398400.0,,Shustov,male,Natural Sciences,10.1016/j.nima.2015.05.072,2015.0
55348398400.0,,Shustov,male,Natural Sciences,10.3103/S1068335615050061,2015.0
55348398400.0,Alexander E.,Shustov,male,Natural Sciences,10.1117/1.JRS.9.096087,2015.0
55348398400.0,,Shustov,male,Natural Sciences,10.1134/S0016793216070124,2016.0
55348398400.0,,Shustov,male,Natural Sciences,10.1088/1748-0221/12/05/P05011,2017.0
55348398400.0,,Shustov,male,Natural Sciences,10.1134/S1063778818050174,2018.0
55348398400.0,,Shustov,male,Natural Sciences,10.1088/1748-0221/14/03/P03025,2019.0
55348398400.0,,Shustov,male,Natural Sciences,10.1007/JHEP04(2019)077,2019.0
55348398400.0,,Shustov,male,Natural Sciences,10.1088/1748-0221/14/11/P11028,2019.0
55348398400.0,,Shustov,male,Natural Sciences,10.1088/1748-0221/15/01/P01027,2020.0
55348398400.0,,Shustov,male,Natural Sciences,10.1140/epjc/s10052-020-7788-y,2020.0
54881448000.0,Giuseppa,Leo,female,Medical and Health Sciences,10.1016/j.yebeh.2011.11.014,2012.0
54881448000.0,Giuseppina,Leo,female,Medical and Health Sciences,10.1016/j.earlhumdev.2012.07.014,2013.0
54881448000.0,Giuseppina,Leo,female,Medical and Health Sciences,10.1016/j.yebeh.2015.10.027,2016.0
54881448000.0,Giuseppina,Leo,female,Medical and Health Sciences,10.1016/j.jpeds.2018.02.008,2018.0
54881448000.0,Giuseppina,Leo,female,Medical and Health Sciences,10.1016/j.sleep.2019.04.016,2019.0
56689373600.0,Huiqiang,Dou,male,Medical and Health Sciences,10.1089/lap.2013.0427,2014.0
56689373600.0,Huiqiang,Dou,male,Medical and Health Sciences,10.3390/s150819225,2015.0
56689373600.0,Huiqiang,Dou,male,Medical and Health Sciences,10.18632/oncotarget.3656,2015.0
56689373600.0,Huiqiang,Dou,male,Medical and Health Sciences,10.3389/fphar.2017.00877,2017.0
56689373600.0,Huiqiang,Dou,male,Medical and Health Sciences,10.1002/cam4.1752,2018.0
56689373600.0,Huiqiang,Dou,male,Medical and Health Sciences,10.1002/cam4.1752,2018.0
55618627600.0,Bao Anh,Do,male,Medical and Health Sciences,10.1016/j.jvoice.2013.01.012,2013.0
55618627600.0,Bao Anh Julie,Do,male,Medical and Health Sciences,10.1016/j.ijporl.2014.04.030,2014.0
55618627600.0,Bao Anh,Do,male,Medical and Health Sciences,10.1016/j.jvoice.2013.09.004,2014.0
55618627600.0,Bao Anh,Do,male,Medical and Health Sciences,10.1177/0194599814547503,2014.0
55618627600.0,Bao Anh,Do,male,Medical and Health Sciences,10.1016/j.ijporl.2015.06.007,2015.0
56084131900.0,Shaojing,Wang,female,Medical and Health Sciences,10.3892/etm.2014.1605,2014.0
56084131900.0,Shaojing,Wang,female,Medical and Health Sciences,10.1016/j.ijnss.2017.11.001,2018.0
56583146600.0,Jian,Tian,male,Natural Sciences,10.1039/c2jm34580c,2012.0
56583146600.0,Jian,Tian,male,Natural Sciences,10.1002/smll.201202346,2013.0
56583146600.0,Jian,Tian,male,Natural Sciences,10.1039/c3ee41572d,2013.0
56583146600.0,Jian,Tian,male,Natural Sciences,10.1002/adma.201302014,2013.0
56583146600.0,Jian,Tian,male,Natural Sciences,10.1149/2.011311jes,2013.0
56583146600.0,Jian,Tian,male,Natural Sciences,10.1039/c3ta14519k,2014.0
56583146600.0,Jian,Tian,male,Natural Sciences,10.1016/j.actamat.2013.10.006,2014.0
56583146600.0,Jian,Tian,male,Natural Sciences,10.1002/smll.201303489,2014.0
56583146600.0,Jian,Tian,male,Natural Sciences,10.1039/c4nr03574g,2014.0
56583146600.0,Jian,Tian,male,Natural Sciences,10.1039/c4cs00180j,2014.0
56583146600.0,Jian,Tian,male,Natural Sciences,10.1166/sam.2015.2024,2015.0
56583146600.0,Jian,Tian,male,Natural Sciences,10.1016/j.jhazmat.2015.06.019,2015.0
56583146600.0,Jian,Tian,male,Natural Sciences,10.1016/j.jhazmat.2015.06.019,2015.0
56583146600.0,Jian,Tian,male,Natural Sciences,10.1016/j.nanoen.2014.10.025,2015.0
56583146600.0,Jian,Tian,male,Natural Sciences,10.1016/j.nanoen.2014.10.025,2015.0
56583146600.0,Jian,Tian,male,Natural Sciences,10.1002/adma.201405589,2015.0
56583146600.0,Jian,Tian,male,Natural Sciences,10.1016/j.nanoen.2015.02.035,2015.0
56583146600.0,Jian,Tian,male,Natural Sciences,10.1021/acscatal.5b00560,2015.0
56583146600.0,Jian,Tian,male,Natural Sciences,10.1021/acscatal.5b00560,2015.0
56583146600.0,Jian,Tian,male,Natural Sciences,10.1016/j.jeurceramsoc.2015.05.022,2015.0
56583146600.0,Jian,Tian,male,Natural Sciences,10.1016/j.ceramint.2015.09.112,2016.0
56583146600.0,Jian,Tian,male,Natural Sciences,10.1016/j.ceramint.2015.09.112,2016.0
56583146600.0,Jian,Tian,male,Natural Sciences,10.1039/c6nr05385h,2016.0
56583146600.0,Jian,Tian,male,Natural Sciences,10.1016/j.catcom.2016.09.013,2016.0
56583146600.0,Jian,Tian,male,Natural Sciences,10.1039/c6ra18783h,2016.0
56583146600.0,Jian,Tian,male,Natural Sciences,10.1016/j.apsusc.2015.11.056,2016.0
56583146600.0,Jian,Tian,male,Natural Sciences,10.1016/j.apsusc.2015.11.056,2016.0
56583146600.0,Jian,Tian,male,Natural Sciences,10.1016/j.ceramint.2016.05.152,2016.0
56583146600.0,Jian,Tian,male,Natural Sciences,10.1016/j.solmat.2016.02.017,2016.0
56583146600.0,Jian,Tian,male,Natural Sciences,10.1016/j.solmat.2016.02.017,2016.0
56583146600.0,Jian,Tian,male,Natural Sciences,10.1021/acsami.6b04444,2016.0
56583146600.0,Jian,Tian,male,Natural Sciences,10.1016/j.apcatb.2016.05.040,2016.0
56583146600.0,Jian,Tian,male,Natural Sciences,10.1166/sam.2016.3009,2016.0
56583146600.0,Jian,Tian,male,Natural Sciences,10.1016/j.powtec.2017.04.028,2017.0
56583146600.0,Jian,Tian,male,Natural Sciences,10.1016/j.ensm.2016.10.010,2017.0
56583146600.0,Jian,Tian,male,Natural Sciences,10.1016/j.jiec.2016.09.022,2017.0
56583146600.0,Jian,Tian,male,Natural Sciences,10.1016/j.jcis.2016.10.051,2017.0
56583146600.0,Jian,Tian,male,Natural Sciences,10.1016/j.ceramint.2016.10.050,2017.0
56583146600.0,Jian,Tian,male,Natural Sciences,10.1016/j.apsusc.2016.11.205,2017.0
56583146600.0,Jian,Tian,male,Natural Sciences,10.1111/jace.14667,2017.0
56583146600.0,Jian,Tian,male,Natural Sciences,10.1016/j.ceramint.2017.01.016,2017.0
56583146600.0,Jian,Tian,male,Natural Sciences,10.1002/cctc.201601719,2017.0
56583146600.0,Jian,Tian,male,Natural Sciences,10.1039/c7ra01001j,2017.0
56583146600.0,Jian,Tian,male,Natural Sciences,10.1002/ppsc.201700127,2017.0
56583146600.0,Jian,Tian,male,Natural Sciences,10.1016/j.jcis.2017.03.081,2017.0
56583146600.0,Jian,Tian,male,Natural Sciences,10.3390/nano7090252,2017.0
56583146600.0,Jian,Tian,male,Natural Sciences,10.1039/c7ra00011a,2017.0
56583146600.0,Jian,Tian,male,Natural Sciences,10.1039/c7cy01349c,2017.0
56583146600.0,Jian,Tian,male,Natural Sciences,10.1016/j.jcis.2017.03.072,2017.0
56583146600.0,Jian,Tian,male,Natural Sciences,10.1016/j.apcatb.2017.05.079,2017.0
56583146600.0,Jian,Tian,male,Natural Sciences,10.1016/j.solmat.2017.04.031,2017.0
56583146600.0,Jian,Tian,male,Natural Sciences,10.1016/j.solmat.2017.07.027,2017.0
56583146600.0,Jian,Tian,male,Natural Sciences,10.1016/j.apcatb.2018.03.074,2018.0
56583146600.0,Jian,Tian,male,Natural Sciences,10.1016/j.powtec.2018.03.042,2018.0
56583146600.0,Jian,Tian,male,Natural Sciences,10.1016/j.snb.2018.06.110,2018.0
56583146600.0,Jian,Tian,male,Natural Sciences,10.1016/j.apsusc.2017.10.160,2018.0
56583146600.0,Jian,Tian,male,Natural Sciences,10.1016/j.apmt.2018.09.004,2018.0
56583146600.0,Jian,Tian,male,Natural Sciences,10.1016/j.snb.2018.08.144,2018.0
56583146600.0,Jian,Tian,male,Natural Sciences,10.1021/acsami.9b06701,2019.0
56583146600.0,Jian,Tian,male,Natural Sciences,10.1021/acsami.9b14985,2019.0
56583146600.0,Jian,Tian,male,Natural Sciences,10.1016/j.jcis.2019.09.075,2019.0
56583146600.0,Jian,Tian,male,Natural Sciences,10.1016/j.jcis.2018.12.070,2019.0
56583146600.0,Jian,Tian,male,Natural Sciences,10.1016/j.apcatb.2018.11.017,2019.0
56583146600.0,Jian,Tian,male,Natural Sciences,10.1016/j.apcatb.2018.09.051,2019.0
56583146600.0,Jian,Tian,male,Natural Sciences,10.1016/j.jcis.2018.11.013,2019.0
56583146600.0,Jian,Tian,male,Natural Sciences,10.1016/j.apsusc.2018.11.127,2019.0
56583146600.0,Jian,Tian,male,Natural Sciences,10.1016/j.snb.2018.10.056,2019.0
56583146600.0,Jian,Tian,male,Natural Sciences,10.1016/j.apcatb.2019.01.051,2019.0
56583146600.0,Jian,Tian,male,Natural Sciences,10.1016/j.solmat.2019.03.030,2019.0
56583146600.0,Jian,Tian,male,Natural Sciences,10.1016/j.snb.2019.04.009,2019.0
56583146600.0,Jian,Tian,male,Natural Sciences,10.1016/j.jcis.2019.04.013,2019.0
56583146600.0,Jian,Tian,male,Natural Sciences,10.1039/c9nr02714a,2019.0
56583146600.0,Jian,Tian,male,Natural Sciences,10.1016/j.jcis.2019.08.067,2019.0
56583146600.0,Jian,Tian,male,Natural Sciences,10.1016/j.snb.2019.126940,2019.0
56583146600.0,Jian,Tian,male,Natural Sciences,10.1016/j.ijhydene.2019.07.212,2019.0
56583146600.0,Jian,Tian,male,Natural Sciences,10.1039/c9cc05115e,2019.0
56583146600.0,Jian,Tian,male,Natural Sciences,10.1016/j.ijhydene.2019.08.174,2019.0
56583146600.0,Jian,Tian,male,Natural Sciences,10.1039/c9qm00223e,2019.0
56583146600.0,Jian,Tian,male,Natural Sciences,10.1039/c9qm00608g,2019.0
56583146600.0,Jian,Tian,male,Natural Sciences,10.1016/j.jcis.2019.11.120,2020.0
56583146600.0,Jian,Tian,male,Natural Sciences,10.1016/S1872-2067(20)63547-1,2020.0
56583146600.0,Jian,Tian,male,Natural Sciences,10.1007/s40820-019-0339-0,2020.0
56583146600.0,Jian,Tian,male,Natural Sciences,10.1016/j.electacta.2020.135883,2020.0
56583146600.0,Jian,Tian,male,Natural Sciences,10.1016/j.jcis.2019.11.049,2020.0
56583146600.0,Jian,Tian,male,Natural Sciences,10.1016/j.cej.2019.123178,2020.0
56583146600.0,Jian,Tian,male,Natural Sciences,10.1016/j.powtec.2020.02.006,2020.0
56583146600.0,Jian,Tian,male,Natural Sciences,10.1016/j.jcis.2020.02.014,2020.0
56583146600.0,Jian,Tian,male,Natural Sciences,10.1016/j.jcis.2020.03.062,2020.0
56583146600.0,Jian,Tian,male,Natural Sciences,10.1016/j.jcis.2020.02.029,2020.0
56583146600.0,Jian,Tian,male,Natural Sciences,10.1016/j.apcatb.2020.118984,2020.0
56583146600.0,Jian,Tian,male,Natural Sciences,10.1016/j.apcatb.2020.118984,2020.0
56583146600.0,Jian,Tian,male,Natural Sciences,10.1021/acsami.9b20767,2020.0
56583146600.0,Jian,Tian,male,Natural Sciences,10.1016/j.jcis.2020.03.066,2020.0
56583146600.0,Jian,Tian,male,Natural Sciences,10.1016/j.solmat.2019.110254,2020.0
56583146600.0,Jian,Tian,male,Natural Sciences,10.1016/j.jmat.2020.01.006,2020.0
56203955900.0,Siti Maryam Bt.,Zamri,female,Medical and Health Sciences,10.3855/jidc.3833,2014.0
56203955900.0,Siti Nur Zubaidah Binti Mohamad,Zamri,female,Medical and Health Sciences,10.3329/bjms.v19i2.45003,2020.0
56002696900.0,Rosalba,Casas,female,Social Sciences,10.1093/scipol/scs069,2012.0
57160464500.0,Fariba,Golbaz,female,Engineering and Technology,10.1016/j.molliq.2016.02.040,2016.0
57160464500.0,Fariba,Golbaz,female,Engineering and Technology,,2018.0
57160464500.0,Fariba,Golbaz,female,Engineering and Technology,,2018.0
57196074149.0,Hong,Chen,male,Natural Sciences,10.13227/j.hjkx.2016.05.004,2016.0
57196074149.0,Hong,Chen,male,Natural Sciences,10.13227/j.hjkx.201701128,2017.0
57196074149.0,Hong,Chen,male,Natural Sciences,10.13671/j.hjkxxb.2017.0293,2018.0
57196074149.0,Hong,Chen,male,Natural Sciences,10.1016/j.scitotenv.2018.06.050,2018.0
57196074149.0,Hong,Chen,male,Natural Sciences,,2019.0
57196074149.0,Hong,Chen,male,Natural Sciences,10.1007/s11356-019-05399-1,2019.0
57196074149.0,Hong,Chen,male,Natural Sciences,10.13198/j.issn.1001-6929.2019.01.08,2019.0
57196074149.0,Hong,Chen,male,Natural Sciences,10.1016/j.envpol.2019.06.023,2019.0
57188720913.0,Leeanne Green,Snyder,female,Medical and Health Sciences,10.1038/gim.2015.78,2016.0
57188720913.0,Leeanne Green,Snyder,female,Medical and Health Sciences,10.1038/gim.2015.78,2016.0
57188720913.0,,Snyder,female,Medical and Health Sciences,10.1002/aur.1874,2018.0
57188720913.0,LeeAnne Green,Snyder,female,Medical and Health Sciences,10.1038/s41525-019-0093-8,2019.0
57188720913.0,LeeAnne G.,Snyder,female,Medical and Health Sciences,10.1016/j.vaccine.2019.12.026,2020.0
56148515000.0,Florian,Funk,male,Medical and Health Sciences,10.1097/CAD.0000000000000119,2014.0
56148515000.0,Florian,Funk,male,Medical and Health Sciences,10.1016/j.yjmcc.2018.04.004,2018.0
56148515000.0,Florian,Funk,male,Medical and Health Sciences,10.1016/j.yjmcc.2018.04.004,2018.0
55975886700.0,Rebecca E.,Wolfe,female,Social Sciences,10.1177/0031721716629655,2016.0
55261177400.0,Jeffrey S.,Rollo,male,Natural Sciences,10.1161/CIRCULATIONAHA.111.070920,2012.0
55261177400.0,Jeffrey S.,Rollo,male,Natural Sciences,10.1016/j.amjcard.2013.05.009,2013.0
55261177400.0,Jeffrey S.,Rollo,male,Natural Sciences,10.1160/TH12-05-0336,2013.0
55261177400.0,Jeffrey,Rollo,male,Natural Sciences,10.1111/pace.12537,2015.0
55261177400.0,Jeffrey S.,Rollo,male,Natural Sciences,10.1007/s40291-015-0137-4,2015.0
55261177400.0,Jeffrey,Rollo,male,Natural Sciences,10.1016/j.clinbiochem.2016.09.004,2016.0
55261177400.0,Jeffrey S.,Rollo,male,Natural Sciences,10.1016/j.hrthm.2015.07.032,2016.0
25930486700.0,Carlos,Lopez-Mendez,male,Agricultural Sciences,10.1002/dvdy.23971,2013.0
25930486700.0,Carlos,López-Méndez,male,Agricultural Sciences,,2014.0
25930486700.0,,Lopez-Mendez,male,Agricultural Sciences,10.1111/eve.12148,2014.0
56035402100.0,Lia Maris Orth Ritter,Antiqueira,female,Natural Sciences,10.1590/S0100-67622014000400010,2014.0
56035402100.0,Lia Maris Orth Ritter,Antiqueira,female,Natural Sciences,10.1007/s10709-013-9750-5,2014.0
56035402100.0,Lia Maris Orth Ritter,Antiqueira,female,Natural Sciences,10.1590/0100-67622015000200013,2015.0
56035402100.0,Lia Maris Orth Ritter,Antiqueira,female,Natural Sciences,10.1590/1984-70332016v16n4n52,2016.0
56035402100.0,Lia Maris Orth Ritter,Antiqueira,female,Natural Sciences,,2017.0
56035402100.0,Lia Maris Orth Ritter,Antiqueira,female,Natural Sciences,,2017.0
56035402100.0,Lia Maris Orth Ritter,Antiqueira,female,Natural Sciences,10.1017/S1479262115000635,2017.0
55904190500.0,Amanda R.,Corcos,female,Natural Sciences,10.1002/ejic.201300180,2013.0
55904190500.0,Amanda R.,Corcos,female,Natural Sciences,10.1021/ja507342a,2014.0
55904190500.0,Amanda R.,Corcos,female,Natural Sciences,10.1039/c5dt04875c,2016.0
55904190500.0,Amanda R.,Corcos,female,Natural Sciences,10.1016/j.jorganchem.2016.03.031,2016.0
55904190500.0,Amanda R.,Corcos,female,Natural Sciences,10.1021/jacs.6b05942,2016.0
55904190500.0,Amanda R.,Corcos,female,Natural Sciences,10.1021/jacs.5b12643,2016.0
55904190500.0,Amanda R.,Corcos,female,Natural Sciences,10.1039/c6dt04328c,2017.0
55904190500.0,Amanda R.,Corcos,female,Natural Sciences,10.1021/acs.inorgchem.7b02557,2017.0
55904190500.0,Amanda R.,Corcos,female,Natural Sciences,10.1021/acs.inorgchem.7b02557,2017.0
55904190500.0,Amanda R.,Corcos,female,Natural Sciences,10.1016/j.chempr.2017.12.011,2018.0
55904190500.0,Amanda R.,Corcos,female,Natural Sciences,10.1021/jacs.9b08815,2020.0
55904190500.0,Amanda R.,Corcos,female,Natural Sciences,10.1021/jacs.9b08815,2020.0
55927095200.0,Marcus,Weera,male,Medical and Health Sciences,10.1037/a0032776,2013.0
55927095200.0,Marcus M.,Weera,male,Medical and Health Sciences,10.1016/j.alcohol.2016.06.006,2017.0
55927095200.0,Marcus M.,Weera,male,Medical and Health Sciences,10.1371/journal.pone.0182142,2017.0
55927095200.0,Marcus M.,Weera,male,Medical and Health Sciences,10.1111/acer.13555,2018.0
55927095200.0,Marcus M.,Weera,male,Medical and Health Sciences,10.1073/pnas.1807958115,2018.0
55927095200.0,Marcus M.,Weera,male,Medical and Health Sciences,10.1523/JNEUROSCI.0483-18.2018,2018.0
55927095200.0,Marcus M.,Weera,male,Medical and Health Sciences,10.1111/gbb.12515,2019.0
55927095200.0,Marcus M.,Weera,male,Medical and Health Sciences,10.35946/arcr.v40.1.04,2019.0
55927095200.0,Marcus M.,Weera,male,Medical and Health Sciences,10.1016/j.neuropharm.2020.107979,2020.0
55876771700.0,Ye,Yu,male,Natural Sciences,10.1016/j.aca.2012.02.011,2012.0
55876771700.0,Ye,Yu,male,Natural Sciences,10.1039/c2cc00092j,2012.0
55876771700.0,Ye,Yu,male,Natural Sciences,10.1016/j.aca.2013.09.047,2013.0
55876771700.0,Ye,Yu,male,Natural Sciences,,2013.0
55876771700.0,Ye,Yu,male,Natural Sciences,,2013.0
55876771700.0,,Yu,male,Natural Sciences,,2013.0
55876771700.0,,Yu,male,Natural Sciences,,2013.0
55876771700.0,,Yu,male,Natural Sciences,,2013.0
55876771700.0,Ye,Yu,male,Natural Sciences,,2014.0
55876771700.0,Ye,Yu,male,Natural Sciences,,2014.0
55876771700.0,Ye,Yu,male,Natural Sciences,,2014.0
55876771700.0,Ye,Yu,male,Natural Sciences,,2014.0
55876771700.0,Ye,Yu,male,Natural Sciences,10.19026/ajfst.6.3028,2014.0
55876771700.0,Ye,Yu,male,Natural Sciences,10.19026/ajfst.6.3028,2014.0
55876771700.0,Ye,Yu,male,Natural Sciences,10.1016/j.foodcont.2013.09.046,2014.0
55876771700.0,Ye,Yu,male,Natural Sciences,10.1016/j.mimet.2014.01.003,2014.0
55876771700.0,Ye,Yu,male,Natural Sciences,10.1007/s00604-013-1120-6,2014.0
55876771700.0,Ye,Yu,male,Natural Sciences,10.1007/s00604-014-1422-3,2015.0
55876771700.0,Ye,Yu,male,Natural Sciences,10.1007/s00604-019-3570-y,2019.0
55876771700.0,Ye,Yu,male,Natural Sciences,10.1021/acs.analchem.9b03880,2019.0
55876771700.0,Ye,Yu,male,Natural Sciences,10.1016/j.snb.2020.128049,2020.0
57189097344.0,Lin,Zhou,female,Engineering and Technology,10.1016/j.ijleo.2016.04.107,2016.0
57189097344.0,Lin,Zhou,female,Engineering and Technology,10.1063/1.4972121,2016.0
57189097344.0,Lin,Zhou,female,Engineering and Technology,10.1109/TAP.2018.2800761,2018.0
57189097344.0,Lin,Zhou,female,Engineering and Technology,10.1049/iet-map.2017.0522,2018.0
57189097344.0,Lin,Zhou,female,Engineering and Technology,10.1049/iet-map.2017.1062,2018.0
57189097344.0,Lin,Zhou,female,Engineering and Technology,10.1109/LAWP.2018.2858195,2018.0
57189097344.0,Lin,Zhou,female,Engineering and Technology,10.15961/j.jsuese.201700938,2018.0
57189097344.0,Lin,Zhou,female,Engineering and Technology,10.1109/LAWP.2019.2910200,2019.0
57189097344.0,Lin,Zhou,female,Engineering and Technology,10.1109/LAWP.2019.2925074,2019.0
57214664922.0,Yoon Soo,Cho,male,Medical and Health Sciences,10.5535/arm.2014.38.4.523,2014.0
57214664922.0,Yoon Soo,Cho,male,Medical and Health Sciences,10.1093/jbcr/irz028,2019.0
57214664922.0,Yoon Soo,Cho,male,Medical and Health Sciences,10.1016/j.burns.2019.04.019,2019.0
57214664922.0,Yoon Soo,Cho,male,Medical and Health Sciences,10.1039/c9bm01209e,2020.0
57189871742.0,Jimmy F.,Goncalves,male,Natural Sciences,10.1074/jbc.M115.662916,2015.0
57189871742.0,Jimmy F.,Goncalves,male,Natural Sciences,10.1038/ncomms11957,2016.0
57189871742.0,Jimmy,Goncalves,male,Natural Sciences,10.1016/j.isci.2020.100990,2020.0
37111896900.0,Ann-Marie,Baker,female,Medical and Health Sciences,10.1002/path.4157,2013.0
37111896900.0,Ann-Marie,Baker,female,Medical and Health Sciences,10.1016/j.celrep.2014.07.019,2014.0
37111896900.0,Ann-Marie,Baker,female,Medical and Health Sciences,10.4161/23723548.2014.970069,2014.0
37111896900.0,Ann-Marie,Baker,female,Medical and Health Sciences,10.1038/srep08654,2015.0
37111896900.0,Ann-Marie,Baker,female,Medical and Health Sciences,10.12688/f1000research.7210.1,2016.0
37111896900.0,Ann-Marie,Baker,female,Medical and Health Sciences,10.1038/ncomms12158,2016.0
37111896900.0,Ann-Marie,Baker,female,Medical and Health Sciences,10.1586/17474124.2016.1134314,2016.0
37111896900.0,Ann-Marie,Baker,female,Medical and Health Sciences,10.1111/his.12939,2016.0
37111896900.0,Ann-Marie,Baker,female,Medical and Health Sciences,10.1038/s41467-017-02295-5,2017.0
37111896900.0,Ann-Marie,Baker,female,Medical and Health Sciences,10.18632/oncotarget.15450,2017.0
37111896900.0,Ann-Marie,Baker,female,Medical and Health Sciences,10.1053/j.gastro.2017.08.038,2017.0
37111896900.0,Ann-Marie,Baker,female,Medical and Health Sciences,10.1016/j.celrep.2018.02.028,2018.0
37111896900.0,Ann-Marie,Baker,female,Medical and Health Sciences,10.1002/path.5081,2018.0
37111896900.0,Ann-Marie,Baker,female,Medical and Health Sciences,10.1038/s41559-018-0642-z,2018.0
37111896900.0,,Baker,female,Medical and Health Sciences,10.1093/humrep/dey083,2018.0
37111896900.0,Ann-Marie,Baker,female,Medical and Health Sciences,10.1136/gutjnl-2018-316191,2019.0
37111896900.0,Ann-Marie,Baker,female,Medical and Health Sciences,10.1136/gutjnl-2018-317540,2019.0
37111896900.0,Ann-Marie,Baker,female,Medical and Health Sciences,10.1038/s41467-020-15104-3,2020.0
54400246800.0,Yuchen,Peng,male,Natural Sciences,10.1007/s10957-011-9950-z,2012.0
56577562900.0,,Serrano,male,Natural Sciences,10.1017/S0031182013001753,2014.0
56577562900.0,,Serrano,male,Natural Sciences,10.1017/S0031182013001753,2014.0
56577562900.0,Emmanuel,Serrano,male,Natural Sciences,10.1186/s40249-018-0427-2,2018.0
56577562900.0,Emmanuel,Serrano,male,Natural Sciences,10.1016/j.scitotenv.2019.135001,2020.0
56577562900.0,Emmanuel,Serrano,male,Natural Sciences,10.1016/j.scitotenv.2019.135001,2020.0
56109318000.0,Jianhui,Lian,female,Natural Sciences,10.1051/0004-6361/201322818,2014.0
56109318000.0,Jianhui,Lian,female,Natural Sciences,10.1051/0004-6361/201322818,2014.0
56109318000.0,,Lian,female,Natural Sciences,10.1093/mnras/stu2184,2014.0
56109318000.0,,Lian,female,Natural Sciences,10.1093/mnras/stu2184,2014.0
56109318000.0,,Lian,female,Natural Sciences,10.1093/mnras/stv1028,2015.0
56109318000.0,,Lian,female,Natural Sciences,10.1093/mnras/stv1028,2015.0
56109318000.0,Jianhui,Lian,female,Natural Sciences,10.3847/0004-637X/832/1/29,2016.0
56109318000.0,Jianhui,Lian,female,Natural Sciences,10.3847/0004-637X/832/1/29,2016.0
56109318000.0,Jianhui,Lian,female,Natural Sciences,10.3847/0004-637X/819/1/73,2016.0
56109318000.0,Jianhui,Lian,female,Natural Sciences,10.3847/0004-637X/826/2/209,2016.0
56109318000.0,,Lian,female,Natural Sciences,10.1093/mnras/stw3371,2017.0
56109318000.0,Jianhui,Lian,female,Natural Sciences,10.3847/1538-3881/aa7567,2017.0
56109318000.0,Jian-Hui,Lian,female,Natural Sciences,10.1088/1674-4527/17/5/41,2017.0
56109318000.0,Jian-Hui,Lian,female,Natural Sciences,10.1088/1674-4527/17/5/41,2017.0
56109318000.0,Jianhui,Lian,female,Natural Sciences,10.1093/mnras/stx2216,2017.0
56109318000.0,Jianhui,Lian,female,Natural Sciences,10.1093/mnras/stx2216,2017.0
56109318000.0,Jianhui,Lian,female,Natural Sciences,10.3847/1538-4365/aa9e8a,2018.0
56109318000.0,Jianhui,Lian,female,Natural Sciences,10.1093/mnras/sty785,2018.0
56109318000.0,Jianhui,Lian,female,Natural Sciences,10.1093/mnras/stx2829,2018.0
56109318000.0,Jianhui,Lian,female,Natural Sciences,10.1093/mnras/sty2506,2018.0
56109318000.0,Jianhui,Lian,female,Natural Sciences,10.3847/1538-4365/aaf651,2019.0
56109318000.0,Jianhui,Lian,female,Natural Sciences,10.3847/1538-4357/ab297c,2019.0
56109318000.0,Jianhui,Lian,female,Natural Sciences,10.1093/mnras/stz2218,2019.0
56109318000.0,Jianhui,Lian,female,Natural Sciences,10.1093/mnras/sty3339,2019.0
55756293000.0,Zhinan,Hu,female,Engineering and Technology,10.13807/j.cnki.mtt.2014.06.020,2014.0
55756293000.0,Zhi-Nan,Hu,female,Engineering and Technology,,2015.0
55756293000.0,Zhi-nan,Hu,female,Engineering and Technology,10.1016/j.tust.2015.07.011,2015.0
55756293000.0,Zhinan,Hu,female,Engineering and Technology,10.13807/j.cnki.mtt.2015.01.016,2015.0
55756293000.0,Zhinan,Hu,female,Engineering and Technology,10.1155/2016/9183296,2016.0
55756293000.0,Zhinan,Hu,female,Engineering and Technology,10.1155/2016/8658290,2016.0
55756293000.0,Zhinan,Hu,female,Engineering and Technology,10.1186/s40064-016-2627-1,2016.0
55756293000.0,Zhinan,Hu,female,Engineering and Technology,10.1155/2016/3948754,2016.0
55756293000.0,Zhinan,Hu,female,Engineering and Technology,10.1155/2017/1697041,2017.0
55756293000.0,Zhinan,Hu,female,Engineering and Technology,10.1155/2017/1697041,2017.0
55756293000.0,Zhi-nan,Hu,female,Engineering and Technology,10.1016/j.tust.2018.03.020,2018.0
55756293000.0,Zhi-nan,Hu,female,Engineering and Technology,10.1016/j.tust.2018.03.020,2018.0
55756293000.0,Zhinan,Hu,female,Engineering and Technology,10.1007/s12665-018-7888-2,2018.0
55756293000.0,Zhinan,Hu,female,Engineering and Technology,10.1016/j.tust.2018.05.004,2018.0
55756293000.0,Zhinan,Hu,female,Engineering and Technology,10.1016/j.tust.2018.05.004,2018.0
55756293000.0,Zhinan,Hu,female,Engineering and Technology,10.13807/j.cnki.mtt.2018.04.018,2018.0
55756293000.0,Zhinan,Hu,female,Engineering and Technology,10.13807/j.cnki.mtt.2018.04.018,2018.0
55756293000.0,Zhinan,Hu,female,Engineering and Technology,10.13807/j.cnki.mtt.2018.04.018,2018.0
55756293000.0,Zhinan,Hu,female,Engineering and Technology,10.13807/j.cnki.mtt.2018.02.017,2018.0
55756293000.0,Zhinan,Hu,female,Engineering and Technology,10.13807/j.cnki.mtt.2018.02.017,2018.0
55890392700.0,Adriana Araújo,De Almeida,female,Medical and Health Sciences,10.1590/0037-8682-0074-2012,2013.0
55890392700.0,Adriana Araújo,de Almeida,female,Medical and Health Sciences,10.1016/j.riam.2014.06.003,2015.0
55890392700.0,Adriana Araújo,de Almeida,female,Medical and Health Sciences,10.1016/j.ram.2015.11.005,2016.0
55890392700.0,Adriana Araújo,De Almeida,female,Medical and Health Sciences,10.1590/0074-02760150400,2016.0
55642647700.0,Zhikui,Wang,male,Natural Sciences,10.1039/c3ta00125c,2013.0
55642647700.0,Zhikui,Wang,male,Natural Sciences,10.1021/am501268g,2014.0
55642647700.0,Zhikui,Wang,male,Natural Sciences,10.1021/acsami.5b04185,2015.0
55642647700.0,Zhikui,Wang,male,Natural Sciences,10.1016/j.jallcom.2014.09.105,2015.0
55642647700.0,Zhikui,Wang,male,Natural Sciences,10.1039/C6TA08018A,2016.0
55642647700.0,Zhikui,Wang,male,Natural Sciences,10.1002/celc.201600244,2016.0
55642647700.0,Zhikui,Wang,male,Natural Sciences,10.1002/adfm.201700690,2017.0
55642647700.0,Zhikui,Wang,male,Natural Sciences,10.1021/acsami.7b03223,2017.0
55642647700.0,Zhikui,Wang,male,Natural Sciences,10.1002/celc.201701039,2018.0
55642647700.0,Zhikui,Wang,male,Natural Sciences,10.1021/acssuschemeng.9b04570,2020.0
56447253900.0,Ruoxu,Wang,male,Natural Sciences,10.1109/JPHOT.2015.2428245,2015.0
56447253900.0,Ruoxu,Wang,male,Natural Sciences,10.1109/LPT.2015.2426954,2015.0
56447253900.0,Ruoxu,Wang,male,Natural Sciences,10.1109/JPHOT.2015.2445103,2015.0
56447253900.0,Ruoxu,Wang,male,Natural Sciences,10.1109/JPHOT.2015.2445827,2015.0
56447253900.0,Ruoxu,Wang,male,Natural Sciences,10.1364/OL.41.001514,2016.0
56447253900.0,,Wang,male,Natural Sciences,10.1016/j.optcom.2016.01.044,2016.0
56447253900.0,Ruoxu,Wang,male,Natural Sciences,10.1109/JPHOT.2016.2516254,2016.0
56447253900.0,Ruoxu,Wang,male,Natural Sciences,10.1364/OE.24.020210,2016.0
56447253900.0,Ruoxu,Wang,male,Natural Sciences,10.1109/JLT.2016.2547443,2016.0
56447253900.0,Ruoxu,Wang,male,Natural Sciences,10.1088/2040-8978/18/8/085705,2016.0
56447253900.0,Ruoxu,Wang,male,Natural Sciences,10.1364/OE.25.012722,2017.0
56447253900.0,Ruoxu,Wang,male,Natural Sciences,10.1109/JPHOT.2016.2639499,2017.0
56447253900.0,Ruoxu,Wang,male,Natural Sciences,10.1038/srep46633,2017.0
56447253900.0,Ruoxu,Wang,male,Natural Sciences,10.1364/OE.26.000544,2018.0
56447253900.0,Ruoxu,Wang,male,Natural Sciences,10.1364/OE.26.015332,2018.0
56447253900.0,Ruoxu,Wang,male,Natural Sciences,10.1109/JLT.2019.2945178,2019.0
57190760363.0,Chu-Ling,Yen,female,Medical and Health Sciences,10.1371/journal.pone.0160594,2016.0
57190760363.0,Chu-Ling,Yen,female,Medical and Health Sciences,10.1016/j.gaitpost.2016.12.015,2017.0
57190760363.0,Chu-Ling,Yen,female,Medical and Health Sciences,10.1249/MSS.0000000000001187,2017.0
57190760363.0,Chu-Ling,Yen,female,Medical and Health Sciences,10.1016/j.neulet.2017.03.019,2017.0
57190760363.0,Chu-Ling,Yen,female,Medical and Health Sciences,10.1097/MLR.0000000000000888,2018.0
57190760363.0,Chu-Ling,Yen,female,Medical and Health Sciences,10.1519/JPT.0000000000000244,2019.0
57190760363.0,Chu-Ling,Yen,female,Medical and Health Sciences,10.3233/WOR-203119,2020.0
57209102501.0,Tao,Jiang,male,Engineering and Technology,10.1039/c4cc08335k,2015.0
57209102501.0,Tao,Jiang,male,Engineering and Technology,10.1039/c6ra14327j,2016.0
57209102501.0,Tao,Jiang,male,Engineering and Technology,10.1039/c5py01771h,2016.0
57209102501.0,Tao,Jiang,male,Engineering and Technology,10.1016/j.dyepig.2016.10.029,2017.0
57209102501.0,Tao,Jiang,male,Engineering and Technology,10.1016/j.dyepig.2017.11.004,2018.0
57209102501.0,Tao,Jiang,male,Engineering and Technology,10.1021/acs.jpclett.9b01326,2019.0
57209102501.0,Tao,Jiang,male,Engineering and Technology,10.1002/adma.201904163,2019.0
57209102501.0,Tao,Jiang,male,Engineering and Technology,10.1016/j.tet.2020.131030,2020.0
57209102501.0,Tao,Jiang,male,Engineering and Technology,10.1016/j.tet.2020.131030,2020.0
57191159859.0,Joanna C.,Yau,female,Social Sciences,10.1097/DBP.0000000000000335,2016.0
57191159859.0,Joanna C.,Yau,female,Social Sciences,,2018.0
57191159859.0,Joanna C.,Yau,female,Social Sciences,10.1007/s40894-017-0059-y,2018.0
57191159859.0,Joanna C.,Yau,female,Social Sciences,10.1080/10888438.2018.1561700,2019.0
57191159859.0,Joanna C.,Yau,female,Social Sciences,10.1111/jora.12376,2019.0
57191159859.0,Joanna C.,Yau,female,Social Sciences,10.1177/2167696820905179,2020.0
55642732000.0,Saki,Morikawa,female,Medical and Health Sciences,10.3727/096504013X13657689383058,2013.0
55642732000.0,Saki,Morikawa,female,Medical and Health Sciences,10.3389/fmicb.2013.00012,2013.0
36963861400.0,Vassilis,Zikas,male,Natural Sciences,10.3233/978-1-61499-169-4-168,2013.0
36963861400.0,Vassilis,Zikas,male,Natural Sciences,10.1007/s00145-018-9279-y,2019.0
57211763359.0,Ya-Ping,Jiang,female,Medical and Health Sciences,10.3980/j.issn.1672-5123.2015.9.13,2015.0
57214542377.0,Rei,Yoshida,female,Medical and Health Sciences,10.1038/ni.2520,2013.0
57190399353.0,Helen,Lai,female,Natural Sciences,10.1016/j.cub.2016.06.047,2016.0
57190399353.0,Helen,Lai,female,Natural Sciences,10.1091/mbc.E18-03-0188,2018.0
57190399353.0,Helen,Lai,female,Natural Sciences,10.1091/mbc.E18-03-0188,2018.0
56594007200.0,YongCheng,Dong,male,Natural Sciences,10.1371/journal.pone.0105889,2014.0
56594007200.0,YongCheng,Dong,male,Natural Sciences,10.2174/1381612821666150309143106,2015.0
56594007200.0,Yongcheng,Dong,male,Natural Sciences,10.1155/2015/890381,2015.0
56594007200.0,Yongcheng,Dong,male,Natural Sciences,10.1016/j.chemolab.2015.03.013,2015.0
56594007200.0,Yongcheng,Dong,male,Natural Sciences,10.1038/srep13867,2015.0
56594007200.0,Yongcheng,Dong,male,Natural Sciences,10.1016/j.chemolab.2016.05.012,2016.0
56594007200.0,Yongcheng,Dong,male,Natural Sciences,10.1038/srep28720,2016.0
56594007200.0,Yongcheng,Dong,male,Natural Sciences,10.1016/j.chemolab.2017.01.016,2017.0
56594007200.0,Yongcheng,Dong,male,Natural Sciences,10.1038/srep43709,2017.0
56594007200.0,Yongcheng,Dong,male,Natural Sciences,10.1371/journal.pone.0174436,2017.0
56594007200.0,Yongcheng,Dong,male,Natural Sciences,10.1186/s12864-017-4078-7,2017.0
56594007200.0,Yongcheng,Dong,male,Natural Sciences,10.1016/j.chemolab.2017.11.007,2018.0
57205205357.0,Lu,Wanjun,female,Natural Sciences,10.1016/j.ecss.2015.03.031,2015.0
57198822263.0,Wesley S.,Davis,male,Agricultural Sciences,10.1111/j.1463-5224.2011.00951.x,2012.0
55377366100.0,Wenting,Li,female,Natural Sciences,10.1371/journal.pone.0047118,2012.0
55377366100.0,Wenting,Li,female,Natural Sciences,10.1038/srep17897,2015.0
55377366100.0,Wenting,Li,female,Natural Sciences,10.1186/s40104-016-0096-6,2016.0
55377366100.0,Wen-Ting,Li,female,Natural Sciences,10.1098/rspb.2017.2437,2017.0
55377366100.0,Wen-Ting,Li,female,Natural Sciences,10.1098/rspb.2017.2437,2017.0
55377366100.0,Wenting,Li,female,Natural Sciences,10.7150/ijbs.17386,2017.0
55377366100.0,Wenting,Li,female,Natural Sciences,10.3382/ps/pex239,2017.0
55377366100.0,Wenting,Li,female,Natural Sciences,10.1038/s41598-017-09302-1,2017.0
55377366100.0,Wenting,Li,female,Natural Sciences,10.1186/s12864-018-4973-6,2018.0
55377366100.0,Wenting,Li,female,Natural Sciences,10.1186/s12864-018-4973-6,2018.0
55377366100.0,Wenting,Li,female,Natural Sciences,10.3382/ps/pez269,2019.0
55377366100.0,Wen-Ting,Li,female,Natural Sciences,10.1186/s12864-019-6116-0,2019.0
55377366100.0,Wen-Ting,Li,female,Natural Sciences,10.1186/s12864-019-6116-0,2019.0
55377366100.0,,Li,female,Natural Sciences,10.1080/00071668.2019.1657229,2019.0
55377366100.0,,Li,female,Natural Sciences,10.1080/00071668.2019.1655710,2019.0
55377366100.0,Wenting,Li,female,Natural Sciences,10.1186/s12864-019-6353-2,2019.0
55377366100.0,Wenting,Li,female,Natural Sciences,10.1186/s12864-019-6353-2,2019.0
55377366100.0,Wenting,Li,female,Natural Sciences,10.1016/j.gene.2018.10.054,2019.0
55377366100.0,Wenting,Li,female,Natural Sciences,10.1371/journal.pone.0210850,2019.0
55377366100.0,Wenting,Li,female,Natural Sciences,10.3382/ps/pey404,2019.0
55377366100.0,Wenting,Li,female,Natural Sciences,10.3382/ps/pey404,2019.0
55377366100.0,Wen-Ting,Li,female,Natural Sciences,10.3389/fgene.2019.00042,2019.0
55377366100.0,Wen-Ting,Li,female,Natural Sciences,10.3389/fgene.2019.00042,2019.0
55377366100.0,Wenting,Li,female,Natural Sciences,10.3389/fgene.2019.00457,2019.0
55377366100.0,Wenting,Li,female,Natural Sciences,10.1155/2019/5070975,2019.0
55377366100.0,Wenting,Li,female,Natural Sciences,10.1016/j.rvsc.2020.01.020,2020.0
55377366100.0,Wenting,Li,female,Natural Sciences,10.1021/acs.jafc.9b07405,2020.0
55377366100.0,Wenting,Li,female,Natural Sciences,10.1016/j.gene.2020.144511,2020.0
55377366100.0,Wenting,Li,female,Natural Sciences,10.3390/ani10030468,2020.0
55377366100.0,Wenting,Li,female,Natural Sciences,10.5713/ajas.19.0035,2020.0
55377366100.0,Wenting,Li,female,Natural Sciences,10.5713/ajas.19.0035,2020.0
55363246500.0,Qi,Zhang,male,Natural Sciences,10.1007/s11069-012-0406-z,2013.0
55363246500.0,Qi,Zhang,male,Natural Sciences,10.3390/ijerph110403787,2014.0
55363246500.0,Qi,Zhang,male,Natural Sciences,10.1007/s00704-014-1093-3,2014.0
55363246500.0,Qi,Zhang,male,Natural Sciences,10.1007/s11069-013-0971-9,2014.0
55363246500.0,Qi,Zhang,male,Natural Sciences,10.1007/s11069-013-0971-9,2014.0
55363246500.0,Qi,Zhang,male,Natural Sciences,10.1007/s00477-014-0909-0,2014.0
55363246500.0,Qi,Zhang,male,Natural Sciences,10.1007/s00704-013-0986-x,2014.0
55363246500.0,Qi,Zhang,male,Natural Sciences,10.1007/s11069-013-1030-2,2014.0
55363246500.0,Qi,Zhang,male,Natural Sciences,10.1007/s11069-014-1238-9,2014.0
55363246500.0,Qi,Zhang,male,Natural Sciences,10.1007/s00704-014-1199-7,2015.0
55363246500.0,Qi,Zhang,male,Natural Sciences,10.1007/s11069-015-2137-4,2016.0
55363246500.0,Qi,Zhang,male,Natural Sciences,10.1007/s00704-015-1723-4,2017.0
55363246500.0,Qi,Zhang,male,Natural Sciences,10.3969/j.issn.1000-6362.2017.12.006,2017.0
55363246500.0,Qi,Zhang,male,Natural Sciences,10.3969/j.issn.1000-6362.2017.12.006,2017.0
55363246500.0,Qi,Zhang,male,Natural Sciences,10.1007/s00704-018-2469-6,2018.0
55363246500.0,Qi,Zhang,male,Natural Sciences,10.1007/s42106-019-00052-w,2019.0
56017057600.0,,Hu,female,Medical and Health Sciences,10.3109/02770903.2013.838256,2014.0
56017057600.0,Jiu,Hu,female,Medical and Health Sciences,,2014.0
56034605400.0,Pamela R.,Lacy,female,Medical and Health Sciences,10.1007/s11701-013-0418-z,2014.0
56034605400.0,Pamela R.,Lacy,female,Medical and Health Sciences,10.1007/s11701-013-0418-z,2014.0
56942559100.0,Kai,Wang,male,Natural Sciences,10.1016/j.optcom.2015.05.007,2015.0
56942559100.0,Kai,Wang,male,Natural Sciences,10.5277/oa170309,2017.0
55736732600.0,Julie,Bromberg,female,Medical and Health Sciences,10.1097/PEC.0b013e3182a9f7da,2013.0
55736732600.0,Julie R.,Bromberg,female,Medical and Health Sciences,10.1542/peds.2016-0691,2016.0
55736732600.0,Julie R.,Bromberg,female,Medical and Health Sciences,10.1542/peds.2016-0691,2016.0
55736732600.0,Julie,Bromberg,female,Medical and Health Sciences,10.1186/s13012-018-0725-x,2018.0
55736732600.0,Julie,Bromberg,female,Medical and Health Sciences,10.1186/s13012-018-0725-x,2018.0
55736732600.0,Julie,Bromberg,female,Medical and Health Sciences,10.1016/j.acap.2018.02.016,2018.0
55736732600.0,Julie,Bromberg,female,Medical and Health Sciences,10.1016/j.acap.2018.02.016,2018.0
55736732600.0,Julie R.,Bromberg,female,Medical and Health Sciences,10.1080/10826084.2018.1558251,2019.0
55736732600.0,Julie R.,Bromberg,female,Medical and Health Sciences,10.1080/10826084.2018.1558251,2019.0
55736732600.0,Julie R.,Bromberg,female,Medical and Health Sciences,10.1542/peds.2018-2001,2019.0
55736732600.0,Julie R.,Bromberg,female,Medical and Health Sciences,10.1542/peds.2018-2001,2019.0
55736732600.0,Julie R.,Bromberg,female,Medical and Health Sciences,10.1007/s40670-019-00795-1,2019.0
55736732600.0,Julie R.,Bromberg,female,Medical and Health Sciences,10.1007/s40670-019-00795-1,2019.0
55736732600.0,Julie R.,Bromberg,female,Medical and Health Sciences,10.1089/tmj.2018.0201,2019.0
55736732600.0,Julie R.,Bromberg,female,Medical and Health Sciences,10.1089/tmj.2018.0201,2019.0
55736732600.0,Julie R.,Bromberg,female,Medical and Health Sciences,10.1016/j.jpeds.2019.02.038,2019.0
55736732600.0,Julie R.,Bromberg,female,Medical and Health Sciences,10.1016/j.jpeds.2019.02.038,2019.0
55736732600.0,Julie R.,Bromberg,female,Medical and Health Sciences,10.1111/acem.13867,2019.0
55736732600.0,Julie R.,Bromberg,female,Medical and Health Sciences,10.1097/PEC.0000000000001221,2019.0
55736732600.0,Julie R.,Bromberg,female,Medical and Health Sciences,10.1097/PEC.0000000000001221,2019.0
55736732600.0,Julie R.,Bromberg,female,Medical and Health Sciences,10.1542/peds.2018-3415,2019.0
55736732600.0,Julie R.,Bromberg,female,Medical and Health Sciences,10.1542/peds.2018-3415,2019.0
57212868655.0,Zhaojin,Zhu,male,Natural Sciences,10.1039/c5ra09151a,2015.0
56582534900.0,Eugenio,Valdano,male,Natural Sciences,10.1371/journal.pcbi.1004152,2015.0
56582534900.0,Eugenio,Valdano,male,Natural Sciences,10.1371/journal.pcbi.1004152,2015.0
56582534900.0,Eugenio,Valdano,male,Natural Sciences,10.1103/PhysRevX.5.021005,2015.0
56582534900.0,Eugenio,Valdano,male,Natural Sciences,10.1103/PhysRevX.5.021005,2015.0
56582534900.0,Eugenio,Valdano,male,Natural Sciences,10.1140/epjb/e2015-60620-5,2015.0
56582534900.0,Eugenio,Valdano,male,Natural Sciences,10.1017/S0956792516000309,2016.0
56582534900.0,Eugenio,Valdano,male,Natural Sciences,10.1103/PhysRevLett.120.068302,2018.0
56582534900.0,Eugenio,Valdano,male,Natural Sciences,10.1103/PhysRevLett.120.068302,2018.0
56582534900.0,Eugenio,Valdano,male,Natural Sciences,10.1016/j.prevetmed.2018.07.004,2018.0
56582534900.0,Eugenio,Valdano,male,Natural Sciences,10.1098/rsos.181404,2019.0
56582534900.0,Eugenio,Valdano,male,Natural Sciences,10.1103/PhysRevX.9.031050,2019.0
56582534900.0,Eugenio,Valdano,male,Natural Sciences,10.1016/j.prevetmed.2019.02.001,2019.0
56582534900.0,Eugenio,Valdano,male,Natural Sciences,10.1371/journal.pcbi.1006876,2019.0
56582534900.0,Eugenio,Valdano,male,Natural Sciences,10.1371/journal.pcbi.1006876,2019.0
56582534900.0,Eugenio,Valdano,male,Natural Sciences,10.2807/1560-7917.ES.2020.25.4.2000057,2020.0
56582534900.0,Eugenio,Valdano,male,Natural Sciences,10.1016/S2352-3018(19)30407-2,2020.0
56582534900.0,Eugenio,Valdano,male,Natural Sciences,10.1016/S0140-6736(20)30411-6,2020.0
55899281600.0,Seung Jin,Baek,male,Medical and Health Sciences,10.1016/j.ijcard.2013.06.140,2013.0
56121151500.0,Martina,Sandoná,female,Natural Sciences,10.1101/gad.234468.113,2014.0
56121151500.0,Martina,Sandoná,female,Natural Sciences,10.1155/2016/6093601,2016.0
56121151500.0,Martina,Sandoná,female,Natural Sciences,10.1155/2016/6093601,2016.0
56121151500.0,Martina,Sandonà,female,Natural Sciences,10.3390/ijms21030932,2020.0
56121151500.0,Martina,Sandonà,female,Natural Sciences,10.3390/ijms21030932,2020.0
