Unnamed: 0,author_id,gender,self_pro,self_text,self_text.1,title_en
18572,143659,male,1.0,,,Innovations in On-Site Survey Administration: Using an iPad Interface at National Wildlife Refuges and National Parks
66560,8376,male,0.0,,,Mutational analysis of AGXT in two Chinese families with primary hyperoxaluria type 1
25737,136651,male,0.0,,,Musculoskeletal considerations for the senior golfer
106092,105097,male,0.0,,,Enhanced efficiency of polymer solar cells by adding a high-mobility conjugated polymer
37959,161135,female,0.0,,,Profiling bortezomib resistance identifies secondary therapies in a mouse myeloma model
80569,127681,male,0.0,,,Identification of miR-139-5p as a saliva biomarker for tongue squamous cell carcinoma: a pilot study
13117,19999,male,0.0,,,Uniform ultrasmall graphene oxide nanosheets with low cytotoxicity and high cellular uptake
134815,149636,male,1.0,,,An NMR-guided screening method for selective fragment docking and synthesis of a warhead inhibitor
120068,52366,male,0.0,,,"Hypermongones A-J, rare methylated polycyclic polyprenylated acylphloroglucinols from the flowers of hypericum monogynum"
125788,1204,female,0.0,,,The effects of mirror therapy with tasks on upper extremity function and self-care in stroke patients
35284,106393,male,0.0,,,Cantilevered-capillary force apparatus for measuring multiphase fluid interactions
71429,25677,female,1.0,Please follow this link to my article published in the Journal of Tissue Viability https://t.co/wcAiKfhbJy,Please follow this link to my article published in the Journal of Tissue Viability https://t.co/wcAiKfhbJy,A qualitative study of factors impacting upon the recruitment of participants to research studies in wound care – The community nurses' perspective
81813,111500,male,0.0,,,An immunoassay that distinguishes real neuromyelitis optica signals from a labeling detected in patients receiving natalizumab
40944,114313,male,0.0,,,WASP: Allele-specific software for robust molecular quantitative trait locus discovery
98452,141920,male,0.0,,,MicroRNA-542-3p suppresses cell growth of gastric cancer cells via targeting oncogene astrocyte-elevated gene-1
72622,101470,male,0.0,,,Driving and charging patterns of electric vehicles for energy usage
54540,138244,female,0.0,,,Sensor monitoring to measure and support daily functioning for independently living older people: A systematic review and road map for further development
137142,1724,male,0.0,,,Effect of inhibition of μ-calpain on the myofibril structure andmyofibrillar protein degradation in postmortem ovine muscle
49020,92919,male,0.0,,,Synthesis and characterization of terephthalate-intercalated NiAl layered double hydroxides with high Al content
102374,104452,female,0.0,,,Tumor necrosis factor-related apoptosis-inducing ligand induces the expression of proinflammatory cytokines in macrophages and re-educates tumor-associated macrophages to an antitumor phenotype
82939,39689,male,1.0,"So, that paper we named after a Cyndi Lauper song was published... http://t.co/aMXT1rMynO","So, that paper we named after a Cyndi Lauper song was published... http://t.co/aMXT1rMynO",Money changes everything? Education and regional deprivation revisited
12585,107785,female,0.0,,,Electroacupuncture attenuates mechanical allodynia by suppressing the spinal JNK1/2 pathway in a rat model of inflammatory pain
122123,24759,female,0.0,,,Multivariate multinomial T sup2/sup control chart using fuzzy approach
152033,26853,male,1.0,,,Tackling Conflicts of Interest: Policy Instruments in Different Settings
40856,150024,female,0.0,,,Chemohypersensitivity and autonomic modulation of venous capacitance in the pathophysiology of acute decompensated heart failure
18793,68001,female,0.0,,,Rapid and persistent suppression of feeding behavior induced by sensitization training in Aplysia
100371,120062,female,0.0,,,Schisandra chinensis stem ameliorates 3-nitropropionic acid-induced striatal toxicity via activation of the nrf2 pathway and inhibition of the MAPKs and NF-κB pathways
162197,14281,male,0.0,,,Mechanistic insights into c-di-GMP-dependent control of the biofilm regulator FleQ from Pseudomonas aeruginosa
53496,91718,male,0.0,,,Peripheral blood transcriptome sequencing reveals rejection-relevant genes in long-term heart transplantation
155908,142266,male,0.0,,,Alkoxysilane modification of a Ti-based catalyst system for ethylene dimerization: A step forward in enhancing productivity and selectivity
52965,156124,female,0.0,,,Gold Nanoparticle-Loaded Neural Stem Cells for Photothermal Ablation of Cancer
128884,67778,female,0.0,,,Primary Care Program in Prison: A Review of the Literature
106110,121990,male,0.0,,,Diversification of Orientia tsutsugamushi genotypes by intragenic recombination and their potential expansion in endemic areas
128299,110402,female,0.0,,,Optimizing parents' performance in anticonvulsant rescue medication administration
11633,80523,female,0.0,,,Direct arginine modification in native peptides and application to chemical probe development
124120,13884,female,0.0,,,"Travel Destinations and Sexual Behavior as Indicators of Antibiotic Resistant Shigella Strains - Victoria, Australia"
9690,131929,male,0.0,,,"Work and health among immigrants and native Swedes 1990-2008: A register-based study on hospitalization for common potentially work-related disorders, disability pension and mortality"
92767,83652,male,1.0,First journal paper to emerge from the @Brit_exploring #Oman #expeditions. Well done to everyone involved http://t.co/Ug8WVYFVuK,First journal paper to emerge from the @Brit_exploring #Oman #expeditions. Well done to everyone involved http://t.co/Ug8WVYFVuK,"An investigation of odonate communities within Wadi Sayq, Dhofar Province, Oman (Insecta: Odonata)"
68098,116716,male,0.0,,,Effect of dimensions of place attachment on residents’ word-of-mouth behavior
106649,39362,female,1.0,My study on fear experiences in games out ahead of print in JoBEM! http://t.co/9wSg904rJ0 let me know if you need access #fear #videogames,My study on fear experiences in games out ahead of print in JoBEM! http://t.co/9wSg904rJ0 let me know if you need access #fear #videogames,Nothing to Fear? An Analysis of College Students’ Fear Experiences With Video Games
32288,95605,female,0.0,,,Hollow-fiber liquid-phase microextraction for the determination of natural and synthetic estrogens in milk samples
8276,121008,female,1.0,"Finally, after two years, paper out.  http://t.co/6y1ngVGs based on cuttlefish of Urla.","Finally, after two years, paper out.  http://t.co/6y1ngVGs based on cuttlefish of Urla.",Quantification of cuttlefish (Sepia officinalis) camouflage: A study of color and luminance using in situ spectrometry
99477,70185,female,0.0,,,Putting Parasemia in its phylogenetic place: a molecular analysis of the subtribe Arctiina (Lepidoptera)
18709,115683,male,0.0,,,Thioredoxin reductase inhibition elicits Nrf2-mediated responses in clara cells: Implications for oxidant-induced lung injury
148917,72360,female,0.0,,,CRISPR-Cas9 System as a Versatile Tool for Genome Engineering in Human Cells
25061,101840,female,0.0,,,Isolating a cerebellar contribution to rapid visual attention using transcranial magnetic stimulation
67641,12959,male,0.0,,,The mediator effects of conceiving imagination on academic performance of design students
98391,145907,male,0.0,,,"HDAC4, a prognostic and chromosomal instability marker, refines the predictive value of MGMT promoter methylation"
98724,8603,female,0.0,,,Nail unit squamous cell carcinoma in people with immunosuppression
94206,154349,male,0.0,,,"Pyridine-Spiropyran Derivative as a Persistent, Reversible Photoacid in Water"
60371,122466,male,1.0,Efficient enhancement of solar-water-splitting by modified “Z-scheme” structural WO3-W-Si... http://t.co/9e39bS6DZE,Efficient enhancement of solar-water-splitting by modified “Z-scheme” structural WO3-W-Si... http://t.co/9e39bS6DZE,"Efficient enhancement of solar-water-splitting by modified ""z-scheme"" structural WO3-W-Si photoelectrodes"
28089,115843,male,0.0,,,Efficacy of super high dose proton pump inhibitor administration in refractory laryngopharyngeal reflux: A pilot study
8031,130447,female,0.0,,,Aflibercept
129479,30284,male,1.0,Finally we cracked the mystery of publishing our conjugation to metal binding proteins. Excellent my dear soon-to-be-Dr. Skovsgaard (@MB_Skovsgaard)! find it at @BioconjChem; https://t.co/mdUNb2mq1L Hope you will like it our there! #RealTimeChem #ProteinConj #SherlockChem,Finally we cracked the mystery of publishing our conjugation to metal binding proteins. Excellent my dear soon-to-be-Dr. Skovsgaard (@MB_Skovsgaard)! find it at @BioconjChem; https://t.co/mdUNb2mq1L Hope you will like it our there! #RealTimeChem #ProteinConj #SherlockChem,Small-Molecule Probes for Affinity-Guided Introduction of Biocompatible Handles on Metal-Binding Proteins
139660,51206,female,1.0,"Nice article on declaratory regionalism Of words and deeds: Latin American declaratory regionalism, 1994–2014 https://t.co/BC8NE5GMvC","Nice article on declaratory regionalism Of words and deeds: Latin American declaratory regionalism, 1994–2014 https://t.co/BC8NE5GMvC","Of words and deeds: Latin American declaratory regionalism, 1994–2014"
75159,3076,female,1.0,Our study @stacymcarter @LucieRychetnik in @BMJ_Open today: how do GPs manage overdiagnosis &amp; PSA testing in practice http://t.co/b2IgjioqUQ,Our study @stacymcarter @LucieRychetnik in @BMJ_Open today: how do GPs manage overdiagnosis &amp; PSA testing in practice http://t.co/b2IgjioqUQ,Doctors' approaches to PSA testing and overdiagnosis in primary healthcare: A qualitative study
120948,93464,male,0.0,,,Allosteric activation of the RNF146 ubiquitin ligase by a poly(ADP-ribosyl)ation signal
156295,55170,female,1.0,Out now Vectorial Glance article on ScienceTechnology&amp;HumanValues on #infrastructuralinversion for gov info sys #STS https://t.co/EqlyQUA9UG,Out now Vectorial Glance article on ScienceTechnology&amp;HumanValues on #infrastructuralinversion for gov info sys #STS https://t.co/EqlyQUA9UG,Developing the Vectorial Glance: Infrastructural Inversion for the New Agenda on Government Information Systems
70044,61624,female,0.0,,,An accelerated framework for the classification of biological targets from solid-state micropore data
61062,57603,male,0.0,,,Surgical ligation on significant patent ductus arteriosus in very low birth weight infants: Comparison between early and late ligations
14639,45269,female,0.0,,,"MHC diversity and mate choice in the magellanic penguin, spheniscus magellanicus"
149916,13729,female,1.0,FATHERS' mitigating role in teenage health risk behaviors. See (2016) https://t.co/D1MY59Ysxy,FATHERS' mitigating role in teenage health risk behaviors. See (2016) https://t.co/D1MY59Ysxy,Parental supervision and adolescent risky behaviors
156499,118872,male,1.0,"My first ever (co-)first author paper! Hi-C on oocytes and zygotes, variability of TADs between cells and more! See https://t.co/bRRaU0X7ol","My first ever (co-)first author paper! Hi-C on oocytes and zygotes, variability of TADs between cells and more! See https://t.co/bRRaU0X7ol",Single-nucleus Hi-C reveals unique chromatin reorganization at oocyte-to-zygote transition
21797,45890,female,0.0,,,Organizational Faultlines: Social Identity Dynamics and Organizational Change
117261,139203,male,0.0,,,Foraging ecologies of giraffe (Giraffa camelopardalis reticulata) and camels (Camelus dromedarius) in northern Kenya: Effects of habitat structure and possibilities for competition?
143404,133668,male,0.0,,,Measurements of high-frequency acoustic scattering from glacially eroded rock outcrops
86519,70476,male,0.0,,,Sharply tunable group velocity in alkali vapors using a single low-power control field
134441,88876,male,0.0,,,"Cardiac arrest teams perspectives on communication and ethical conflicts related to awareness during CPR, a focus group study protocol"
104278,80327,female,1.0,So glad to see our article--on OA journals and open data practices--out in the wild. Link to the OA version: https://t.co/7wFPADgWnu https://t.co/2kFgS2mByG,So glad to see our article--on OA journals and open data practices--out in the wild. Link to the OA version: https://t.co/7wFPADgWnu https://t.co/2kFgS2mByG,Evaluating and promoting open data practices in open access journals
144237,29556,male,1.0,,,Role of catalytic protein and stabilising agents in the transformation of Ag ions to nanoparticles by Pseudomonas aeruginosa
6300,69044,female,0.0,,,Recent Demographic History and Present Fine-Scale Structure in the Northwest Atlantic Leatherback (Dermochelys coriacea) Turtle Population
58252,120856,female,0.0,,,"""Flypaper effects"" in transfers targeted to women: Evidence from BRAC's ""Targeting the Ultra Poor"" program in Bangladesh"
157893,38233,male,1.0,@NoHarmAsia  https://t.co/RQOyvYJ5Fc,@NoHarmAsia  https://t.co/RQOyvYJ5Fc,Management of wastes from hospitals: A case study in Pakistan
5848,151447,male,0.0,,,Forest patches and the upward migration of timberline in the southern Peruvian Andes
123506,38375,female,0.0,,,Protecting Nipple Perfusion by Devascularization and Surgical Delay in Patients at Risk for Ischemic Complications During Nipple-Sparing Mastectomies
1068,134075,female,0.0,,,It's good for me: It has added fibre! An exploration of the role of different categories of functional foods in consumer diets
81637,91931,male,0.0,,,Intravenous immunoglobulin enhances the killing activity and autophagy of neutrophils isolated from immunocompromised patients against multidrug-resistant bacteria
143190,121038,female,1.0,,,Two faces of empowering leadership: Enabling and burdening
62036,101369,male,1.0,,,Individual Music-Centered Assessment Profile for Neurodevelopmental Disorders (IMCAP-ND): New developments in music-centered evaluation
158985,66659,female,0.0,,,Histological evaluation disqualifies IMT and calcification scores as surrogates for grading coronary and aortic atherosclerosis
96736,15987,male,0.0,,,EpCAM Intracellular Domain Promotes Porcine Cell Reprogramming by Upregulation of Pluripotent Gene Expression via Beta-catenin Signaling
43117,61366,female,1.0,"Und #backlash wenn die gender gap thematisiert wird: Coverage of #Wikipedia ’s #gendergap by 42 U.S. news organizations &amp; 1,336 readers comments showed many commentators denied the gap was a problem, blamed #women for not joining or mocked girly interests.
https://t.co/yzYt95QWBW","Und #backlash wenn die gender gap thematisiert wird: Coverage of #Wikipedia ’s #gendergap by 42 U.S. news organizations &amp; 1,336 readers comments showed many commentators denied the gap was a problem, blamed #women for not joining or mocked girly interests.
https://t.co/yzYt95QWBW",(Re)triggering Backlash: Responses to news about Wikipedia's gender gap
67013,95139,female,0.0,,,Community participation for girls and women living with Rett syndrome
148685,78746,female,1.0,,,Proprioceptive acuity predicts muscle co-contraction of the tibialis anterior and gastrocnemius medialis in older adults' dynamic postural control
40154,122955,female,0.0,,,The de novo DNA methyltransferase DNMT3A in development and cancer
138107,44062,male,1.0,https://t.co/oFfebIk7sl Growth hormone secretagogues hexarelin and JMV2894 protect skeletal muscle from mitochondrial damages in a rat m...,https://t.co/oFfebIk7sl Growth hormone secretagogues hexarelin and JMV2894 protect skeletal muscle from mitochondrial damages in a rat m...,Growth hormone secretagogues hexarelin and JMV2894 protect skeletal muscle from mitochondrial damages in a rat model of cisplatin-induced cachexia
149011,114918,male,0.0,,,A crowdsourcing workflow for extracting chemical-induced disease relations from free text
95758,95118,male,0.0,,,DC-SIGN promotes Japanese encephalitis virus transmission from dendritic cells to T cells via virological synapses
8527,87109,male,0.0,,,A transposase strategy for creating libraries of circularly permuted proteins
124655,141129,female,0.0,,,Silence and Translation: Franz Rosenzweig's Paralysis and Edith Rosenzweig's Life
36239,82428,female,0.0,,,Chronic chemotherapeutic stress promotes evolution of stemness and WNT/beta-catenin signaling in colorectal cancer cells: Implications for clinical use of WNT-signaling inhibitors
77500,150015,female,0.0,,,High yield of functional metagenomic library from mangroves constructed in fosmid vector
47222,19378,male,1.0,,,Understanding the investigators: A qualitative study investigating the barriers and enablers to the implementation of local investigator-initiated clinical trials in Ethiopia
34438,43021,female,0.0,,,Salts of C60(OH)8 electrodeposited onto a glassy carbon electrode: Surprising catalytic performance in the hydrogen evolution reaction
123959,76539,male,0.0,,,Inflammatory complications related to tattooing: A histopathological approach based on pattern analysis
54585,26552,female,0.0,,,"Policing, values, and violence: Human rights education with law enforcers in India"
111193,82824,male,0.0,,,Active Biochemical Regulation of Cell Volume and a Simple Model of Cell Tension Response
104453,15441,female,1.0,Copper load of this - our publication is now online! @InorgChem @crimmingroup @NERCscience @SSCP_DTP 👩🏻‍🔬  https://t.co/nUhyjhsDQh,Copper load of this - our publication is now online! @InorgChem @crimmingroup @NERCscience @SSCP_DTP 👩🏻‍🔬  https://t.co/nUhyjhsDQh,"Reversible Coordination of Boron-, Aluminum-, Zinc-, Magnesium-, and Calcium-Hydrogen Bonds to Bent {CuL2} Fragments: Heavy σ Complexes of the Lightest Coinage Metal"
158486,46740,female,1.0,,,A hybrid cloud controller for vertical memory elasticity: A control-theoretic approach
35014,148118,male,0.0,,,Synthesis of and specific antibody generation for glycopeptides with arginine N-GlcNAcylation
122038,39023,male,0.0,,,The culture of construction organisations: The epitome of institutionalised corruption
88912,149224,female,0.0,,,Effects of morphographic instruction on the morphographic analysis skills of deaf and hard-of-hearing students
91534,28407,male,0.0,,,Sign problem and the chiral spiral on the finite density lattice
143029,47935,female,0.0,,,Aggressive and chronic periodontitis in a population of Moroccan school students
62048,50489,male,0.0,,,Update on scleroderma-associated interstitial lung disease
44868,135700,male,0.0,,,Doctoral dissertations of Library and Information Science in China: A co-word analysis
22959,82598,male,1.0,2本目の論文が、パブリッシュされていましたー。乳がん検診の受診率をあげるには、どうしたらいいのかという研究です！　→　http://t.co/JrywUxSO,2本目の論文が、パブリッシュされていましたー。乳がん検診の受診率をあげるには、どうしたらいいのかという研究です！　→　http://t.co/JrywUxSO,Cost-effectiveness of a tailored intervention designed to increase breast cancer screening among a non-adherent population: A randomized controlled trial
132974,69207,male,0.0,,,Contrast-enhanced 3D micro-CT of plant tissues using different impregnation techniques
16953,140246,female,0.0,,,How do they do Wnt they do?: Regulation of transcription by the Wnt/β-catenin pathway
131901,146009,male,0.0,,,"Workplace loneliness, leader-member exchange and creativity: The cross-level moderating role of leader compassion"
116358,78916,male,1.0,,,The Eloquent Language: Hindustani in 1940s Indian Cinema
131427,79444,male,0.0,,,The frequency of internal shine-dalgarno-like motifs in prokaryotes
39455,77945,male,0.0,,,Histone Deacetylase Inhibition Rescues Maternal Deprivation-Induced GABAergic Metaplasticity through Restoration of AKAP Signaling
58579,60885,male,0.0,,,Statistical colour models: An automated digital image analysis method for quantification of histological biomarkers
36051,41904,female,1.0,"2nd publication out! Central Coherence in Eating Disorders:
http://t.co/44siy2dZdd #eatingdisorder #research","2nd publication out! Central Coherence in Eating Disorders:
http://t.co/44siy2dZdd #eatingdisorder #research",Central coherence in eating disorders: An updated systematic review and meta-analysis
95480,44266,female,0.0,,,"Plectasin, first animal Toxin-Like fungal defensin blocking potassium channels through recognizing channel pore region"
26221,112587,female,0.0,,,Human Gyrovirus Apoptin shows a similar subcellular distribution pattern and apoptosis induction as the chicken anaemia virus derived VP3/Apoptin
47884,115958,male,0.0,,,Consanguinity and inflammatory bowel diseases: Is there a relation?
162011,22810,male,1.0,@straightedge Thanks Nathan! I have a related paper on India &amp; the lit review has more references https://t.co/US3P2r5BLi,@straightedge Thanks Nathan! I have a related paper on India &amp; the lit review has more references https://t.co/US3P2r5BLi,The economic effects of a counterinsurgency policy in India: A synthetic control analysis
105417,76650,female,0.0,,,Hybrid organic-inorganic inks flatten the energy landscape in colloidal quantum dot solids
51051,160946,male,0.0,,,USP49 deubiquitinates histone H2B and regulates cotranscriptional pre-mRNA splicing
28145,53145,female,0.0,,,A psychometric systematic review of self-report instruments to identify anxiety in pregnancy
11104,123490,male,0.0,,,Short-term functional outcome after hip resurfacing surgery
115565,15266,female,0.0,,,Modeling and mapping the probability of occurrence of invasive wild pigs across the contiguous United States
139114,150560,female,0.0,,,"Molecular detection of airborne coccidioides in tucson, arizona"
39198,45557,male,1.0,@Caroline_Bartma @ProfBootyPhD We wrote a broad intro to this in @StemCellsJournl a few years back... https://t.co/6cybsEn4hE,@Caroline_Bartma @ProfBootyPhD We wrote a broad intro to this in @StemCellsJournl a few years back... https://t.co/6cybsEn4hE,Concise review: The relevance of human stem cell-derived organoid models for epithelial translational medicine
33873,110134,male,1.0,Psychometric Properties of the Acceptance and Action Questionnaire–II for Chinese College Students and Elite Athletes http://t.co/970hEFziT3,Psychometric Properties of the Acceptance and Action Questionnaire–II for Chinese College Students and Elite Athletes http://t.co/970hEFziT3,Psychometric properties of the acceptance and action questionnaire-II for Chinese college students and elite Chinese athletes
4251,56696,female,0.0,,,Genome-wide association mapping including phenotypes from relatives without genotypes
18415,29276,male,0.0,,,Higher yet suboptimal chlamydia testing rates at community health centers and outpatient clinics compared with physician offices
154357,85989,male,0.0,,,Contact Allergy to Hydroperoxides of Linalool and d - Limonene in a US Population
39705,48617,male,1.0,"http://t.co/jWf83JBkVF on @MDPIOpenAccess Sensors, Special Issue Ambient Assisted Living (AAL): Sensors, Architectures and Applications.","http://t.co/jWf83JBkVF on @MDPIOpenAccess Sensors, Special Issue Ambient Assisted Living (AAL): Sensors, Architectures and Applications.",An investigation on the feasibility of uncalibrated and unconstrained gaze tracking for human assistive applications by using head pose estimation
56730,85399,male,0.0,,,Directing-group-assisted copper-catalyzed olefinic trifluoromethylation of electron-deficient alkenes
130462,132307,female,0.0,,,MiR-20a-5p represses the multi-drug resistance of osteosarcoma by targeting the SDC2 gene
98690,23798,male,0.0,,,"A mitochondria targeting Mn nanoassembly of BODIPY for LDH-A, mitochondria modulated therapy and bimodal imaging of cancer"
33055,8323,male,1.0,A Fast and Powerful Tree-Based Association Test for Detecting Complex Joint Effects in Case-Control Studies http://t.co/HBIc6AdYPJ,A Fast and Powerful Tree-Based Association Test for Detecting Complex Joint Effects in Case-Control Studies http://t.co/HBIc6AdYPJ,A fast and powerful tree-based association test for detecting complex joint effects in case-control studies
156507,53376,female,1.0,,,‘Bring on the dancers’: reconceptualising the transition from school to work
22173,124496,female,0.0,,,Risk factors for swallowing dysfunction in stroke patients
30216,139798,female,0.0,,,How the cell cycle impacts chromatin architecture and influences cell fate
11342,146225,female,1.0,@jdlaffolie “rapid infliximab infusions - well tolerated and decrease cost http://t.co/FUIkJMn7To #ICNCC15S #IBD @ImproveCareNow”,@jdlaffolie “rapid infliximab infusions - well tolerated and decrease cost http://t.co/FUIkJMn7To #ICNCC15S #IBD @ImproveCareNow”,Meta-analysis: Rapid infliximab infusions are safe
85253,156789,female,1.0,,,Goal Setting Interventions: Implications for Participants on the Autism Spectrum
86218,28823,female,1.0,"Kalp rejenerasyonu üzerine yazdığımız review makalesi bugün taze çıktı, buyrun: https://t.co/87m26fdOmP","Kalp rejenerasyonu üzerine yazdığımız review makalesi bugün taze çıktı, buyrun: https://t.co/87m26fdOmP",Mechanisms of Cardiac Regeneration
139432,119004,female,0.0,,,Impact of a cardiac intensivist on mortality in patients with cardiogenic shock
9374,80239,male,0.0,,,Presbycusis occurs after cochlear implantation also: A retrospective study of pure tone thresholds over time
58852,32195,female,0.0,,,The extracellular matrix protein artichoke is required for integrity of ciliated mechanosensory and chemosensory organs in Drosophila embryos
74378,14866,male,0.0,,,An AlphaScreen Assay for the Discovery of Synthetic Chemical Inhibitors of Glucagon Production
29407,139851,male,0.0,,,Stratification and storage of soil organic carbon and nitrogen as affected by tillage practices in the North China Plain
11873,115744,male,0.0,,,CUDAICA: GPU optimization of infomax-ICA EEG analysis
143471,3724,female,0.0,,,Direct Mannich-Type Reactions Promoted by Frustrated Lewis Acid/Brønsted Base Catalysts
108474,15482,male,0.0,,,"Two-dimensional dam-break flood analysis in data-scarce regions: The case study of Chipembe dam, Mozambique"
145609,93288,female,0.0,,,How not to be misled by disorders mimicking angioedema: A review of pseudoangioedema
28721,103801,male,0.0,,,Electrochemical cell for in situ electrodeposition of magnetic thin films in a superconducting quantum interference device magnetometer
31708,87842,female,0.0,,,Impact of SIN-1-derived peroxynitrite flux on endothelial cell redox homeostasis and bioenergetics: Protective role of diphenyl diselenide via induction of peroxiredoxins
13925,157228,male,0.0,,,Characterization of outer membrane vesicles from Brucella melitensis and protection induced in mice
45425,152518,female,0.0,,,Nodular kidney involvement in a patient with idiopathic Sweet's syndrome
123411,124331,male,0.0,,,Visualization of flow pathways in degraded peat soils using titanium dioxide
39827,71633,female,0.0,,,A two-component pre-seeded dermal-epidermal scaffold
34590,1124,female,0.0,,,Utilization of technology by long-term care providers: Comparisons between for-profit and nonprofit institutions
151653,131728,male,0.0,,,Effects of bipyramidal gold nanoparticles and gold nanorods on the detection of immunoglobulins
153675,54058,female,1.0,"Why did China support #UNSC intervention in #Libya , but #veto action in #Syria?  My take in Third World Quarterly:  http://t.co/v0OAxiQKLg","Why did China support #UNSC intervention in #Libya , but #veto action in #Syria?  My take in Third World Quarterly:  http://t.co/v0OAxiQKLg","Global South solidarity? China, regional organisations and intervention in the Libyan and Syrian civil wars"
17611,107537,male,0.0,,,Acute mastoiditis in children: 10 years experience in a French tertiary university referral center
116196,7910,male,1.0,,,Toroidal nanotraps for cold polar molecules
15986,21696,male,0.0,,,Digital divide across the European Union
98546,104432,male,0.0,,,Effective Education Materials to Advance Stroke Awareness Without Teacher Participation in Junior High School Students
136571,56168,male,0.0,,,STRONG BUBBLES and STRICT LOCAL MARTINGALES
24772,86598,male,0.0,,,miRNA-34c regulates Notch signaling during bone development
37983,123529,male,0.0,,,Bacteria-based analysis of HIV-1 Vpu channel activity
107527,23555,female,0.0,,,Perinatal and childhood risk factors for early-onset type 1 diabetes: A population-based case-control study in Taiwan
128793,23141,male,0.0,,,Predicting Suicide Intent: The Roles of Experiencing or Committing Violent Acts
142894,124055,female,0.0,,,"Quantifying limits on replication, death, and quiescence of Mycobacterium tuberculosis in mice"
136273,19187,female,0.0,,,Emergency point-of-care ultrasound in Canadian pediatric emergency fellowship programs: Current integration and future directions
77245,35961,female,0.0,,,Physician and parent perceptions of prognosis and end-of-life experience in children with advanced heart disease
107480,79622,female,0.0,,,The loss of CASP4 expression is associated with poor prognosis in esophageal squamous cell carcinoma
124273,62156,female,0.0,,,Lesbian collaborative web mapping: disrupting heteronormativity in Portugal
89379,67345,male,0.0,,,Detection of rain in acoustic recordings of the environment
152628,135964,female,0.0,,,Effects of supplemental calcium and vitamin D on the APC/β-catenin pathway in the normal colorectal mucosa of colorectal adenoma patients
158024,160497,female,0.0,,,Negotiating stance within discourses of class: Reactions to Benefits Street
119429,90442,female,0.0,,,Estrogen receptor-α36 is involved in epigallocatechin-3-gallate induced growth inhibition of ER-negative breast cancer stem/progenitor cells
158469,9766,female,0.0,,,Developing a Performance Nutrition Curriculum for Collegiate Athletics
116000,91693,male,0.0,,,Lipid-lowering treatment patterns among patients with type 2 diabetes mellitus with high cardiovascular disease risk
109897,161405,male,0.0,,,"Long-term habitat loss in a lightly-disturbed population of the Indo-Pacific humpback dolphin, Sousa chinensis"
94542,43217,female,0.0,,,Review: An urgent need for research on factors impacting adherence to and retention in care among HIV-positive youth and adolescents from key populations
91863,132725,male,0.0,,,"Attending to grape vines: perceptual practices, planty agencies and multiple temporalities in Australian viticulture"
47778,42411,female,0.0,,,Organizational stressors associated with job stress and burnout in correctional officers: a systematic review.
148972,12123,male,1.0,Interested in the archaeology of SOE's communications? Find out more in my article in @SPMA https://t.co/8EditcfKD4 #WW2,Interested in the archaeology of SOE's communications? Find out more in my article in @SPMA https://t.co/8EditcfKD4 #WW2,Communicating with the European Resistance: an assessment of the Special Operations Executive’s wireless facilities in the UK during the Second World War
153878,149828,male,0.0,,,Realistic numerical and analytical modeling of light scattering in brain tissue for optogenetic applications
156643,63305,female,0.0,,,Embodied learning of numerical competencies
156822,107702,female,0.0,,,Unlocking the doors to Canadian older inmate mental health data: Rates and potential legal responses
153617,20225,female,0.0,,,"Does sea-dyke construction affect the spatial distribution of pesticides in agricultural soils? – A case study from the Red River Delta, Vietnam"
52439,125681,male,0.0,,,"NFP, a LysM protein controlling Nod factor perception, also intervenes in Medicago truncatula resistance to pathogens"
55885,1740,male,0.0,,,Management of stable COPD: An update
41405,112941,male,0.0,,,Prevalence of disabled people involved in Spanish Civil Guard's police activity
124275,161576,male,0.0,,,The Externally Supported Ross Operation: Early Outcomes and Intermediate Follow-Up
55485,42924,male,0.0,,,Imatinib and prostate cancer: Lessons learned from targeting the platelet-derived growth factor receptor
35778,37549,female,0.0,,,Could there have been substantial declines in sexual risk behavior across sub-Saharan Africa in the mid-1990s?
106489,109529,female,0.0,,,"Palladium Complexes with Tetrahydropyrimidin-2-ylidene Ligands: Catalytic Activity for the Direct Arylation of Furan, Thiophene, and Thiazole Derivatives"
156017,120438,female,0.0,,,Cell-specific diversity in the expression and organization of cytoplasmic plaque proteins of apical junctions
74805,90951,female,0.0,,,Glucocerebrosidase deficiency accelerates the accumulation of proteinase K-resistant α-synuclein and aggravates neurodegeneration in a Drosophila model of Parkinson's disease
74730,139887,female,0.0,,,Facilitators and barriers to employment for people with mental illness: A qualitative study
1041,45706,male,0.0,,,Exploring Weak Ligand-Protein Interactions by Long-Lived NMR States: Improved Contrast in Fragment-Based Drug Screening
26121,115265,female,1.0,Thelma Pepper’s photos lay groundwork for meaningful art in late life and in long-term care. So glad she has been recognized for her contribution.  Read about how the NFB showcased her work here.  https://t.co/dDnICWVf0F,Thelma Pepper’s photos lay groundwork for meaningful art in late life and in long-term care. So glad she has been recognized for her contribution.  Read about how the NFB showcased her work here.  https://t.co/dDnICWVf0F,Reimagining care: Images of aging and creativity in House Calls and a Year at Sherbrooke
4915,13718,female,1.0,New article in Special issue of Democratization on Disruptive Democracy: 'Disrupting the South African parliament': http://t.co/bgLdmN99ak,New article in Special issue of Democratization on Disruptive Democracy: 'Disrupting the South African parliament': http://t.co/bgLdmN99ak,Disrupting the South African parliament: Performing opposition 1994-2010
49389,122493,male,1.0,,,Using the theory of planned behavior to explore environmental behavioral intentions in the workplace
101646,30278,male,0.0,,,"Perceived knowledge, skills, attitude and contextual factors affecting evidence-based practice among nurse educators, clinical coaches and nurse specialists"
61483,45272,male,1.0,Read my paper on institutional property rights in forest communities in Ghana and Vietnam: http://t.co/rwpjwQkun4,Read my paper on institutional property rights in forest communities in Ghana and Vietnam: http://t.co/rwpjwQkun4,A comparative analysis of the effects of institutional property rights on forest livelihoods and forest conditions: Evidence from Ghana and Vietnam
150081,35359,male,0.0,,,Quantum ergodicity for a class of non-generic systems
134694,46336,male,1.0,,,The Combined and Uneven Development of Afghan Nationalism
66051,131246,female,0.0,,,Delayed splenic rupture presenting 70 days following blunt abdominal trauma
25812,153989,male,0.0,,,Concept for a German national birth cohort for environmental health research
124962,18657,female,0.0,,,Chronic Thromboembolic Pulmonary Hypertension: the End Result of Pulmonary Embolism
160690,62525,male,0.0,,,Sliding-window analysis tracks fluctuations in amygdala functional connectivity associated with physiological arousal and vigilance during fear conditioning
6475,133696,female,1.0,Task effects in Greek pronoun interpretation: http://t.co/M57FbOlsAZ -&gt; Indep confirmation of prev findings in Dutch: http://t.co/kGeZZwtYD1,Task effects in Greek pronoun interpretation: http://t.co/M57FbOlsAZ -&gt; Indep confirmation of prev findings in Dutch: http://t.co/kGeZZwtYD1,Preschoolers' comprehension of pronouns and reflexives: The impact of the task
28017,109111,female,0.0,,,Association between oral nutritional supplementation and clinical outcomes among patients with ESRD
159243,87736,male,0.0,,,Anaerobic digestion of biowaste under extreme ammonia concentration: Identification of key microbial phylotypes
128927,21144,male,0.0,,,Quality specifications in postgraduate medical e-learning: An integrative literature review leading to a postgraduate medical e-learning model
120260,45760,male,0.0,,,Exploring implicit ingroup and outgroup bias toward Hispanics
44227,76601,female,0.0,,,Differential arthritogenicity of Staphylococcus aureus strains isolated from biological samples
5227,15137,male,0.0,,,"Prevalence of hepatitis B virus infection among tuberculosis patients with or without HIV in Goiânia City, Brazil"
66307,6195,female,0.0,,,Coeliac disease and gluten-related disorders in childhood
148071,125246,male,0.0,,,STFT Phase Retrieval: Uniqueness Guarantees and Recovery Algorithms
136361,89791,male,0.0,,,"Petrogenesis of kyanite- and corundum-bearing mafic granulite in a meta-ophiolite, SE Turkey"
13462,106161,female,0.0,,,Investigating autism spectrum disorder and autistic traits in early onset eating disorder
128568,93630,male,0.0,,,In vivo study on depressant effects and muscle coordination activity of Galphimia glauca stem methanol extract
5364,62047,male,0.0,,,Preoperative aerobic exercise training in elective intra-cavity surgery: A systematic review
11836,83066,female,1.0,@t7_linda @anameescapesme @Asher_Wolf It is. I have been studying hypermobility since 2009. https://t.co/JFvBBXBtGv,@t7_linda @anameescapesme @Asher_Wolf It is. I have been studying hypermobility since 2009. https://t.co/JFvBBXBtGv,Brain structure and joint hypermobility: Relevance to the expression of psychiatric symptoms
118276,102623,male,0.0,,,Enhanced Organic Solar Cell Stability through the Effective Blocking of Oxygen Diffusion using a Self-Passivating Metal Electrode
109562,58330,female,1.0,"My first ‘first’ author paper! The NW Tuberculosis cohort audit enhances TB care, control and patient safety #CofP https://t.co/zLtV1ZAyla","My first ‘first’ author paper! The NW Tuberculosis cohort audit enhances TB care, control and patient safety #CofP https://t.co/zLtV1ZAyla",Health professionals' experiences of tuberculosis cohort audit in the North West of England: A qualitative study
58517,17713,male,1.0,#PLOSONE: Role of Constitutive Behavior and Tumor-Host Mechanical Interactions in the State of Stress  http://t.co/Prs6ULDFML,#PLOSONE: Role of Constitutive Behavior and Tumor-Host Mechanical Interactions in the State of Stress  http://t.co/Prs6ULDFML,Role of constitutive behavior and tumor-host mechanical interactions in the state of stress and growth of solid tumors
72827,13492,female,0.0,,,Genome-wide prediction methods in highly diverse and heterozygous species: Proof-of-concept through simulation in grapevine
5612,50262,male,0.0,,,Measurements of the sensitivity of aerosol hygroscopicity and the κ parameter to the O/C ratio
122936,115993,male,1.0,,,The Arabic original of (ps.) Ma¯sha¯'alla¯h's Liber de orbe: Its date and authorship
20807,111810,female,0.0,,,Healthcare informatics in 21st-century nursing: Are dermatology nurses prepared?
1312,5788,male,0.0,,,Optimization of scarless human stem cell genome editing
20049,98939,female,0.0,,,Children Deconstructing Childhood
104417,104968,male,1.0,,,The Struggle for Equity: An Examination of Surgical Services at Two NGO Hospitals in Rural Haiti
7183,72650,female,1.0,Most Popular: Toward Development of a Tinnitus Magnitude Index: Objectives:The aim of the study was to provide... http://t.co/KK7prarvNw,Most Popular: Toward Development of a Tinnitus Magnitude Index: Objectives:The aim of the study was to provide... http://t.co/KK7prarvNw,Toward development of a tinnitus magnitude index
88974,148383,female,1.0,@anna_westaway @sarahhayward25 @ReSNetSLT Sounds great Sarah! Very interested in pre-diagnosis phase - I did my MSc dissertation on experiences of SLTs! https://t.co/vomHl6B1qq (awkward self-promotion sorry! small scale study but might be of interest?) #ReSNetSLT,@anna_westaway @sarahhayward25 @ReSNetSLT Sounds great Sarah! Very interested in pre-diagnosis phase - I did my MSc dissertation on experiences of SLTs! https://t.co/vomHl6B1qq (awkward self-promotion sorry! small scale study but might be of interest?) #ReSNetSLT,Recognising Autism Spectrum Disorders in Primary Care: Perspectives of Speech and Language Therapists
123482,10656,female,0.0,,,Evaluation of QMS everolimus assay using Indiko analyzer: Comparison with an ultra-performance liquid chromatography-tandem mass spectrometry method
78464,154501,male,0.0,,,Hepatocellular carcinoma: Surveillance CT schedule after hepatectomy based on risk stratification
100414,139334,female,0.0,,,Determination of Magnesium Oxide Content in Mineral Medicine Talcum Using Near-Infrared Spectroscopy Integrated with Support Vector Machine
155534,150144,female,0.0,,,Exposure to benzophenone-3 and reproductive toxicity: A systematic review of human and animal studies
110484,68068,female,1.0,,,Improving the psychological evaluation of exercise referral: Psychometric properties of the Exercise Referral Quality of Life Scale
71397,3617,female,0.0,,,Synthesis of high density aviation fuel with cyclopentanol derived from lignocellulose
21116,102790,male,1.0,,,Temporal dynamics of Arc gene induction in hippocampus: Relationship to context memory formation
52424,20196,male,0.0,,,Use of restraint in psychiatry: Feelings of caregivers and ethical perspectives
51947,3983,female,0.0,,,What is a feral cat?: Variation in definitions may be associated with different management strategies
39967,2743,female,0.0,,,A Pan Photoaffinity Probe for Detecting Active Forms of Matrix Metalloproteinases
57985,42748,female,0.0,,,Familial Cerebral Cavernous Angiomas: Clinical and Genetic Features in a Chinese Family with a Frame-Shift Mutation in the CCM1 Gene (krit1)
97675,55262,female,1.0,"My first paper done @IvaskaLab SHANK proteins limit integrin activation by directly interacting with Rap1
https://t.co/kbcR4BmlY5","My first paper done @IvaskaLab SHANK proteins limit integrin activation by directly interacting with Rap1
https://t.co/kbcR4BmlY5",SHANK proteins limit integrin activation by directly interacting with Rap1 and R-Ras
125168,127234,female,1.0,"@atommarie @alec_badenoch @h_u_wagner @hchignell @jamie_medhurst @ykomska @nenieb @BGriffenFoley @C_Hilgert @LegayRichard Sure, I found various refs on hospital radio while preparing this article, which focused more on broadcasting &amp; institutions focused on mental health treatment (https://t.co/IdSrpfG0WW). Many of those refs didn't make it in the article, but I'm happy to share these with you!","@atommarie @alec_badenoch @h_u_wagner @hchignell @jamie_medhurst @ykomska @nenieb @BGriffenFoley @C_Hilgert @LegayRichard Sure, I found various refs on hospital radio while preparing this article, which focused more on broadcasting &amp; institutions focused on mental health treatment (https://t.co/IdSrpfG0WW). Many of those refs didn't make it in the article, but I'm happy to share these with you!",Listening to the mind: Tracing the auditory history of mental illness in archives and exhibitions
162674,131325,female,0.0,,,Safety-critical event risk associated with cell phone tasks as measured in naturalistic driving studies: A systematic review and meta-analysis
150021,106398,female,1.0,,,Forman-Ricci flow for change detection in large dynamic data sets
119166,67840,male,0.0,,,Editorial bias in crowd-sourced political information
43232,90610,male,0.0,,,Enhancing the efficacy of heart surgery by optimizing patients' preoperative expectations: Study protocol of a randomized controlled trial
49967,23241,male,0.0,,,Investigating academic phraseology through combinations of very frequent words: A methodological exploration
51436,39562,female,0.0,,,"A continuous, fluorescence-based assay of μ-opioid receptor activation in AtT-20 cells"
63428,150519,female,0.0,,,Factors influencing the effectiveness of multisource feedback in improving the professional practice of medical doctors: A systematic review
88888,4616,male,1.0,,,"Measuring the Sudanese economy: A focus on national growth rates and regional inequality, 1959-1964"
14914,155246,male,0.0,,,Multiple extinction routes in stochastic population models
145988,104724,male,0.0,,,From nutrient to MicroRNA: A novel insight into cell signaling involved in skeletal muscle development and disease
81447,12024,female,1.0,My J. Clim paper: the importance of the Hadley cell edge and modes of variability for JJA Aus precip variability  http://t.co/T5mua6CJUC,My J. Clim paper: the importance of the Hadley cell edge and modes of variability for JJA Aus precip variability  http://t.co/T5mua6CJUC,Disentangling the multiple sources of large-scale variability in Australian wintertime precipitation
59584,157141,male,0.0,,,De novo characterization of Panax japonicus C. A. Mey transcriptome and genes related to triterpenoid saponin biosynthesis
67478,107187,female,0.0,,,The image-scratch paradigm: A new paradigm for evaluating infants' motivated gaze control
47380,131672,female,1.0,,,The impact of a health professional recommendation on weight loss attempts in overweight and obese British adults: A Cross-sectional analysis
33878,102828,female,0.0,,,Conformational and Functional Effects Induced by D- and L-Amino Acid Epimerization on a Single Gene Encoded Peptide from the Skin Secretion of Hypsiboas punctatus
114684,30107,female,0.0,,,Pattern of inflammatory response to Loxosceles intermedia venom in distinct mouse strains: A key element to understand skin lesions and dermonecrosis by poisoning
100834,36987,male,0.0,,,Effect of end-to-side inverted mattress pancreaticojejunostomy following central pancreatectomy on the prevention of pancreatic fistula
119200,50368,male,0.0,,,Caspases in plants: metacaspase gene family in plant stress responses
92801,36260,female,0.0,,,Novel Recombinant Protein FlaA N/C Protects against Radiation Injury via NF-κB Signaling
30384,157692,male,0.0,,,PD-1/PD-L1 expression on CD4+ T cells and myeloid DCs correlates with the immune pathogenesis of atrial fibrillation
90720,90559,female,0.0,,,"The Chironico landslide (Valle Leventina, southern Swiss Alps): age and evolution"
118972,30791,female,0.0,,,Globus Pallidus Necrosis Unrelated to Carbon Monoxide Poisoning: Retrospective Analysis of 27 Cases of Basal Ganglia Necrosis
43934,109195,female,0.0,,,Squamous cell carcinoma of the oral tongue in a patient with Fanconi anemia treated with radiotherapy and concurrent cetuximab: A case report and review of the literature
160207,67256,male,0.0,,,The Neutrophil-to-Lymphocyte Ratio as a Marker of Lymph Node Status in Patients with Rectal Cancer
156203,46294,female,0.0,,,Effects of physical exercise combined with nutritional supplements on aging brain related structures and functions: A systematic review
12338,99560,male,1.0,@TG_AT Happy to help https://t.co/NpSrH9sjLG,@TG_AT Happy to help https://t.co/NpSrH9sjLG,An evaluation of eye tracking technology in the assessment of 12 lead electrocardiography interpretation
158632,40426,female,1.0,My article with Todd Schmit out today: Differential expenditure patterns of local food system participants http://t.co/6Rac06m7ng @USDA_ERS,My article with Todd Schmit out today: Differential expenditure patterns of local food system participants http://t.co/6Rac06m7ng @USDA_ERS,Differential expenditure patterns of local food system participants
81264,109975,female,0.0,,,A New Tool for NMR Crystallography: Complete 13C/15N Assignment of Organic Molecules at Natural Isotopic Abundance Using DNP-Enhanced Solid-State NMR
155148,38705,male,0.0,,,"Effects of Onchung-eum, an Herbal Prescription, on 5-Fluorouracil–Induced Oral Mucositis"
53299,129157,female,1.0,@JZPhilosophy And if I may point to my own work (because it’s relevant): perceptions of disorder have implications for political behavior: https://t.co/EQYrdoTiNc,@JZPhilosophy And if I may point to my own work (because it’s relevant): perceptions of disorder have implications for political behavior: https://t.co/EQYrdoTiNc,"Neighborhood Disorder and Local Participation: Examining the Political Relevance of ""Broken Windows"""
52404,95365,male,0.0,,,The Secret Life of Viral Entry Glycoproteins: Moonlighting in Immune Evasion
5796,35754,male,1.0,"Regulating self-defensiveness: If–then plans prevent claiming and creating performance handicaps
Thümer #socd http://t.co/Mco5hgBzLy","Regulating self-defensiveness: If–then plans prevent claiming and creating performance handicaps
Thümer #socd http://t.co/Mco5hgBzLy",Regulating self-defensiveness: If-then plans prevent claiming and creating performance handicaps
5019,27875,male,0.0,,,Experimental analysis and numerical modeling of mollusk shells as a three dimensional integrated volume
153465,21726,female,0.0,,,Predicting organic food consumption: A meta-analytic structural equation model based on the theory of planned behavior
129002,102017,female,0.0,,,In situ determination of V(V) by diffusive gradients in thin films and inductively coupled plasma mass spectrometry techniques using amberlite IRA-410 resin as a binding layer
58142,112344,female,0.0,,,Research resource: Aorta- and liver-specific ERα-binding patterns and gene regulation by estrogen
45003,159447,male,0.0,,,Propofol protects against focal cerebral ischemia via inhibition of microglia-mediated proinflammatory cytokines in a rat model of experimental stroke
85191,70074,female,0.0,,,In vitro evaluation of nematophagous activity of fungal isolates
156096,118388,female,0.0,,,From Skepticism to Scholarship: Learning and Living Self-Study Research in a Doctoral Seminar
17730,42701,female,0.0,,,A monocarboxylate transporter required for hepatocyte secretion of ketone bodies during fasting
56896,131348,male,0.0,,,Assessment of Executive Functions in Prader-Willi Syndrome and Relationship with Intellectual Level
117384,33403,male,0.0,,,Identification of sample-specific regulations using integrative network level analysis
149020,123230,male,0.0,,,Observations of high-plasma density region in the inner coma of 67P/Churyumov-Gerasimenko during early activity
52679,61120,male,1.0,"""Manufacturing Kinship in a Nation Divided""
Taylor &amp; Francis Online :: Author Services http://t.co/Ym37yCa6qY","""Manufacturing Kinship in a Nation Divided""
Taylor &amp; Francis Online :: Author Services http://t.co/Ym37yCa6qY",Manufacturing Kinship in a Nation Divided: An Ethnographic Study of North Korean Refugees in South Korea
75362,44137,female,0.0,,,"The complete mitochondrial genome sequence of Tor sinensis (Cypriniformes, Cyprinidae)"
74369,66039,female,0.0,,,"Omega-3 fatty acids decreases oxidative stress, tumor necrosis factor-alpha, and interleukin-1 beta in hyperthyroidism-induced hepatic dysfunction rat model"
49223,48558,female,0.0,,,Correlation between placental bacterial culture results and histological chorioamnionitis: A prospective study on 376 placentas
94121,46106,male,0.0,,,Development and characterization of a eukaryotic expression system for human type II procollagen
117055,29827,female,0.0,,,Epigenetic alterations in acute myeloid leukemias
19196,18260,female,1.0,Just published a paper on Prehospital Trauma Systems in Developing Countries: http://t.co/7HDLtBGp,Just published a paper on Prehospital Trauma Systems in Developing Countries: http://t.co/7HDLtBGp,Prehospital trauma systems reduce mortality in developing countries: A systematic review and meta-analysis
14443,134047,female,0.0,,,Noisy optical pulses enhance the temporal resolution of pump-probe spectroscopy
43367,76061,male,1.0,,,Localizing chronic Q fever: A challenging query
120280,97756,female,0.0,,,Multisite accelerometry for sleep and wake classification in children
123755,105995,female,0.0,,,The experiences and needs of mothers supporting young adolescents with intellectual disabilities through puberty and emerging sexuality
112956,16691,female,0.0,,,Smoking behaviours of current cancer patients in Canada
28842,108970,male,0.0,,,Development of technique to detect and classify small-scale magnetic flux cancellation and rapid blue-shifted excursions
21183,127422,male,0.0,,,Majorana fermions and exotic surface andreev bound states in topological superconductors: Application to Cu xBi 2Se 3
68389,73154,female,0.0,,,Laparoscopic redo paraesophageal hernia repair with collis gastroplasty for shortened esophagus
55254,158041,male,1.0,,,Eye-Blink Behaviors in 71 Species of Primates
42837,3054,male,0.0,,,Studies of iron(III) porphyrinates containing silanethiolate ligands
94885,79637,male,1.0,"My recent work is now online, find out about wires that grow by themselves  https://t.co/8y5N11VNhy","My recent work is now online, find out about wires that grow by themselves  https://t.co/8y5N11VNhy",Self-Assembly of Conjugated Metallopolymers with Tunable Length and Controlled Regiochemistry
38148,61653,male,1.0,"http://t.co/XvptOpvekv

My thesis was published in PLoS One! @PLOSONE @PLOS","http://t.co/XvptOpvekv

My thesis was published in PLoS One! @PLOSONE @PLOS","Relationships among Musical Aptitude, Digit Ratio and Testosterone in Men and Women"
58122,19990,male,1.0,,,The Importance of Proximity to Death in Modelling Community Medication Expenditures for Older People: Evidence From New Zealand
68937,23176,male,1.0,,,"State personhood, abjection and the United States' HIV travel ban"
104584,76379,male,0.0,,,Cellulose hydrolysis in acidified libr molten salt hydrate media
46011,114361,female,0.0,,,Interstellar dust models towards some IUE stars
24061,33661,female,0.0,,,Intestinal microbiota determine severity of myocardial infarction in rats
134365,12506,female,0.0,,,Quantitative trait loci in pepper control the effective population size of two RNA viruses at inoculation
72557,18136,female,0.0,,,Modelling and analysis of the feeding regimen induced entrainment of hepatocyte circadian oscillators using petri nets
125160,93625,male,0.0,,,"AtMyb7, a subgroup 4 R2R3 Myb, negatively regulates ABA-induced inhibition of seed germination by blocking the expression of the bZIP transcription factor ABI5"
10944,114123,female,0.0,,,Advancing the application of systems thinking in health: Advice seeking behavior among primary health care physicians in Pakistan
147821,18087,female,1.0,My #openaccess article (w. Andy Jordan @TyndallCentre): Does the #EU have a reverse gear? @jepp_journal https://t.co/lrhU9KPcnb,My #openaccess article (w. Andy Jordan @TyndallCentre): Does the #EU have a reverse gear? @jepp_journal https://t.co/lrhU9KPcnb,Does the European Union have a reverse gear? Policy dismantling in a hyperconsensual polity
104980,3757,female,0.0,,,Ecogenomic survey of plant viruses infecting Tobacco by Next generation sequencing
46164,62737,female,0.0,,,Mapping patterns of local recurrence after pancreaticoduodenectomy for pancreatic adenocarcinoma: A new approach to adjuvant radiation field design
102712,106307,male,0.0,,,Analysis of irradiation on the clinical effectiveness of allogenic tissue when used for primary anterior cruciate ligament reconstruction
16558,31430,male,0.0,,,Determining the Precise Cerebral Response to Acupuncture: An Improved fMRI Study
101338,32531,male,1.0,"https://t.co/Km3vzFIlsA

At last! Master's research is online at GBE @OfficialSMBE","https://t.co/Km3vzFIlsA

At last! Master's research is online at GBE @OfficialSMBE",Phylogenetic origin and diversification of RNAi pathway genes in insects
47712,66910,female,0.0,,,"P53 (Pro72Arg) polymorphism associated with the risk of oral squamous cell carcinoma in gutka, niswar and manpuri addicted patients of Pakistan"
119618,16679,female,0.0,,,High resolution Greenland ice sheet inter-annual mass variations combining GRACE gravimetry and Envisat altimetry
75066,50144,male,0.0,,,Impact of race and gender on utilization rate of total shoulder arthroplasty
99156,103250,female,0.0,,,Quercetin directly interacts with vitamin D Receptor (VDR): Structural implication of VDR activation by quercetin
97501,160886,male,0.0,,,Gene expression profiling and construction of a putative gene regulatory network of bladder cancer tumor-initiating cells
65554,14826,female,0.0,,,Spin-spin interaction in the bulk of topological insulators
22145,65871,male,0.0,,,"A novel, highly efficient method for the separation and quantification of plastic particles in sediments of aquatic environments"
48047,6659,male,0.0,,,Modulation of the unfolded protein response during hepatocyte and cardiomyocyte apoptosis in trauma/hemorrhagic shock
154759,142255,female,1.0,"Thanks for asking, @juanorejel ! Here is what is fresh out of the press https://t.co/XN9Tjp9feu","Thanks for asking, @juanorejel ! Here is what is fresh out of the press https://t.co/XN9Tjp9feu","Use of global positioning system for physical activity research in youth: ESPAÇOS Adolescentes, Brazil"
76616,34618,female,0.0,,,Evaluation of a novel high-fidelity epistaxis task trainer
23059,56098,male,0.0,,,Islam in the Italian public sphere
145644,39086,male,1.0,"Despite being on average younger than men, women in Nigeria have a higher prevalence of mobility disability. https://t.co/NztCJ1wZNw","Despite being on average younger than men, women in Nigeria have a higher prevalence of mobility disability. https://t.co/NztCJ1wZNw",Gender difference in the prevalence and socio-demographic correlates of mobility disability among older adults in Nigeria
105885,129441,male,0.0,,,How do men and women help? Validation of a multidimensional measure of prosocial behavior
156432,151711,male,1.0,,,Civil-military relations in Pakistan: a case study of Sino-Pakistani relations and the port of Gwadar
49449,42700,female,0.0,,,"A review of ""music and movement"" therapies for children with autism: Embodied interventions for multisystem development"
67304,132865,female,0.0,,,Transcardiac tunneling technique for endoscopic submucosal dissection of gastric fundus tumors arising from the muscularis propria
136657,38734,female,0.0,,,Malaise and fatigue following mitral valve repair: Case report
56932,29406,female,0.0,,,Structural effect of size on interracial friendship
162946,19093,female,0.0,,,M-CSF mediates host defense during bacterial pneumonia by promoting the survival of lung and liver mononuclear phagocytes
58154,161296,female,0.0,,,Regenerative Potential of Ependymal Cells for Spinal Cord Injuries Over Time
87608,120905,male,1.0,@JoeJHarrison1 @stevediggle @BrockhurstLab @friendlymicrobe @JoeBMcPhee  Our recent paper on SCFM. here is the link https://t.co/QUi11m6VFD,@JoeJHarrison1 @stevediggle @BrockhurstLab @friendlymicrobe @JoeBMcPhee  Our recent paper on SCFM. here is the link https://t.co/QUi11m6VFD,Synthetic cystic fibrosis sputum medium regulates flagellar biosynthesis through the flhF gene in Burkholderia cenocepacia
60715,32306,male,0.0,,,Dorzolamide-induced relaxation of porcine retinal arterioles invitro depends on nitric oxide but not on acidosis in vascular smooth muscle cells
55182,30924,female,1.0,,,Helena
92056,32913,male,0.0,,,Prophylactic oral health procedures to prevent hospital-acquired and ventilator-associated pneumonia: A systematic review
135812,97726,female,0.0,,,Concise Review: Emerging Drugs Targeting Epithelial Cancer Stem-Like Cells
160526,143485,female,0.0,,,Dynamics of a haemodynamic headache: A case report and literature review of headache secondary to flow inversion of the internal jugular vein
16382,31289,male,0.0,,,Production of (R)-3-quinuclidinol by E. coli biocatalysts possessing NADH-dependent 3-quinuclidinone reductase (QNR or bacC) from microbacterium luteolum and leifsonia alcohol dehydrogenase (LSADH)
149773,121424,female,1.0,Out today in Howard JOC: Pride and Prejudice: Pervasiveness of Colorism and the Animated Series Proud Family https://t.co/fVn0OGqxBq,Out today in Howard JOC: Pride and Prejudice: Pervasiveness of Colorism and the Animated Series Proud Family https://t.co/fVn0OGqxBq,Pride and Prejudice: Pervasiveness of Colorism and the Animated Series Proud Family
79068,135474,female,0.0,,,"The difference in intraocular pressure readings between 3 applanation tonometers is independent of central corneal thickness, in glaucomatous and nonglaucomatous eyes"
88411,6833,female,0.0,,,The influence of polarimetric parameters and an object-based approach on land cover classification in coastal wetlands
149008,82074,female,0.0,,,A Rare Case of Chronic Diarrhea and Weight Loss
120992,149280,female,0.0,,,"‘A Web of Community’: Uncovering African American Historic Sites in Deerfield, MA"
43647,52592,female,0.0,,,Recurrent aleukemic leukemia cutis in a patient with pre-B-cell acute lymphoblastic leukemia
36717,129763,female,0.0,,,Light responses of primate and other mammalian cones
82562,145170,female,0.0,,,Altered cytokine network in gestational diabetes mellitus affects maternal insulin and placental–fetal development
127301,65763,male,1.0,,,"A reappraisal of the morphology and systematic position of the theropod dinosaur Sigilmassasaurus from the ""middle"" Cretaceous of Morocco"
91751,106876,female,0.0,,,Digital junk: Food and beverage marketing on facebook
45169,153323,female,0.0,,,District nurses' perceptions of the concept of delegating administration of medication to home care aides working in the municipality: A discrepancy between legal regulations and practice
145003,16348,female,0.0,,,Intranasal oxytocin administration improves depression-like behaviors in adult rats that experienced neonatal maternal deprivation
69240,125770,female,1.0,"I've written in this paper about Ida Mellen, who was pushed out of aquarium work. https://t.co/jbDHoHAdb6 But the hostility shown Mellen for being non-academic is only one way women are pushed out of aquarium keeping.","I've written in this paper about Ida Mellen, who was pushed out of aquarium work. https://t.co/jbDHoHAdb6 But the hostility shown Mellen for being non-academic is only one way women are pushed out of aquarium keeping.","Portrait of an Outsider: Class, Gender, and the Scientific Career of Ida M. Mellen"
153521,27173,male,0.0,,,Inguinal enterocutaneous fistula in a dog
46117,136914,female,0.0,,,Multimedia based health information to parents in a pediatric acute ward: A randomized controlled trial
94623,16597,female,0.0,,,Diversity and function of vocalisations in the cooperatively breeding Chestnut-crowned Babbler
73376,83239,male,0.0,,,Markers of cochlear inflammation using MRI
5160,19656,female,0.0,,,"Gender and ethnic differences in occupational positions and earnings among nurses and engineers in Norway: Identical educational choices, unequal outcomes"
132917,111317,male,0.0,,,Redox-responsive hyaluronic acid-functionalized graphene oxide nanosheets for targeted delivery of water-insoluble cancer drugs
144738,146048,female,0.0,,,Optimization of some processing parameters and quality attributes of fried snacks from blends of wheat flour and brewers’ spent cassava flour
59341,148479,female,0.0,,,"Dendrimers: Synthesis, applications, and properties"
87315,22022,female,1.0,,,Home Telehealth Uptake and Continued Use Among Heart Failure and Chronic Obstructive Pulmonary Disease Patients: a Systematic Review
155267,136841,male,0.0,,,The modules of trans-acyltransferase assembly lines redefined with a central acyl carrier protein
88900,160221,female,0.0,,,Clinical and molecular characteristics of emerging hypervirulent Klebsiella pneumoniae bloodstream infections in mainland China
21344,6530,female,1.0,,,Hidden Fathers? The Significance of Fatherhood in Mid-Twentieth-Century Britain
9371,58688,male,0.0,,,LIDAR remote sensing for secondary Tropical Dry Forest identification
135669,71918,male,0.0,,,Peripheral blood findings in GM1 gangliosidosis
59427,82007,female,0.0,,,Psycho-social processes and outcomes of family group conferences for long-term social assistance recipients
98813,136493,female,0.0,,,Mini nutritional assessment test long and short form are valid screening tools in Turkish older adults
13413,72720,male,0.0,,,Purple bowel discovered at autopsy
147115,131136,female,0.0,,,Environmentalism in surgical practice
113165,80466,female,0.0,,,Induced pluripotent stem cells and their use in cardiac and neural regenerative medicine
98053,147093,male,0.0,,,RNA-Seq reveals transcriptomic interactions of Bacillus subtilis natto and Bifidobacterium animalis subsp. lactis in whole soybean solid-state co-fermentation
136314,107869,male,1.0,"@NOS Op lange termijn ook heel schadelijk voor die kinderen die dat nu heel stoer lopen te gebruiken. Wat een sukkels.
https://t.co/WOzFdh6n5j","@NOS Op lange termijn ook heel schadelijk voor die kinderen die dat nu heel stoer lopen te gebruiken. Wat een sukkels.
https://t.co/WOzFdh6n5j",No laughing matter: subacute degeneration of the spinal cord due to nitrous oxide inhalation
160146,75752,female,0.0,,,Variational methods for fitting complex Bayesian mixed effects models to health data
127450,153715,male,0.0,,,Soil infiltration characteristics in agroforestry systems and their relationships with the temporal distribution of rainfall on the loess plateau in China
106358,117430,male,0.0,,,Control over Fe3+ speciation in colloidal ZnO nanocrystals
92159,153463,female,0.0,,,"Important determinants of newborn health: Postpartum depression, teen parenting, and breast-feeding"
155193,105070,female,1.0,Thank you! Great to work with such experts @MarcelZwahlen @eggersnsf  @MontefioreD @RT_physics &amp; grateful for generous BDRF funding @BDRF1. https://t.co/bvzXKa8yKt,Thank you! Great to work with such experts @MarcelZwahlen @eggersnsf  @MontefioreD @RT_physics &amp; grateful for generous BDRF funding @BDRF1. https://t.co/bvzXKa8yKt,"Nodal stage migration and prognosis in anal cancer: a systematic review, meta-regression, and simulation study"
76615,1703,male,0.0,,,Zeeman slowers for strontium based on permanent magnets
36143,121637,female,0.0,,,Can MTA be: Miracle trioxide aggregate?
51222,88497,male,1.0,,,Reaching soldiers with untreated substance use disorder: Lessons learned in the development of a marketing campaign for the warrior check-up study
128296,106654,female,1.0,"Early view of our Solanaceae biogeography paper! cc: @iochromaland @SandyKnapp 
https://t.co/qZbJknMYBq","Early view of our Solanaceae biogeography paper! cc: @iochromaland @SandyKnapp 
https://t.co/qZbJknMYBq",Bayesian estimation of the global biogeographical history of the Solanaceae
47022,17772,female,0.0,,,Phormidium autumnale growth and anatoxin-a production under iron and copper stress
70614,79807,female,0.0,,,Parallel evolution in an invasive plant: Effect of herbivores on competitive ability and regrowth of Jacobaea vulgaris
161039,30057,male,0.0,,,The ethics of sexual reorientation: What should clinicians and researchers do?
86922,10909,male,0.0,,,Anomalous organic magnetoresistance from competing carrier-spin-dependent interactions with localized electronic and nuclear spins
103136,159952,female,1.0,,,"Income, energy expenditure and housing in Madrid: Retrofitting policy implications"
14286,136855,female,0.0,,,"Governance, privatization, and systemic risk in the disarticulated state"
101890,135288,male,1.0,,,Does organizational forgetting matter? Organizational survival for life coaching companies
32713,20326,male,1.0,"Fresh off the presses: https://t.co/ktbpU1CUmu
Check out our new publication on green oil structuring agents!","Fresh off the presses: https://t.co/ktbpU1CUmu
Check out our new publication on green oil structuring agents!",Biobased Fat Mimicking Molecular Structuring Agents for Medium-Chain Triglycerides (MCTs) and Other Edible Oils
130381,149150,male,0.0,,,Diabetes Mellitus Type 2: A Driving Force for Urological Complications
54112,39998,male,0.0,,,Nonsurgical treatment of elbow stiffness
8589,144852,male,0.0,,,Coordinated regulation of il-4 and il-13 expression in human t cells: 3c analysis for dna looping
101839,30159,female,0.0,,,Phosphorylated α-synuclein in skin nerve fibres differentiates Parkinson's disease from multiple system atrophy
55217,111752,female,1.0,,,An investigation into the use of music as potential auditory enrichment for moloch gibbons (Hylobates moloch)
88803,2587,male,1.0,My first article :) PLOS ONE: Effect of Maternal Body Mass Index on Hormones in Breast Milk: A Systematic Review https://t.co/CNX6OlVQn8,My first article :) PLOS ONE: Effect of Maternal Body Mass Index on Hormones in Breast Milk: A Systematic Review https://t.co/CNX6OlVQn8,Effect of maternal body mass index on hormones in breast milk: A systematic review
134646,150486,male,1.0,"My new paper on how technology can mitigate and counteract cyberstalking and online grooming, https://t.co/KgkPnFbzLC","My new paper on how technology can mitigate and counteract cyberstalking and online grooming, https://t.co/KgkPnFbzLC",How technology can mitigate and counteract cyber-stalking and online grooming
49596,122508,male,0.0,,,"Decreased Pattern Recognition Receptor Signaling, Interferon-Signature, and Bactericidal/Permeability-Increasing Protein Gene Expression in Cord Blood of Term Low Birth Weight Human Newborns"
38882,80928,male,0.0,,,Dysregulation of matricellular proteins is an early signature of pathology in laminin-deficient muscular dystrophy
106842,95231,female,0.0,,,Novel compound heterozygous mutations in AMN cause Imerslund-Gräsbeck syndrome in two half-sisters: A case report
5679,90871,male,0.0,,,Tobacco smoking and solid organ transplantation
68927,73346,male,0.0,,,Effects of agitation on particle-size distribution and enzymatic hydrolysis of pretreated spruce and giant reed
104388,75657,male,0.0,,,IL-1β/IL-6/CRP and IL-18/ferritin: Distinct Inflammatory Programs in Infections
66618,130940,male,0.0,,,Insights into battles between Mycobacterium tuberculosis and macrophages
64478,35500,male,1.0,,,Phylogenetic analysis of pectin-related gene families in Physcomitrella patens and nine other plant species yields evolutionary insights into cell walls
136473,92158,female,0.0,,,Veterinary hospice and palliative care: A comprehensive review of the literature
146261,104721,female,1.0,,,"Irregular meal-pattern effects on energy expenditure, metabolism, and appetite regulation: A randomized controlled trial in healthy normal-weight women"
54328,43249,male,0.0,,,Lightly modified bamboo for structural applications
98225,59044,female,0.0,,,Effects of amorphous V2O5 coating on the electrochemical properties of Li[Li0.2Mn0.54Ni0.13Co0.13]O2 as cathode material for Li-ion batteries
101172,152888,male,1.0,"@GregLehman @TeddyWillsey Here’s a good recent study on this topic - https://t.co/BQg1sIrLw2

And here’s a good review paper from year before - https://t.co/ExjjGJZHVC","@GregLehman @TeddyWillsey Here’s a good recent study on this topic - https://t.co/BQg1sIrLw2

And here’s a good review paper from year before - https://t.co/ExjjGJZHVC",Effect of Training Leading to Repetition Failure on Muscular Strength: A Systematic Review and Meta-Analysis
140300,28129,female,0.0,,,Evidence for a Notch1-mediated transition during olfactory ensheathing cell development
131084,117724,female,0.0,,,Comparative expression study of sipa family members during early Xenopus laevis development
144040,3085,female,1.0,,,Margaret of Anjou as patron of English verse?: The Liber Proverbiorum and the Romans of Partenay
92817,12038,female,1.0,,,Socioscientific Issues and Multidisciplinarity in School Science Textbooks
150317,116976,male,0.0,,,LBSizeCleav: Improved support vector machine (SVM)-based prediction of Dicer cleavage sites using loop/bulge length
102547,101792,female,0.0,,,Validation of the Andon KD-5965 upper-arm blood pressure monitor for home blood pressure monitoring according to the European Society of Hypertension International Protocol revision 2010
108801,154020,female,0.0,,,Staphylococcus aureus and methicillin resistance in Switzerland: regional differences and trends from 2004 to 2014
106851,158036,female,0.0,,,Chemoradiotherapy regimens for locoregionally advanced nasopharyngeal carcinoma: A Bayesian network meta-analysis
115196,1448,female,0.0,,,"Intraventricular methotrexate as part of primary therapy for children with infant and/or metastatic medulloblastoma: Feasibility, acute toxicity and evidence for efficacy"
17957,37940,female,0.0,,,Dietary fibre and phytochemical characteristics of fruit and vegetable by-products and their recent applications as novel ingredients in food products
81179,101804,female,0.0,,,Synthesis of novel tin complexes using functionalized oxime ligands
113320,51055,female,1.0,Resolving complexity in single particle mass spectra with depth profiling.  New #NSFfunded paper from #CAICECCI  https://t.co/KDk78Qsg4l,Resolving complexity in single particle mass spectra with depth profiling.  New #NSFfunded paper from #CAICECCI  https://t.co/KDk78Qsg4l,Effect of Structural Heterogeneity in Chemical Composition on Online Single-Particle Mass Spectrometry Analysis of Sea Spray Aerosol Particles
61929,145637,female,0.0,,,P53 directly regulates the transcription of the human frataxin gene and its lack of regulation in tumor cells decreases the utilization of mitochondrial iron
83628,116695,female,0.0,,,Does obesity affect knee cartilage? A systematic review of magnetic resonance imaging data
130139,85905,male,0.0,,,Evaluating thermal comfort in a naturally conditioned office in a temperate climate zone
43137,21898,male,0.0,,,"Enter the matrix: Shape, signal and superhighway"
109973,150658,female,0.0,,,The prognostic value of combined TGF-β1 and ELF in hepatocellular carcinoma
160367,94904,male,1.0,,,A survey about prediction-based data reduction in wireless sensor networks
31235,5864,male,0.0,,,Which are important targets in development of S. aureus mastitis vaccine?
88626,148061,male,0.0,,,A 60 GHz Frequency Generator Based on a 20 GHz Oscillator and an Implicit Multiplier
153080,102054,male,1.0,,,Adaptive Online Sequential ELM for Concept Drift Tackling
58456,86184,male,1.0,@fipu_at noch ausführlicher: https://t.co/xlXScI7eRy,@fipu_at noch ausführlicher: https://t.co/xlXScI7eRy,Shifting borders: Islamophobia as common ground for building pan-european right-wing unity
115320,311,male,0.0,,,Ethical implications of HIV self-testing
126100,58652,female,0.0,,,En2rn – transitioning to a new scope of practice
102429,95102,male,0.0,,,Marked serum procalcitonin level in response to isolated anaphylactic shock
12702,588,male,0.0,,,"Pigs-in-a-blanket coronary arteries a case of immunoglobulin G4-related coronary periarteritis assessed by computed tomography coronary angiography, intravascular ultrasound, and positron emission tomography"
71599,156247,male,1.0,Read our article #progression from hypertension to Heart Failure #European Journal of Heart Failure https://t.co/agUy42GwmL,Read our article #progression from hypertension to Heart Failure #European Journal of Heart Failure https://t.co/agUy42GwmL,Incidence of heart failure in 6083 elderly hypertensive patients: The Second Australian National Blood Pressure Study (ANBP2)
4912,89234,male,0.0,,,Minimally invasive surgery for spontaneous supratentorial intracerebral hemorrhage: A meta-analysis of randomized controlled trials
111942,14732,female,0.0,,,In vitro biological action of aqueous extract from roots of Physalis angulata against Leishmania (Leishmania) amazonensis
162099,156333,female,0.0,,,Reflections on Museums as Effective Field Sites for Teacher Candidates*
103027,82544,female,0.0,,,Application of floating photovoltaic energy generation systems in South Korea
149365,9542,male,0.0,,,Impact of heat stress on health and performance of dairy animals: A review
11514,88125,male,0.0,,,The effects of selection and genetic drift on the genomic distribution of sexually antagonistic alleles
134749,151684,male,0.0,,,Efficacy of Prophylactic Antibiotics at Peritoneal Catheter Insertion on Early Peritonitis: Data from the Catheter Section of the French Language Peritoneal Dialysis Registry
70714,99472,female,0.0,,,Expectancies of success as a predictor of negative symptoms reduction over 18 months in individuals with schizophrenia
135956,37096,female,0.0,,,Control of pore geometry in soil microcosms and its effect on the growth and spread of Pseudomonas and Bacillus sp.
157176,22187,female,1.0,,,Lipoprotein(a) and Increased Cardiovascular Risk in Women
120271,38412,female,0.0,,,Effect on enamel shear bond strength of adding microsilver and nanosilver particles to the primer of an orthodontic adhesive
9255,140785,male,1.0,,,Ethical and legal issues in aesthetic surgery
40522,82304,male,0.0,,,Clinical practice of nebulized therapy in china: A national questionnaire survey
17717,68968,female,0.0,,,Sulfur respiration in a marine chemolithoautotrophic Beggiatoa strain
35073,105366,female,0.0,,,A systematic review of cancer GWAS and candidate gene meta-analyses reveals limited overlap but similar effect sizes
122520,127459,female,0.0,,,Diagnosis and Management of Hepatitis C Virus Infection
44385,72896,female,0.0,,,Development and validation of the cough severity index: A severity index for chronic cough related to the upper airway
119011,129105,male,1.0,,,On the Binding of the University of Memphis' L'idolatrie Huguenote
41464,37723,female,0.0,,,Effects of two different training methods in women with fibromyalgia syndrome
91783,98411,female,0.0,,,Human monkeypox
24897,66336,female,1.0,"Salvei para ler depois ""MicroRNAs in human skin ageing"" http://t.co/99p2NdxKPA  não aguento mais ler sobre microRNA =P","Salvei para ler depois ""MicroRNAs in human skin ageing"" http://t.co/99p2NdxKPA  não aguento mais ler sobre microRNA =P",MicroRNAs in human skin ageing
85015,152995,male,0.0,,,Tin: An R package for transcriptome instability analysis
21984,113092,female,1.0,,,Positive Effects of Nonnative Invasive Phragmites australis on Larval Bullfrogs
43210,123281,female,0.0,,,Statistical considerations in biosimilar assessment using biosimilarity index
152286,111583,male,0.0,,,A new algorithmic approach for the extraction of temporal associations from clinical narratives with an application to medical product safety surveillance reports
142093,73374,male,0.0,,,Discrepancies between asthma control criteria in asthmatic patients with and without obesity
62987,58001,male,0.0,,,"Subtelomeric demethylation deregulated hTERT expression, telomerase activity, and telomere length in four nasopharyngeal carcinoma cell lines"
116484,88552,male,0.0,,,Automated headspace solid-phase microextraction and on-fiber derivatization for the determination of clenbuterol in meat products by gas chromatography coupled to mass spectrometry
121485,134307,male,1.0,"New paper on #coralbleaching, increased thermal tolerance of the coral P. lutea from internal wave impacted site http://t.co/VCMiz4lo4M","New paper on #coralbleaching, increased thermal tolerance of the coral P. lutea from internal wave impacted site http://t.co/VCMiz4lo4M",Temperature tolerance of the coral Porites lutea exposed to simulated large amplitude internal waves (LAIW)
29992,43593,male,0.0,,,"A new tardigrade, Mutaparadoxipus duodigifinis gen. nov., sp. nov. (Heterotardigrada: Arthrotardigrada), from the Southeastern United States"
123404,147333,female,1.0,,,Decay patterns and carbon density of standing dead trees in California mixed conifer forests
60794,159066,female,1.0,,,What to expect when you're expecting? Representations of birth in British newspapers
133592,55453,female,0.0,,,Lithium-Assisted Copolymerization of CO2/Cyclohexene Oxide: A Novel and Straightforward Route to Polycarbonates and Related Block Copolymers
137068,105191,male,1.0,Effect of ring size on the side force over ogive-cylinder body at subsonic speed https://t.co/W62OWzmhpU,Effect of ring size on the side force over ogive-cylinder body at subsonic speed https://t.co/W62OWzmhpU,Effect of ring size on the side force over ogive-cylinder body at subsonic speed
116545,88181,female,1.0,,,Linkage Analysis as Evidence in Court: A Thematic Analysis of Mock Juror Deliberations
136964,114635,female,1.0,Excited and proud of our latest paper to be published #BPI #patientvoice and #patientleadcare are all things that are close to my heart. Great teamwork @TJQPNI @awgilbert11 and Kathryn Johnson. @PNIResearchUnit @TBPIUK @thernohcharity @RNOHRIC @RNOHnhs https://t.co/N2DMYi0T0z,Excited and proud of our latest paper to be published #BPI #patientvoice and #patientleadcare are all things that are close to my heart. Great teamwork @TJQPNI @awgilbert11 and Kathryn Johnson. @PNIResearchUnit @TBPIUK @thernohcharity @RNOHRIC @RNOHnhs https://t.co/N2DMYi0T0z,The lived experience of motor recovery of elbow flexion following Oberlin nerve transfer: A qualitative analysis
147210,8803,female,0.0,,,Quantum and spectral properties of the Labyrinth model
55043,94304,female,0.0,,,Half century of followup after ureterosigmoidostomy performed in early childhood
62005,23800,female,0.0,,,Overexpression of human β-defensin 2 promotes growth and invasion during esophageal carcinogenesis
126264,48961,male,0.0,,,Is there an ideal outcome scoring system for facial reanimation surgery? A review of current methods and suggestions for future publications
68682,114180,male,1.0,"Machine learning for RPE prediction - lots of interesting approaches being considered. 
https://t.co/DaGLDX2B4N
https://t.co/RGOBxUHveV
https://t.co/5RHzy8hhOZ
https://t.co/W2kd1vskie https://t.co/Gm71xexGzi","Machine learning for RPE prediction - lots of interesting approaches being considered. 
https://t.co/DaGLDX2B4N
https://t.co/RGOBxUHveV
https://t.co/5RHzy8hhOZ
https://t.co/W2kd1vskie https://t.co/Gm71xexGzi",Predicting ratings of perceived exertion in Australian football players: Methods for live estimation
134519,158554,male,0.0,,,"Elastase levels and activity are increased in dystrophic muscle and impair myoblast cell survival, proliferation and differentiation"
21263,16189,female,0.0,,,"Perceiving press photography: A new integrative model, combining iconology with psychophysiological and eye-tracking methods"
157130,148154,female,0.0,,,"Selective insecticide applications directed against Triatoma infestans (Hemiptera: Reduviidae) affected a nontarget secondary vector of chagas disease, Triatoma garciabesi"
62880,51559,female,0.0,,,Species identification of food contaminating beetles by recognizing patterns in microscopic images of elytra fragments
8002,29641,female,0.0,,,What the publicity condition means for justice
49261,93809,female,0.0,,,Diagnosis and Treatment of Leprosy Reactions in Integrated Services - The Patients' Perspective in Nepal
7538,69372,male,0.0,,,The use of virtual reality in the military's assessment of service members with traumatic brain injury: Recent developments and emerging opportunities
152112,41442,male,0.0,,,Teledermatology and clinical photography: Safeguarding patient privacy and mitigating medico-legal risk
62945,15963,male,0.0,,,"Concentration of lymph node aspirate improves the sensitivity of acid fast smear microscopy for the diagnosis of tuberculous lymphadenitis in Jimma, southwest Ethiopia"
33871,153873,female,0.0,,,Inhibition of succinate dehydrogenase by the mitochondrial chaperone TRAP1 has anti-oxidant and anti-apoptotic effects on tumor cells
82499,131967,female,0.0,,,miR-196a-2 rs11614913 polymorphism is associated with vitiligo by affecting heterodimeric molecular complexes of Tyr and Tyrp1
162060,2025,male,0.0,,,Spatially-variant noise filtering in magnetic resonance imaging: A consensus-based approach
56197,85143,male,0.0,,,Intensity of peri-operative glycemic control and postoperative outcomes in patients with diabetes: A meta-analysis
54055,29768,male,0.0,,,Upregulated ataxia-telangiectasia group D complementing gene correlates with poor prognosis in patients with esophageal squamous cell carcinoma
17000,19785,male,0.0,,,"Diagnostic accuracy of serum 1,3-β-D-glucan for Pneumocystis jiroveci pneumonia, invasive candidiasis, and invasive aspergillosis: Systematic review and meta-analysis"
51261,19172,female,0.0,,,Vicissitudes of psychic pain as a structuring matrix for mental growth
123798,2633,male,0.0,,,Parental Migration and Rural Left-Behind Children’s Mental Health in China: A Meta-Analysis Based on Mental Health Test
18760,161503,male,0.0,,,Hyperbaric oxygen and wound healing
157374,84003,female,0.0,,,Effectiveness of semen washing to prevent human immunodeficiency virus (HIV) transmission and assist pregnancy in HIV-discordant couples: A systematic review and meta-analysis
65101,161140,male,1.0,,,From PCP to MXE: A comprehensive review of the non-medical use of dissociative drugs
151685,72127,female,0.0,,,On Lawson’s area-minimizing hypercones
124236,78551,female,1.0,,,Synthesis and Selective CO2 Capture Properties of a Series of Hexatopic Linker-Based Metal-Organic Frameworks
145405,75653,female,0.0,,,Insulin-induced hypoglycaemia and the detection of myocardial injury using an ultrasensitive troponin assay
76229,70596,male,0.0,,,Sedimentary record of ice divide migration and ice streams in the Keewatin core region of the Laurentide Ice Sheet
92515,77836,female,0.0,,,"Employment among schoolchildren and its associations with adult substance use, psychological well-being, and academic achievement"
136833,8068,female,0.0,,,Comparison of different consensuses of BTXA in different countries
76299,96122,male,0.0,,,Wilhelm reich's self-censorship after his arrest as an enemy alien: The chilling effect of an illegal imprisonment
142800,99178,female,1.0,For #TripleCOPS read up on #ewaste #pollution and #humanrights #inclusivegovernance https://t.co/JakwSjk0bH 📷:SK https://t.co/sl9bsBIfsZ,For #TripleCOPS read up on #ewaste #pollution and #humanrights #inclusivegovernance https://t.co/JakwSjk0bH 📷:SK https://t.co/sl9bsBIfsZ,"E-products, E-waste and the Basel convention: Regulatory challenges and impossibilities of international environmental law"
155315,51207,female,0.0,,,Modelling of gas dynamical properties of the KATRIN tritium source and implications for the neutrino mass measurement
66681,158043,male,0.0,,,Affine transform to reform pixel coordinates of EOG signals for controlling robot manipulators using gaze motions
126089,28062,male,0.0,,,"Dynamic Model of a Slagging Entrained-Flow Gasifier Including Models of Slag Transport, Deposition, and Slag Layer"
75864,102108,female,0.0,,,Monitoring of the adult patient on venoarterial extracorporeal membrane oxygenation
58814,60592,female,0.0,,,Intersubjectivity in schizophrenia: Life story analysis of three cases
3064,114987,male,1.0,"Finally, our (w/ @lea_evering) article on #TwitterforTeachers has been published. Lemme know your thoughts! http://t.co/ovPvn3B9FY","Finally, our (w/ @lea_evering) article on #TwitterforTeachers has been published. Lemme know your thoughts! http://t.co/ovPvn3B9FY",TwitterforTeachers: The implications of Twitter as a self-directed professional development tool for K-12 teachers
31607,91711,male,0.0,,,Cardiac sarcoidosis
6681,79132,female,0.0,,,A Review of Parenting Programs in Developing Countries: Opportunities and Challenges for Preventing Emotional and Behavioral Difficulties in Children
41355,48010,male,0.0,,,"Relation between phonological processing, auditory processing and speech perception among bilingual poor readers"
108175,109458,female,1.0,Eliminating the #TANF #assetlimit is not associated with increased caseloads. @AssetsNAF @cfed Inspired by work w/ @g http://t.co/JkFlW5jlvU,Eliminating the #TANF #assetlimit is not associated with increased caseloads. @AssetsNAF @cfed Inspired by work w/ @g http://t.co/JkFlW5jlvU,"Shelter from the storm: TANF, assets, and the great recession"
126190,102343,male,1.0,@ChadSinclairYVR @DallasTrinkle @bat__go https://t.co/fW3fiP5Llf,@ChadSinclairYVR @DallasTrinkle @bat__go https://t.co/fW3fiP5Llf,On the effect of boron on grain boundary character in a new polycrystalline superalloy
122983,134322,female,1.0,"Typologie des mensonges dans l'espace public, http://t.co/X3VeIAsKZB","Typologie des mensonges dans l'espace public, http://t.co/X3VeIAsKZB",Typologie des mensonges dans l’espace public: Quelle régulation numérique?
115573,46123,male,0.0,,,Is it possible to eliminate the plate-related problems and still achieve satisfactory outcome after multilevel anterior cervical discectomy?
55790,151716,female,0.0,,,γ-Secretase binding sites in aged and Alzheimer's disease human cerebrum: The choroid plexus as a putative origin of CSF Aβ
73776,139992,male,0.0,,,"Serine, but not glycine, supports one-carbon metabolism and proliferation of cancer cells"
79418,54585,female,0.0,,,Signalling-dependent adverse health effects of carbon nanoparticles are prevented by the compatible solute mannosylglycerate (firoin) in vitro and in vivo
51409,105387,female,0.0,,,Examination of Artificial MiRNA Mimics with Centered-Site Complementarity for Gene Targeting
46822,123707,female,1.0,"I find it interesting how people seem often to think check points are both necessary, and mostly about extortion. Would be cool to look at this form of ""security theater"" in different settings. https://t.co/p7DsaLi4Bs","I find it interesting how people seem often to think check points are both necessary, and mostly about extortion. Would be cool to look at this form of ""security theater"" in different settings. https://t.co/p7DsaLi4Bs",Navigational tools for Central African roadblocks
132820,61906,male,0.0,,,Exploring spatial–temporal dynamics of fire regime features in mainland Spain
41097,109348,female,0.0,,,Virus templated gold nanocube chain for SERS nanoprobe
40766,85758,female,0.0,,,Different resting-state functional connectivity alterations in smokers and nonsmokers with internet gaming addiction
101185,55562,female,0.0,,,Factors affecting the stemflow of trees in the Brazilian Cerrado
114653,57835,female,0.0,,,"Guild composition and habitat use by Tetraodontiformes (Teleostei, Acanthopterygii) in a south-western Atlantic tropical estuary"
93378,73873,female,0.0,,,EPSPS gene amplification is present in the majority of glyphosate-resistant Illinois waterhemp (Amaranthus tuberculatus) populations
30428,32379,female,0.0,,,Adaptive communication in multi-robot systems using directionality of signal strength
7011,160667,male,0.0,,,Entry strategies in an emerging technology: A pilot web-based study of graphene firms
144966,143919,male,1.0,,,Experimental Demonstration of Self-Guided Quantum Tomography
137450,119438,male,0.0,,,Transit time of river water in the Bering and Chukchi Seas estimated from δ18O and radium isotopes
83647,91275,male,1.0,"Warning ...!! with intake paracetamol in Pregnancy.
Restrictive ductus arteriosus following acetaminophen consumption.#PediatriaSIAC @SIAC_cardio @autismepi
@CongresoSIAC @sccccardio https://t.co/g3slCtiNCx https://t.co/hyXllo4PIG","Warning ...!! with intake paracetamol in Pregnancy.
Restrictive ductus arteriosus following acetaminophen consumption.#PediatriaSIAC @SIAC_cardio @autismepi
@CongresoSIAC @sccccardio https://t.co/g3slCtiNCx https://t.co/hyXllo4PIG",Restrictive ductus arteriosus following acetaminophen consumption
14371,32605,female,0.0,,,Text message reminders of appointments: A pilot intervention at four community mental health clinics in London
14903,85512,female,0.0,,,Volatile Dose and Exposure Time Impact Perception in Neighboring Plants
73337,150449,female,0.0,,,Bacillus cereus enterotoxins act as major virulence factors and exhibit distinct cytotoxicity to different human cell lines
27790,44644,male,0.0,,,Linear score tests for variance components in linear mixed models and applications to genetic association studies
150118,157497,female,1.0,,,Multiatom quantum coherences in micromasers as fuel for thermal and nonthermal machines
32521,41527,male,0.0,,,Simultaneous Transcriptome Analysis of Sorghum and Bipolaris sorghicola by Using RNA-seq in Combination with De Novo Transcriptome Assembly
8871,130912,male,0.0,,,Fluoroscopic manipulation of peritoneal dialysis catheters: Outcomes and factors associated with successful manipulation
136325,134545,female,0.0,,,Utility of a Virtual Trier Social Stress Test: Initial Findings and Benchmarking Comparisons
19676,96482,female,0.0,,,Self-care management practices for the home health nurse: Staying hale and hearty through enhanced self-care and ergonomics-with a case study
108121,42742,female,1.0,Abscisic Acid and Abiotic Stress Tolerance in Crop Plants https://t.co/zHIhbC5CMc,Abscisic Acid and Abiotic Stress Tolerance in Crop Plants https://t.co/zHIhbC5CMc,Abscisic acid and abiotic stress tolerance in crop plants
40499,109560,female,0.0,,,Scale-invariance in brightness illusions implicates object-level visual processing
67158,117634,female,0.0,,,Heat induced evaporative antisolvent nanoprecipitation (HIEAN) of itraconazole
63018,60261,male,0.0,,,Democracy in Transition: Securing Human Rights through Administrative Justice in Ukraine
140356,86266,male,0.0,,,"The Spectral-Domain Optical Coherence Tomography Findings Associated with the Morphological and Electrophysiological Changes in a Rat Model of Retinal Degeneration, Rhodopsin S334ter-4 Rats"
129504,141019,male,0.0,,,Functionalized PGMA nanoparticles with aggregation-induced emission characteristics for gene delivery systems
131746,11971,female,0.0,,,"Ventricular outputs, central blood flow distribution and flow pattern through the aortic isthmus of fetuses with simple transposition of the great arteries"
107469,158639,female,0.0,,,Fraxinus xanthoxyloides leaves reduced the level of inflammatory mediators during in vitro and in vivo studies
79160,56289,male,0.0,,,Changes in pain catastrophizing following physical therapy for musculoskeletal injury: The influence of depressive and post-traumatic stress symptoms
149223,102109,female,0.0,,,Prospects for grid-connected solar PV in Kenya: A systems approach
69833,61258,female,0.0,,,Long-term infusion of nesfatin-1 causes a sustained regulation of whole-body energy homeostasis of male Fischer 344 rats
107048,21809,male,0.0,,,Identification of inhibitors targeting: Mycobacterium tuberculosis cell wall biosynthesis via dynamic combinatorial chemistry
120246,127872,female,0.0,,,Enzyme Substrate Specificity Conferred by Distinct Conformational Pathways
19816,59773,female,0.0,,,The expression and regulation of aquaporins in placenta and fetal membranes
63212,79700,male,0.0,,,Potential rare earth free permanent magnet: Interstitial boron doped FeCo
139920,114418,female,1.0,How does water behave when confined in mineral nanotubes of imogolite? #compchem study by @fxcoudert et al. in Langmuir - read it here!   https://t.co/ZfBuGTGq4v https://t.co/aSjq7Ikruu,How does water behave when confined in mineral nanotubes of imogolite? #compchem study by @fxcoudert et al. in Langmuir - read it here!   https://t.co/ZfBuGTGq4v https://t.co/aSjq7Ikruu,Structure and Dynamics of Water Confined in Imogolite Nanotubes
158678,21367,female,0.0,,,"Hyperlipidemia, Disease Associations, and Top 10 Potential Drug Targets: A Network View"
2482,143864,male,0.0,,,"Rare-earth-metal complexes bearing phosphazene ancillary ligands: Structures and catalysis toward highly trans-1,4-selective (co)polymerizations of conjugated dienes"
16883,26080,female,0.0,,,The impact of CHIP premium increases on insurance outcomes among CHIP eligible children
113806,21917,female,0.0,,,Hard-to-reach populations of men who have sex with men and sex workers: A systematic review on sampling methods
144583,124487,female,0.0,,,Characterization of curves in C(2)
9455,74694,male,0.0,,,Predatory activity of Myxococcus xanthus outer-membrane vesicles and properties of their hydrolase cargo
110840,149423,female,0.0,,,Mortality Predictors in Patients Referred for but Not Undergoing Transcatheter Aortic Valve Replacement
129829,43288,female,1.0,"Short of water? We wrote up our study on how individuals share scarce 'primary' resources with anonymous others: They divide them more generously, compared to money. https://t.co/zGlvIde72d #altruism #drought #thirst #dictatorgame #cooperation","Short of water? We wrote up our study on how individuals share scarce 'primary' resources with anonymous others: They divide them more generously, compared to money. https://t.co/zGlvIde72d #altruism #drought #thirst #dictatorgame #cooperation",How selfish is a thirsty man? A pilot study on comparing sharing behavior with primary and secondary rewards
30940,88031,male,0.0,,,Review of health issues of workers engaged in operations related to the accident at the Fukushima Daiichi Nuclear Power Plant
51453,74687,male,0.0,,,Conductive thin films of pristine graphene by solvent interface trapping
77129,80902,male,0.0,,,Malaria vector Anopheles culicifacies sibling species differentiation using egg morphometry and morphology
51645,90102,female,0.0,,,"Red meat, dietary heme iron, and risk of type 2 diabetes: The involvement of advanced lipoxidation endproducts"
1192,104964,male,1.0,@mattsmeds Ophthalmology. https://t.co/9aVT6vPQ5n,@mattsmeds Ophthalmology. https://t.co/9aVT6vPQ5n,Cost-effectiveness of descemet's stripping endothelial keratoplasty versus penetrating keratoplasty
133236,92581,male,0.0,,,"Neuroferritinopathy: Pathophysiology, presentation, differential diagnoses and management"
73463,139989,female,1.0,A Case of Prostate Cancer in Lynch Syndrome | our paper available online https://t.co/EW0Ji42nk8,A Case of Prostate Cancer in Lynch Syndrome | our paper available online https://t.co/EW0Ji42nk8,A Case of Prostate Cancer in Lynch Syndrome
68990,152362,female,0.0,,,Unresolved pulmonary embolism leading to a diagnosis of pulmonary artery sarcoma
155738,142491,female,0.0,,,Tumour cell-derived Wnt7a recruits and activates fibroblasts to promote tumour aggressiveness
159277,96799,male,0.0,,,Marginal chimera state at cross-frequency locking of pulse-coupled neural networks
36840,113532,male,0.0,,,Immunotoxicity of zinc oxide nanoparticles with different size and electrostatic charge
88238,36214,male,0.0,,,Completion of DNA replication in Escherichia coli
19194,107471,male,0.0,,,Analysis of post-blood meal flight distances in mosquitoes utilizing zoo animal blood meals
45630,99538,female,0.0,,,"Apathy correlates with cognitive performance, functional disability, and HIV RNA plasma levels in HIV-positive individuals"
124034,12381,female,0.0,,,The Drosophila homologue of Rootletin is required for mechanosensory function and ciliary rootlet formation in chordotonal sensory neurons
163047,138145,male,0.0,,,Research advances in HMGN5 and cancer
143647,119670,male,1.0,,,The efficacy of an anaerobic digester-based power production from various feedstocks
38507,109667,male,0.0,,,Anomalous thermomechanical properties of a self-propelled colloidal fluid
68373,134069,female,1.0,,,Mitigating the squash effect: Sloths breathe easily upside down
162812,42706,female,0.0,,,Identification of important long non-coding RNAs and highly recurrent aberrant alternative splicing events in hepatocellular carcinoma through integrative analysis of multiple RNA-Seq datasets
141586,117637,female,0.0,,,Basal Cell Carcinoma of the Nipple-Areola Complex: A Comprehensive Review of the World Literature
95884,161564,female,0.0,,,Network analysis of temporal functionalities of the gut induced by perturbations in new-born piglets
136317,100774,male,0.0,,,The inferior cochlear vein: surgical aspects in cochlear implantation
109844,52287,male,0.0,,,"Slow physical growth, delayed reflex ontogeny, and permanent behavioral as well as cognitive impairments in rats following intra-generational protein malnutrition"
25223,66504,female,0.0,,,Oncolysis of canine tumor cells by myxoma virus lacking the serp2 gene
60475,111900,female,0.0,,,Probing the energetics of organic-nanoparticle interactions of ethanol on calcite
29636,24402,male,0.0,,,The non-negative matrix factorization toolbox for biological data mining
66979,49411,male,0.0,,,The Moderating Influence of Religion on the Behavioral Health of Formerly Incarcerated Men
128076,61640,female,0.0,,,Timing of Spermarche and Menarche are Associated with Physical Activity and Sedentary Behavior Among Korean Adolescents
44590,159915,female,0.0,,,"Cardiovascular tissue engineering research support at the national heart, lung, and blood institute"
112026,152553,male,0.0,,,Tissue culture characteristics of maize (Zea mays L.) haploid coleoptile sections
8714,64304,male,0.0,,,Raman spectroscopy of graphene and bilayer under biaxial strain: Bubbles and balloons
123311,93512,male,0.0,,,"Characterization of a novel bacteriophage, Phda1, infecting the histamine-producing Photobacterium damselae subsp. damselae"
20911,140966,male,0.0,,,Emergent percutaneous nephrostomy for the diagnosis and management of pyonephrosis
11978,89016,male,0.0,,,The role of short-lived climate pollutants in meeting temperature goals
147182,6612,male,1.0,,,"Surface Water Organophosphorus Pesticides Concentration and Distribution in the Langat River, Selangor, Malaysia"
26012,7374,male,0.0,,,"Ethnic penalties in graduate level over-education, unemployment and wages: Evidence from Britain"
97920,104126,female,1.0,"A new paper on ""Extracting and analyzing semantic relatedness between cities using news articles "" https://t.co/LbUKheQwSJ https://t.co/xad49qoeY1","A new paper on ""Extracting and analyzing semantic relatedness between cities using news articles "" https://t.co/LbUKheQwSJ https://t.co/xad49qoeY1",Extracting and analyzing semantic relatedness between cities using news articles
104202,79524,male,0.0,,,"Metaphor, popular science, and semantic tagging: Distant reading with the Historical Thesaurus of English"
153025,156852,female,0.0,,,"The role of depression, eating disorder symptoms, and exercise in young adults’ quality of life"
113600,139208,male,0.0,,,Carbon monoxide exposure during pregnancy
26271,158990,female,0.0,,,Molecular diagnosis in HAP/VAP
25420,88457,female,1.0,,,Is thymoglobulin or rituximab the cause of this serum sickness? A case report of serum sickness dilemma and literature review
134742,107455,male,1.0,Our paper is now published in Blood! https://t.co/MVxSwBMAVh,Our paper is now published in Blood! https://t.co/MVxSwBMAVh,Plasma biomarkers of risk for death in a multicenter phase 3 trial with uniform transplant characteristics post–allogeneic HCT
155478,37161,female,1.0,"My first first-author is out now in @J_A_C_S: Harnessing the natural tarnish process to easily make large-area (in²) blue-luminescent hybrid chalcogenates at mild temps (80°C)

Had a great time doing this research @molecularfndry when I was an #LBNLintern! https://t.co/HG89ra6nmF https://t.co/OHVapIsf4O","My first first-author is out now in @J_A_C_S: Harnessing the natural tarnish process to easily make large-area (in²) blue-luminescent hybrid chalcogenates at mild temps (80°C)

Had a great time doing this research @molecularfndry when I was an #LBNLintern! https://t.co/HG89ra6nmF https://t.co/OHVapIsf4O",Tarnishing Silver Metal into Mithrene
119511,18941,male,0.0,,,Gamma-Glutamyltransferase: A Predictive Biomarker of Cellular Antioxidant Inadequacy and Disease Risk
137860,139077,male,0.0,,,"Failure to learn from safety incidents: Status, challenges and opportunities"
29977,31300,male,1.0,"We evaluated this mechanically-functional scaffold in an ovine model out to two years, and showed dense neo-meniscus tissue deposition with aligned circumferential collagen fibers.
https://t.co/td6Lkry55y
https://t.co/yZwF61Afoj https://t.co/trnpOE9Qyt","We evaluated this mechanically-functional scaffold in an ovine model out to two years, and showed dense neo-meniscus tissue deposition with aligned circumferential collagen fibers.
https://t.co/td6Lkry55y
https://t.co/yZwF61Afoj https://t.co/trnpOE9Qyt",One-Year Outcomes of Total Meniscus Reconstruction Using a Novel Fiber-Reinforced Scaffold in an Ovine Model
140974,133963,male,0.0,,,"Effects of short-term deep vertically rotary tillage on topsoil structure of lime concretion black soil and wheat growth in Huang-Huai-Hai Plain, China"
32802,66413,female,0.0,,,"The SOX17/miR-371-5p/SOX2 axis inhibits EMT, stem cell properties and metastasis in colorectal cancer"
86911,32202,female,0.0,,,SNIa detection in the SNLS photometric analysis using Morphological Component Analysis
39600,122765,male,0.0,,,"The incidence of hip fractures in Estonia, 2005–2012"
93394,16793,male,0.0,,,MicroRNAs in osteoclastogenesis and function: Potential therapeutic targets for osteoporosis
153261,124264,female,0.0,,,Prediction of undisturbed ground temperature using analytical and numerical modeling. Part I: Model development and experimental validation
150491,100402,female,1.0,,,Housebound versus nonhousebound patients with myalgic encephalomyelitis and chronic fatigue syndrome
107293,139038,male,0.0,,,Network perturbation by recurrent regulatory variants in cancer
50120,18624,female,0.0,,,"Synergy of homocysteine, MicroRNA, and epigenetics: A novel therapeutic approach for stroke"
142601,149675,male,0.0,,,Enhanced functional connectivity properties of human brains during in-situ nature experience
118565,147011,female,0.0,,,Orange Zinc Germanate with Metallic Ge-Ge Bonds as a Chromophore-Like Center for Visible-Light-Driven Water Splitting
86869,128389,female,0.0,,,The impact of modelling rate heterogeneity among sites on phylogenetic estimates of intraspecific evolutionary rates and timescales
63554,39203,female,1.0,Catholics often feel like they have to choose between loyalty to the Church &amp; acceptance of LGBT people. This is no https://t.co/uRUZv16Nzx,Catholics often feel like they have to choose between loyalty to the Church &amp; acceptance of LGBT people. This is no https://t.co/uRUZv16Nzx,Butler interprets aquinas: How to speak thomistically about sex
149551,152814,male,0.0,,,Primary squamous cell carcinoma of the stomach
122883,16298,female,0.0,,,Pain Management in Pregnancy: Multimodal Approaches
96259,151437,female,0.0,,,Analysis of microRNA expression profiles in weaned pig skeletal muscle after lipopolysaccharide challenge
99705,22234,male,0.0,,,Doxorubicin-induced systemic inflammation is driven by upregulation of toll-like receptor TLR4 and endotoxin leakage
154154,140430,male,0.0,,,Graphene Preparation by Phenylmagnesium Bromide and Its Excellent Electrical Conductivity Performance in Graphene/Poly(p-phenylene sulfide) Composites
126927,36414,male,0.0,,,Clinical characteristics of three subtypes of spinal muscular atrophy in children
149709,24181,male,0.0,,,
151754,138803,female,0.0,,,"Sundays in the streets: The long history of benevolence, self-help, and parades in New Orleans"
99396,20717,male,0.0,,,Unmanned aerial vehicles mitigate human-elephant conflict on the borders of Tanzanian Parks: A case study
112555,99553,male,0.0,,,Management of hip fractures pre- and post-Major Trauma Centre activation
11476,120156,male,1.0,@mt_ur_mind Take a look at Table S1. Has chars and refs for D. aequipinnatus and D. malabaricus: http://t.co/Vd0TbA4T4B,@mt_ur_mind Take a look at Table S1. Has chars and refs for D. aequipinnatus and D. malabaricus: http://t.co/Vd0TbA4T4B,Barcoding and border biosecurity: Identifying cyprinid fishes in the aquarium trade
133885,117177,male,0.0,,,Control of mitochondrial function and cell growth by the atypical cadherin Fat1
60293,53774,male,0.0,,,Glutathione is essential to preserve nuclear function and cell survival under oxidative stress
147969,148029,male,1.0,,,Assessing productive lands as viable habitat for huemul in patagonia
95478,157544,male,0.0,,,Bleomycin Foam Treatment of Venous Malformations: A Promising Agent for Effective Treatment with Minimal Swelling
56543,158154,female,0.0,,,Investigating the relationship between college students' acceptance of evolution and tree thinking understanding
73167,55288,male,0.0,,,The effects of resistance training prioritization in NCAA Division I Football summer training
97542,126481,female,0.0,,,The SEK-1 p38 MAP kinase pathway modulates Gq signaling in caenorhabditis elegans
8726,142328,male,0.0,,,PURE: A web-based decision support system to evaluate pesticide environmental risk for sustainable pest management practices in California
19659,160870,male,0.0,,,Temporal relationships between screen-time and physical activity with cardiorespiratory fitness in English Schoolchildren: A 2-year longitudinal study
121208,72372,male,0.0,,,Organizational routines as embodied performatives: A communication as constitutive of organization perspective
62436,6031,female,0.0,,,Identification and characterization of a new acid-stable endoglucanase from a metagenomic library
107780,131239,female,0.0,,,Do natural areas in urban landscapes support successful reproduction by a group of conservation priority birds?
48245,43999,male,0.0,,,Soybean oil: A potentially new intravascular perfusate
146910,11001,female,0.0,,,Abnormal connectional fingerprint in schizophrenia: A novel network analysis of diffusion tensor imaging data
64491,68884,female,0.0,,,Effect of turn direction on body lean angle in the horse in trot and canter
111755,26682,female,0.0,,,Room-temperature hydrogenation of citral catalyzed by palladium-silver nanocrystals supported on SnO2
26098,59356,male,0.0,,,Is depression a disconnection syndrome? Meta- analysis of diffusion tensor imaging studies in patients with MDD
36349,60442,male,1.0,.@ARAdultImmDoc @jeffsparks http://t.co/g4kGriYBNI,.@ARAdultImmDoc @jeffsparks http://t.co/g4kGriYBNI,Smoking association with influenza infection in renal transplant recipients
114375,34087,male,0.0,,,Comparison of custom capture for targeted next-generation DNA sequencing
42705,63741,male,0.0,,,Negotiating optimum distinctiveness: Cognitive tendencies toward primordialism among Mapuche youth
29595,111362,female,0.0,,,Haptic invitation of textures: Perceptually prominent properties of materials determine human touch motions
153386,105858,female,1.0,@crhinesmith and I have a new paper: Creating caring institutions for community informatics! Check it out! https://t.co/wZb1VP3EfP,@crhinesmith and I have a new paper: Creating caring institutions for community informatics! Check it out! https://t.co/wZb1VP3EfP,Creating caring institutions for community informatics
93617,117881,female,0.0,,,Evaluation of phenotypic screening tests for carbapenemase production in Pseudomonas aeruginosa from patients with cystic fibrosis
64782,33885,female,0.0,,,Vestibular loss and balance training cause similar changes in human cerebral white matter fractional anisotropy
159052,53927,male,0.0,,,Chronic Acetaminophen Use Associated with Anion-Gap Metabolic Acidosis
110589,80514,female,0.0,,,Feasibility and informative value of environmental sample collection in the National Children's Vanguard Study
115636,139916,male,0.0,,,Implant cost awareness of analogous intramedullary and plate devices among orthopaedic surgeons and residents in a public university hospital
159522,44149,male,0.0,,,Eribulin upregulates miR-195 expression and downregulates Wnt3a expression in non-basal-like type of triple-negative breast cancer cell MDA-MB-231
68516,156780,male,0.0,,,The utility of magnetic resonance imaging in the diagnostic evaluation of idiopathic olfactory loss
16740,5517,female,1.0,New on http://t.co/xUxgo3pL | Psychosocial predictors of depression and anxiety in patients with epilepsy... | http://t.co/vEtcXXyy,New on http://t.co/xUxgo3pL | Psychosocial predictors of depression and anxiety in patients with epilepsy... | http://t.co/vEtcXXyy,Psychosocial predictors of depression and anxiety in patients with epilepsy: A systematic review
140815,104327,male,0.0,,,Packer identification using Byte plot and Markov plot
66757,145751,female,1.0,My first paper just got 500 citations!. It is a solo paper and had never wrote anything academic before. Thanks to everyone who has read it and/or cited it. https://t.co/qvNnIPN3wj https://t.co/jMciI29Jag,My first paper just got 500 citations!. It is a solo paper and had never wrote anything academic before. Thanks to everyone who has read it and/or cited it. https://t.co/qvNnIPN3wj https://t.co/jMciI29Jag,Fashion shopping in multichannel retail: The role of technology in enhancing the customer experience
92534,8084,female,0.0,,,Human dCTP pyrophosphatase 1 promotes breast cancer cell growth and stemness through the modulation on 5-methyl-dCTP metabolism and global hypomethylation
38396,30419,male,0.0,,,Relationships between tree species diversity and above-ground biomass in Central African rainforests: Implications for REDD
17626,45187,female,0.0,,,Digital or didactic: Using learning technology to confront the challenge of large cohort teaching
62879,81662,female,0.0,,,A functional polymorphism in the 3'-UTR of PXR Interacts with smoking to increase lung cancer risk in Southern and Eastern Chinese smoker
127140,574,male,0.0,,,Intermittent Pringle maneuver is unlikely to induce bacterial translocation to the portal vein: A study using bacterium-specific ribosomal RNA-targeted reverse transcription-polymerase chain reaction
27405,88107,male,1.0,"¡Por fin! Luego de un año de mucho trabajo, se hizo realidad. Espero que les guste.
 http://t.co/GrryCV9LUR
""It came true""","¡Por fin! Luego de un año de mucho trabajo, se hizo realidad. Espero que les guste.
 http://t.co/GrryCV9LUR
""It came true""",Revisiting latin america's debt crisis: Some lessons for the periphery of the eurozone
65975,90558,male,0.0,,,Vocal cord palsy after anterior cervical spine surgery: A qualitative systematic review
40928,7808,male,0.0,,,Facile preparation of Pd nanoparticles supported on single-layer graphene oxide and application for the Suzuki-Miyaura cross-coupling reaction
64772,127933,male,0.0,,,Thyroglossal duct papillary carcinoma in a 15-year old female and review of pediatric cases of thyroglossal duct carcinoma
110171,75246,female,0.0,,,First use of a new retractor in transoral robotic surgery (TORS)
93106,21268,male,0.0,,,Impact of sea breeze penetration over urban areas on midsummer temperature distributions in the Tokyo Metropolitan area
56922,108069,female,0.0,,,"Effectiveness of penicillin, dicloxacillin and cefuroxime for penicillin-susceptible staphylococcus aureus bacteraemia: A retrospective, propensity-score-adjusted case-control and cohort analysis"
108811,71989,female,0.0,,,Controlling the spatial distribution of quantum dots in nanofiber for light-harvesting devices
118758,144174,female,0.0,,,Pituitary involvement in granulomatosis with polyangiitis: Report of 9 patients and review of the literature
20513,1987,male,0.0,,,Identity and cricket in Ireland in the mid-nineteenth century
12047,52193,male,0.0,,,"One case of common bile duct cancer mimicking cystic neoplasm of the pancreas, arising 9 years after excision of a choledochal cyst"
155762,31935,male,0.0,,,"Self-Compassion, Self-Injury, and Pain"
144384,1895,male,1.0,,,Observation of compositional domains within individual copper indium sulfide quantum dots
85668,47872,male,0.0,,,Visualization of highly dynamic F-actin plus ends in growing phaseolus vulgaris root hair cells and their responses to rhizobium etli nod factors
61743,52553,female,0.0,,,In Defense of Self-Love: An Observational Study on Narcissists' Negative Behavior During Romantic Relationship Conflict
127366,154718,female,0.0,,,Descending from Japan: Lifestyle mobility of Japanese male youth to Thailand
2307,105796,female,0.0,,,Radiation treatment compliance in the Indigenous population: The pilot Northern Territory experience and future directions
2716,27490,male,0.0,,,Degradable thermoresponsive polymers which display redox-responsive LCST Behaviour
3933,73819,male,0.0,,,Micro and Nanoparticle-Based Delivery Systems for Vaccine Immunotherapy: An Immunological and Materials Perspective
104888,136739,male,0.0,,,Unraveling structures of protection ligands on gold nanoparticle Au68(SH)32
35635,73723,male,0.0,,,A gauge invariant theory for time dependent heat current
21699,130381,female,0.0,,,Maternal low-protein diet induces gender-dependent changes in epigenetic regulation of the glucose-6-phosphatase gene in newborn piglet liver
35454,11333,female,0.0,,,Role of CB1 and CB2 cannabinoid receptors in the development of joint pain induced by monosodium iodoacetate
149723,19109,female,0.0,,,Investigation into the effects of high-Z nano materials in proton therapy
112124,10494,female,0.0,,,On g-extra connectivity of folded hypercubes
45047,77885,female,0.0,,,NK cells and conventional dendritic cells engage in reciprocal activation for the induction of inflammatory responses during Plasmodium berghei ANKA infection
39787,48281,male,0.0,,,Evaluation of the gastrointestinal tract in dogs using computed tomography
119241,145834,male,0.0,,,Big data analytics with swarm intelligence
92291,37008,female,0.0,,,Cyclonic entrainment? The ichthyoplankton attributes of three major water mass types generated by the separation of the East Australian Current
10123,96812,male,0.0,,,"The dUTPase-related gene of bovine immunodeficiency virus is critical for viral replication, despite the lack of dUTPase activity of the encoded protein"
86787,97532,female,0.0,,,Ba2B10O17: A new centrosymmetric alkaline-earth metal borate with a deep-UV cut-off edge
72634,137495,male,0.0,,,A recombinant rabies virus carrying GFP between N and P affects viral transcription in vitro
41602,106930,female,0.0,,,"Effect of 10-valent pneumococcal vaccine on pneumonia among children, Brazil"
18909,40045,female,0.0,,,Model to estimate epidemic patterns of influenza A (H1N1) in Mexico
148477,109750,female,0.0,,,What Transmission Precautions Best Control Influenza Spread in a Hospital?
64223,124607,female,0.0,,,Heterotopic ossification in civilians with lower limb amputations
26476,83667,female,0.0,,,Lipoproteins are an important bacterial component responsible for bone destruction through the induction of osteoclast differentiation and activation
136735,75935,female,0.0,,,Prodrug strategy for cancer cell-specific targeting: A recent overview
108757,34869,female,0.0,,,Transurethral radiofrequency collagen denaturation for the treatment of women with urinary incontinence
43010,110297,female,0.0,,,Effectiveness of manual therapy and home physical therapy in patients with temporomandibular disorders: A randomized controlled trial
44632,81632,female,0.0,,,Seed germination from lowland tapir (Tapirus terrestris) fecal samples collected during the dry season in the northern Brazilian Amazon
114991,94750,male,0.0,,,Undesirable choice biases with small differences in the spatial structure of chance stimulus sequences
111106,19971,male,0.0,,,Vulgarisation of Keynesianism in China's response to the global financial crisis
76725,80360,male,0.0,,,Engineering artificial cells by combining HeLa-based cell-free expression and ultrathin double emulsion template
132081,23564,male,0.0,,,Computational fluid dynamics analysis of the micromixing efficiency in a rotating-packed-bed reactor
64344,109066,male,0.0,,,Preservation of Aesthetics of Breast in Pectoralis Major Myocutaneous Flap Donor Site in Females
129461,93531,female,0.0,,,A highly conserved basidiomycete peptide synthetase produces a trimeric hydroxamate siderophore
154341,147227,male,0.0,,,Impact of angiopoietin-1 and -2 on clinical course of idiopathic pulmonary fibrosis
60074,47423,female,0.0,,,Thermal evaporation and characterization of superstrate CdS/Sb 2Se3 solar cells
124601,43433,male,0.0,,,Proton Pump Inhibitors Do Not Increase Risk for Clostridium difficile Infection in the Intensive Care Unit
56656,69948,male,0.0,,,SMBG Out of Control: The Need for Educating Patients About Control Solution
82403,140685,male,0.0,,,Regulation of NO uptake in flexible Ru dimer chain compounds with highly electron donating dopants
90803,3646,male,0.0,,,Multiobjective optimization on antiplatelet effects of three components combination by quantitative composition-activity relationship modeling and weighted-sum method
160888,111963,female,0.0,,,Factors affecting separation and detection of bile acids by liquid chromatography coupled with mass spectrometry in negative mode
30683,69552,male,0.0,,,Reactive oxygen species alteration of immune cells in local residents at an electronic waste recycling site in northern china
158304,99625,male,0.0,,,Forecast of steel demand and the availability of depreciated steel scrap in China
65041,74675,male,0.0,,,Internet Privacy: Who Sets the Global Standard?
6424,12230,male,0.0,,,Food emulsifier polysorbate 80 increases intestinal absorption of Di-(2-Ethylhexyl) phthalate in rats
151495,72030,male,0.0,,,A COMPREHENSIVE STUDY of HYDROGEN ADSORBING to AMORPHOUS WATER ICE: DEFINING ADSORPTION in CLASSICAL MOLECULAR DYNAMICS
37526,74473,male,0.0,,,Efficacy of treatment with a GnRH antagonist in prostate cancer patients previously treated with a GnRH agonist
48010,18339,male,0.0,,,Is hyperoxaemia helping or hurting patients during extracorporeal membrane oxygenation? Review of a complex problem
48664,97503,male,0.0,,,Hydrogen adsorption capacity of adatoms on double carbon vacancies of graphene: A trend study from first principles
35748,63388,female,0.0,,,The evidence for functional non-CpG methylation in mammalian cells
106872,15276,male,0.0,,,Delirium update for postacute care and long-term care settings: A narrative review
90007,144889,male,1.0,@ZhangYida Very interesting work. Thanks for sharing. You may find some of the ideas in this paper relevant. A similar manifold in z-ac-&lt;f&gt;. https://t.co/HmexG8oNDp,@ZhangYida Very interesting work. Thanks for sharing. You may find some of the ideas in this paper relevant. A similar manifold in z-ac-&lt;f&gt;. https://t.co/HmexG8oNDp,Onset of structural evolution in granular materials as a redundancy problem
39778,14527,female,0.0,,,A generative restricted Boltzmann machine based method for high-dimensional motion data modeling
124683,82788,male,0.0,,,Immunohistochemistry for CD117 (KIT) is effective in distinguishing cutaneous adnexal tumors with apocrine/eccrine or sebaceous differentiation from other epithelial tumors of the skin
135746,160951,female,0.0,,,Classification of horizontal SL(2)s
33321,59457,female,0.0,,,Chronic recurrent upper abdominal complaints in a patient after liver transplantation
98487,86886,female,0.0,,,Human dilated ascending aorta: Mechanical characterization via uniaxial tensile tests
70094,112924,male,0.0,,,Frequency-locked chaotic opto-RF oscillator
19122,120865,female,0.0,,,Genome-wide identification of endothelial cell-enriched genes in the mouse embryo
19728,96206,male,0.0,,,A novel mechanism for simulation of partial seizures in an infant
128039,35304,male,0.0,,,Multifunctional Eu-doped NaGd(MoO4)2 nanoparticles functionalized with poly(l-lysine) for optical and MRI imaging
121145,18073,male,0.0,,,Dorsal Cochlear Nucleus of the Rat: Representation of Complex Sounds in Ears Damaged by Acoustic Trauma
95566,62433,female,0.0,,,The Development and Validation of An Activity Monitoring System for Use in Measurement of Posture of Childbearing Women During First Stage of Labor
52455,16175,male,0.0,,,"Agricultural productivity, structural change, and economic growth in post-reform China"
118105,95443,male,0.0,,,Enabling a flexible exchange of energy of a photovoltaic plant with the grid by means of a controlled storage system
139350,114979,female,0.0,,,Use of big data in drug development for precision medicine
107717,54942,male,0.0,,,Strong spin Hall effect in the antiferromagnet PtMn
27427,138028,male,0.0,,,Macromolecular amplification of binding response in superaptamer hydrogels
85149,114856,female,0.0,,,"Synthesis, properties, and applications of ion-containing polyurethane segmented copolymers"
63250,133062,male,0.0,,,Inhibition of anthrax lethal factor by curcumin and chemically modified curcumin derivatives
83621,44765,female,0.0,,,Social Media and Symbolic Violence
9581,87968,male,0.0,,,Pseudogap in high-temperature superconductors from realistic Fröhlich and Coulomb interactions
76119,108120,male,0.0,,,Quadrupole moments in chiral material DyFe3(BO3)4 observed by resonant x-ray diffraction
97475,142495,female,0.0,,,Effects of MeJA on Arabidopsis metabolome under endogenous JA deficiency
143253,8577,female,0.0,,,Use of cold-water immersion to reduce muscle damage and delayed-onset muscle soreness and preserve muscle power in Jiu-Jitsu athletes
138512,146482,male,0.0,,,Sex differences and functional hemispheric asymmetries during number comparison
65727,58445,male,0.0,,,TRPV1 activation exacerbates hypoxia/reoxygenation-induced apoptosis in H9C2 cells via calcium overload and mitochondrial dysfunction
92659,62711,male,0.0,,,Evaluating appropriate use of prophylactic colchicine for gout flare prevention
154010,2621,female,0.0,,,Patterns of directional asymmetry in the pelvis and pelvic canal
131484,142795,female,0.0,,,Clinician identified barriers to treatment for individuals in Appalachia with opioid use disorder following release from prison: A social ecological approach
89700,122498,female,0.0,,,"The Scene of the Crime: Classroom Integration of Biosafety, Microscopy & Forensics"
104709,11677,female,0.0,,,Chrono-immunology: Progress and challenges in understanding links between the circadian and immune systems
90129,101892,male,0.0,,,"Using ICT in cultural heritage, bless or mess? Stakeholders’ and practitioners’ view through the eCultValue project"
83718,25387,male,0.0,,,Increased aryl hydrocarbon receptor expression in patients with allergic rhinitis
40072,152101,female,0.0,,,Aphid behavioral responses to virus-infected plants are similar despite divergent fitness effects
117481,5254,female,0.0,,,Beta-blockers for childhood vascular tumors
120474,21305,male,1.0,,,Zen and the art of metadata maintenance
88293,40500,male,0.0,,,Antimicrobial susceptibility and molecular typing of salmonella agona isolated from humans and other sources
36535,92098,male,0.0,,,Assent as an ethical imperative in the treatment of ADHD
102025,50976,male,0.0,,,Post-electroconvulsive therapy recovery and reorientation time with methohexital and ketamine
45980,49810,male,0.0,,,Effect of race and ethnicity on outcomes with drug-eluting and bare metal stents: Results in 423 965 patients in the linked national cardiovascular data registry and centers for medicare & medicaid services payer databases
39044,101690,male,0.0,,,Hydrogen solubility in zirconium intermetallic second phase particles
2438,3002,male,0.0,,,Hepatitis E virus: An underestimated opportunistic pathogen in recipients of allogeneic hematopoietic stem cell transplantation
3498,11549,male,0.0,,,Physical-chemical and microbiological changes in Cerrado Soil under differing sugarcane harvest management systems
69706,133959,male,0.0,,,MethylMeter®: Bisulfite-free quantitative and sensitive DNA methylation profiling and mutation detection in FFPE samples
157267,29959,male,0.0,,,The Old Norse Sagas and William Morris's Ideal of Literal Translation
44718,143676,male,1.0,,,"Introducing the All Seeing Eye of Business: A model for understanding the nature, impact and potential uses of waste"
95339,38509,male,0.0,,,Predicting nitrogen excretion from cattle
61043,48595,male,1.0,,,Aerobic training increases pain tolerance in healthy individuals
136388,7856,male,0.0,,,Genotypically determined ancestry across an infertile population: ovarian reserve and response parameters are not influenced by continental origin
113070,61494,female,1.0,,,Creating competitive advantage by institutionalizing corporate social innovation
104509,127282,female,0.0,,,Altered light conditions during spring: Effects on timing of migration and reproduction in migratory redheaded bunting (Emberiza bruniceps)
31728,123532,male,0.0,,,"Structural invariance upon antiferromagnetic ordering in geometrically frustrated swedenborgite, CaBaCo2Fe2O7"
8688,93716,female,0.0,,,"High prevalence of oncogenic HPV-16 in cervical smears of asymptomatic women of eastern Uttar Pradesh, India: A population-based study"
4513,159773,male,1.0,,,Proper motions and internal dynamics in the core of the globular cluster M71
53147,40972,female,1.0,@MotherJones Reviewed interesting documentary by Marie-Monique Robin on exposure to #plastics &amp; #toxins in our diet http://t.co/jBJjq0O1y8,@MotherJones Reviewed interesting documentary by Marie-Monique Robin on exposure to #plastics &amp; #toxins in our diet http://t.co/jBJjq0O1y8,"Marie-Monique Robin (dir.): Our daily poison: Icarus Films, Brooklyn, New York, 2011, DVD"
105945,23717,male,1.0,Incorporating Contact Network Structure in Cluster Randomized Trials. http://t.co/uKVloTp0VA,Incorporating Contact Network Structure in Cluster Randomized Trials. http://t.co/uKVloTp0VA,Incorporating Contact Network Structure in Cluster Randomized Trials
158923,30146,female,0.0,,,Health Communication in Social Media: Message Features Predicting User Engagement on Diabetes-Related Facebook Pages
140832,101887,male,0.0,,,Reactive oxygen species function to mediate the fe deficiency response in an fe-efficient apple genotype: An early response mechanism for enhancing reactive oxygen production
93768,131382,male,0.0,,,"Association of sarcopenia with swallowing problems, related to nutrition and activities of daily living of elderly individuals"
157318,123489,male,0.0,,,A new method for studying the evolutionary origin of the SAR11 clade marine bacteria
139308,91257,male,0.0,,,Understanding Preservice Teacher Skills to Construct Lesson Plans
161930,116851,male,0.0,,,Potentially Driver-Impairing Medications: Risks and Strategies for Injury Prevention
81657,87156,male,0.0,,,Using Active Learning for Speeding up Calibration in Simulation Models
43488,60850,female,1.0,"Systematic review on the application of GPS in team sports (Sports Med)@DrRhondaOrr @ProfRossSanders @ACSM_TeamSport 
http://t.co/Td8LRTqs5F","Systematic review on the application of GPS in team sports (Sports Med)@DrRhondaOrr @ProfRossSanders @ACSM_TeamSport 
http://t.co/Td8LRTqs5F",Global positioning systems (GPS) and microtechnology sensors in team sports: A systematic review
159511,127923,male,1.0,,,Blockchains and the boundaries of self-organized economies: Predictions for the future of banking
36115,63486,female,0.0,,,Lung inflammation promotes metastasis through neutrophil protease-mediated degradation of Tsp-1
71814,75604,male,0.0,,,Intensive residential treatment for obsessive-compulsive disorder: Outcomes and predictors of patient adherence to cognitive-behavioural therapy
126835,147573,male,1.0,Low-Value Swiss Health Care Activities http://t.co/2aKVeuq08v,Low-Value Swiss Health Care Activities http://t.co/2aKVeuq08v,Creating a list of low-value health care activities in swiss primary care
37550,26179,male,0.0,,,Ground- and excited-state geometry optimization of small organic molecules with quantum Monte Carlo
65220,151513,female,0.0,,,Waveguide quantum electrodynamics: Controllable channel from quantum interference
360,151996,male,1.0,"You won't believe this one simple trick to reduce postprandial Lipaemia… 

#ClickbaitYourResearch

https://t.co/ySiftIt6ib","You won't believe this one simple trick to reduce postprandial Lipaemia… 

#ClickbaitYourResearch

https://t.co/ySiftIt6ib",High-intensity exercise attenuates postprandial lipaemia and markers of oxidative stress
31758,34416,male,0.0,,,Preparation and electrochemical characteristics of porous hollow spheres of NiO nanosheets as electrodes of supercapacitors
39636,101981,female,0.0,,,Correlates of sedentary time in children: A multilevel modelling approach
42221,156178,female,0.0,,,Characterization of soil chemical properties of strawberry fields using principal component analysis
43719,104272,male,0.0,,,Tissue microarray technology and findings for diagnostic immunohistochemistry
29874,103752,female,0.0,,,"Structural and biochemical characterization of the Francisella tularensis pathogenicity regulator, macrophage locus protein A (MglA)"
79331,36713,male,0.0,,,Mold-templated inorganic-organic hybrid supraparticles for codelivery of drugs
134120,81444,male,0.0,,,Architectural Risk
95344,15709,female,0.0,,,Green grabbing and the dynamics of local-level engagement with neoliberalization in Tanzania’s wildlife management areas
129444,89249,female,1.0,My paper on monitoring recreational fishing effort at an artificial reef has just been published online! https://t.co/k3115Q9nkM,My paper on monitoring recreational fishing effort at an artificial reef has just been published online! https://t.co/k3115Q9nkM,Monitoring boat-based recreational fishing effort at a nearshore artificial reef with a shore-based camera
113371,78323,male,0.0,,,End-of-life thermal decomposition of nano-enabled polymers: Effect of nanofiller loading and polymer matrix on by-products
136992,57058,male,0.0,,,"Transcriptional control of intestinal cholesterol absorption, adipose energy expenditure and lipid handling by Sortilin"
126694,144556,male,0.0,,,The AP2 clathrin adaptor protein complex regulates the abundance of GLR-1 glutamate receptors in the ventral nerve cord of Caenorhabditis elegans
23588,104584,male,0.0,,,"Discerning Apical and Basolateral Properties of HT-29/B6 and IPEC-J2 Cell Layers by Impedance Spectroscopy, Mathematical Modeling and Machine Learning"
141118,104152,male,0.0,,,New hepatitis C drugs are very costly and unavailable to many state prisoners
141810,135702,male,1.0,,,"Tightly Packed: Disciplinary Power, the UNODC, and the Container Control Programme in Dakar"
125783,72019,male,0.0,,,Static stress drop in the Mw 9 Tohoku-oki earthquake: Heterogeneous distribution and low average value
91232,95668,male,0.0,,,Structured synaptic inhibition has a critical role in multiple-choice motion-discrimination tasks
85335,33394,female,1.0,,,A patient representative's journey: Working within the NHS as part of a research team
50133,79886,male,0.0,,,Disagreement and epistemic arguments for democracy
51148,42439,male,0.0,,,Medulloblastoma
150892,120718,male,1.0,,,Intraoperative modifiable risk factors of colorectal anastomotic leakage: Why surgeons and anesthesiologists should act together
123303,55815,female,0.0,,,Collective oscillations of a trapped quantum gas in low dimensions
12202,110810,male,1.0,"if you're keeping score, this is the second publication this weekend :) this one is interesting theoretically. http://t.co/DhEfWy1A","if you're keeping score, this is the second publication this weekend :) this one is interesting theoretically. http://t.co/DhEfWy1A","Selection, Optimization, and Compensation in the Domain of Emotion Regulation: Applications to Adolescence, Older Age, and Major Depressive Disorder"
2818,147036,female,1.0,Thx @asercentre @Pisani17! Need 2 understand &amp; enhance opportunities. We call it Life-wide learning @SavetheChildren http://t.co/QEC82nDU0K,Thx @asercentre @Pisani17! Need 2 understand &amp; enhance opportunities. We call it Life-wide learning @SavetheChildren http://t.co/QEC82nDU0K,Two wheels are better than one: The importance of capturing the home literacy environment in large-scale assessments of reading
74108,79146,female,1.0,#PLOSONE: Bevacizumab Combined with Chemotherapy Improves Survival for Patients with Metastatic Colorectal Ca ... https://t.co/AdZQiG4xpN,#PLOSONE: Bevacizumab Combined with Chemotherapy Improves Survival for Patients with Metastatic Colorectal Ca ... https://t.co/AdZQiG4xpN,Bevacizumab combined with chemotherapy improves survival for patients with metastatic colorectal cancer: Evidence from meta analysis
49823,96313,male,0.0,,,Arrested protein synthesis increases persister-like cell formation
92006,93447,male,0.0,,,Multidrug resistance-associated protein 4 expression in ammonia-treated cultured rat astrocytes and cerebral cortex of cirrhotic patients with hepatic encephalopathy
24588,87488,female,0.0,,,Neonatal nurse practitioner workforce survey executive summary
64932,47088,female,0.0,,,Sequence-based optimization of a quantitative real-time PCR assay for detection of Plasmodium ovale and Plasmodium malariae
105141,147064,female,1.0,A process evaluation of a #Psychomotor #Dance #Therapy Intervention (DANCIN) for #behaviour change in #dementia: https://t.co/ElgSV0yzD1,A process evaluation of a #Psychomotor #Dance #Therapy Intervention (DANCIN) for #behaviour change in #dementia: https://t.co/ElgSV0yzD1,A process evaluation of a Psychomotor Dance Therapy Intervention (DANCIN) for behavior change in dementia: Attitudes and beliefs of participating residents and staff
115154,107235,male,0.0,,,Stability of rings around a triaxial primary (Research note)
13359,53423,female,0.0,,,Reading Sociology into Scholarship on School-Based Sex Education: Structure and Culture
61741,65464,female,0.0,,,Different pattern of epigenetic changes of the GNAS gene locus in patients with pseudohypoparathyroidism type Ic confirm the heterogeneity of underlying pathomechanisms in this subgroup of pseudohypoparathyroidism and the demand for a new classification of GNAS-related disorders
48580,1734,male,0.0,,,Conservative interventions for treating scaphoid fractures in adults
101404,30832,female,0.0,,,High concentration tangential flow ultrafiltration of stable monoclonal antibody solutions with low viscosities
89018,90815,female,0.0,,,The expression of foxo1 in placenta and omental adipose tissue of gestational diabetes mellitus
46254,34787,female,0.0,,,Malaria is an uncommon cause of adult sepsis in south-western Uganda
92022,140321,male,0.0,,,Robot grasp planning based on demonstrated grasp strategies
75889,147637,female,0.0,,,Arsenite selectively inhibits mouse bone marrow lymphoid progenitor cell development in vivo and in vitro and suppresses humoral immunity in vivo
35259,1249,male,1.0,"What ignites and sustains #activism? Original #research from yours truly - http://t.co/KXQQ0ZXH8z (#scholarship, #academia, #phdchat)","What ignites and sustains #activism? Original #research from yours truly - http://t.co/KXQQ0ZXH8z (#scholarship, #academia, #phdchat)",What Ignites and Sustains Activism: Exploring Participatory Competence
5920,153446,female,0.0,,,Influenza virus surveillance in Pakistan during 2008-2011
2822,50424,female,0.0,,,A fatal case of Pneumocystis jirovecii pneumonia in a breast cancer patient receiving weekly paclitaxel and trastuzumab
42114,22009,female,1.0,Our article on #Turkish #TV Series in the #Arab World is now published : Taylor &amp; Francis Online http://t.co/VgOeFji0Oa,Our article on #Turkish #TV Series in the #Arab World is now published : Taylor &amp; Francis Online http://t.co/VgOeFji0Oa,The fever that hit Arab satellite television: Audience perceptions of Turkish TV series
139631,123976,female,0.0,,,Tetrabutylammonium cations for moisture-resistant and semitransparent perovskite solar cells
80974,6822,male,0.0,,,Central artery perforator propeller flap for nasal and medial canthal defects
58159,161316,female,0.0,,,What clinical instructors want: Perspectives on a new assessment tool for students in the clinical environment
84422,149580,male,0.0,,,Viral infections in pregnancy: Advice for healthcare workers
56290,39489,male,1.0,,,"Microstructures in metasedimentary rocks from the Neoproterozoic Bonahaven Formation, Scotland: Microconcretions, impact spherules, or microfossils?"
134187,153392,male,0.0,,,The end of symbiosis? Australia police–media relations in the digital age
94327,144096,male,0.0,,,Copy number gains at 8q24 and 20q11-q13 in gastric cancer are more common in intestinal-type than diffuse-type
20156,101456,female,1.0,A piece I wrote for the journal Celebrity Studies is now open-access http://t.co/auVXCLiVmq #LadyGaga #popmusic #authenticity,A piece I wrote for the journal Celebrity Studies is now open-access http://t.co/auVXCLiVmq #LadyGaga #popmusic #authenticity,Is that girl a monster? Some notes on authenticity and artistic value in Lady Gaga
104187,136872,male,0.0,,,Crystal growth behavior of methane hydrate in the presence of liquid hydrocarbon
59342,16285,female,1.0,,,The cultural life script of Qatar and across cultures: Effects of gender and religion
146841,148674,female,0.0,,,Exercises in Discipline and Freedom? The Graham Technique
22774,115355,female,1.0,"My paper published in the BMJ today. Childrhood BMI and CVD risk:
http://t.co/iwaUmRMd","My paper published in the BMJ today. Childrhood BMI and CVD risk:
http://t.co/iwaUmRMd",Cardiovascular disease risk in healthy children and its association with body mass index: Systematic review and meta-analysis
37674,40017,female,0.0,,,"The impact of facecards on patients' knowledge, satisfaction, trust, and agreement with hospital physicians: A pilot study"
108389,30553,female,0.0,,,Oxidative potential of particulate matter 2.5 as predictive indicator of cellular stress
104038,21355,female,0.0,,,Next-generation sequencing approach in methylation analysis of HNF1B and GATA4 genes: Searching for biomarkers in ovarian cancer
98948,11273,male,0.0,,,Self-injection of household cleaning detergents into a ventriculoperitoneal shunt reservoir during a suicide attempt: a case report and literature review
15321,106566,female,0.0,,,Morphometrics and protein profiles of the salivary glands of Phlebotomus papatasi and Phlebotomus langeroni sand flies
71508,71481,male,0.0,,,Levels and patterns of genetic diversity and population structure in domestic rabbits
101746,157998,female,1.0,,,The medieval counting table revisited: A brief introduction and description of its use during the early modern period
125792,86207,male,0.0,,,VEGF-mediated suppression of cell proliferation and invasion by miR-410 in osteosarcoma
49454,91376,female,0.0,,,The Medicalization of Birth and Midwifery as Resistance
38832,4668,male,0.0,,,GRIK4 polymorphism and its association with antidepressant response in depressed patients: A meta-analysis
161378,51038,male,0.0,,,"Dissolved noble gases and stable isotopes as tracers of preferential fluid flow along faults in the Lower Rhine Embayment, Germany"
70398,85869,male,0.0,,,Focal segmental glomerular sclerosis: do not overlook the role of immune response
42279,122618,female,0.0,,,Implementation of a rib fracture triage protocol in elderly trauma patients
131460,117774,male,0.0,,,Highly Active Kenaf Bio-Cellulose Based Poly(hydroxamic acid) Copper Catalyst for Aza-Michael Addition and Click Reactions
138364,36975,female,0.0,,,A personalized physical activity program with activity trackers and a mobile phone app for patients with metastatic breast cancer: Protocol for a single-arm feasibility trial
116570,101205,male,0.0,,,Real-Time 3D face fitting and texture fusion on in-the-wild videos
129222,145552,female,0.0,,,Genetic polymorphism analyses of a novel panel of 19 X-STR loci in the Chinese Uygur ethnic minority
119811,148495,female,0.0,,,An evaluation of a Singing for the Brain pilot with people with a learning disability and memory problems or a dementia
52168,36500,male,0.0,,,Why do you need a clinical chaperone?
134500,147537,male,0.0,,,Reconstructing demography and social behavior during the neolithic expansion from genomic diversity across island southeast asia
124511,34346,male,0.0,,,Weak language norm(s) versus domestic interests: Why Ukraine behaves the way it does
16352,65821,female,0.0,,,Efficacy and cost-effectiveness of an automated screening algorithm in an inpatient clinical trial
24379,38692,female,0.0,,,Genome-scale modeling of light-driven reductant partitioning and carbon fluxes in diazotrophic unicellular cyanobacterium Cyanothece sp. ATCC 51142
94233,8294,female,0.0,,,Relationship between receptive vocabulary and the neural substrates for story processing in preschoolers
80736,142572,male,1.0,"#BYITC2019
On Day 6 of normal pregnancy the adherens junction is lost, disconnecting adjacent epithelial cells, enabling blastocyst implantation. On Day 6 of OH pregnancy, the adherens junction remains, keeping epithelial cells firmly connected together.
https://t.co/ITEmNX27R1 https://t.co/eCbAkQZVEc","#BYITC2019
On Day 6 of normal pregnancy the adherens junction is lost, disconnecting adjacent epithelial cells, enabling blastocyst implantation. On Day 6 of OH pregnancy, the adherens junction remains, keeping epithelial cells firmly connected together.
https://t.co/ITEmNX27R1 https://t.co/eCbAkQZVEc",The adherens junction is lost during normal pregnancy but not during ovarian hyperstimulated pregnancy
4562,20711,male,0.0,,,Germination and seedling development of trapa bispinosa Roxb
12386,15542,female,0.0,,,Choline Supplementation and DNA Methylation in the Hippocampus and Prefrontal Cortex of Rats Exposed to Alcohol During Development
86014,80148,male,0.0,,,Effects of supplemental boron on growth performance and meat quality in african ostrich chicks
28710,57952,female,0.0,,,The impact of oral health on the quality of life of nursing home residents
150048,95414,male,0.0,,,Image-guided percutaneous drainage for treatment of post-surgical anastomotic leak in patients with Crohn's disease
96756,2225,male,0.0,,,Hemifacial spasm associated with type 1 Chiari malformation: a retrospective study of 13 cases
128838,50217,female,0.0,,,Prenatal attachment and sociodemographic and clinical factors in Portuguese couples
150289,108088,male,1.0,,,Cancer somatic mutations cluster in a subset of regulatory sites predicted from the ENCODE data
149016,40571,female,0.0,,,Cleaning and disinfection of Bacillus cereus biofilm
157718,2498,female,1.0,"The changing role of education in the Iraqi disputed territories: assimilation, segregation and indoctrination.
https://t.co/NUgwpNc8s8","The changing role of education in the Iraqi disputed territories: assimilation, segregation and indoctrination.
https://t.co/NUgwpNc8s8","The changing role of education in the Iraqi disputed territories: assimilation, segregation and indoctrination"
102513,35894,male,0.0,,,Wave-packet propagation based calculation of above-threshold ionization in the x-ray regime
33547,111452,male,0.0,,,Statistical analysis of pedestrian perceptions of sidewalk level of service in the presence of bicycles
29687,142674,male,1.0,To learn more about PXCMs check our paper: https://t.co/oQHaHcXokp #ArchitecturedMaterials #Sushi #3Dprinting https://t.co/emqfRgMblq,To learn more about PXCMs check our paper: https://t.co/oQHaHcXokp #ArchitecturedMaterials #Sushi #3Dprinting https://t.co/emqfRgMblq,Phase transforming cellular materials
103355,114319,female,1.0,,,Revealing neuronal function through microelectrode array recordings
19429,61702,female,0.0,,,Monte carlo simulation studies of the size and shape of regular three generation dendrimers
49547,80233,female,1.0,,,Increasing Rejection of Intimate Partner Violence: Evidence of Global Cultural Diffusion
156512,31897,male,0.0,,,"A novel biologically inspired visual cognition model: Automatic extraction of semantics, formation of integrated concepts, and reselection features for ambiguity"
63589,49197,male,1.0,,,Perspectives on drug addiction in islamic history and theology
142493,146093,female,0.0,,,A case of pulmonary Mycobacterium avium infection in an immunocompetent patient who showed a huge consolidation with a high FDG uptake on PET/CT
87844,82389,female,0.0,,,A clinical evaluation of alternative fixation techniques for medial malleolus fractures
19092,147408,female,0.0,,,Saudade: A key portuguese emotion
77588,55178,female,1.0,"Whilst also trying to understand how the burden of multiple pathological lesions is related to clinical phenotype.
https://t.co/Id5ateqrR2 (3/4)","Whilst also trying to understand how the burden of multiple pathological lesions is related to clinical phenotype.
https://t.co/Id5ateqrR2 (3/4)",Neuropathologically mixed Alzheimer’s and Lewy body disease: burden of pathological protein aggregates differs between clinical phenotypes
60631,85322,female,0.0,,,Evidence of Titan's climate history from evaporite distribution
108392,146472,male,0.0,,,Performance of two respiratory protective devices used by home-attending health care workers (a pilot study)
117489,137338,male,1.0,,,Multiplexity and strategic alliances: The relational embeddedness of coalitions in social movement organisational fields
106254,64691,female,0.0,,,A recapitulative three-dimensional model of breast carcinoma requires perfusion for multi-week growth
42335,155855,male,0.0,,,Bilateral pleural effusion complicating umbilical venous catheterization
121474,153034,female,0.0,,,Interferon alpha-inducible protein 27 promotes epithelial-mesenchymal transition and induces ovarian tumorigenicity and stemness
55765,54833,female,1.0,"Our article ""Designing Devices With the Task in Mind: Which Numbers Are Really Used in Hospitals?"" is available online! http://t.co/guaHyoPX","Our article ""Designing Devices With the Task in Mind: Which Numbers Are Really Used in Hospitals?"" is available online! http://t.co/guaHyoPX",Designing devices with the task in mind: Which numbers are really used in hospitals?
26883,34846,female,0.0,,,Effective dysphonia detection using feature dimension reduction and kernel density estimation for patients with parkinson's disease
150281,40313,male,0.0,,,"Rapid Phase Separation in Aqueous Solution of Temperature-Sensitive Poly(N,N-diethylacrylamide)"
59160,132995,female,0.0,,,Incidence of extended-spectrum-β-lactamase-producing Escherichia coli and Klebsiella pneumoniae isolates that test susceptible to Cephalosporins and aztreonam by the revised CLSI breakpoints
137607,33805,female,0.0,,,The anatomical pathway from the mesodiencephalic junction to the inferior olive relays perioral sensory signals to the cerebellum in the mouse
78116,149695,female,0.0,,,Electrochemical insights into the mechanism of NiFe membrane-bound hydrogenases
28254,104791,male,0.0,,,Wogonin suppresses osteopontin expression in adipocytes by activating PPARα
111437,54299,male,0.0,,,Fish oil and olive oil supplementation in late pregnancy and lactation differentially affect oxidative stress and inflammation in sows and piglets
140121,154681,male,0.0,,,Comparative proteomic profiles reveal characteristic mycobacterium tuberculosis proteins induced by cholesterol during dormancy conditions
64923,38715,male,0.0,,,Clinical application of diffusion-weighted imaging for preoperative differentiation between uterine leiomyoma and leiomyosarcoma
32430,1814,female,0.0,,,"Meprinβ, a novel mediator of vascular remodelling underlying pulmonary hypertension"
30006,138515,male,0.0,,,"Trends in asthma readmissions among children and adolescents over time by age, gender and season"
149932,119475,male,1.0,"I also had the chance to discuss in the breakout rooms a paper about community detection in dynamic networks I wrote back in 2015-2016. 

It was fun to revisit a work I really enjoyed doing. 

https://t.co/5PzBCFmsAf","I also had the chance to discuss in the breakout rooms a paper about community detection in dynamic networks I wrote back in 2015-2016. 

It was fun to revisit a work I really enjoyed doing. 

https://t.co/5PzBCFmsAf",A mathematical programming approach for sequential clustering of dynamic networks
131293,124363,male,0.0,,,Antiplatelet Agents for the Secondary Prevention of Ischemic Stroke or Transient Ischemic Attack: A Network Meta-Analysis
150642,33505,female,0.0,,,"Selexipag in the treatment of pulmonary arterial hypertension: Design, development, and therapy"
69434,142137,male,1.0,,,Metabolic consequences of sleep and circadian disorders
159583,54240,male,0.0,,,Patterns and outcomes of breast reconstruction in older women - A systematic review of the literature
61886,21957,male,1.0,Using mark-recapture to solve mysteries of the Chinese Mystery Snail http://t.co/a3GJL6x4Gk  My paper in June issue of Hydrobiologia:,Using mark-recapture to solve mysteries of the Chinese Mystery Snail http://t.co/a3GJL6x4Gk  My paper in June issue of Hydrobiologia:,"Population dynamics of the non-native freshwater gastropod, Cipangopaludina chinensis (Viviparidae): A capture-mark-recapture study"
90741,68887,male,0.0,,,The neural mechanisms of bayesian belief updating
152623,99032,female,0.0,,,Synthesis of Glycosyl Amides Using Selenocarboxylates as Traceless Reagents for Amide Bond Formation
87411,160173,male,0.0,,,Evidence of minority carrier injection efficiency >90% in an epitaxial graphene/SiC Schottky emitter bipolar junction phototransistor for ultraviolet detection
97823,104464,male,0.0,,,Solid lipid nanoparticles loaded with edaravone for inner ear protection after noise exposure
130174,5705,female,0.0,,,A qualitative study of older people’s experience of living with neurogenic claudication to inform the development of a physiotherapy intervention
129705,54277,male,0.0,,,Neonatal Benzo[a]pyrene Exposure Induces Oxidative Stress and DNA Damage Causing Neurobehavioural Changes during the Early Adolescence Period in Rats
62557,100258,male,1.0,http://t.co/hjuMW1NInC,http://t.co/hjuMW1NInC,Biological evolution: Some genetic considerations
124137,160459,female,1.0,My poem &amp; article published this month in #psychosis journal https://t.co/ya3cwMZJ8G https://t.co/lo3iDS3quQ,My poem &amp; article published this month in #psychosis journal https://t.co/ya3cwMZJ8G https://t.co/lo3iDS3quQ,I am the person of whom you speak
101880,49519,female,0.0,,,Improvements in cardiorespiratory health with physical activity in schizophrenic individuals: A practical guide
81142,5722,male,1.0,"Examining Cancer Disparities among American Indian and Alaska Native Elders
(#publichealth #healthdisparity #cancer)
http://t.co/05TYWKKgm9","Examining Cancer Disparities among American Indian and Alaska Native Elders
(#publichealth #healthdisparity #cancer)
http://t.co/05TYWKKgm9",Geographic variations in access and utilization of cancer screening services: Examining disparities among American Indian and Alaska Native Elders
87390,72008,male,0.0,,,Risk of bleeding and adverse outcomes predicted by thromboelastography platelet mapping in patients taking clopidogrel within 7 days of non-cardiac surgery
126151,139119,male,0.0,,,Neurog1 Genetic Inducible Fate Mapping (GIFM) Reveals the Existence of Complex Spatiotemporal Cyto-Architectures in the Developing Cerebellum
118007,97901,female,0.0,,,Perceptions of posthysterectomy cystoscopy training in obstetrics and gynecology residency programs
113154,13689,female,1.0,"@larawooduk @JStubbersfield @LottyBrand I don't mean to self-promote, but I've had good feedback from my paper on bloodletting being used for teaching (https://t.co/XBBMQnXSBP) And I'm always happy to answer students' questions on it.","@larawooduk @JStubbersfield @LottyBrand I don't mean to self-promote, but I've had good feedback from my paper on bloodletting being used for teaching (https://t.co/XBBMQnXSBP) And I'm always happy to answer students' questions on it.",Universal cognitive mechanisms explain the cultural success of bloodletting
36744,93061,female,0.0,,,Normal-weight obesity is associated with increased risk of subclinical atherosclerosis
117429,40307,female,0.0,,,Prediction and Characterisation of the System Effects of Aristolochic Acid: A Novel Joint Network Analysis towards Therapeutic and Toxicological Mechanisms
65916,138708,female,0.0,,,The C.elegans SNAPc component SNPC-4 coats piRNA domains and is globally required for piRNA abundance
141171,135138,female,0.0,,,Peak Lower Extremity Landing Kinematics in Dancers and Nondancers
146671,141410,male,0.0,,,"Integrated MRSA-Management (IMM) with prolonged decolonization treatment after hospital discharge is effective: A single centre, non-randomised open-label trial"
12810,151431,female,0.0,,,Consistency of observed near surface temperature trends with climate change projections over the Mediterranean region
53520,120989,female,0.0,,,Molecular mechanisms of ETS transcription factor-mediated tumorigenesis
35252,64861,male,0.0,,,Certifying quantumness: Benchmarks for the optimal processing of generalized coherent and squeezed states
43969,108197,female,0.0,,,The incentives of private companies to invest in protected area certificates: How coalitions can improve ecosystem sustainability
134141,24297,female,0.0,,,"“Congrats, You Have an All-Male Panel!”: A PERSONAL NARRATIVE"
11703,104154,female,0.0,,,"Under imperial eyes, black bodies, buttocks, and breasts: British Colonial photography and Asante ""fetish girls"""
83086,123888,male,0.0,,,Cowden syndrome-associated germline SDHD variants alter PTEN nuclear translocation through SRC-induced PTEN oxidation
90789,86338,female,0.0,,,Monodisperse antimony nanocrystals for high-rate li-ion and na-ion battery anodes: Nano versus bulk
6194,43911,male,0.0,,,Use of central institutional review boards for multicenter clinical trials in the United States: A review of the literature
7285,150750,female,0.0,,,Quantized orbital angular momentum transfer and magnetic dichroism in the interaction of electron vortices with matter
144628,58968,male,0.0,,,Secret forwarding of events over distributed publish/subscribe overlay network
140318,45864,male,0.0,,,Hybrid Gd3+/cisplatin cross-linked polymer nanoparticles enhance platinum accumulation and formation of DNA adducts in glioblastoma cell lines
1375,55394,female,1.0,@SpicyBotrytis @PlantEvolution @aglernino @KarasovTalia https://t.co/TbIzPR8JES,@SpicyBotrytis @PlantEvolution @aglernino @KarasovTalia https://t.co/TbIzPR8JES,Integration of biosynthesis and long-distance transport establish organ-specific glucosinolate profiles in vegetative arabidopsis
97220,127317,female,0.0,,,Oxygen uptake efficiency slope as a useful measure of cardiorespiratory fitness in morbidly obese women
108319,145773,female,1.0,Pls RT! Our new @EuroJProbation article on electronic monitoring and #CommJustice in Scotland @EMintheEU #probation  https://t.co/GOy74bt1xK,Pls RT! Our new @EuroJProbation article on electronic monitoring and #CommJustice in Scotland @EMintheEU #probation  https://t.co/GOy74bt1xK,Advancing electronic monitoring in Scotland: Understanding the influences of localism and professional ideologies
93879,7912,female,0.0,,,A systematic review of the predictions of the Interpersonal-Psychological Theory of Suicidal Behavior
72517,135634,female,0.0,,,Quantifying macromolecular interactions in living cells using FRET two-hybrid assays
139203,81474,female,0.0,,,The role of molecular diagnostic testing in the management of thyroid nodules
13482,108547,female,0.0,,,Incidental findings in genetic research and clinical diagnostic tests: A systematic review
291,91418,female,0.0,,,Titrated extract of Centella asiatica provides a UVB protective effect by altering microRNA expression profiles in human dermal fibroblasts
131838,130063,male,0.0,,,Longitudinal alteration of intrinsic brain activity in the striatum in mild cognitive impairment
129638,109680,female,1.0,#ACA: Water-based alkyl ketene dimer ink for user-friendly patterning in paper microfluidics https://t.co/GJ5Quem0sN #MassSpec https://t.co/RNIL5O61su,#ACA: Water-based alkyl ketene dimer ink for user-friendly patterning in paper microfluidics https://t.co/GJ5Quem0sN #MassSpec https://t.co/RNIL5O61su,Water-based alkyl ketene dimer ink for user-friendly patterning in paper microfluidics
81845,38583,male,0.0,,,Reconstruction with Modified Face Lift and Orbicularis Oculi V-Y Advancement Flap for Sebaceous Carcinoma on Temple Area
138615,147606,female,1.0,"@sofiaraye Thanks! Try this one, we've been having a lot of trouble with the website. https://t.co/0ESzQgZh6m","@sofiaraye Thanks! Try this one, we've been having a lot of trouble with the website. https://t.co/0ESzQgZh6m",Reconstructing the molecular phylogeny of giant sengis (Macroscelidea; Macroscelididae; Rhynchocyon)
154348,7575,female,0.0,,,A new LED device used for photodynamic therapy in treatment of moderate to severe acne vulgaris
57366,102031,female,0.0,,,Prion-Like Propagation of Protein Aggregation and Related Therapeutic Strategies
95176,10919,male,0.0,,,Universal quantum computation with metaplectic anyons
145844,72186,female,0.0,,,Loss of anti-contractile effect of perivascular adipose tissue in offspring of obese rats
74605,41105,female,0.0,,,Progress in Malassezia Research in Korea
